Workbook

Sheet Petunjuk
A1: Kunci Jawaban: Produksi Harian: Target, Cacat, dan Status Mesin
A2: Latihan 84 dari 40 | Tingkat: Menengah | Perkiraan waktu: 50 menit | pushexcel.github.io/Pushexcel
A4: Skenario
A5: Kamu staf pengendali produksi CV Plastik Tunas Baru yang merekap catatan harian empat mesin selama 8 hari kerja. Setiap catatan berisi target produksi, hasil produksi, dan jumlah barang cacat (dalam unit). Barang baik adalah hasil dikurangi cacat. Persen capaian adalah hasil dibagi target, dan persen cacat adalah cacat dibagi hasil. Status mesin: Periksa Mesin bila persen cacat lebih dari batas cacat 3 persen (ada di blok Parameter). Bila tidak, statusnya Target Tercapai bila capaian minimal 100 persen, selain itu Di Bawah Target.
A7: Cara memakai kunci
A8: 1. | B8: Sel hijau berisi rumus kunci yang sudah dihitung. Klik sel untuk melihat rumusnya.
A9: 2. | B9: Kolom Rumus kunci di bawah menampilkan rumus untuk baris pertama atau tiap sel jawaban.
A10: 3. | B10: Rumus ditulis dengan titik koma (;). Ganti dengan koma (,) bila Excel kamu berbahasa Inggris.
A11: 4. | B11: Jawaban lain yang benar secara logika juga boleh, selama hasilnya sama.
A13: Arti warna
B14: Judul kolom data yang sudah diberikan
B15: Judul kolom hasil hitung
B16: Sel berisi rumus kunci
B17: Angka berwarna biru pada blok Parameter = nilai tetap yang boleh dirujuk
A19: Daftar soal
A20: No | B20: Soal | C20: Jawab di | D20: Rumus kunci
A21: 1 | B21: Hitung barang baik: hasil produksi dikurangi barang cacat. | C21: Sheet Data, kolom F (Barang Baik), baris 2 sampai 33 | D21: =D2-E2
A22: 2 | B22: Hitung persen capaian: hasil dibagi target. | C22: Sheet Data, kolom G (Persen Capaian), baris 2 sampai 33 | D22: =D2/C2
A23: 3 | B23: Hitung persen cacat: jumlah cacat dibagi hasil produksi. | C23: Sheet Data, kolom H (Persen Cacat), baris 2 sampai 33 | D23: =E2/D2
A24: 4 | B24: Beri status: Periksa Mesin bila persen cacat lebih dari batas cacat. Bila tidak, Target Tercapai bila capaian minimal 100 persen, selain itu Di Bawah Target. | C24: Sheet Data, kolom I (Status Mesin), baris 2 sampai 33 | D24: =IF(H2>$L$2;"Periksa Mesin";IF(G2>=1;"Target Tercapai";"Di Bawah Target"))
A25: 5 | B25: Pada sheet Acuan, hitung total hasil produksi tiap mesin. | C25: Sheet Acuan, kolom B (Total Hasil), baris 2 sampai 5 | D25: =SUMIF(Data!$B$2:$B$33;A2;Data!$D$2:$D$33)
A26: 6 | B26: Pada sheet Acuan, hitung total barang cacat tiap mesin. | C26: Sheet Acuan, kolom C (Total Cacat), baris 2 sampai 5 | D26: =SUMIF(Data!$B$2:$B$33;A2;Data!$E$2:$E$33)
A27: 7 | B27: Pada sheet Acuan, hitung persen cacat tiap mesin: total cacat dibagi total hasil. | C27: Sheet Acuan, kolom D (Persen Cacat Mesin), baris 2 sampai 5 | D27: =C2/B2
A28: 8 | B28: Pada sheet Acuan, hitung berapa kali tiap mesin berstatus Periksa Mesin. | C28: Sheet Acuan, kolom E (Hari Periksa Mesin), baris 2 sampai 5 | D28: =COUNTIFS(Data!$B$2:$B$33;A2;Data!$I$2:$I$33;"Periksa Mesin")
A29: 9 | B29: Berapa total target, total hasil, dan total barang baik seluruh mesin? | C29: Sheet Ringkasan, sel C4 sampai C6 | D29: =SUM(Data!$C$2:$C$33) =SUM(Data!$D$2:$D$33) =SUM(Data!$F$2:$F$33)
A30: 10 | B30: Berapa catatan yang berstatus Periksa Mesin, Target Tercapai, dan Di Bawah Target? | C30: Sheet Ringkasan, sel C7 sampai C9 | D30: =COUNTIF(Data!$I$2:$I$33;"Periksa Mesin") =COUNTIF(Data!$I$2:$I$33;"Target Tercapai") =COUNTIF(Data!$I$2:$I$33;"Di Bawah Target")
A31: 11 | B31: Mesin apa yang persen cacatnya terbesar, dan mesin apa yang total hasilnya terkecil? | C31: Sheet Ringkasan, sel C10 sampai C11 | D31: =INDEX(Acuan!$A$2:$A$5;MATCH(MAX(Acuan!$D$2:$D$5);Acuan!$D$2:$D$5;0)) =INDEX(Acuan!$A$2:$A$5;MATCH(MIN(Acuan!$B$2:$B$5);Acuan!$B$2:$B$5;0))
... A33: 13 | B33: Berapa rata-rata persen capaian Mesin A, dan berapa total cacat Mesin C pada catatan yang Di Bawah Target? | C33: Sheet Ringkasan, sel C14 sampai C15 | D33: =AVERAGEIF(Data!$B$2:$B$33;"Mesin A";Data!$G$2:$G$33) =SUMIFS(Data!$E$2:$E$33;Data!$B$2:$B$33;"Mesin C";Data!$I$2:$I$33;"Di Bawah Target")

Sheet Data
A1: Tanggal | B1: Mesin | C1: Target | D1: Hasil | E1: Cacat | F1: Barang Baik | G1: Persen Capaian | H1: Persen Cacat | I1: Status Mesin | K1: Parameter | L1: Nilai | M1: Keterangan
A2: 46328 | B2: Mesin A | C2: 520 | D2: 567 | E2: 11 | F2: =D2-E2 -> 556 | G2: =D2/C2 -> 1.0903846 | H2: =E2/D2 -> 0.019400353 | I2: =IF(H2>$L$2,"Periksa Mesin",IF(G2>=1,"Target Tercapai","Di Bawah Target")) -> Target Tercapai | K2: Batas cacat | L2: 0.03 | M2: Persen cacat maksimum yang masih wajar
A3: 46328 | B3: Mesin B | C3: 480 | D3: 440 | E3: 6 | F3: =D3-E3 -> 434 | G3: =D3/C3 -> 0.91666667 | H3: =E3/D3 -> 0.013636364 | I3: =IF(H3>$L$2,"Periksa Mesin",IF(G3>=1,"Target Tercapai","Di Bawah Target")) -> Di Bawah Target
A4: 46328 | B4: Mesin C | C4: 450 | D4: 473 | E4: 17 | F4: =D4-E4 -> 456 | G4: =D4/C4 -> 1.0511111 | H4: =E4/D4 -> 0.035940803 | I4: =IF(H4>$L$2,"Periksa Mesin",IF(G4>=1,"Target Tercapai","Di Bawah Target")) -> Periksa Mesin
A5: 46328 | B5: Mesin D | C5: 400 | D5: 430 | E5: 25 | F5: =D5-E5 -> 405 | G5: =D5/C5 -> 1.075 | H5: =E5/D5 -> 0.058139535 | I5: =IF(H5>$L$2,"Periksa Mesin",IF(G5>=1,"Target Tercapai","Di Bawah Target")) -> Periksa Mesin
A6: 46329 | B6: Mesin A | C6: 520 | D6: 563 | E6: 20 | F6: =D6-E6 -> 543 | G6: =D6/C6 -> 1.0826923 | H6: =E6/D6 -> 0.035523979 | I6: =IF(H6>$L$2,"Periksa Mesin",IF(G6>=1,"Target Tercapai","Di Bawah Target")) -> Periksa Mesin
A7: 46329 | B7: Mesin B | C7: 480 | D7: 501 | E7: 17 | F7: =D7-E7 -> 484 | G7: =D7/C7 -> 1.04375 | H7: =E7/D7 -> 0.033932136 | I7: =IF(H7>$L$2,"Periksa Mesin",IF(G7>=1,"Target Tercapai","Di Bawah Target")) -> Periksa Mesin
A8: 46329 | B8: Mesin C | C8: 450 | D8: 451 | E8: 20 | F8: =D8-E8 -> 431 | G8: =D8/C8 -> 1.0022222 | H8: =E8/D8 -> 0.044345898 | I8: =IF(H8>$L$2,"Periksa Mesin",IF(G8>=1,"Target Tercapai","Di Bawah Target")) -> Periksa Mesin
A9: 46329 | B9: Mesin D | C9: 400 | D9: 367 | E9: 22 | F9: =D9-E9 -> 345 | G9: =D9/C9 -> 0.9175 | H9: =E9/D9 -> 0.059945504 | I9: =IF(H9>$L$2,"Periksa Mesin",IF(G9>=1,"Target Tercapai","Di Bawah Target")) -> Periksa Mesin
A10: 46330 | B10: Mesin A | C10: 520 | D10: 483 | E10: 5 | F10: =D10-E10 -> 478 | G10: =D10/C10 -> 0.92884615 | H10: =E10/D10 -> 0.010351967 | I10: =IF(H10>$L$2,"Periksa Mesin",IF(G10>=1,"Target Tercapai","Di Bawah Target")) -> Di Bawah Target
A11: 46330 | B11: Mesin B | C11: 480 | D11: 442 | E11: 11 | F11: =D11-E11 -> 431 | G11: =D11/C11 -> 0.92083333 | H11: =E11/D11 -> 0.024886878 | I11: =IF(H11>$L$2,"Periksa Mesin",IF(G11>=1,"Target Tercapai","Di Bawah Target")) -> Di Bawah Target
A12: 46330 | B12: Mesin C | C12: 450 | D12: 444 | E12: 11 | F12: =D12-E12 -> 433 | G12: =D12/C12 -> 0.98666667 | H12: =E12/D12 -> 0.024774775 | I12: =IF(H12>$L$2,"Periksa Mesin",IF(G12>=1,"Target Tercapai","Di Bawah Target")) -> Di Bawah Target
A13: 46330 | B13: Mesin D | C13: 400 | D13: 420 | E13: 8 | F13: =D13-E13 -> 412 | G13: =D13/C13 -> 1.05 | H13: =E13/D13 -> 0.019047619 | I13: =IF(H13>$L$2,"Periksa Mesin",IF(G13>=1,"Target Tercapai","Di Bawah Target")) -> Target Tercapai
A14: 46331 | B14: Mesin A | C14: 520 | D14: 522 | E14: 13 | F14: =D14-E14 -> 509 | G14: =D14/C14 -> 1.0038462 | H14: =E14/D14 -> 0.024904215 | I14: =IF(H14>$L$2,"Periksa Mesin",IF(G14>=1,"Target Tercapai","Di Bawah Target")) -> Target Tercapai
... A33: 46337 | B33: Mesin D | C33: 400 | D33: 330 | E33: 1 | F33: =D33-E33 -> 329 | G33: =D33/C33 -> 0.825 | H33: =E33/D33 -> 0.003030303 | I33: =IF(H33>$L$2,"Periksa Mesin",IF(G33>=1,"Target Tercapai","Di Bawah Target")) -> Di Bawah Target

Sheet Acuan
A1: Mesin | B1: Total Hasil | C1: Total Cacat | D1: Persen Cacat Mesin | E1: Hari Periksa Mesin
A2: Mesin A | B2: =SUMIF(Data!$B$2:$B$33,A2,Data!$D$2:$D$33) -> 4033 | C2: =SUMIF(Data!$B$2:$B$33,A2,Data!$E$2:$E$33) -> 102 | D2: =C2/B2 -> 0.025291346 | E2: =COUNTIFS(Data!$B$2:$B$33,A2,Data!$I$2:$I$33,"Periksa Mesin") -> 2
A3: Mesin B | B3: =SUMIF(Data!$B$2:$B$33,A3,Data!$D$2:$D$33) -> 3718 | C3: =SUMIF(Data!$B$2:$B$33,A3,Data!$E$2:$E$33) -> 106 | D3: =C3/B3 -> 0.028509952 | E3: =COUNTIFS(Data!$B$2:$B$33,A3,Data!$I$2:$I$33,"Periksa Mesin") -> 4
A4: Mesin C | B4: =SUMIF(Data!$B$2:$B$33,A4,Data!$D$2:$D$33) -> 3605 | C4: =SUMIF(Data!$B$2:$B$33,A4,Data!$E$2:$E$33) -> 137 | D4: =C4/B4 -> 0.038002774 | E4: =COUNTIFS(Data!$B$2:$B$33,A4,Data!$I$2:$I$33,"Periksa Mesin") -> 4
A5: Mesin D | B5: =SUMIF(Data!$B$2:$B$33,A5,Data!$D$2:$D$33) -> 3167 | C5: =SUMIF(Data!$B$2:$B$33,A5,Data!$E$2:$E$33) -> 84 | D5: =C5/B5 -> 0.026523524 | E5: =COUNTIFS(Data!$B$2:$B$33,A5,Data!$I$2:$I$33,"Periksa Mesin") -> 2

Sheet Ringkasan
A1: Ringkasan: lembar jawaban soal berjenis ringkasan
A2: Sel hijau berisi rumus kunci.
A3: No | B3: Pertanyaan | C3: Jawaban | D3: Contoh format hasil
A4: 9a | B4: Total target | C4: =SUM(Data!$C$2:$C$33) -> 14800 | D4: Angka bulat, mis. 15.000
A5: 9b | B5: Total hasil | C5: =SUM(Data!$D$2:$D$33) -> 14523 | D5: Angka bulat, mis. 14.500
A6: 9c | B6: Total barang baik | C6: =SUM(Data!$F$2:$F$33) -> 14094 | D6: Angka bulat, mis. 14.000
A7: 10a | B7: Catatan Periksa Mesin | C7: =COUNTIF(Data!$I$2:$I$33,"Periksa Mesin") -> 12 | D7: Angka bulat, mis. 8
A8: 10b | B8: Catatan Target Tercapai | C8: =COUNTIF(Data!$I$2:$I$33,"Target Tercapai") -> 10 | D8: Angka bulat, mis. 9
A9: 10c | B9: Catatan Di Bawah Target | C9: =COUNTIF(Data!$I$2:$I$33,"Di Bawah Target") -> 10 | D9: Angka bulat, mis. 15
A10: 11a | B10: Mesin dengan persen cacat terbesar | C10: =INDEX(Acuan!$A$2:$A$5,MATCH(MAX(Acuan!$D$2:$D$5),Acuan!$D$2:$D$5,0)) -> Mesin C | D10: Teks: nama mesin
A11: 11b | B11: Mesin dengan total hasil terkecil | C11: =INDEX(Acuan!$A$2:$A$5,MATCH(MIN(Acuan!$B$2:$B$5),Acuan!$B$2:$B$5,0)) -> Mesin D | D11: Teks: nama mesin
A12: 12a | B12: Hasil produksi tertinggi | C12: =MAX(Data!$D$2:$D$33) -> 567 | D12: Angka bulat, jumlah unit
A13: 12b | B13: Persen cacat terkecil | C13: =MIN(Data!$H$2:$H$33) -> 0.003030303 | D13: Persen, mis. 0,5%
A14: 13a | B14: Rata-rata persen capaian Mesin A | C14: =AVERAGEIF(Data!$B$2:$B$33,"Mesin A",Data!$G$2:$G$33) -> 0.96947115 | D14: Persen, mis. 96,5%
A15: 13b | B15: Total cacat Mesin C saat Di Bawah Target | C15: =SUMIFS(Data!$E$2:$E$33,Data!$B$2:$B$33,"Mesin C",Data!$I$2:$I$33,"Di Bawah Target") -> 11 | D15: Angka bulat, mis. 25
