Workbook

Sheet Petunjuk
A1: Kunci Jawaban: Penilaian Kinerja Karyawan dan Kenaikan Gaji
A2: Latihan 48 dari 56 | Tingkat: Menengah | Perkiraan waktu: 55 menit | pushexcel.github.io/Pushexcel
A4: Skenario
A5: Kamu staf HRD PT Karya Prima yang menyusun penilaian kinerja semester untuk 30 karyawan. Skor kinerja terdiri dari empat aspek (kualitas, produktivitas, kedisiplinan, kerja sama). Rata-rata empat aspek dikurangi penalti absen: 0,5 poin per hari absen, maksimal 3 poin (keduanya ada di blok Parameter). Predikat dan persen kenaikan gaji ditentukan dari tabel di sheet Acuan memakai skor akhir. Kamu juga menghitung gaji baru dan peringkat tiap karyawan di dalam departemennya.
A7: Cara memakai kunci
A8: 1. | B8: Sel hijau berisi rumus kunci yang sudah dihitung. Klik sel untuk melihat rumusnya.
A9: 2. | B9: Kolom Rumus kunci di bawah menampilkan rumus untuk baris pertama atau tiap sel jawaban.
A10: 3. | B10: Rumus ditulis dengan titik koma (;). Ganti dengan koma (,) bila Excel kamu berbahasa Inggris.
A11: 4. | B11: Jawaban lain yang benar secara logika juga boleh, selama hasilnya sama.
A13: Arti warna
B14: Judul kolom data yang sudah diberikan
B15: Judul kolom hasil hitung
B16: Sel berisi rumus kunci
B17: Angka berwarna biru pada blok Parameter = nilai tetap yang boleh dirujuk
A19: Daftar soal
A20: No | B20: Soal | C20: Jawab di | D20: Rumus kunci
A21: 1 | B21: Hitung rata-rata keempat skor aspek tiap karyawan. | C21: Sheet Data, kolom I (Rata-rata Aspek), baris 2 sampai 31 | D21: =AVERAGE(D2;E2;F2;G2)
A22: 2 | B22: Hitung penalti: hari absen dikali penalti per hari, tetapi tidak boleh melebihi penalti maksimum. | C22: Sheet Data, kolom J (Penalti Absen), baris 2 sampai 31 | D22: =MIN(H2*$R$2;$R$3)
A23: 3 | B23: Hitung skor akhir: rata-rata aspek dikurangi penalti absen. | C23: Sheet Data, kolom K (Skor Akhir), baris 2 sampai 31 | D23: =I2-J2
A24: 4 | B24: Tentukan predikat dari skor akhir memakai tabel di sheet Acuan (pencocokan perkiraan, bukan persis). | C24: Sheet Data, kolom L (Predikat), baris 2 sampai 31 | D24: =VLOOKUP(K2;Acuan!$A$2:$C$6;2;TRUE)
A25: 5 | B25: Ambil persen kenaikan gaji dari tabel Acuan berdasarkan skor akhir. | C25: Sheet Data, kolom M (Kenaikan Gaji), baris 2 sampai 31 | D25: =VLOOKUP(K2;Acuan!$A$2:$C$6;3;TRUE)
A26: 6 | B26: Hitung gaji baru: gaji pokok dikali (1 + persen kenaikan), dibulatkan ke rupiah. | C26: Sheet Data, kolom N (Gaji Baru), baris 2 sampai 31 | D26: =ROUND(C2*(1+M2);0)
A27: 7 | B27: Hitung peringkat tiap karyawan di dalam departemennya: banyak rekan sedepartemen dengan skor akhir lebih tinggi, ditambah 1. | C27: Sheet Data, kolom O (Peringkat Dept), baris 2 sampai 31 | D27: =COUNTIFS($B$2:$B$31;B2;$K$2:$K$31;">"&K2)+1
A28: 8 | B28: Pada sheet Acuan, hitung jumlah karyawan untuk tiap predikat. | C28: Sheet Acuan, kolom D (Jumlah Karyawan), baris 2 sampai 6 | D28: =COUNTIF(Data!$L$2:$L$31;B2)
A29: 9 | B29: Berapa rata-rata skor akhir seluruh karyawan, dan berapa karyawan yang berpredikat Istimewa? | C29: Sheet Ringkasan, sel C4 sampai C5 | D29: =AVERAGE(Data!$K$2:$K$31) =COUNTIF(Data!$L$2:$L$31;"Istimewa")
A30: 10 | B30: Berapa total gaji pokok, total gaji baru, dan tambahan biaya gaji per bulan? | C30: Sheet Ringkasan, sel C6 sampai C8 | D30: =SUM(Data!$C$2:$C$31) =SUM(Data!$N$2:$N$31) =C7-C6
A31: 11 | B31: Siapa karyawan dengan skor akhir tertinggi, dan siapa yang gaji barunya terbesar? | C31: Sheet Ringkasan, sel C9 sampai C10 | D31: =INDEX(Data!$A$2:$A$31;MATCH(MAX(Data!$K$2:$K$31);Data!$K$2:$K$31;0)) =INDEX(Data!$A$2:$A$31;MATCH(MAX(Data!$N$2:$N$31);Data!$N$2:$N$31;0))
... A33: 13 | B33: Berapa karyawan yang terkena penalti maksimum, dan berapa total hari absen seluruh karyawan? | C33: Sheet Ringkasan, sel C13 sampai C14 | D33: =COUNTIF(Data!$J$2:$J$31;Data!$R$3) =SUM(Data!$H$2:$H$31)

Sheet Data
A1: Nama | B1: Departemen | C1: Gaji Pokok | D1: Kualitas | E1: Produktivitas | F1: Kedisiplinan | G1: Kerja Sama | H1: Hari Absen | I1: Rata-rata Aspek | J1: Penalti Absen | K1: Skor Akhir | L1: Predikat | M1: Kenaikan Gaji | N1: Gaji Baru | O1: Peringkat Dept | Q1: Parameter | R1: Nilai | S1: Keterangan
A2: Budi Purnomo | B2: Produksi | C2: 8500000 | D2: 49 | E2: 59 | F2: 60 | G2: 53 | H2: 1 | I2: =AVERAGE(D2,E2,F2,G2) -> 55.25 | J2: =MIN(H2*$R$2,$R$3) -> 0.5 | K2: =I2-J2 -> 54.75 | L2: =VLOOKUP(K2,Acuan!$A$2:$C$6,2,TRUE()) -> Kurang | M2: =VLOOKUP(K2,Acuan!$A$2:$C$6,3,TRUE()) -> 0 | N2: =ROUND(C2*(1+M2),0) -> 8500000 | O2: =COUNTIFS($B$2:$B$31,B2,$K$2:$K$31,">"&K2)+1 -> 7 | Q2: Penalti per hari absen | R2: 0.5
A3: Lestari Firmansyah | B3: Keuangan | C3: 5500000 | D3: 84 | E3: 85 | F3: 99 | G3: 96 | H3: 0 | I3: =AVERAGE(D3,E3,F3,G3) -> 91 | J3: =MIN(H3*$R$2,$R$3) -> 0 | K3: =I3-J3 -> 91 | L3: =VLOOKUP(K3,Acuan!$A$2:$C$6,2,TRUE()) -> Istimewa | M3: =VLOOKUP(K3,Acuan!$A$2:$C$6,3,TRUE()) -> 0.08 | N3: =ROUND(C3*(1+M3),0) -> 5940000 | O3: =COUNTIFS($B$2:$B$31,B3,$K$2:$K$31,">"&K3)+1 -> 1 | Q3: Penalti maksimum | R3: 3
A4: Yoga Firmansyah | B4: Pemasaran | C4: 7500000 | D4: 99 | E4: 84 | F4: 82 | G4: 84 | H4: 8 | I4: =AVERAGE(D4,E4,F4,G4) -> 87.25 | J4: =MIN(H4*$R$2,$R$3) -> 3 | K4: =I4-J4 -> 84.25 | L4: =VLOOKUP(K4,Acuan!$A$2:$C$6,2,TRUE()) -> Sangat Baik | M4: =VLOOKUP(K4,Acuan!$A$2:$C$6,3,TRUE()) -> 0.06 | N4: =ROUND(C4*(1+M4),0) -> 7950000 | O4: =COUNTIFS($B$2:$B$31,B4,$K$2:$K$31,">"&K4)+1 -> 1
A5: Mulyadi Maharani | B5: Gudang | C5: 9500000 | D5: 86 | E5: 90 | F5: 89 | G5: 88 | H5: 3 | I5: =AVERAGE(D5,E5,F5,G5) -> 88.25 | J5: =MIN(H5*$R$2,$R$3) -> 1.5 | K5: =I5-J5 -> 86.75 | L5: =VLOOKUP(K5,Acuan!$A$2:$C$6,2,TRUE()) -> Sangat Baik | M5: =VLOOKUP(K5,Acuan!$A$2:$C$6,3,TRUE()) -> 0.06 | N5: =ROUND(C5*(1+M5),0) -> 10070000 | O5: =COUNTIFS($B$2:$B$31,B5,$K$2:$K$31,">"&K5)+1 -> 3
A6: Tika Setiawan | B6: Produksi | C6: 5500000 | D6: 74 | E6: 81 | F6: 83 | G6: 67 | H6: 8 | I6: =AVERAGE(D6,E6,F6,G6) -> 76.25 | J6: =MIN(H6*$R$2,$R$3) -> 3 | K6: =I6-J6 -> 73.25 | L6: =VLOOKUP(K6,Acuan!$A$2:$C$6,2,TRUE()) -> Baik | M6: =VLOOKUP(K6,Acuan!$A$2:$C$6,3,TRUE()) -> 0.04 | N6: =ROUND(C6*(1+M6),0) -> 5720000 | O6: =COUNTIFS($B$2:$B$31,B6,$K$2:$K$31,">"&K6)+1 -> 1
A7: Vina Rahayu | B7: Keuangan | C7: 11000000 | D7: 79 | E7: 72 | F7: 81 | G7: 72 | H7: 3 | I7: =AVERAGE(D7,E7,F7,G7) -> 76 | J7: =MIN(H7*$R$2,$R$3) -> 1.5 | K7: =I7-J7 -> 74.5 | L7: =VLOOKUP(K7,Acuan!$A$2:$C$6,2,TRUE()) -> Baik | M7: =VLOOKUP(K7,Acuan!$A$2:$C$6,3,TRUE()) -> 0.04 | N7: =ROUND(C7*(1+M7),0) -> 11440000 | O7: =COUNTIFS($B$2:$B$31,B7,$K$2:$K$31,">"&K7)+1 -> 5
A8: Rahmat Handayani | B8: Pemasaran | C8: 4500000 | D8: 57 | E8: 69 | F8: 60 | G8: 57 | H8: 0 | I8: =AVERAGE(D8,E8,F8,G8) -> 60.75 | J8: =MIN(H8*$R$2,$R$3) -> 0 | K8: =I8-J8 -> 60.75 | L8: =VLOOKUP(K8,Acuan!$A$2:$C$6,2,TRUE()) -> Cukup | M8: =VLOOKUP(K8,Acuan!$A$2:$C$6,3,TRUE()) -> 0.02 | N8: =ROUND(C8*(1+M8),0) -> 4590000 | O8: =COUNTIFS($B$2:$B$31,B8,$K$2:$K$31,">"&K8)+1 -> 7
A9: Maman Santoso | B9: Gudang | C9: 4500000 | D9: 69 | E9: 67 | F9: 75 | G9: 67 | H9: 8 | I9: =AVERAGE(D9,E9,F9,G9) -> 69.5 | J9: =MIN(H9*$R$2,$R$3) -> 3 | K9: =I9-J9 -> 66.5 | L9: =VLOOKUP(K9,Acuan!$A$2:$C$6,2,TRUE()) -> Cukup | M9: =VLOOKUP(K9,Acuan!$A$2:$C$6,3,TRUE()) -> 0.02 | N9: =ROUND(C9*(1+M9),0) -> 4590000 | O9: =COUNTIFS($B$2:$B$31,B9,$K$2:$K$31,">"&K9)+1 -> 4
A10: Wawan Putra | B10: Produksi | C10: 9500000 | D10: 67 | E10: 81 | F10: 71 | G10: 75 | H10: 6 | I10: =AVERAGE(D10,E10,F10,G10) -> 73.5 | J10: =MIN(H10*$R$2,$R$3) -> 3 | K10: =I10-J10 -> 70.5 | L10: =VLOOKUP(K10,Acuan!$A$2:$C$6,2,TRUE()) -> Baik | M10: =VLOOKUP(K10,Acuan!$A$2:$C$6,3,TRUE()) -> 0.04 | N10: =ROUND(C10*(1+M10),0) -> 9880000 | O10: =COUNTIFS($B$2:$B$31,B10,$K$2:$K$31,">"&K10)+1 -> 4
A11: Yuni Syahputra | B11: Keuangan | C11: 5500000 | D11: 71 | E11: 55 | F11: 55 | G11: 68 | H11: 6 | I11: =AVERAGE(D11,E11,F11,G11) -> 62.25 | J11: =MIN(H11*$R$2,$R$3) -> 3 | K11: =I11-J11 -> 59.25 | L11: =VLOOKUP(K11,Acuan!$A$2:$C$6,2,TRUE()) -> Kurang | M11: =VLOOKUP(K11,Acuan!$A$2:$C$6,3,TRUE()) -> 0 | N11: =ROUND(C11*(1+M11),0) -> 5500000 | O11: =COUNTIFS($B$2:$B$31,B11,$K$2:$K$31,">"&K11)+1 -> 7
A12: Putri Anggraini | B12: Pemasaran | C12: 6500000 | D12: 68 | E12: 65 | F12: 72 | G12: 74 | H12: 2 | I12: =AVERAGE(D12,E12,F12,G12) -> 69.75 | J12: =MIN(H12*$R$2,$R$3) -> 1 | K12: =I12-J12 -> 68.75 | L12: =VLOOKUP(K12,Acuan!$A$2:$C$6,2,TRUE()) -> Cukup | M12: =VLOOKUP(K12,Acuan!$A$2:$C$6,3,TRUE()) -> 0.02 | N12: =ROUND(C12*(1+M12),0) -> 6630000 | O12: =COUNTIFS($B$2:$B$31,B12,$K$2:$K$31,">"&K12)+1 -> 5
A13: Gita Fauzi | B13: Gudang | C13: 9500000 | D13: 70 | E13: 76 | F13: 50 | G13: 57 | H13: 1 | I13: =AVERAGE(D13,E13,F13,G13) -> 63.25 | J13: =MIN(H13*$R$2,$R$3) -> 0.5 | K13: =I13-J13 -> 62.75 | L13: =VLOOKUP(K13,Acuan!$A$2:$C$6,2,TRUE()) -> Cukup | M13: =VLOOKUP(K13,Acuan!$A$2:$C$6,3,TRUE()) -> 0.02 | N13: =ROUND(C13*(1+M13),0) -> 9690000 | O13: =COUNTIFS($B$2:$B$31,B13,$K$2:$K$31,">"&K13)+1 -> 7
A14: Bayu Fauzi | B14: Produksi | C14: 11000000 | D14: 74 | E14: 76 | F14: 67 | G14: 76 | H14: 1 | I14: =AVERAGE(D14,E14,F14,G14) -> 73.25 | J14: =MIN(H14*$R$2,$R$3) -> 0.5 | K14: =I14-J14 -> 72.75 | L14: =VLOOKUP(K14,Acuan!$A$2:$C$6,2,TRUE()) -> Baik | M14: =VLOOKUP(K14,Acuan!$A$2:$C$6,3,TRUE()) -> 0.04 | N14: =ROUND(C14*(1+M14),0) -> 11440000 | O14: =COUNTIFS($B$2:$B$31,B14,$K$2:$K$31,">"&K14)+1 -> 2
A15: Bayu Ramadhan | B15: Keuangan | C15: 8500000 | D15: 74 | E15: 72 | F15: 67 | G15: 87 | H15: 3 | I15: =AVERAGE(D15,E15,F15,G15) -> 75 | J15: =MIN(H15*$R$2,$R$3) -> 1.5 | K15: =I15-J15 -> 73.5 | L15: =VLOOKUP(K15,Acuan!$A$2:$C$6,2,TRUE()) -> Baik | M15: =VLOOKUP(K15,Acuan!$A$2:$C$6,3,TRUE()) -> 0.04 | N15: =ROUND(C15*(1+M15),0) -> 8840000 | O15: =COUNTIFS($B$2:$B$31,B15,$K$2:$K$31,">"&K15)+1 -> 6
... A31: Edi Handayani | B31: Keuangan | C31: 9500000 | D31: 96 | E31: 89 | F31: 95 | G31: 83 | H31: 0 | I31: =AVERAGE(D31,E31,F31,G31) -> 90.75 | J31: =MIN(H31*$R$2,$R$3) -> 0 | K31: =I31-J31 -> 90.75 | L31: =VLOOKUP(K31,Acuan!$A$2:$C$6,2,TRUE()) -> Istimewa | M31: =VLOOKUP(K31,Acuan!$A$2:$C$6,3,TRUE()) -> 0.08 | N31: =ROUND(C31*(1+M31),0) -> 10260000 | O31: =COUNTIFS($B$2:$B$31,B31,$K$2:$K$31,">"&K31)+1 -> 2

Sheet Acuan
A1: Skor Minimal | B1: Predikat | C1: Kenaikan Gaji | D1: Jumlah Karyawan
A2: 0 | B2: Kurang | C2: 0 | D2: =COUNTIF(Data!$L$2:$L$31,B2) -> 4
A3: 60 | B3: Cukup | C3: 0.02 | D3: =COUNTIF(Data!$L$2:$L$31,B3) -> 9
A4: 70 | B4: Baik | C4: 0.04 | D4: =COUNTIF(Data!$L$2:$L$31,B4) -> 8
A5: 80 | B5: Sangat Baik | C5: 0.06 | D5: =COUNTIF(Data!$L$2:$L$31,B5) -> 6
A6: 90 | B6: Istimewa | C6: 0.08 | D6: =COUNTIF(Data!$L$2:$L$31,B6) -> 3

Sheet Ringkasan
A1: Ringkasan: lembar jawaban soal berjenis ringkasan
A2: Sel hijau berisi rumus kunci.
A3: No | B3: Pertanyaan | C3: Jawaban | D3: Contoh format hasil
A4: 9a | B4: Rata-rata skor akhir | C4: =AVERAGE(Data!$K$2:$K$31) -> 72.516667 | D4: Angka desimal, mis. 72,50
A5: 9b | B5: Jumlah karyawan Istimewa | C5: =COUNTIF(Data!$L$2:$L$31,"Istimewa") -> 3 | D5: Angka bulat, mis. 5
A6: 10a | B6: Total gaji pokok | C6: =SUM(Data!$C$2:$C$31) -> 232000000 | D6: Rupiah, mis. Rp 200.000.000
A7: 10b | B7: Total gaji baru | C7: =SUM(Data!$N$2:$N$31) -> 240580000 | D7: Rupiah, mis. Rp 210.000.000
A8: 10c | B8: Tambahan biaya gaji per bulan | C8: =C7-C6 -> 8580000 | D8: Rupiah, mis. Rp 8.000.000
A9: 11a | B9: Karyawan dengan skor akhir tertinggi | C9: =INDEX(Data!$A$2:$A$31,MATCH(MAX(Data!$K$2:$K$31),Data!$K$2:$K$31,0)) -> Rina Sari | D9: Teks: nama karyawan
A10: 11b | B10: Karyawan dengan gaji baru terbesar | C10: =INDEX(Data!$A$2:$A$31,MATCH(MAX(Data!$N$2:$N$31),Data!$N$2:$N$31,0)) -> Prasetyo Hartono | D10: Teks: nama karyawan
A11: 12a | B11: Rata-rata skor akhir departemen Produksi | C11: =AVERAGEIF(Data!$B$2:$B$31,"Produksi",Data!$K$2:$K$31) -> 67.178571 | D11: Angka desimal, mis. 71,50
A12: 12b | B12: Karyawan Pemasaran dengan skor 70 ke atas | C12: =COUNTIFS(Data!$B$2:$B$31,"Pemasaran",Data!$K$2:$K$31,">=70") -> 4 | D12: Angka bulat, mis. 6
A13: 13a | B13: Karyawan terkena penalti maksimum | C13: =COUNTIF(Data!$J$2:$J$31,Data!$R$3) -> 9 | D13: Angka bulat, mis. 4
A14: 13b | B14: Total hari absen | C14: =SUM(Data!$H$2:$H$31) -> 96 | D14: Angka bulat, mis. 90
