Workbook

Sheet Petunjuk
A1: Kunci Jawaban: Analisis Butir Soal Ujian Pilihan Ganda
A2: Latihan 102 dari 40 | Tingkat: Lanjutan | Perkiraan waktu: 65 menit | pushexcel.github.io/Pushexcel
A4: Skenario
A5: Kamu guru yang menganalisis hasil ujian pilihan ganda 15 soal untuk 30 siswa kelas 9A, 9B, dan 9C di SMP Harapan Bangsa. Jawaban tiap siswa ditulis sebagai satu teks 15 huruf, huruf ke-1 untuk soal 1 dan seterusnya. Kunci jawaban ada di sheet Acuan. Nilai adalah skor benar dikali 100 dibagi 15, dibulatkan ke bilangan bulat. Siswa Remedial bila nilai di bawah KKM 70. Kelompok Atas bila nilai minimal 80, Bawah bila nilai paling tinggi 60, selain itu Tengah. Soal Sukar bila tingkat kesulitan (proporsi siswa yang benar) kurang dari 0,3, Mudah bila lebih dari 0,7, selain itu Sedang. Daya beda adalah proporsi benar kelompok Atas dikurangi proporsi benar kelompok Bawah. Soal Dipakai bila daya beda minimal 0,3, Revisi bila minimal 0,1, selain itu Ganti (semua batas ada di blok Parameter).
A7: Cara memakai kunci
A8: 1. | B8: Sel hijau berisi rumus kunci yang sudah dihitung. Klik sel untuk melihat rumusnya.
A9: 2. | B9: Kolom Rumus kunci di bawah menampilkan rumus untuk baris pertama atau tiap sel jawaban.
A10: 3. | B10: Rumus ditulis dengan titik koma (;). Ganti dengan koma (,) bila Excel kamu berbahasa Inggris.
A11: 4. | B11: Jawaban lain yang benar secara logika juga boleh, selama hasilnya sama.
A13: Arti warna
B14: Judul kolom data yang sudah diberikan
B15: Judul kolom hasil hitung
B16: Sel berisi rumus kunci
B17: Angka berwarna biru pada blok Parameter = nilai tetap yang boleh dirujuk
A19: Daftar soal
A20: No | B20: Soal | C20: Jawab di | D20: Rumus kunci
A21: 1 | B21: Hitung skor tiap siswa, yaitu banyaknya jawaban yang sama dengan kunci. Ambil huruf ke-1 sampai ke-15 dari teks Jawaban lalu bandingkan dengan Kunci di sheet Acuan. | C21: Sheet Data, kolom D (Skor), baris 2 sampai 31 | D21: =SUMPRODUCT(--(MID(C2;Acuan!$A$2:$A$16;1)=Acuan!$B$2:$B$16))
A22: 2 | B22: Hitung nilai: skor dikali 100 dibagi jumlah soal, dibulatkan ke bilangan bulat. | C22: Sheet Data, kolom E (Nilai), baris 2 sampai 31 | D22: =ROUND(D2*100/$J$2;0)
A23: 3 | B23: Beri kelompok: Atas bila nilai minimal batas kelompok atas, Bawah bila nilai paling tinggi batas kelompok bawah, selain itu Tengah. | C23: Sheet Data, kolom F (Kelompok), baris 2 sampai 31 | D23: =IF(E2>=$J$4;"Atas";IF(E2<=$J$5;"Bawah";"Tengah"))
A24: 4 | B24: Beri status Remedial bila nilai di bawah KKM, selain itu Tuntas. | C24: Sheet Data, kolom G (Remedial), baris 2 sampai 31 | D24: =IF(E2<$J$3;"Remedial";"Tuntas")
A25: 5 | B25: Pada sheet Acuan, hitung berapa siswa yang menjawab benar tiap soal. Ambil huruf pada posisi nomor soal dari semua teks Jawaban lalu bandingkan dengan kunci soal itu. | C25: Sheet Acuan, kolom C (Jumlah Benar), baris 2 sampai 16 | D25: =SUMPRODUCT(--(MID(Data!$C$2:$C$31;A2;1)=B2))
A26: 6 | B26: Pada sheet Acuan, hitung tingkat kesulitan tiap soal: jumlah siswa yang benar dibagi jumlah seluruh siswa. | C26: Sheet Acuan, kolom D (Tingkat Kesulitan), baris 2 sampai 16 | D26: =C2/COUNTA(Data!$A$2:$A$31)
A27: 7 | B27: Pada sheet Acuan, beri kategori: Sukar bila tingkat kesulitan kurang dari batas soal sukar, Mudah bila lebih dari batas soal mudah, selain itu Sedang. | C27: Sheet Acuan, kolom E (Kategori Soal), baris 2 sampai 16 | D27: =IF(D2<Data!$J$6;"Sukar";IF(D2>Data!$J$7;"Mudah";"Sedang"))
A28: 8 | B28: Pada sheet Acuan, hitung berapa siswa kelompok Atas yang menjawab benar tiap soal. | C28: Sheet Acuan, kolom F (Benar Atas), baris 2 sampai 16 | D28: =SUMPRODUCT((MID(Data!$C$2:$C$31;A2;1)=B2)*(Data!$F$2:$F$31="Atas"))
A29: 9 | B29: Pada sheet Acuan, hitung berapa siswa kelompok Bawah yang menjawab benar tiap soal. | C29: Sheet Acuan, kolom G (Benar Bawah), baris 2 sampai 16 | D29: =SUMPRODUCT((MID(Data!$C$2:$C$31;A2;1)=B2)*(Data!$F$2:$F$31="Bawah"))
A30: 10 | B30: Pada sheet Acuan, hitung daya beda: benar Atas dibagi jumlah siswa kelompok Atas, dikurangi benar Bawah dibagi jumlah siswa kelompok Bawah. | C30: Sheet Acuan, kolom H (Daya Beda), baris 2 sampai 16 | D30: =F2/COUNTIF(Data!$F$2:$F$31;"Atas")-G2/COUNTIF(Data!$F$2:$F$31;"Bawah")
A31: 11 | B31: Pada sheet Acuan, beri status: Dipakai bila daya beda minimal batas dipakai, Revisi bila minimal batas revisi, selain itu Ganti. | C31: Sheet Acuan, kolom I (Status Soal), baris 2 sampai 16 | D31: =IF(H2>=Data!$J$8;"Dipakai";IF(H2>=Data!$J$9;"Revisi";"Ganti"))
... A36: 16 | B36: Berapa nilai rata-rata siswa kelas 9B, dan berapa siswa kelas 9C yang Remedial? | C36: Sheet Ringkasan, sel C19 sampai C20 | D36: =AVERAGEIF(Data!$B$2:$B$31;"9B";Data!$E$2:$E$31) =COUNTIFS(Data!$B$2:$B$31;"9C";Data!$G$2:$G$31;"Remedial")

Sheet Data
A1: Nama Siswa | B1: Kelas | C1: Jawaban | D1: Skor | E1: Nilai | F1: Kelompok | G1: Remedial | I1: Parameter | J1: Nilai | K1: Keterangan
A2: Mulyadi Susanto | B2: 9A | C2: CDDAADCBADCBDBB | D2: =SUMPRODUCT(--(MID(C2,Acuan!$A$2:$A$16,1)=Acuan!$B$2:$B$16)) -> 6 | E2: =ROUND(D2*100/$J$2,0) -> 40 | F2: =IF(E2>=$J$4,"Atas",IF(E2<=$J$5,"Bawah","Tengah")) -> Bawah | G2: =IF(E2<$J$3,"Remedial","Tuntas") -> Remedial | I2: Jumlah soal | J2: 15
A3: Irfan Pangestu | B3: 9B | C3: BDBDDDDBDAACDBA | D3: =SUMPRODUCT(--(MID(C3,Acuan!$A$2:$A$16,1)=Acuan!$B$2:$B$16)) -> 14 | E3: =ROUND(D3*100/$J$2,0) -> 93 | F3: =IF(E3>=$J$4,"Atas",IF(E3<=$J$5,"Bawah","Tengah")) -> Atas | G3: =IF(E3<$J$3,"Remedial","Tuntas") -> Tuntas | I3: KKM | J3: 70 | K3: Nilai di bawah KKM masuk remedial
A4: Rina Ramadhan | B4: 9C | C4: DDBBAABBADCDDCD | D4: =SUMPRODUCT(--(MID(C4,Acuan!$A$2:$A$16,1)=Acuan!$B$2:$B$16)) -> 5 | E4: =ROUND(D4*100/$J$2,0) -> 33 | F4: =IF(E4>=$J$4,"Atas",IF(E4<=$J$5,"Bawah","Tengah")) -> Bawah | G4: =IF(E4<$J$3,"Remedial","Tuntas") -> Remedial | I4: Batas kelompok atas | J4: 80 | K4: Nilai minimal untuk kelompok Atas
A5: Galih Wijaya | B5: 9A | C5: DDABACDBBCADDBD | D5: =SUMPRODUCT(--(MID(C5,Acuan!$A$2:$A$16,1)=Acuan!$B$2:$B$16)) -> 7 | E5: =ROUND(D5*100/$J$2,0) -> 47 | F5: =IF(E5>=$J$4,"Atas",IF(E5<=$J$5,"Bawah","Tengah")) -> Bawah | G5: =IF(E5<$J$3,"Remedial","Tuntas") -> Remedial | I5: Batas kelompok bawah | J5: 60 | K5: Nilai paling tinggi untuk kelompok Bawah
A6: Yoga Firmansyah | B6: 9B | C6: DDCBADDBDCADDBA | D6: =SUMPRODUCT(--(MID(C6,Acuan!$A$2:$A$16,1)=Acuan!$B$2:$B$16)) -> 10 | E6: =ROUND(D6*100/$J$2,0) -> 67 | F6: =IF(E6>=$J$4,"Atas",IF(E6<=$J$5,"Bawah","Tengah")) -> Tengah | G6: =IF(E6<$J$3,"Remedial","Tuntas") -> Remedial | I6: Batas soal sukar | J6: 0.3 | K6: Tingkat kesulitan di bawah angka ini berarti Sukar
A7: Nurul Saputra | B7: 9C | C7: BDCBCDDCDDBDDBA | D7: =SUMPRODUCT(--(MID(C7,Acuan!$A$2:$A$16,1)=Acuan!$B$2:$B$16)) -> 8 | E7: =ROUND(D7*100/$J$2,0) -> 53 | F7: =IF(E7>=$J$4,"Atas",IF(E7<=$J$5,"Bawah","Tengah")) -> Bawah | G7: =IF(E7<$J$3,"Remedial","Tuntas") -> Remedial | I7: Batas soal mudah | J7: 0.7 | K7: Tingkat kesulitan di atas angka ini berarti Mudah
A8: Bayu Saputra | B8: 9A | C8: CDBAADDBDCACDBA | D8: =SUMPRODUCT(--(MID(C8,Acuan!$A$2:$A$16,1)=Acuan!$B$2:$B$16)) -> 12 | E8: =ROUND(D8*100/$J$2,0) -> 80 | F8: =IF(E8>=$J$4,"Atas",IF(E8<=$J$5,"Bawah","Tengah")) -> Atas | G8: =IF(E8<$J$3,"Remedial","Tuntas") -> Tuntas | I8: Daya beda dipakai | J8: 0.3 | K8: Daya beda minimal untuk status Dipakai
A9: Siti Kusuma | B9: 9B | C9: BDBABDDBCADBCBA | D9: =SUMPRODUCT(--(MID(C9,Acuan!$A$2:$A$16,1)=Acuan!$B$2:$B$16)) -> 9 | E9: =ROUND(D9*100/$J$2,0) -> 60 | F9: =IF(E9>=$J$4,"Atas",IF(E9<=$J$5,"Bawah","Tengah")) -> Bawah | G9: =IF(E9<$J$3,"Remedial","Tuntas") -> Remedial | I9: Daya beda revisi | J9: 0.1 | K9: Daya beda minimal untuk status Revisi
A10: Vivi Nugroho | B10: 9C | C10: ADACADDCDBCADBC | D10: =SUMPRODUCT(--(MID(C10,Acuan!$A$2:$A$16,1)=Acuan!$B$2:$B$16)) -> 7 | E10: =ROUND(D10*100/$J$2,0) -> 47 | F10: =IF(E10>=$J$4,"Atas",IF(E10<=$J$5,"Bawah","Tengah")) -> Bawah | G10: =IF(E10<$J$3,"Remedial","Tuntas") -> Remedial
A11: Intan Pratama | B11: 9A | C11: BCBDDDDDBBABDBA | D11: =SUMPRODUCT(--(MID(C11,Acuan!$A$2:$A$16,1)=Acuan!$B$2:$B$16)) -> 9 | E11: =ROUND(D11*100/$J$2,0) -> 60 | F11: =IF(E11>=$J$4,"Atas",IF(E11<=$J$5,"Bawah","Tengah")) -> Bawah | G11: =IF(E11<$J$3,"Remedial","Tuntas") -> Remedial
A12: Khoirul Pratama | B12: 9B | C12: CDBDADDBDCACDBA | D12: =SUMPRODUCT(--(MID(C12,Acuan!$A$2:$A$16,1)=Acuan!$B$2:$B$16)) -> 13 | E12: =ROUND(D12*100/$J$2,0) -> 87 | F12: =IF(E12>=$J$4,"Atas",IF(E12<=$J$5,"Bawah","Tengah")) -> Atas | G12: =IF(E12<$J$3,"Remedial","Tuntas") -> Tuntas
A13: Dimas Setiawan | B13: 9C | C13: ADBDADDBDDADDBD | D13: =SUMPRODUCT(--(MID(C13,Acuan!$A$2:$A$16,1)=Acuan!$B$2:$B$16)) -> 11 | E13: =ROUND(D13*100/$J$2,0) -> 73 | F13: =IF(E13>=$J$4,"Atas",IF(E13<=$J$5,"Bawah","Tengah")) -> Tengah | G13: =IF(E13<$J$3,"Remedial","Tuntas") -> Tuntas
A14: Vina Wibowo | B14: 9A | C14: BDCCCDDBBDCADBA | D14: =SUMPRODUCT(--(MID(C14,Acuan!$A$2:$A$16,1)=Acuan!$B$2:$B$16)) -> 8 | E14: =ROUND(D14*100/$J$2,0) -> 53 | F14: =IF(E14>=$J$4,"Atas",IF(E14<=$J$5,"Bawah","Tengah")) -> Bawah | G14: =IF(E14<$J$3,"Remedial","Tuntas") -> Remedial
A15: Tika Kusuma | B15: 9B | C15: BDDDADDBDADCDBA | D15: =SUMPRODUCT(--(MID(C15,Acuan!$A$2:$A$16,1)=Acuan!$B$2:$B$16)) -> 13 | E15: =ROUND(D15*100/$J$2,0) -> 87 | F15: =IF(E15>=$J$4,"Atas",IF(E15<=$J$5,"Bawah","Tengah")) -> Atas | G15: =IF(E15<$J$3,"Remedial","Tuntas") -> Tuntas
A16: Andi Kurniawan | B16: 9C | C16: BCBDADDBCAAADBA | D16: =SUMPRODUCT(--(MID(C16,Acuan!$A$2:$A$16,1)=Acuan!$B$2:$B$16)) -> 12 | E16: =ROUND(D16*100/$J$2,0) -> 80 | F16: =IF(E16>=$J$4,"Atas",IF(E16<=$J$5,"Bawah","Tengah")) -> Atas | G16: =IF(E16<$J$3,"Remedial","Tuntas") -> Tuntas
A17: Lina Rahayu | B17: 9A | C17: BDCBADDBDBCDBBA | D17: =SUMPRODUCT(--(MID(C17,Acuan!$A$2:$A$16,1)=Acuan!$B$2:$B$16)) -> 9 | E17: =ROUND(D17*100/$J$2,0) -> 60 | F17: =IF(E17>=$J$4,"Atas",IF(E17<=$J$5,"Bawah","Tengah")) -> Bawah | G17: =IF(E17<$J$3,"Remedial","Tuntas") -> Remedial
A18: Gita Handayani | B18: 9B | C18: BDADADDBDBABABA | D18: =SUMPRODUCT(--(MID(C18,Acuan!$A$2:$A$16,1)=Acuan!$B$2:$B$16)) -> 11 | E18: =ROUND(D18*100/$J$2,0) -> 73 | F18: =IF(E18>=$J$4,"Atas",IF(E18<=$J$5,"Bawah","Tengah")) -> Tengah | G18: =IF(E18<$J$3,"Remedial","Tuntas") -> Tuntas
A19: Ayu Anggraini | B19: 9C | C19: BDBDCDDBABCBBBA | D19: =SUMPRODUCT(--(MID(C19,Acuan!$A$2:$A$16,1)=Acuan!$B$2:$B$16)) -> 9 | E19: =ROUND(D19*100/$J$2,0) -> 60 | F19: =IF(E19>=$J$4,"Atas",IF(E19<=$J$5,"Bawah","Tengah")) -> Bawah | G19: =IF(E19<$J$3,"Remedial","Tuntas") -> Remedial
A20: Lestari Yulianto | B20: 9A | C20: DDBCADDABCAACBC | D20: =SUMPRODUCT(--(MID(C20,Acuan!$A$2:$A$16,1)=Acuan!$B$2:$B$16)) -> 7 | E20: =ROUND(D20*100/$J$2,0) -> 47 | F20: =IF(E20>=$J$4,"Atas",IF(E20<=$J$5,"Bawah","Tengah")) -> Bawah | G20: =IF(E20<$J$3,"Remedial","Tuntas") -> Remedial
A21: Yuni Pangestu | B21: 9B | C21: DDBDAADBDCADDBA | D21: =SUMPRODUCT(--(MID(C21,Acuan!$A$2:$A$16,1)=Acuan!$B$2:$B$16)) -> 11 | E21: =ROUND(D21*100/$J$2,0) -> 73 | F21: =IF(E21>=$J$4,"Atas",IF(E21<=$J$5,"Bawah","Tengah")) -> Tengah | G21: =IF(E21<$J$3,"Remedial","Tuntas") -> Tuntas
... A31: Eka Susanto | B31: 9C | C31: ACDAABBCCCADDBD | D31: =SUMPRODUCT(--(MID(C31,Acuan!$A$2:$A$16,1)=Acuan!$B$2:$B$16)) -> 4 | E31: =ROUND(D31*100/$J$2,0) -> 27 | F31: =IF(E31>=$J$4,"Atas",IF(E31<=$J$5,"Bawah","Tengah")) -> Bawah | G31: =IF(E31<$J$3,"Remedial","Tuntas") -> Remedial

Sheet Acuan
A1: No Soal | B1: Kunci | C1: Jumlah Benar | D1: Tingkat Kesulitan | E1: Kategori Soal | F1: Benar Atas | G1: Benar Bawah | H1: Daya Beda | I1: Status Soal
A2: 1 | B2: B | C2: =SUMPRODUCT(--(MID(Data!$C$2:$C$31,A2,1)=B2)) -> 16 | D2: =C2/COUNTA(Data!$A$2:$A$31) -> 0.53333333 | E2: =IF(D2<Data!$J$6,"Sukar",IF(D2>Data!$J$7,"Mudah","Sedang")) -> Sedang | F2: =SUMPRODUCT((MID(Data!$C$2:$C$31,A2,1)=B2)*(Data!$F$2:$F$31="Atas")) -> 5 | G2: =SUMPRODUCT((MID(Data!$C$2:$C$31,A2,1)=B2)*(Data!$F$2:$F$31="Bawah")) -> 8 | H2: =F2/COUNTIF(Data!$F$2:$F$31,"Atas")-G2/COUNTIF(Data!$F$2:$F$31,"Bawah") -> 0.053571429 | I2: =IF(H2>=Data!$J$8,"Dipakai",IF(H2>=Data!$J$9,"Revisi","Ganti")) -> Ganti
A3: 2 | B3: D | C3: =SUMPRODUCT(--(MID(Data!$C$2:$C$31,A3,1)=B3)) -> 25 | D3: =C3/COUNTA(Data!$A$2:$A$31) -> 0.83333333 | E3: =IF(D3<Data!$J$6,"Sukar",IF(D3>Data!$J$7,"Mudah","Sedang")) -> Mudah | F3: =SUMPRODUCT((MID(Data!$C$2:$C$31,A3,1)=B3)*(Data!$F$2:$F$31="Atas")) -> 7 | G3: =SUMPRODUCT((MID(Data!$C$2:$C$31,A3,1)=B3)*(Data!$F$2:$F$31="Bawah")) -> 11 | H3: =F3/COUNTIF(Data!$F$2:$F$31,"Atas")-G3/COUNTIF(Data!$F$2:$F$31,"Bawah") -> 0.089285714 | I3: =IF(H3>=Data!$J$8,"Dipakai",IF(H3>=Data!$J$9,"Revisi","Ganti")) -> Ganti
A4: 3 | B4: B | C4: =SUMPRODUCT(--(MID(Data!$C$2:$C$31,A4,1)=B4)) -> 19 | D4: =C4/COUNTA(Data!$A$2:$A$31) -> 0.63333333 | E4: =IF(D4<Data!$J$6,"Sukar",IF(D4>Data!$J$7,"Mudah","Sedang")) -> Sedang | F4: =SUMPRODUCT((MID(Data!$C$2:$C$31,A4,1)=B4)*(Data!$F$2:$F$31="Atas")) -> 7 | G4: =SUMPRODUCT((MID(Data!$C$2:$C$31,A4,1)=B4)*(Data!$F$2:$F$31="Bawah")) -> 6 | H4: =F4/COUNTIF(Data!$F$2:$F$31,"Atas")-G4/COUNTIF(Data!$F$2:$F$31,"Bawah") -> 0.44642857 | I4: =IF(H4>=Data!$J$8,"Dipakai",IF(H4>=Data!$J$9,"Revisi","Ganti")) -> Dipakai
A5: 4 | B5: D | C5: =SUMPRODUCT(--(MID(Data!$C$2:$C$31,A5,1)=B5)) -> 13 | D5: =C5/COUNTA(Data!$A$2:$A$31) -> 0.43333333 | E5: =IF(D5<Data!$J$6,"Sukar",IF(D5>Data!$J$7,"Mudah","Sedang")) -> Sedang | F5: =SUMPRODUCT((MID(Data!$C$2:$C$31,A5,1)=B5)*(Data!$F$2:$F$31="Atas")) -> 5 | G5: =SUMPRODUCT((MID(Data!$C$2:$C$31,A5,1)=B5)*(Data!$F$2:$F$31="Bawah")) -> 2 | H5: =F5/COUNTIF(Data!$F$2:$F$31,"Atas")-G5/COUNTIF(Data!$F$2:$F$31,"Bawah") -> 0.48214286 | I5: =IF(H5>=Data!$J$8,"Dipakai",IF(H5>=Data!$J$9,"Revisi","Ganti")) -> Dipakai
A6: 5 | B6: A | C6: =SUMPRODUCT(--(MID(Data!$C$2:$C$31,A6,1)=B6)) -> 20 | D6: =C6/COUNTA(Data!$A$2:$A$31) -> 0.66666667 | E6: =IF(D6<Data!$J$6,"Sukar",IF(D6>Data!$J$7,"Mudah","Sedang")) -> Sedang | F6: =SUMPRODUCT((MID(Data!$C$2:$C$31,A6,1)=B6)*(Data!$F$2:$F$31="Atas")) -> 6 | G6: =SUMPRODUCT((MID(Data!$C$2:$C$31,A6,1)=B6)*(Data!$F$2:$F$31="Bawah")) -> 8 | H6: =F6/COUNTIF(Data!$F$2:$F$31,"Atas")-G6/COUNTIF(Data!$F$2:$F$31,"Bawah") -> 0.17857143 | I6: =IF(H6>=Data!$J$8,"Dipakai",IF(H6>=Data!$J$9,"Revisi","Ganti")) -> Revisi
A7: 6 | B7: D | C7: =SUMPRODUCT(--(MID(Data!$C$2:$C$31,A7,1)=B7)) -> 23 | D7: =C7/COUNTA(Data!$A$2:$A$31) -> 0.76666667 | E7: =IF(D7<Data!$J$6,"Sukar",IF(D7>Data!$J$7,"Mudah","Sedang")) -> Mudah | F7: =SUMPRODUCT((MID(Data!$C$2:$C$31,A7,1)=B7)*(Data!$F$2:$F$31="Atas")) -> 7 | G7: =SUMPRODUCT((MID(Data!$C$2:$C$31,A7,1)=B7)*(Data!$F$2:$F$31="Bawah")) -> 10 | H7: =F7/COUNTIF(Data!$F$2:$F$31,"Atas")-G7/COUNTIF(Data!$F$2:$F$31,"Bawah") -> 0.16071429 | I7: =IF(H7>=Data!$J$8,"Dipakai",IF(H7>=Data!$J$9,"Revisi","Ganti")) -> Revisi
A8: 7 | B8: D | C8: =SUMPRODUCT(--(MID(Data!$C$2:$C$31,A8,1)=B8)) -> 27 | D8: =C8/COUNTA(Data!$A$2:$A$31) -> 0.9 | E8: =IF(D8<Data!$J$6,"Sukar",IF(D8>Data!$J$7,"Mudah","Sedang")) -> Mudah | F8: =SUMPRODUCT((MID(Data!$C$2:$C$31,A8,1)=B8)*(Data!$F$2:$F$31="Atas")) -> 8 | G8: =SUMPRODUCT((MID(Data!$C$2:$C$31,A8,1)=B8)*(Data!$F$2:$F$31="Bawah")) -> 11 | H8: =F8/COUNTIF(Data!$F$2:$F$31,"Atas")-G8/COUNTIF(Data!$F$2:$F$31,"Bawah") -> 0.21428571 | I8: =IF(H8>=Data!$J$8,"Dipakai",IF(H8>=Data!$J$9,"Revisi","Ganti")) -> Revisi
A9: 8 | B9: B | C9: =SUMPRODUCT(--(MID(Data!$C$2:$C$31,A9,1)=B9)) -> 23 | D9: =C9/COUNTA(Data!$A$2:$A$31) -> 0.76666667 | E9: =IF(D9<Data!$J$6,"Sukar",IF(D9>Data!$J$7,"Mudah","Sedang")) -> Mudah | F9: =SUMPRODUCT((MID(Data!$C$2:$C$31,A9,1)=B9)*(Data!$F$2:$F$31="Atas")) -> 8 | G9: =SUMPRODUCT((MID(Data!$C$2:$C$31,A9,1)=B9)*(Data!$F$2:$F$31="Bawah")) -> 7 | H9: =F9/COUNTIF(Data!$F$2:$F$31,"Atas")-G9/COUNTIF(Data!$F$2:$F$31,"Bawah") -> 0.5 | I9: =IF(H9>=Data!$J$8,"Dipakai",IF(H9>=Data!$J$9,"Revisi","Ganti")) -> Dipakai
A10: 9 | B10: D | C10: =SUMPRODUCT(--(MID(Data!$C$2:$C$31,A10,1)=B10)) -> 17 | D10: =C10/COUNTA(Data!$A$2:$A$31) -> 0.56666667 | E10: =IF(D10<Data!$J$6,"Sukar",IF(D10>Data!$J$7,"Mudah","Sedang")) -> Sedang | F10: =SUMPRODUCT((MID(Data!$C$2:$C$31,A10,1)=B10)*(Data!$F$2:$F$31="Atas")) -> 6 | G10: =SUMPRODUCT((MID(Data!$C$2:$C$31,A10,1)=B10)*(Data!$F$2:$F$31="Bawah")) -> 4 | H10: =F10/COUNTIF(Data!$F$2:$F$31,"Atas")-G10/COUNTIF(Data!$F$2:$F$31,"Bawah") -> 0.46428571 | I10: =IF(H10>=Data!$J$8,"Dipakai",IF(H10>=Data!$J$9,"Revisi","Ganti")) -> Dipakai
A11: 10 | B11: A | C11: =SUMPRODUCT(--(MID(Data!$C$2:$C$31,A11,1)=B11)) -> 8 | D11: =C11/COUNTA(Data!$A$2:$A$31) -> 0.26666667 | E11: =IF(D11<Data!$J$6,"Sukar",IF(D11>Data!$J$7,"Mudah","Sedang")) -> Sukar | F11: =SUMPRODUCT((MID(Data!$C$2:$C$31,A11,1)=B11)*(Data!$F$2:$F$31="Atas")) -> 5 | G11: =SUMPRODUCT((MID(Data!$C$2:$C$31,A11,1)=B11)*(Data!$F$2:$F$31="Bawah")) -> 2 | H11: =F11/COUNTIF(Data!$F$2:$F$31,"Atas")-G11/COUNTIF(Data!$F$2:$F$31,"Bawah") -> 0.48214286 | I11: =IF(H11>=Data!$J$8,"Dipakai",IF(H11>=Data!$J$9,"Revisi","Ganti")) -> Dipakai
A12: 11 | B12: A | C12: =SUMPRODUCT(--(MID(Data!$C$2:$C$31,A12,1)=B12)) -> 19 | D12: =C12/COUNTA(Data!$A$2:$A$31) -> 0.63333333 | E12: =IF(D12<Data!$J$6,"Sukar",IF(D12>Data!$J$7,"Mudah","Sedang")) -> Sedang | F12: =SUMPRODUCT((MID(Data!$C$2:$C$31,A12,1)=B12)*(Data!$F$2:$F$31="Atas")) -> 7 | G12: =SUMPRODUCT((MID(Data!$C$2:$C$31,A12,1)=B12)*(Data!$F$2:$F$31="Bawah")) -> 5 | H12: =F12/COUNTIF(Data!$F$2:$F$31,"Atas")-G12/COUNTIF(Data!$F$2:$F$31,"Bawah") -> 0.51785714 | I12: =IF(H12>=Data!$J$8,"Dipakai",IF(H12>=Data!$J$9,"Revisi","Ganti")) -> Dipakai
A13: 12 | B13: C | C13: =SUMPRODUCT(--(MID(Data!$C$2:$C$31,A13,1)=B13)) -> 6 | D13: =C13/COUNTA(Data!$A$2:$A$31) -> 0.2 | E13: =IF(D13<Data!$J$6,"Sukar",IF(D13>Data!$J$7,"Mudah","Sedang")) -> Sukar | F13: =SUMPRODUCT((MID(Data!$C$2:$C$31,A13,1)=B13)*(Data!$F$2:$F$31="Atas")) -> 5 | G13: =SUMPRODUCT((MID(Data!$C$2:$C$31,A13,1)=B13)*(Data!$F$2:$F$31="Bawah")) -> 1 | H13: =F13/COUNTIF(Data!$F$2:$F$31,"Atas")-G13/COUNTIF(Data!$F$2:$F$31,"Bawah") -> 0.55357143 | I13: =IF(H13>=Data!$J$8,"Dipakai",IF(H13>=Data!$J$9,"Revisi","Ganti")) -> Dipakai
... A16: 15 | B16: A | C16: =SUMPRODUCT(--(MID(Data!$C$2:$C$31,A16,1)=B16)) -> 22 | D16: =C16/COUNTA(Data!$A$2:$A$31) -> 0.73333333 | E16: =IF(D16<Data!$J$6,"Sukar",IF(D16>Data!$J$7,"Mudah","Sedang")) -> Mudah | F16: =SUMPRODUCT((MID(Data!$C$2:$C$31,A16,1)=B16)*(Data!$F$2:$F$31="Atas")) -> 8 | G16: =SUMPRODUCT((MID(Data!$C$2:$C$31,A16,1)=B16)*(Data!$F$2:$F$31="Bawah")) -> 8 | H16: =F16/COUNTIF(Data!$F$2:$F$31,"Atas")-G16/COUNTIF(Data!$F$2:$F$31,"Bawah") -> 0.42857143 | I16: =IF(H16>=Data!$J$8,"Dipakai",IF(H16>=Data!$J$9,"Revisi","Ganti")) -> Dipakai

Sheet Ringkasan
A1: Ringkasan: lembar jawaban soal berjenis ringkasan
A2: Sel hijau berisi rumus kunci.
A3: No | B3: Pertanyaan | C3: Jawaban | D3: Contoh format hasil
A4: 12a | B4: Nilai rata-rata | C4: =AVERAGE(Data!$E$2:$E$31) -> 64.866667 | D4: Angka desimal, mis. 65,5
A5: 12b | B5: Nilai tertinggi | C5: =MAX(Data!$E$2:$E$31) -> 93 | D5: Angka bulat, mis. 95
A6: 12c | B6: Nilai terendah | C6: =MIN(Data!$E$2:$E$31) -> 27 | D6: Angka bulat, mis. 30
A7: 12d | B7: Jumlah siswa Remedial | C7: =COUNTIF(Data!$G$2:$G$31,"Remedial") -> 16 | D7: Angka bulat, mis. 10
A8: 13a | B8: Siswa kelompok Atas | C8: =COUNTIF(Data!$F$2:$F$31,"Atas") -> 8 | D8: Angka bulat, mis. 7
A9: 13b | B9: Siswa kelompok Tengah | C9: =COUNTIF(Data!$F$2:$F$31,"Tengah") -> 8 | D9: Angka bulat, mis. 11
A10: 13c | B10: Siswa kelompok Bawah | C10: =COUNTIF(Data!$F$2:$F$31,"Bawah") -> 14 | D10: Angka bulat, mis. 8
A11: 13d | B11: Siswa nilai 90 atau lebih | C11: =COUNTIF(Data!$E$2:$E$31,">=90") -> 1 | D11: Angka bulat, mis. 2
A12: 14a | B12: Nomor soal paling sukar | C12: =INDEX(Acuan!$A$2:$A$16,MATCH(MIN(Acuan!$D$2:$D$16),Acuan!$D$2:$D$16,0)) -> 12 | D12: Angka bulat antara 1 dan 15
A13: 14b | B13: Nomor soal paling mudah | C13: =INDEX(Acuan!$A$2:$A$16,MATCH(MAX(Acuan!$D$2:$D$16),Acuan!$D$2:$D$16,0)) -> 14 | D13: Angka bulat antara 1 dan 15
A14: 14c | B14: Nomor soal daya beda terbesar | C14: =INDEX(Acuan!$A$2:$A$16,MATCH(MAX(Acuan!$H$2:$H$16),Acuan!$H$2:$H$16,0)) -> 12 | D14: Angka bulat antara 1 dan 15
A15: 15a | B15: Jumlah soal Sukar | C15: =COUNTIF(Acuan!$E$2:$E$16,"Sukar") -> 2 | D15: Angka bulat, mis. 3
A16: 15b | B16: Jumlah soal Sedang | C16: =COUNTIF(Acuan!$E$2:$E$16,"Sedang") -> 6 | D16: Angka bulat, mis. 5
A17: 15c | B17: Jumlah soal Mudah | C17: =COUNTIF(Acuan!$E$2:$E$16,"Mudah") -> 7 | D17: Angka bulat, mis. 4
A18: 15d | B18: Jumlah soal Dipakai | C18: =COUNTIF(Acuan!$I$2:$I$16,"Dipakai") -> 8 | D18: Angka bulat, mis. 6
A19: 16a | B19: Nilai rata-rata kelas 9B | C19: =AVERAGEIF(Data!$B$2:$B$31,"9B",Data!$E$2:$E$31) -> 76.6 | D19: Angka desimal, mis. 62,5
A20: 16b | B20: Siswa Remedial kelas 9C | C20: =COUNTIFS(Data!$B$2:$B$31,"9C",Data!$G$2:$G$31,"Remedial") -> 7 | D20: Angka bulat, mis. 4
