Workbook

Sheet Petunjuk
A1: Kunci Jawaban: Rekap Jadwal Piket Kebersihan dan Denda
A2: Latihan 58 dari 40 | Tingkat: Pemula | Perkiraan waktu: 35 menit | pushexcel.github.io/Pushexcel
A4: Skenario
A5: Kamu ketua kost Wisma Melati yang mencatat 36 jadwal piket kebersihan selama Oktober 2026 untuk 9 penghuni. Setiap jadwal punya area (Dapur, Kamar Mandi, Halaman, atau Ruang Tamu) dan status Hadir, Izin, atau Tidak Hadir. Penghuni yang Tidak Hadir didenda Rp 10.000, sedangkan yang Izin tidak didenda. Poin piket: Hadir 2 poin, Izin 1 poin, Tidak Hadir 0 poin. Pekan ke-1 dihitung dari tanggal 1 sampai 7, pekan ke-2 tanggal 8 sampai 14, dan seterusnya. Semua angka tetap ada di blok Parameter.
A7: Cara memakai kunci
A8: 1. | B8: Sel hijau berisi rumus kunci yang sudah dihitung. Klik sel untuk melihat rumusnya.
A9: 2. | B9: Kolom Rumus kunci di bawah menampilkan rumus untuk baris pertama atau tiap sel jawaban.
A10: 3. | B10: Rumus ditulis dengan titik koma (;). Ganti dengan koma (,) bila Excel kamu berbahasa Inggris.
A11: 4. | B11: Jawaban lain yang benar secara logika juga boleh, selama hasilnya sama.
A13: Arti warna
B14: Judul kolom data yang sudah diberikan
B15: Judul kolom hasil hitung
B16: Sel berisi rumus kunci
B17: Angka berwarna biru pada blok Parameter = nilai tetap yang boleh dirujuk
A19: Daftar soal
A20: No | B20: Soal | C20: Jawab di | D20: Rumus kunci
A21: 1 | B21: Tentukan pekan ke berapa tiap jadwal piket jatuh: tanggal 1 sampai 7 pekan 1, tanggal 8 sampai 14 pekan 2, dan seterusnya. | C21: Sheet Data, kolom F (Pekan Ke), baris 2 sampai 37 | D21: =INT((DAY(B2)-1)/7)+1
A22: 2 | B22: Beri poin: Hadir sebesar poin Hadir, Izin sebesar poin Izin, selain itu 0. | C22: Sheet Data, kolom G (Poin Piket), baris 2 sampai 37 | D22: =IF(E2="Hadir";$K$3;IF(E2="Izin";$K$4;0))
A23: 3 | B23: Hitung denda: penghuni yang Tidak Hadir kena denda tidak piket, selain itu 0. | C23: Sheet Data, kolom H (Denda), baris 2 sampai 37 | D23: =IF(E2="Tidak Hadir";$K$2;0)
A24: 4 | B24: Pada sheet Acuan, hitung berapa kali tiap penghuni terjadwal piket. | C24: Sheet Acuan, kolom B (Jumlah Piket), baris 2 sampai 10 | D24: =COUNTIF(Data!$C$2:$C$37;A2)
A25: 5 | B25: Pada sheet Acuan, hitung berapa kali tiap penghuni berstatus Hadir. | C25: Sheet Acuan, kolom C (Piket Hadir), baris 2 sampai 10 | D25: =COUNTIFS(Data!$C$2:$C$37;A2;Data!$E$2:$E$37;"Hadir")
A26: 6 | B26: Pada sheet Acuan, hitung total denda tiap penghuni. | C26: Sheet Acuan, kolom D (Total Denda), baris 2 sampai 10 | D26: =SUMIF(Data!$C$2:$C$37;A2;Data!$H$2:$H$37)
A27: 7 | B27: Pada sheet Acuan, hitung persentase kehadiran tiap penghuni: piket hadir dibagi jumlah piket. | C27: Sheet Acuan, kolom E (Persen Hadir), baris 2 sampai 10 | D27: =C2/B2
A28: 8 | B28: Berapa jadwal piket yang Hadir, Izin, dan Tidak Hadir? | C28: Sheet Ringkasan, sel C4 sampai C6 | D28: =COUNTIF(Data!$E$2:$E$37;"Hadir") =COUNTIF(Data!$E$2:$E$37;"Izin") =COUNTIF(Data!$E$2:$E$37;"Tidak Hadir")
A29: 9 | B29: Berapa total denda yang terkumpul selama Oktober, dan berapa total poin piket seluruh penghuni? | C29: Sheet Ringkasan, sel C7 sampai C8 | D29: =SUM(Data!$H$2:$H$37) =SUM(Data!$G$2:$G$37)
A30: 10 | B30: Siapa penghuni dengan total denda terbesar, dan siapa yang persentase hadirnya paling tinggi? | C30: Sheet Ringkasan, sel C9 sampai C10 | D30: =INDEX(Acuan!$A$2:$A$10;MATCH(MAX(Acuan!$D$2:$D$10);Acuan!$D$2:$D$10;0)) =INDEX(Acuan!$A$2:$A$10;MATCH(MAX(Acuan!$E$2:$E$10);Acuan!$E$2:$E$10;0))
A31: 11 | B31: Berapa jadwal Tidak Hadir di area Kamar Mandi, dan berapa total denda yang dikenakan pada pekan ke-2? | C31: Sheet Ringkasan, sel C11 sampai C12 | D31: =COUNTIFS(Data!$D$2:$D$37;"Kamar Mandi";Data!$E$2:$E$37;"Tidak Hadir") =SUMIF(Data!$F$2:$F$37;2;Data!$H$2:$H$37)

Sheet Data
A1: No | B1: Tanggal | C1: Nama Penghuni | D1: Area | E1: Status | F1: Pekan Ke | G1: Poin Piket | H1: Denda | J1: Parameter | K1: Nilai | L1: Keterangan
A2: 1 | B2: 46296 | C2: Fajar Amalia | D2: Dapur | E2: Hadir | F2: =INT((DAY(B2)-1)/7)+1 -> 1 | G2: =IF(E2="Hadir",$K$3,IF(E2="Izin",$K$4,0)) -> 2 | H2: =IF(E2="Tidak Hadir",$K$2,0) -> 0 | J2: Denda tidak piket | K2: 10000
A3: 2 | B3: 46296 | C3: Rina Pratama | D3: Kamar Mandi | E3: Tidak Hadir | F3: =INT((DAY(B3)-1)/7)+1 -> 1 | G3: =IF(E3="Hadir",$K$3,IF(E3="Izin",$K$4,0)) -> 0 | H3: =IF(E3="Tidak Hadir",$K$2,0) -> 10000 | J3: Poin Hadir | K3: 2
A4: 3 | B4: 46297 | C4: Wahyu Rahayu | D4: Halaman | E4: Izin | F4: =INT((DAY(B4)-1)/7)+1 -> 1 | G4: =IF(E4="Hadir",$K$3,IF(E4="Izin",$K$4,0)) -> 1 | H4: =IF(E4="Tidak Hadir",$K$2,0) -> 0 | J4: Poin Izin | K4: 1
A5: 4 | B5: 46298 | C5: Novi Lestari | D5: Ruang Tamu | E5: Hadir | F5: =INT((DAY(B5)-1)/7)+1 -> 1 | G5: =IF(E5="Hadir",$K$3,IF(E5="Izin",$K$4,0)) -> 2 | H5: =IF(E5="Tidak Hadir",$K$2,0) -> 0
A6: 5 | B6: 46299 | C6: Budi Utomo | D6: Dapur | E6: Hadir | F6: =INT((DAY(B6)-1)/7)+1 -> 1 | G6: =IF(E6="Hadir",$K$3,IF(E6="Izin",$K$4,0)) -> 2 | H6: =IF(E6="Tidak Hadir",$K$2,0) -> 0
A7: 6 | B7: 46299 | C7: Budi Utomo | D7: Kamar Mandi | E7: Hadir | F7: =INT((DAY(B7)-1)/7)+1 -> 1 | G7: =IF(E7="Hadir",$K$3,IF(E7="Izin",$K$4,0)) -> 2 | H7: =IF(E7="Tidak Hadir",$K$2,0) -> 0
A8: 7 | B8: 46300 | C8: Rina Pratama | D8: Halaman | E8: Hadir | F8: =INT((DAY(B8)-1)/7)+1 -> 1 | G8: =IF(E8="Hadir",$K$3,IF(E8="Izin",$K$4,0)) -> 2 | H8: =IF(E8="Tidak Hadir",$K$2,0) -> 0
A9: 8 | B9: 46301 | C9: Budi Utomo | D9: Ruang Tamu | E9: Hadir | F9: =INT((DAY(B9)-1)/7)+1 -> 1 | G9: =IF(E9="Hadir",$K$3,IF(E9="Izin",$K$4,0)) -> 2 | H9: =IF(E9="Tidak Hadir",$K$2,0) -> 0
A10: 9 | B10: 46302 | C10: Khoirul Setiawan | D10: Dapur | E10: Hadir | F10: =INT((DAY(B10)-1)/7)+1 -> 1 | G10: =IF(E10="Hadir",$K$3,IF(E10="Izin",$K$4,0)) -> 2 | H10: =IF(E10="Tidak Hadir",$K$2,0) -> 0
A11: 10 | B11: 46303 | C11: Maman Yulianto | D11: Kamar Mandi | E11: Hadir | F11: =INT((DAY(B11)-1)/7)+1 -> 2 | G11: =IF(E11="Hadir",$K$3,IF(E11="Izin",$K$4,0)) -> 2 | H11: =IF(E11="Tidak Hadir",$K$2,0) -> 0
A12: 11 | B12: 46303 | C12: Khoirul Setiawan | D12: Halaman | E12: Tidak Hadir | F12: =INT((DAY(B12)-1)/7)+1 -> 2 | G12: =IF(E12="Hadir",$K$3,IF(E12="Izin",$K$4,0)) -> 0 | H12: =IF(E12="Tidak Hadir",$K$2,0) -> 10000
A13: 12 | B13: 46304 | C13: Budi Utomo | D13: Ruang Tamu | E13: Izin | F13: =INT((DAY(B13)-1)/7)+1 -> 2 | G13: =IF(E13="Hadir",$K$3,IF(E13="Izin",$K$4,0)) -> 1 | H13: =IF(E13="Tidak Hadir",$K$2,0) -> 0
A14: 13 | B14: 46305 | C14: Wahyu Rahayu | D14: Dapur | E14: Tidak Hadir | F14: =INT((DAY(B14)-1)/7)+1 -> 2 | G14: =IF(E14="Hadir",$K$3,IF(E14="Izin",$K$4,0)) -> 0 | H14: =IF(E14="Tidak Hadir",$K$2,0) -> 10000
A15: 14 | B15: 46306 | C15: Maman Yulianto | D15: Kamar Mandi | E15: Tidak Hadir | F15: =INT((DAY(B15)-1)/7)+1 -> 2 | G15: =IF(E15="Hadir",$K$3,IF(E15="Izin",$K$4,0)) -> 0 | H15: =IF(E15="Tidak Hadir",$K$2,0) -> 10000
A16: 15 | B16: 46306 | C16: Ahmad Susanto | D16: Halaman | E16: Tidak Hadir | F16: =INT((DAY(B16)-1)/7)+1 -> 2 | G16: =IF(E16="Hadir",$K$3,IF(E16="Izin",$K$4,0)) -> 0 | H16: =IF(E16="Tidak Hadir",$K$2,0) -> 10000
... A37: 36 | B37: 46323 | C37: Maman Yulianto | D37: Ruang Tamu | E37: Tidak Hadir | F37: =INT((DAY(B37)-1)/7)+1 -> 4 | G37: =IF(E37="Hadir",$K$3,IF(E37="Izin",$K$4,0)) -> 0 | H37: =IF(E37="Tidak Hadir",$K$2,0) -> 10000

Sheet Acuan
A1: Nama Penghuni | B1: Jumlah Piket | C1: Piket Hadir | D1: Total Denda | E1: Persen Hadir
A2: Ahmad Susanto | B2: =COUNTIF(Data!$C$2:$C$37,A2) -> 2 | C2: =COUNTIFS(Data!$C$2:$C$37,A2,Data!$E$2:$E$37,"Hadir") -> 0 | D2: =SUMIF(Data!$C$2:$C$37,A2,Data!$H$2:$H$37) -> 20000 | E2: =C2/B2 -> 0
A3: Budi Utomo | B3: =COUNTIF(Data!$C$2:$C$37,A3) -> 5 | C3: =COUNTIFS(Data!$C$2:$C$37,A3,Data!$E$2:$E$37,"Hadir") -> 4 | D3: =SUMIF(Data!$C$2:$C$37,A3,Data!$H$2:$H$37) -> 0 | E3: =C3/B3 -> 0.8
A4: Fajar Amalia | B4: =COUNTIF(Data!$C$2:$C$37,A4) -> 3 | C4: =COUNTIFS(Data!$C$2:$C$37,A4,Data!$E$2:$E$37,"Hadir") -> 2 | D4: =SUMIF(Data!$C$2:$C$37,A4,Data!$H$2:$H$37) -> 0 | E4: =C4/B4 -> 0.66666667
A5: Khoirul Setiawan | B5: =COUNTIF(Data!$C$2:$C$37,A5) -> 4 | C5: =COUNTIFS(Data!$C$2:$C$37,A5,Data!$E$2:$E$37,"Hadir") -> 1 | D5: =SUMIF(Data!$C$2:$C$37,A5,Data!$H$2:$H$37) -> 30000 | E5: =C5/B5 -> 0.25
A6: Maman Yulianto | B6: =COUNTIF(Data!$C$2:$C$37,A6) -> 7 | C6: =COUNTIFS(Data!$C$2:$C$37,A6,Data!$E$2:$E$37,"Hadir") -> 5 | D6: =SUMIF(Data!$C$2:$C$37,A6,Data!$H$2:$H$37) -> 20000 | E6: =C6/B6 -> 0.71428571
A7: Novi Lestari | B7: =COUNTIF(Data!$C$2:$C$37,A7) -> 3 | C7: =COUNTIFS(Data!$C$2:$C$37,A7,Data!$E$2:$E$37,"Hadir") -> 3 | D7: =SUMIF(Data!$C$2:$C$37,A7,Data!$H$2:$H$37) -> 0 | E7: =C7/B7 -> 1
A8: Rina Pratama | B8: =COUNTIF(Data!$C$2:$C$37,A8) -> 3 | C8: =COUNTIFS(Data!$C$2:$C$37,A8,Data!$E$2:$E$37,"Hadir") -> 2 | D8: =SUMIF(Data!$C$2:$C$37,A8,Data!$H$2:$H$37) -> 10000 | E8: =C8/B8 -> 0.66666667
A9: Rina Sari | B9: =COUNTIF(Data!$C$2:$C$37,A9) -> 4 | C9: =COUNTIFS(Data!$C$2:$C$37,A9,Data!$E$2:$E$37,"Hadir") -> 2 | D9: =SUMIF(Data!$C$2:$C$37,A9,Data!$H$2:$H$37) -> 10000 | E9: =C9/B9 -> 0.5
A10: Wahyu Rahayu | B10: =COUNTIF(Data!$C$2:$C$37,A10) -> 5 | C10: =COUNTIFS(Data!$C$2:$C$37,A10,Data!$E$2:$E$37,"Hadir") -> 2 | D10: =SUMIF(Data!$C$2:$C$37,A10,Data!$H$2:$H$37) -> 10000 | E10: =C10/B10 -> 0.4

Sheet Ringkasan
A1: Ringkasan: lembar jawaban soal berjenis ringkasan
A2: Sel hijau berisi rumus kunci.
A3: No | B3: Pertanyaan | C3: Jawaban | D3: Contoh format hasil
A4: 8a | B4: Jadwal Hadir | C4: =COUNTIF(Data!$E$2:$E$37,"Hadir") -> 21 | D4: Angka bulat, mis. 20
A5: 8b | B5: Jadwal Izin | C5: =COUNTIF(Data!$E$2:$E$37,"Izin") -> 5 | D5: Angka bulat, mis. 6
A6: 8c | B6: Jadwal Tidak Hadir | C6: =COUNTIF(Data!$E$2:$E$37,"Tidak Hadir") -> 10 | D6: Angka bulat, mis. 8
A7: 9a | B7: Total denda terkumpul | C7: =SUM(Data!$H$2:$H$37) -> 100000 | D7: Rupiah, mis. Rp 250.000
A8: 9b | B8: Total poin piket | C8: =SUM(Data!$G$2:$G$37) -> 47 | D8: Angka bulat, mis. 55
A9: 10a | B9: Penghuni dengan denda terbesar | C9: =INDEX(Acuan!$A$2:$A$10,MATCH(MAX(Acuan!$D$2:$D$10),Acuan!$D$2:$D$10,0)) -> Khoirul Setiawan | D9: Teks: nama penghuni
A10: 10b | B10: Penghuni dengan persen hadir tertinggi | C10: =INDEX(Acuan!$A$2:$A$10,MATCH(MAX(Acuan!$E$2:$E$10),Acuan!$E$2:$E$10,0)) -> Novi Lestari | D10: Teks: nama penghuni
A11: 11a | B11: Tidak Hadir di Kamar Mandi | C11: =COUNTIFS(Data!$D$2:$D$37,"Kamar Mandi",Data!$E$2:$E$37,"Tidak Hadir") -> 3 | D11: Angka bulat, mis. 2
A12: 11b | B12: Total denda pekan ke-2 | C12: =SUMIF(Data!$F$2:$F$37,2,Data!$H$2:$H$37) -> 50000 | D12: Rupiah, mis. Rp 60.000
