Workbook

Sheet Petunjuk
A1: Kunci Jawaban: Nota Servis Bengkel Motor dan Mobil
A2: Latihan 51 dari 56 | Tingkat: Menengah | Perkiraan waktu: 55 menit | pushexcel.github.io/Pushexcel
A4: Skenario
A5: Kamu kasir Bengkel Sinar Motor yang melayani motor dan mobil. Tarif jasa per jam untuk tiap jenis servis ada di sheet Acuan (satu kolom untuk motor, satu untuk mobil). Pelanggan member mendapat diskon 10 persen khusus untuk biaya jasa. Subtotal adalah biaya jasa ditambah suku cadang, lalu dikenai PPN 11 persen (kedua nilai ada di blok Parameter). Nota dengan total bayar sama dengan atau di atas Rp 1.500.000 masuk kategori Besar, sama dengan atau di atas Rp 500.000 kategori Sedang, selain itu Kecil.
A7: Cara memakai kunci
A8: 1. | B8: Sel hijau berisi rumus kunci yang sudah dihitung. Klik sel untuk melihat rumusnya.
A9: 2. | B9: Kolom Rumus kunci di bawah menampilkan rumus untuk baris pertama atau tiap sel jawaban.
A10: 3. | B10: Rumus ditulis dengan titik koma (;). Ganti dengan koma (,) bila Excel kamu berbahasa Inggris.
A11: 4. | B11: Jawaban lain yang benar secara logika juga boleh, selama hasilnya sama.
A13: Arti warna
B14: Judul kolom data yang sudah diberikan
B15: Judul kolom hasil hitung
B16: Sel berisi rumus kunci
B17: Angka berwarna biru pada blok Parameter = nilai tetap yang boleh dirujuk
A19: Daftar soal
A20: No | B20: Soal | C20: Jawab di | D20: Rumus kunci
A21: 1 | B21: Ambil tarif jasa per jam dari sheet Acuan: kolom Tarif Mobil bila kendaraan Mobil, selain itu kolom Tarif Motor. | C21: Sheet Data, kolom J (Tarif Jasa per Jam), baris 2 sampai 29 | D21: =IF(D2="Mobil";VLOOKUP(E2;Acuan!$A$2:$C$7;3;FALSE);VLOOKUP(E2;Acuan!$A$2:$C$7;2;FALSE))
A22: 2 | B22: Hitung biaya jasa: jam kerja dikali tarif per jam, dikurangi diskon member bila Member Ya. Bulatkan ke rupiah. | C22: Sheet Data, kolom K (Biaya Jasa), baris 2 sampai 29 | D22: =ROUND(H2*J2*IF(G2="Ya";1-$R$2;1);0)
A23: 3 | B23: Hitung subtotal: biaya jasa ditambah suku cadang. | C23: Sheet Data, kolom L (Subtotal), baris 2 sampai 29 | D23: =K2+I2
A24: 4 | B24: Hitung PPN dari subtotal, dibulatkan ke rupiah. | C24: Sheet Data, kolom M (PPN), baris 2 sampai 29 | D24: =ROUND(L2*$R$3;0)
A25: 5 | B25: Hitung total bayar: subtotal ditambah PPN. | C25: Sheet Data, kolom N (Total Bayar), baris 2 sampai 29 | D25: =L2+M2
A26: 6 | B26: Tentukan kategori nota: Besar bila total sama dengan atau di atas Rp 1.500.000, Sedang bila sama dengan atau di atas Rp 500.000, selain itu Kecil. | C26: Sheet Data, kolom O (Kategori Nota), baris 2 sampai 29 | D26: =IF(N2>=1500000;"Besar";IF(N2>=500000;"Sedang";"Kecil"))
A27: 7 | B27: Pada sheet Acuan, hitung jumlah nota tiap jenis servis. | C27: Sheet Acuan, kolom D (Jumlah Nota), baris 2 sampai 7 | D27: =COUNTIF(Data!$E$2:$E$29;A2)
A28: 8 | B28: Pada sheet Acuan, hitung total bayar dari semua nota tiap jenis servis. | C28: Sheet Acuan, kolom E (Total Pendapatan), baris 2 sampai 7 | D28: =SUMIF(Data!$E$2:$E$29;A2;Data!$N$2:$N$29)
A29: 9 | B29: Berapa total biaya jasa, total suku cadang, total PPN, dan total bayar seluruh nota? | C29: Sheet Ringkasan, sel C4 sampai C7 | D29: =SUM(Data!$K$2:$K$29) =SUM(Data!$I$2:$I$29) =SUM(Data!$M$2:$M$29) =SUM(Data!$N$2:$N$29)
A30: 10 | B30: Jenis servis apa yang paling banyak dikerjakan, dan jenis apa yang pendapatannya terbesar? | C30: Sheet Ringkasan, sel C8 sampai C9 | D30: =INDEX(Acuan!$A$2:$A$7;MATCH(MAX(Acuan!$D$2:$D$7);Acuan!$D$2:$D$7;0)) =INDEX(Acuan!$A$2:$A$7;MATCH(MAX(Acuan!$E$2:$E$7);Acuan!$E$2:$E$7;0))
A31: 11 | B31: Berapa total jam kerja untuk mobil, dan berapa rata-rata total bayar nota motor? | C31: Sheet Ringkasan, sel C10 sampai C11 | D31: =SUMIF(Data!$D$2:$D$29;"Mobil";Data!$H$2:$H$29) =AVERAGEIF(Data!$D$2:$D$29;"Motor";Data!$N$2:$N$29)
... A33: 13 | B33: Berapa total bayar nota tertinggi dan terendah, dan siapa pelanggan pemilik nota tertinggi? | C33: Sheet Ringkasan, sel C14 sampai C16 | D33: =MAX(Data!$N$2:$N$29) =MIN(Data!$N$2:$N$29) =INDEX(Data!$C$2:$C$29;MATCH(MAX(Data!$N$2:$N$29);Data!$N$2:$N$29;0))

Sheet Data
A1: No Nota | B1: Tanggal | C1: Pelanggan | D1: Kendaraan | E1: Jenis Servis | F1: Mekanik | G1: Member | H1: Jam Kerja | I1: Suku Cadang | J1: Tarif Jasa per Jam | K1: Biaya Jasa | L1: Subtotal | M1: PPN | N1: Total Bayar | O1: Kategori Nota | Q1: Parameter | R1: Nilai | S1: Keterangan
A2: NOTA-001 | B2: 46296 | C2: Khoirul Saputra | D2: Motor | E2: Ganti Aki | F2: Joko | G2: Tidak | H2: 1.5 | I2: 65000 | J2: =IF(D2="Mobil",VLOOKUP(E2,Acuan!$A$2:$C$7,3,FALSE()),VLOOKUP(E2,Acuan!$A$2:$C$7,2,FALSE())) -> 40000 | K2: =ROUND(H2*J2*IF(G2="Ya",1-$R$2,1),0) -> 60000 | L2: =K2+I2 -> 125000 | M2: =ROUND(L2*$R$3,0) -> 13750 | N2: =L2+M2 -> 138750 | O2: =IF(N2>=1500000,"Besar",IF(N2>=500000,"Sedang","Kecil")) -> Kecil | Q2: Diskon member | R2: 0.1 | S2: Hanya untuk biaya jasa
A3: NOTA-002 | B3: 46296 | C3: Intan Sari | D3: Motor | E3: Servis Berkala | F3: Joko | G3: Tidak | H3: 2.5 | I3: 90000 | J3: =IF(D3="Mobil",VLOOKUP(E3,Acuan!$A$2:$C$7,3,FALSE()),VLOOKUP(E3,Acuan!$A$2:$C$7,2,FALSE())) -> 90000 | K3: =ROUND(H3*J3*IF(G3="Ya",1-$R$2,1),0) -> 225000 | L3: =K3+I3 -> 315000 | M3: =ROUND(L3*$R$3,0) -> 34650 | N3: =L3+M3 -> 349650 | O3: =IF(N3>=1500000,"Besar",IF(N3>=500000,"Sedang","Kecil")) -> Kecil | Q3: PPN | R3: 0.11
A4: NOTA-003 | B4: 46297 | C4: Edi Saputra | D4: Motor | E4: Servis Rem | F4: Hendra | G4: Tidak | H4: 1.5 | I4: 40000 | J4: =IF(D4="Mobil",VLOOKUP(E4,Acuan!$A$2:$C$7,3,FALSE()),VLOOKUP(E4,Acuan!$A$2:$C$7,2,FALSE())) -> 80000 | K4: =ROUND(H4*J4*IF(G4="Ya",1-$R$2,1),0) -> 120000 | L4: =K4+I4 -> 160000 | M4: =ROUND(L4*$R$3,0) -> 17600 | N4: =L4+M4 -> 177600 | O4: =IF(N4>=1500000,"Besar",IF(N4>=500000,"Sedang","Kecil")) -> Kecil
A5: NOTA-004 | B5: 46298 | C5: Khoirul Purnomo | D5: Mobil | E5: Ganti Aki | F5: Wawan | G5: Ya | H5: 1.5 | I5: 0 | J5: =IF(D5="Mobil",VLOOKUP(E5,Acuan!$A$2:$C$7,3,FALSE()),VLOOKUP(E5,Acuan!$A$2:$C$7,2,FALSE())) -> 60000 | K5: =ROUND(H5*J5*IF(G5="Ya",1-$R$2,1),0) -> 81000 | L5: =K5+I5 -> 81000 | M5: =ROUND(L5*$R$3,0) -> 8910 | N5: =L5+M5 -> 89910 | O5: =IF(N5>=1500000,"Besar",IF(N5>=500000,"Sedang","Kecil")) -> Kecil
A6: NOTA-005 | B6: 46299 | C6: Dimas Wijaya | D6: Mobil | E6: Ganti Oli | F6: Wawan | G6: Tidak | H6: 1 | I6: 1400000 | J6: =IF(D6="Mobil",VLOOKUP(E6,Acuan!$A$2:$C$7,3,FALSE()),VLOOKUP(E6,Acuan!$A$2:$C$7,2,FALSE())) -> 80000 | K6: =ROUND(H6*J6*IF(G6="Ya",1-$R$2,1),0) -> 80000 | L6: =K6+I6 -> 1480000 | M6: =ROUND(L6*$R$3,0) -> 162800 | N6: =L6+M6 -> 1642800 | O6: =IF(N6>=1500000,"Besar",IF(N6>=500000,"Sedang","Kecil")) -> Besar
A7: NOTA-006 | B7: 46299 | C7: Wahyu Purnomo | D7: Motor | E7: Servis Berkala | F7: Joko | G7: Ya | H7: 2.5 | I7: 300000 | J7: =IF(D7="Mobil",VLOOKUP(E7,Acuan!$A$2:$C$7,3,FALSE()),VLOOKUP(E7,Acuan!$A$2:$C$7,2,FALSE())) -> 90000 | K7: =ROUND(H7*J7*IF(G7="Ya",1-$R$2,1),0) -> 202500 | L7: =K7+I7 -> 502500 | M7: =ROUND(L7*$R$3,0) -> 55275 | N7: =L7+M7 -> 557775 | O7: =IF(N7>=1500000,"Besar",IF(N7>=500000,"Sedang","Kecil")) -> Sedang
A8: NOTA-007 | B8: 46299 | C8: Maman Rahayu | D8: Mobil | E8: Servis Berkala | F8: Joko | G8: Tidak | H8: 1.5 | I8: 85000 | J8: =IF(D8="Mobil",VLOOKUP(E8,Acuan!$A$2:$C$7,3,FALSE()),VLOOKUP(E8,Acuan!$A$2:$C$7,2,FALSE())) -> 150000 | K8: =ROUND(H8*J8*IF(G8="Ya",1-$R$2,1),0) -> 225000 | L8: =K8+I8 -> 310000 | M8: =ROUND(L8*$R$3,0) -> 34100 | N8: =L8+M8 -> 344100 | O8: =IF(N8>=1500000,"Besar",IF(N8>=500000,"Sedang","Kecil")) -> Kecil
A9: NOTA-008 | B9: 46300 | C9: Putri Hartono | D9: Motor | E9: Ganti Oli | F9: Wawan | G9: Tidak | H9: 1 | I9: 0 | J9: =IF(D9="Mobil",VLOOKUP(E9,Acuan!$A$2:$C$7,3,FALSE()),VLOOKUP(E9,Acuan!$A$2:$C$7,2,FALSE())) -> 50000 | K9: =ROUND(H9*J9*IF(G9="Ya",1-$R$2,1),0) -> 50000 | L9: =K9+I9 -> 50000 | M9: =ROUND(L9*$R$3,0) -> 5500 | N9: =L9+M9 -> 55500 | O9: =IF(N9>=1500000,"Besar",IF(N9>=500000,"Sedang","Kecil")) -> Kecil
A10: NOTA-009 | B10: 46300 | C10: Hadi Permana | D10: Motor | E10: Ganti Oli | F10: Budi | G10: Ya | H10: 0.5 | I10: 25000 | J10: =IF(D10="Mobil",VLOOKUP(E10,Acuan!$A$2:$C$7,3,FALSE()),VLOOKUP(E10,Acuan!$A$2:$C$7,2,FALSE())) -> 50000 | K10: =ROUND(H10*J10*IF(G10="Ya",1-$R$2,1),0) -> 22500 | L10: =K10+I10 -> 47500 | M10: =ROUND(L10*$R$3,0) -> 5225 | N10: =L10+M10 -> 52725 | O10: =IF(N10>=1500000,"Besar",IF(N10>=500000,"Sedang","Kecil")) -> Kecil
A11: NOTA-010 | B11: 46301 | C11: Farida Maharani | D11: Mobil | E11: Tune Up | F11: Joko | G11: Tidak | H11: 2 | I11: 1400000 | J11: =IF(D11="Mobil",VLOOKUP(E11,Acuan!$A$2:$C$7,3,FALSE()),VLOOKUP(E11,Acuan!$A$2:$C$7,2,FALSE())) -> 180000 | K11: =ROUND(H11*J11*IF(G11="Ya",1-$R$2,1),0) -> 360000 | L11: =K11+I11 -> 1760000 | M11: =ROUND(L11*$R$3,0) -> 193600 | N11: =L11+M11 -> 1953600 | O11: =IF(N11>=1500000,"Besar",IF(N11>=500000,"Sedang","Kecil")) -> Besar
A12: NOTA-011 | B12: 46301 | C12: Nurul Lestari | D12: Mobil | E12: Servis Rem | F12: Wawan | G12: Ya | H12: 2.5 | I12: 1400000 | J12: =IF(D12="Mobil",VLOOKUP(E12,Acuan!$A$2:$C$7,3,FALSE()),VLOOKUP(E12,Acuan!$A$2:$C$7,2,FALSE())) -> 130000 | K12: =ROUND(H12*J12*IF(G12="Ya",1-$R$2,1),0) -> 292500 | L12: =K12+I12 -> 1692500 | M12: =ROUND(L12*$R$3,0) -> 186175 | N12: =L12+M12 -> 1878675 | O12: =IF(N12>=1500000,"Besar",IF(N12>=500000,"Sedang","Kecil")) -> Besar
A13: NOTA-012 | B13: 46302 | C13: Sari Rahayu | D13: Mobil | E13: Servis Rem | F13: Joko | G13: Ya | H13: 3 | I13: 35000 | J13: =IF(D13="Mobil",VLOOKUP(E13,Acuan!$A$2:$C$7,3,FALSE()),VLOOKUP(E13,Acuan!$A$2:$C$7,2,FALSE())) -> 130000 | K13: =ROUND(H13*J13*IF(G13="Ya",1-$R$2,1),0) -> 351000 | L13: =K13+I13 -> 386000 | M13: =ROUND(L13*$R$3,0) -> 42460 | N13: =L13+M13 -> 428460 | O13: =IF(N13>=1500000,"Besar",IF(N13>=500000,"Sedang","Kecil")) -> Kecil
A14: NOTA-013 | B14: 46302 | C14: Rahmat Wibowo | D14: Motor | E14: Ganti Aki | F14: Hendra | G14: Tidak | H14: 1.5 | I14: 300000 | J14: =IF(D14="Mobil",VLOOKUP(E14,Acuan!$A$2:$C$7,3,FALSE()),VLOOKUP(E14,Acuan!$A$2:$C$7,2,FALSE())) -> 40000 | K14: =ROUND(H14*J14*IF(G14="Ya",1-$R$2,1),0) -> 60000 | L14: =K14+I14 -> 360000 | M14: =ROUND(L14*$R$3,0) -> 39600 | N14: =L14+M14 -> 399600 | O14: =IF(N14>=1500000,"Besar",IF(N14>=500000,"Sedang","Kecil")) -> Kecil
A15: NOTA-014 | B15: 46302 | C15: Farida Utomo | D15: Mobil | E15: Ganti Ban | F15: Joko | G15: Tidak | H15: 1.5 | I15: 450000 | J15: =IF(D15="Mobil",VLOOKUP(E15,Acuan!$A$2:$C$7,3,FALSE()),VLOOKUP(E15,Acuan!$A$2:$C$7,2,FALSE())) -> 60000 | K15: =ROUND(H15*J15*IF(G15="Ya",1-$R$2,1),0) -> 90000 | L15: =K15+I15 -> 540000 | M15: =ROUND(L15*$R$3,0) -> 59400 | N15: =L15+M15 -> 599400 | O15: =IF(N15>=1500000,"Besar",IF(N15>=500000,"Sedang","Kecil")) -> Sedang
... A29: NOTA-028 | B29: 46307 | C29: Bambang Pangestu | D29: Motor | E29: Ganti Oli | F29: Joko | G29: Ya | H29: 0.5 | I29: 180000 | J29: =IF(D29="Mobil",VLOOKUP(E29,Acuan!$A$2:$C$7,3,FALSE()),VLOOKUP(E29,Acuan!$A$2:$C$7,2,FALSE())) -> 50000 | K29: =ROUND(H29*J29*IF(G29="Ya",1-$R$2,1),0) -> 22500 | L29: =K29+I29 -> 202500 | M29: =ROUND(L29*$R$3,0) -> 22275 | N29: =L29+M29 -> 224775 | O29: =IF(N29>=1500000,"Besar",IF(N29>=500000,"Sedang","Kecil")) -> Kecil

Sheet Acuan
A1: Jenis Servis | B1: Tarif Motor | C1: Tarif Mobil | D1: Jumlah Nota | E1: Total Pendapatan
A2: Ganti Oli | B2: 50000 | C2: 80000 | D2: =COUNTIF(Data!$E$2:$E$29,A2) -> 6 | E2: =SUMIF(Data!$E$2:$E$29,A2,Data!$N$2:$N$29) -> 3962700
A3: Servis Berkala | B3: 90000 | C3: 150000 | D3: =COUNTIF(Data!$E$2:$E$29,A3) -> 4 | E3: =SUMIF(Data!$E$2:$E$29,A3,Data!$N$2:$N$29) -> 1429125
A4: Tune Up | B4: 100000 | C4: 180000 | D4: =COUNTIF(Data!$E$2:$E$29,A4) -> 4 | E4: =SUMIF(Data!$E$2:$E$29,A4,Data!$N$2:$N$29) -> 4175820
A5: Servis Rem | B5: 80000 | C5: 130000 | D5: =COUNTIF(Data!$E$2:$E$29,A5) -> 5 | E5: =SUMIF(Data!$E$2:$E$29,A5,Data!$N$2:$N$29) -> 4294035
A6: Ganti Aki | B6: 40000 | C6: 60000 | D6: =COUNTIF(Data!$E$2:$E$29,A6) -> 4 | E6: =SUMIF(Data!$E$2:$E$29,A6,Data!$N$2:$N$29) -> 727050
A7: Ganti Ban | B7: 40000 | C7: 60000 | D7: =COUNTIF(Data!$E$2:$E$29,A7) -> 5 | E7: =SUMIF(Data!$E$2:$E$29,A7,Data!$N$2:$N$29) -> 1716060

Sheet Ringkasan
A1: Ringkasan: lembar jawaban soal berjenis ringkasan
A2: Sel hijau berisi rumus kunci.
A3: No | B3: Pertanyaan | C3: Jawaban | D3: Contoh format hasil
A4: 9a | B4: Total biaya jasa | C4: =SUM(Data!$K$2:$K$29) -> 3729000 | D4: Rupiah, mis. Rp 5.000.000
A5: 9b | B5: Total suku cadang | C5: =SUM(Data!$I$2:$I$29) -> 10960000 | D5: Rupiah, mis. Rp 6.000.000
A6: 9c | B6: Total PPN | C6: =SUM(Data!$M$2:$M$29) -> 1615790 | D6: Rupiah, mis. Rp 1.200.000
A7: 9d | B7: Total bayar seluruh nota | C7: =SUM(Data!$N$2:$N$29) -> 16304790 | D7: Rupiah, mis. Rp 12.000.000
A8: 10a | B8: Jenis servis paling banyak | C8: =INDEX(Acuan!$A$2:$A$7,MATCH(MAX(Acuan!$D$2:$D$7),Acuan!$D$2:$D$7,0)) -> Ganti Oli | D8: Teks: jenis servis
A9: 10b | B9: Jenis servis dengan pendapatan terbesar | C9: =INDEX(Acuan!$A$2:$A$7,MATCH(MAX(Acuan!$E$2:$E$7),Acuan!$E$2:$E$7,0)) -> Servis Rem | D9: Teks: jenis servis
A10: 11a | B10: Total jam kerja mobil | C10: =SUMIF(Data!$D$2:$D$29,"Mobil",Data!$H$2:$H$29) -> 21 | D10: Angka desimal, mis. 25,5
A11: 11b | B11: Rata-rata total bayar nota motor | C11: =AVERAGEIF(Data!$D$2:$D$29,"Motor",Data!$N$2:$N$29) -> 240759 | D11: Rupiah, mis. Rp 350.000
A12: 12a | B12: Total bayar nota mekanik Budi | C12: =SUMIF(Data!$F$2:$F$29,"Budi",Data!$N$2:$N$29) -> 1207125 | D12: Rupiah, mis. Rp 2.500.000
A13: 12b | B13: Nota Besar milik member | C13: =COUNTIFS(Data!$O$2:$O$29,"Besar",Data!$G$2:$G$29,"Ya") -> 1 | D13: Angka bulat, mis. 2
A14: 13a | B14: Total bayar nota tertinggi | C14: =MAX(Data!$N$2:$N$29) -> 1953600 | D14: Rupiah, mis. Rp 3.000.000
A15: 13b | B15: Total bayar nota terendah | C15: =MIN(Data!$N$2:$N$29) -> 22200 | D15: Rupiah, mis. Rp 60.000
A16: 13c | B16: Pelanggan pemilik nota tertinggi | C16: =INDEX(Data!$C$2:$C$29,MATCH(MAX(Data!$N$2:$N$29),Data!$N$2:$N$29,0)) -> Farida Maharani | D16: Teks: nama pelanggan
