Workbook

Sheet Petunjuk
A1: Kunci Jawaban: Registrasi Peserta Kursus dan Pendapatan Program
A2: Latihan 30 dari 56 | Tingkat: Menengah | Perkiraan waktu: 50 menit | pushexcel.github.io/Pushexcel
A4: Skenario
A5: Kamu admin Lembaga Kursus Cerdas Mandiri. Ada 35 peserta yang mendaftar pada Agustus sampai Oktober 2026. Kode registrasi memakai pola KRS-PROGRAM-TAHUNBULAN-NOMOR, misalnya KRS-EXC-2610-007 berarti program EXC, tahun 26 bulan 10, nomor urut 007. Biaya tiap program ada di sheet Acuan. Peserta yang membayar Lunas mendapat diskon 10 persen dari biaya program.
A7: Cara memakai kunci
A8: 1. | B8: Sel hijau berisi rumus kunci yang sudah dihitung. Klik sel untuk melihat rumusnya.
A9: 2. | B9: Kolom Rumus kunci di bawah menampilkan rumus untuk baris pertama atau tiap sel jawaban.
A10: 3. | B10: Rumus ditulis dengan titik koma (;). Ganti dengan koma (,) bila Excel kamu berbahasa Inggris.
A11: 4. | B11: Jawaban lain yang benar secara logika juga boleh, selama hasilnya sama.
A13: Arti warna
B14: Judul kolom data yang sudah diberikan
B15: Judul kolom hasil hitung
B16: Sel berisi rumus kunci
B17: Angka berwarna biru pada blok Parameter = nilai tetap yang boleh dirujuk
A19: Daftar soal
A20: No | B20: Soal | C20: Jawab di | D20: Rumus kunci
A21: 1 | B21: Ambil kode program dari Kode Registrasi, yaitu teks di antara tanda hubung pertama dan kedua. | C21: Sheet Data, kolom D (Kode Program), baris 2 sampai 36 | D21: =MID(A2;5;FIND("-";A2;5)-5)
A22: 2 | B22: Ambil nomor bulan pendaftaran dari Kode Registrasi (dua digit setelah tahun) sebagai angka. | C22: Sheet Data, kolom E (Bulan Daftar), baris 2 sampai 36 | D22: =VALUE(MID(A2;11;2))
A23: 3 | B23: Ambil nomor urut registrasi, tiga karakter terakhir kode, sebagai angka. | C23: Sheet Data, kolom F (Nomor Urut), baris 2 sampai 36 | D23: =VALUE(RIGHT(A2;3))
A24: 4 | B24: Ambil nama program dari sheet Acuan berdasarkan Kode Program. | C24: Sheet Data, kolom G (Nama Program), baris 2 sampai 36 | D24: =VLOOKUP(D2;Acuan!$A$2:$C$5;2;FALSE)
A25: 5 | B25: Ambil biaya program dari sheet Acuan berdasarkan Kode Program. | C25: Sheet Data, kolom H (Biaya Program), baris 2 sampai 36 | D25: =VLOOKUP(D2;Acuan!$A$2:$C$5;3;FALSE)
A26: 6 | B26: Hitung diskon: peserta yang Metode Bayar-nya Lunas mendapat diskon dari biaya program, dibulatkan ke rupiah. Selain itu 0. | C26: Sheet Data, kolom I (Diskon), baris 2 sampai 36 | D26: =IF(C2="Lunas";ROUND(H2*$M$2;0);0)
A27: 7 | B27: Hitung total bayar: biaya program dikurangi diskon. | C27: Sheet Data, kolom J (Total Bayar), baris 2 sampai 36 | D27: =H2-I2
A28: 8 | B28: Pada sheet Acuan, hitung jumlah peserta tiap program. | C28: Sheet Acuan, kolom D (Jumlah Peserta), baris 2 sampai 5 | D28: =COUNTIF(Data!$D$2:$D$36;A2)
A29: 9 | B29: Pada sheet Acuan, hitung total pendapatan (Total Bayar) tiap program. | C29: Sheet Acuan, kolom E (Total Pendapatan), baris 2 sampai 5 | D29: =SUMIF(Data!$D$2:$D$36;A2;Data!$J$2:$J$36)
A30: 10 | B30: Berapa jumlah peserta, total pendapatan, dan total diskon yang diberikan? | C30: Sheet Ringkasan, sel C4 sampai C6 | D30: =COUNTA(Data!$B$2:$B$36) =SUM(Data!$J$2:$J$36) =SUM(Data!$I$2:$I$36)
A31: 11 | B31: Berapa peserta yang membayar Lunas, dan berapa peserta Excel (kode EXC) yang mendaftar pada bulan 10? | C31: Sheet Ringkasan, sel C7 sampai C8 | D31: =COUNTIF(Data!$C$2:$C$36;"Lunas") =COUNTIFS(Data!$D$2:$D$36;"EXC";Data!$E$2:$E$36;10)
... A33: 13 | B33: Berapa rata-rata total bayar semua peserta, dan berapa rata-rata total bayar peserta yang Cicilan? | C33: Sheet Ringkasan, sel C11 sampai C12 | D33: =AVERAGE(Data!$J$2:$J$36) =AVERAGEIF(Data!$C$2:$C$36;"Cicilan";Data!$J$2:$J$36)

Sheet Data
A1: Kode Registrasi | B1: Nama Peserta | C1: Metode Bayar | D1: Kode Program | E1: Bulan Daftar | F1: Nomor Urut | G1: Nama Program | H1: Biaya Program | I1: Diskon | J1: Total Bayar | L1: Parameter | M1: Nilai | N1: Keterangan
A2: KRS-WRD-2608-001 | B2: Umar Suryani | C2: Lunas | D2: =MID(A2,5,FIND("-",A2,5)-5) -> WRD | E2: =VALUE(MID(A2,11,2)) -> 8 | F2: =VALUE(RIGHT(A2,3)) -> 1 | G2: =VLOOKUP(D2,Acuan!$A$2:$C$5,2,FALSE()) -> Microsoft Word Profesional | H2: =VLOOKUP(D2,Acuan!$A$2:$C$5,3,FALSE()) -> 450000 | I2: =IF(C2="Lunas",ROUND(H2*$M$2,0),0) -> 45000 | J2: =H2-I2 -> 405000 | L2: Diskon bayar lunas | M2: 0.1 | N2: Dihitung dari biaya program
A3: KRS-WRD-2608-002 | B3: Galih Hidayat | C3: Lunas | D3: =MID(A3,5,FIND("-",A3,5)-5) -> WRD | E3: =VALUE(MID(A3,11,2)) -> 8 | F3: =VALUE(RIGHT(A3,3)) -> 2 | G3: =VLOOKUP(D3,Acuan!$A$2:$C$5,2,FALSE()) -> Microsoft Word Profesional | H3: =VLOOKUP(D3,Acuan!$A$2:$C$5,3,FALSE()) -> 450000 | I3: =IF(C3="Lunas",ROUND(H3*$M$2,0),0) -> 45000 | J3: =H3-I3 -> 405000
A4: KRS-WRD-2608-003 | B4: Zainal Amalia | C4: Cicilan | D4: =MID(A4,5,FIND("-",A4,5)-5) -> WRD | E4: =VALUE(MID(A4,11,2)) -> 8 | F4: =VALUE(RIGHT(A4,3)) -> 3 | G4: =VLOOKUP(D4,Acuan!$A$2:$C$5,2,FALSE()) -> Microsoft Word Profesional | H4: =VLOOKUP(D4,Acuan!$A$2:$C$5,3,FALSE()) -> 450000 | I4: =IF(C4="Lunas",ROUND(H4*$M$2,0),0) -> 0 | J4: =H4-I4 -> 450000
A5: KRS-ACC-2608-004 | B5: Rahmat Rahayu | C5: Cicilan | D5: =MID(A5,5,FIND("-",A5,5)-5) -> ACC | E5: =VALUE(MID(A5,11,2)) -> 8 | F5: =VALUE(RIGHT(A5,3)) -> 4 | G5: =VLOOKUP(D5,Acuan!$A$2:$C$5,2,FALSE()) -> Dasar Akuntansi Praktis | H5: =VLOOKUP(D5,Acuan!$A$2:$C$5,3,FALSE()) -> 850000 | I5: =IF(C5="Lunas",ROUND(H5*$M$2,0),0) -> 0 | J5: =H5-I5 -> 850000
A6: KRS-DSN-2608-005 | B6: Zainal Utomo | C6: Lunas | D6: =MID(A6,5,FIND("-",A6,5)-5) -> DSN | E6: =VALUE(MID(A6,11,2)) -> 8 | F6: =VALUE(RIGHT(A6,3)) -> 5 | G6: =VLOOKUP(D6,Acuan!$A$2:$C$5,2,FALSE()) -> Desain Grafis Pemula | H6: =VLOOKUP(D6,Acuan!$A$2:$C$5,3,FALSE()) -> 750000 | I6: =IF(C6="Lunas",ROUND(H6*$M$2,0),0) -> 75000 | J6: =H6-I6 -> 675000
A7: KRS-EXC-2608-006 | B7: Yuni Anggraini | C7: Lunas | D7: =MID(A7,5,FIND("-",A7,5)-5) -> EXC | E7: =VALUE(MID(A7,11,2)) -> 8 | F7: =VALUE(RIGHT(A7,3)) -> 6 | G7: =VLOOKUP(D7,Acuan!$A$2:$C$5,2,FALSE()) -> Excel untuk Administrasi | H7: =VLOOKUP(D7,Acuan!$A$2:$C$5,3,FALSE()) -> 650000 | I7: =IF(C7="Lunas",ROUND(H7*$M$2,0),0) -> 65000 | J7: =H7-I7 -> 585000
A8: KRS-EXC-2608-007 | B8: Umar Handayani | C8: Cicilan | D8: =MID(A8,5,FIND("-",A8,5)-5) -> EXC | E8: =VALUE(MID(A8,11,2)) -> 8 | F8: =VALUE(RIGHT(A8,3)) -> 7 | G8: =VLOOKUP(D8,Acuan!$A$2:$C$5,2,FALSE()) -> Excel untuk Administrasi | H8: =VLOOKUP(D8,Acuan!$A$2:$C$5,3,FALSE()) -> 650000 | I8: =IF(C8="Lunas",ROUND(H8*$M$2,0),0) -> 0 | J8: =H8-I8 -> 650000
A9: KRS-WRD-2608-008 | B9: Bayu Purnomo | C9: Cicilan | D9: =MID(A9,5,FIND("-",A9,5)-5) -> WRD | E9: =VALUE(MID(A9,11,2)) -> 8 | F9: =VALUE(RIGHT(A9,3)) -> 8 | G9: =VLOOKUP(D9,Acuan!$A$2:$C$5,2,FALSE()) -> Microsoft Word Profesional | H9: =VLOOKUP(D9,Acuan!$A$2:$C$5,3,FALSE()) -> 450000 | I9: =IF(C9="Lunas",ROUND(H9*$M$2,0),0) -> 0 | J9: =H9-I9 -> 450000
A10: KRS-ACC-2608-009 | B10: Tika Wibowo | C10: Lunas | D10: =MID(A10,5,FIND("-",A10,5)-5) -> ACC | E10: =VALUE(MID(A10,11,2)) -> 8 | F10: =VALUE(RIGHT(A10,3)) -> 9 | G10: =VLOOKUP(D10,Acuan!$A$2:$C$5,2,FALSE()) -> Dasar Akuntansi Praktis | H10: =VLOOKUP(D10,Acuan!$A$2:$C$5,3,FALSE()) -> 850000 | I10: =IF(C10="Lunas",ROUND(H10*$M$2,0),0) -> 85000 | J10: =H10-I10 -> 765000
A11: KRS-EXC-2609-010 | B11: Nurul Putra | C11: Cicilan | D11: =MID(A11,5,FIND("-",A11,5)-5) -> EXC | E11: =VALUE(MID(A11,11,2)) -> 9 | F11: =VALUE(RIGHT(A11,3)) -> 10 | G11: =VLOOKUP(D11,Acuan!$A$2:$C$5,2,FALSE()) -> Excel untuk Administrasi | H11: =VLOOKUP(D11,Acuan!$A$2:$C$5,3,FALSE()) -> 650000 | I11: =IF(C11="Lunas",ROUND(H11*$M$2,0),0) -> 0 | J11: =H11-I11 -> 650000
A12: KRS-DSN-2609-011 | B12: Fitri Purnomo | C12: Cicilan | D12: =MID(A12,5,FIND("-",A12,5)-5) -> DSN | E12: =VALUE(MID(A12,11,2)) -> 9 | F12: =VALUE(RIGHT(A12,3)) -> 11 | G12: =VLOOKUP(D12,Acuan!$A$2:$C$5,2,FALSE()) -> Desain Grafis Pemula | H12: =VLOOKUP(D12,Acuan!$A$2:$C$5,3,FALSE()) -> 750000 | I12: =IF(C12="Lunas",ROUND(H12*$M$2,0),0) -> 0 | J12: =H12-I12 -> 750000
A13: KRS-EXC-2609-012 | B13: Utami Pratama | C13: Cicilan | D13: =MID(A13,5,FIND("-",A13,5)-5) -> EXC | E13: =VALUE(MID(A13,11,2)) -> 9 | F13: =VALUE(RIGHT(A13,3)) -> 12 | G13: =VLOOKUP(D13,Acuan!$A$2:$C$5,2,FALSE()) -> Excel untuk Administrasi | H13: =VLOOKUP(D13,Acuan!$A$2:$C$5,3,FALSE()) -> 650000 | I13: =IF(C13="Lunas",ROUND(H13*$M$2,0),0) -> 0 | J13: =H13-I13 -> 650000
A14: KRS-ACC-2609-013 | B14: Andi Utomo | C14: Lunas | D14: =MID(A14,5,FIND("-",A14,5)-5) -> ACC | E14: =VALUE(MID(A14,11,2)) -> 9 | F14: =VALUE(RIGHT(A14,3)) -> 13 | G14: =VLOOKUP(D14,Acuan!$A$2:$C$5,2,FALSE()) -> Dasar Akuntansi Praktis | H14: =VLOOKUP(D14,Acuan!$A$2:$C$5,3,FALSE()) -> 850000 | I14: =IF(C14="Lunas",ROUND(H14*$M$2,0),0) -> 85000 | J14: =H14-I14 -> 765000
... A36: KRS-WRD-2610-035 | B36: Sari Setiawan | C36: Cicilan | D36: =MID(A36,5,FIND("-",A36,5)-5) -> WRD | E36: =VALUE(MID(A36,11,2)) -> 10 | F36: =VALUE(RIGHT(A36,3)) -> 35 | G36: =VLOOKUP(D36,Acuan!$A$2:$C$5,2,FALSE()) -> Microsoft Word Profesional | H36: =VLOOKUP(D36,Acuan!$A$2:$C$5,3,FALSE()) -> 450000 | I36: =IF(C36="Lunas",ROUND(H36*$M$2,0),0) -> 0 | J36: =H36-I36 -> 450000

Sheet Acuan
A1: Kode Program | B1: Nama Program | C1: Biaya Program | D1: Jumlah Peserta | E1: Total Pendapatan
A2: EXC | B2: Excel untuk Administrasi | C2: 650000 | D2: =COUNTIF(Data!$D$2:$D$36,A2) -> 19 | E2: =SUMIF(Data!$D$2:$D$36,A2,Data!$J$2:$J$36) -> 11895000
A3: WRD | B3: Microsoft Word Profesional | C3: 450000 | D3: =COUNTIF(Data!$D$2:$D$36,A3) -> 7 | E3: =SUMIF(Data!$D$2:$D$36,A3,Data!$J$2:$J$36) -> 3015000
A4: ACC | B4: Dasar Akuntansi Praktis | C4: 850000 | D4: =COUNTIF(Data!$D$2:$D$36,A4) -> 6 | E4: =SUMIF(Data!$D$2:$D$36,A4,Data!$J$2:$J$36) -> 4760000
A5: DSN | B5: Desain Grafis Pemula | C5: 750000 | D5: =COUNTIF(Data!$D$2:$D$36,A5) -> 3 | E5: =SUMIF(Data!$D$2:$D$36,A5,Data!$J$2:$J$36) -> 2175000

Sheet Ringkasan
A1: Ringkasan: lembar jawaban soal berjenis ringkasan
A2: Sel hijau berisi rumus kunci.
A3: No | B3: Pertanyaan | C3: Jawaban | D3: Contoh format hasil
A4: 10a | B4: Jumlah peserta | C4: =COUNTA(Data!$B$2:$B$36) -> 35 | D4: Angka bulat, mis. 40
A5: 10b | B5: Total pendapatan | C5: =SUM(Data!$J$2:$J$36) -> 21845000 | D5: Rupiah, mis. Rp 20.000.000
A6: 10c | B6: Total diskon | C6: =SUM(Data!$I$2:$I$36) -> 1005000 | D6: Rupiah, mis. Rp 2.000.000
A7: 11a | B7: Jumlah peserta Lunas | C7: =COUNTIF(Data!$C$2:$C$36,"Lunas") -> 15 | D7: Angka bulat, mis. 14
A8: 11b | B8: Peserta EXC yang mendaftar pada bulan 10 | C8: =COUNTIFS(Data!$D$2:$D$36,"EXC",Data!$E$2:$E$36,10) -> 8 | D8: Angka bulat, mis. 6
A9: 12a | B9: Program paling diminati | C9: =INDEX(Acuan!$B$2:$B$5,MATCH(MAX(Acuan!$D$2:$D$5),Acuan!$D$2:$D$5,0)) -> Excel untuk Administrasi | D9: Teks: nama program
A10: 12b | B10: Program dengan pendapatan terbesar | C10: =INDEX(Acuan!$B$2:$B$5,MATCH(MAX(Acuan!$E$2:$E$5),Acuan!$E$2:$E$5,0)) -> Excel untuk Administrasi | D10: Teks: nama program
A11: 13a | B11: Rata-rata total bayar semua peserta | C11: =AVERAGE(Data!$J$2:$J$36) -> 624142.86 | D11: Rupiah, mis. Rp 600.000
A12: 13b | B12: Rata-rata total bayar peserta Cicilan | C12: =AVERAGEIF(Data!$C$2:$C$36,"Cicilan",Data!$J$2:$J$36) -> 640000 | D12: Rupiah, mis. Rp 650.000
