Workbook

Sheet Petunjuk
A1: Kunci Jawaban: Kontrak Sewa Kendaraan Bulanan
A2: Latihan 96 dari 40 | Tingkat: Lanjutan | Perkiraan waktu: 65 menit | pushexcel.github.io/Pushexcel
A4: Skenario
A5: Kamu staf administrasi Rental Kencana Motor yang mengelola 30 kontrak sewa kendaraan bulanan. Tiap kontrak punya penyewa, jenis kendaraan, tanggal mulai, dan durasi (bulan). Tarif per bulan diambil dari tabel jenis kendaraan di sheet Acuan. Tanggal akhir adalah satu hari sebelum tanggal yang sama pada bulan ke-durasi berikutnya (EDATE dikurangi 1 hari). Kontrak berdurasi 12 bulan atau lebih mendapat diskon 10 persen dari total (batas durasi dan persen diskon ada di blok Parameter). Tanggal acuan adalah 15 Oktober 2026. Status: Belum Mulai bila tanggal mulai setelah tanggal acuan, Habis bila tanggal akhir sebelum tanggal acuan, selain itu Aktif. Sisa bulan hanya dihitung untuk kontrak Aktif.
A7: Cara memakai kunci
A8: 1. | B8: Sel hijau berisi rumus kunci yang sudah dihitung. Klik sel untuk melihat rumusnya.
A9: 2. | B9: Kolom Rumus kunci di bawah menampilkan rumus untuk baris pertama atau tiap sel jawaban.
A10: 3. | B10: Rumus ditulis dengan titik koma (;). Ganti dengan koma (,) bila Excel kamu berbahasa Inggris.
A11: 4. | B11: Jawaban lain yang benar secara logika juga boleh, selama hasilnya sama.
A13: Arti warna
B14: Judul kolom data yang sudah diberikan
B15: Judul kolom hasil hitung
B16: Sel berisi rumus kunci
B17: Angka berwarna biru pada blok Parameter = nilai tetap yang boleh dirujuk
A19: Daftar soal
A20: No | B20: Soal | C20: Jawab di | D20: Rumus kunci
A21: 1 | B21: Ambil tarif per bulan tiap kontrak dari tabel jenis kendaraan di sheet Acuan, dengan pencocokan persis. | C21: Sheet Data, kolom F (Tarif per Bulan), baris 2 sampai 31 | D21: =VLOOKUP(C2;Acuan!$A$2:$B$6;2;FALSE)
A22: 2 | B22: Hitung tanggal akhir kontrak: tanggal mulai ditambah durasi bulan dengan EDATE, lalu dikurangi 1 hari. | C22: Sheet Data, kolom G (Tanggal Akhir), baris 2 sampai 31 | D22: =EDATE(D2;E2)-1
A23: 3 | B23: Hitung total sewa: tarif per bulan dikali durasi, dikurangi diskon bila durasi mencapai durasi minimal diskon. Bulatkan ke rupiah. | C23: Sheet Data, kolom H (Total Sewa), baris 2 sampai 31 | D23: =ROUND(F2*E2*(1-IF(E2>=$M$3;$M$4;0));0)
A24: 4 | B24: Beri status: Belum Mulai bila tanggal mulai setelah tanggal acuan, Habis bila tanggal akhir sebelum tanggal acuan, selain itu Aktif. | C24: Sheet Data, kolom I (Status), baris 2 sampai 31 | D24: =IF(D2>$M$2;"Belum Mulai";IF(G2<$M$2;"Habis";"Aktif"))
A25: 5 | B25: Hitung sisa bulan penuh dari tanggal acuan sampai tanggal akhir, hanya untuk kontrak Aktif. Kontrak lain isi 0. | C25: Sheet Data, kolom J (Sisa Bulan), baris 2 sampai 31 | D25: =IF(I2="Aktif";DATEDIF($M$2;G2;"M");0)
A26: 6 | B26: Pada sheet Acuan, hitung jumlah kontrak tiap jenis kendaraan. | C26: Sheet Acuan, kolom C (Jumlah Kontrak), baris 2 sampai 6 | D26: =COUNTIF(Data!$C$2:$C$31;A2)
A27: 7 | B27: Pada sheet Acuan, hitung total sewa tiap jenis kendaraan. | C27: Sheet Acuan, kolom D (Total Sewa Jenis), baris 2 sampai 6 | D27: =SUMIF(Data!$C$2:$C$31;A2;Data!$H$2:$H$31)
A28: 8 | B28: Pada sheet Acuan, hitung jumlah kontrak berstatus Aktif tiap jenis kendaraan. | C28: Sheet Acuan, kolom E (Kontrak Aktif), baris 2 sampai 6 | D28: =COUNTIFS(Data!$C$2:$C$31;A2;Data!$I$2:$I$31;"Aktif")
A29: 9 | B29: Berapa total sewa seluruh kontrak, dan berapa rata-rata durasi kontrak (bulan)? | C29: Sheet Ringkasan, sel C4 sampai C5 | D29: =SUM(Data!$H$2:$H$31) =AVERAGE(Data!$E$2:$E$31)
A30: 10 | B30: Berapa kontrak yang Aktif, Habis, dan Belum Mulai? | C30: Sheet Ringkasan, sel C6 sampai C8 | D30: =COUNTIF(Data!$I$2:$I$31;"Aktif") =COUNTIF(Data!$I$2:$I$31;"Habis") =COUNTIF(Data!$I$2:$I$31;"Belum Mulai")
A31: 11 | B31: Siapa penyewa dengan total sewa terbesar, dan siapa penyewa dengan tanggal akhir kontrak paling akhir? | C31: Sheet Ringkasan, sel C9 sampai C10 | D31: =INDEX(Data!$B$2:$B$31;MATCH(MAX(Data!$H$2:$H$31);Data!$H$2:$H$31;0)) =INDEX(Data!$B$2:$B$31;MATCH(MAX(Data!$G$2:$G$31);Data!$G$2:$G$31;0))
... A34: 14 | B34: Kapan tanggal mulai kontrak paling awal dan tanggal akhir kontrak paling akhir, dan berapa kontrak yang mendapat diskon (durasi 12 bulan atau lebih)? | C34: Sheet Ringkasan, sel C15 sampai C17 | D34: =MIN(Data!$D$2:$D$31) =MAX(Data!$G$2:$G$31) =COUNTIF(Data!$E$2:$E$31;">=12")

Sheet Data
A1: No Kontrak | B1: Penyewa | C1: Jenis Kendaraan | D1: Tanggal Mulai | E1: Durasi (Bulan) | F1: Tarif per Bulan | G1: Tanggal Akhir | H1: Total Sewa | I1: Status | J1: Sisa Bulan | L1: Parameter | M1: Nilai | N1: Keterangan
A2: KTR-001 | B2: Jihan Lestari | C2: Pickup Bak | D2: 45668 | E2: 1 | F2: =VLOOKUP(C2,Acuan!$A$2:$B$6,2,FALSE()) -> 4800000 | G2: =EDATE(D2,E2)-1 -> 45698 | H2: =ROUND(F2*E2*(1-IF(E2>=$M$3,$M$4,0)),0) -> 4800000 | I2: =IF(D2>$M$2,"Belum Mulai",IF(G2<$M$2,"Habis","Aktif")) -> Habis | J2: =IF(I2="Aktif",DATEDIF($M$2,G2,"M"),0) -> 0 | L2: Tanggal acuan | M2: 46310 | N2: Pengganti tanggal hari ini
A3: KTR-002 | B3: Rahmat Syahputra | C3: Pickup Bak | D3: 45700 | E3: 24 | F3: =VLOOKUP(C3,Acuan!$A$2:$B$6,2,FALSE()) -> 4800000 | G3: =EDATE(D3,E3)-1 -> 46429 | H3: =ROUND(F3*E3*(1-IF(E3>=$M$3,$M$4,0)),0) -> 103680000 | I3: =IF(D3>$M$2,"Belum Mulai",IF(G3<$M$2,"Habis","Aktif")) -> Aktif | J3: =IF(I3="Aktif",DATEDIF($M$2,G3,"M"),0) -> 3 | L3: Durasi minimal diskon | M3: 12 | N3: Dalam bulan
A4: KTR-003 | B4: Hadi Utomo | C4: Avanza | D4: 45708 | E4: 6 | F4: =VLOOKUP(C4,Acuan!$A$2:$B$6,2,FALSE()) -> 5500000 | G4: =EDATE(D4,E4)-1 -> 45888 | H4: =ROUND(F4*E4*(1-IF(E4>=$M$3,$M$4,0)),0) -> 33000000 | I4: =IF(D4>$M$2,"Belum Mulai",IF(G4<$M$2,"Habis","Aktif")) -> Habis | J4: =IF(I4="Aktif",DATEDIF($M$2,G4,"M"),0) -> 0 | L4: Persen diskon | M4: 0.1
A5: KTR-004 | B5: Novi Sari | C5: Avanza | D5: 45727 | E5: 1 | F5: =VLOOKUP(C5,Acuan!$A$2:$B$6,2,FALSE()) -> 5500000 | G5: =EDATE(D5,E5)-1 -> 45757 | H5: =ROUND(F5*E5*(1-IF(E5>=$M$3,$M$4,0)),0) -> 5500000 | I5: =IF(D5>$M$2,"Belum Mulai",IF(G5<$M$2,"Habis","Aktif")) -> Habis | J5: =IF(I5="Aktif",DATEDIF($M$2,G5,"M"),0) -> 0
A6: KTR-005 | B6: Tono Ramadhan | C6: Innova | D6: 45774 | E6: 3 | F6: =VLOOKUP(C6,Acuan!$A$2:$B$6,2,FALSE()) -> 8500000 | G6: =EDATE(D6,E6)-1 -> 45864 | H6: =ROUND(F6*E6*(1-IF(E6>=$M$3,$M$4,0)),0) -> 25500000 | I6: =IF(D6>$M$2,"Belum Mulai",IF(G6<$M$2,"Habis","Aktif")) -> Habis | J6: =IF(I6="Aktif",DATEDIF($M$2,G6,"M"),0) -> 0
A7: KTR-006 | B7: Novi Maharani | C7: Innova | D7: 45775 | E7: 18 | F7: =VLOOKUP(C7,Acuan!$A$2:$B$6,2,FALSE()) -> 8500000 | G7: =EDATE(D7,E7)-1 -> 46322 | H7: =ROUND(F7*E7*(1-IF(E7>=$M$3,$M$4,0)),0) -> 137700000 | I7: =IF(D7>$M$2,"Belum Mulai",IF(G7<$M$2,"Habis","Aktif")) -> Aktif | J7: =IF(I7="Aktif",DATEDIF($M$2,G7,"M"),0) -> 0
A8: KTR-007 | B8: Indah Hartono | C8: Minibus Hiace | D8: 45826 | E8: 3 | F8: =VLOOKUP(C8,Acuan!$A$2:$B$6,2,FALSE()) -> 14000000 | G8: =EDATE(D8,E8)-1 -> 45917 | H8: =ROUND(F8*E8*(1-IF(E8>=$M$3,$M$4,0)),0) -> 42000000 | I8: =IF(D8>$M$2,"Belum Mulai",IF(G8<$M$2,"Habis","Aktif")) -> Habis | J8: =IF(I8="Aktif",DATEDIF($M$2,G8,"M"),0) -> 0
A9: KTR-008 | B9: Maman Nugroho | C9: Avanza | D9: 45891 | E9: 24 | F9: =VLOOKUP(C9,Acuan!$A$2:$B$6,2,FALSE()) -> 5500000 | G9: =EDATE(D9,E9)-1 -> 46620 | H9: =ROUND(F9*E9*(1-IF(E9>=$M$3,$M$4,0)),0) -> 118800000 | I9: =IF(D9>$M$2,"Belum Mulai",IF(G9<$M$2,"Habis","Aktif")) -> Aktif | J9: =IF(I9="Aktif",DATEDIF($M$2,G9,"M"),0) -> 10
A10: KTR-009 | B10: Wahyu Wijaya | C10: Minibus Hiace | D10: 45894 | E10: 3 | F10: =VLOOKUP(C10,Acuan!$A$2:$B$6,2,FALSE()) -> 14000000 | G10: =EDATE(D10,E10)-1 -> 45985 | H10: =ROUND(F10*E10*(1-IF(E10>=$M$3,$M$4,0)),0) -> 42000000 | I10: =IF(D10>$M$2,"Belum Mulai",IF(G10<$M$2,"Habis","Aktif")) -> Habis | J10: =IF(I10="Aktif",DATEDIF($M$2,G10,"M"),0) -> 0
A11: KTR-010 | B11: Jihan Amalia | C11: Pickup Bak | D11: 45994 | E11: 18 | F11: =VLOOKUP(C11,Acuan!$A$2:$B$6,2,FALSE()) -> 4800000 | G11: =EDATE(D11,E11)-1 -> 46540 | H11: =ROUND(F11*E11*(1-IF(E11>=$M$3,$M$4,0)),0) -> 77760000 | I11: =IF(D11>$M$2,"Belum Mulai",IF(G11<$M$2,"Habis","Aktif")) -> Aktif | J11: =IF(I11="Aktif",DATEDIF($M$2,G11,"M"),0) -> 7
A12: KTR-011 | B12: Rizki Putra | C12: Motor Matic | D12: 46009 | E12: 12 | F12: =VLOOKUP(C12,Acuan!$A$2:$B$6,2,FALSE()) -> 1100000 | G12: =EDATE(D12,E12)-1 -> 46373 | H12: =ROUND(F12*E12*(1-IF(E12>=$M$3,$M$4,0)),0) -> 11880000 | I12: =IF(D12>$M$2,"Belum Mulai",IF(G12<$M$2,"Habis","Aktif")) -> Aktif | J12: =IF(I12="Aktif",DATEDIF($M$2,G12,"M"),0) -> 2
A13: KTR-012 | B13: Rizki Handayani | C13: Pickup Bak | D13: 46017 | E13: 24 | F13: =VLOOKUP(C13,Acuan!$A$2:$B$6,2,FALSE()) -> 4800000 | G13: =EDATE(D13,E13)-1 -> 46746 | H13: =ROUND(F13*E13*(1-IF(E13>=$M$3,$M$4,0)),0) -> 103680000 | I13: =IF(D13>$M$2,"Belum Mulai",IF(G13<$M$2,"Habis","Aktif")) -> Aktif | J13: =IF(I13="Aktif",DATEDIF($M$2,G13,"M"),0) -> 14
A14: KTR-013 | B14: Yoga Fauzi | C14: Innova | D14: 46045 | E14: 3 | F14: =VLOOKUP(C14,Acuan!$A$2:$B$6,2,FALSE()) -> 8500000 | G14: =EDATE(D14,E14)-1 -> 46134 | H14: =ROUND(F14*E14*(1-IF(E14>=$M$3,$M$4,0)),0) -> 25500000 | I14: =IF(D14>$M$2,"Belum Mulai",IF(G14<$M$2,"Habis","Aktif")) -> Habis | J14: =IF(I14="Aktif",DATEDIF($M$2,G14,"M"),0) -> 0
A15: KTR-014 | B15: Joko Hartono | C15: Pickup Bak | D15: 46092 | E15: 6 | F15: =VLOOKUP(C15,Acuan!$A$2:$B$6,2,FALSE()) -> 4800000 | G15: =EDATE(D15,E15)-1 -> 46275 | H15: =ROUND(F15*E15*(1-IF(E15>=$M$3,$M$4,0)),0) -> 28800000 | I15: =IF(D15>$M$2,"Belum Mulai",IF(G15<$M$2,"Habis","Aktif")) -> Habis | J15: =IF(I15="Aktif",DATEDIF($M$2,G15,"M"),0) -> 0
A16: KTR-015 | B16: Prasetyo Kurniawan | C16: Motor Matic | D16: 46103 | E16: 6 | F16: =VLOOKUP(C16,Acuan!$A$2:$B$6,2,FALSE()) -> 1100000 | G16: =EDATE(D16,E16)-1 -> 46286 | H16: =ROUND(F16*E16*(1-IF(E16>=$M$3,$M$4,0)),0) -> 6600000 | I16: =IF(D16>$M$2,"Belum Mulai",IF(G16<$M$2,"Habis","Aktif")) -> Habis | J16: =IF(I16="Aktif",DATEDIF($M$2,G16,"M"),0) -> 0
... A31: KTR-030 | B31: Tono Yulianto | C31: Innova | D31: 46353 | E31: 3 | F31: =VLOOKUP(C31,Acuan!$A$2:$B$6,2,FALSE()) -> 8500000 | G31: =EDATE(D31,E31)-1 -> 46444 | H31: =ROUND(F31*E31*(1-IF(E31>=$M$3,$M$4,0)),0) -> 25500000 | I31: =IF(D31>$M$2,"Belum Mulai",IF(G31<$M$2,"Habis","Aktif")) -> Belum Mulai | J31: =IF(I31="Aktif",DATEDIF($M$2,G31,"M"),0) -> 0

Sheet Acuan
A1: Jenis Kendaraan | B1: Tarif Dasar | C1: Jumlah Kontrak | D1: Total Sewa Jenis | E1: Kontrak Aktif
A2: Motor Matic | B2: 1100000 | C2: =COUNTIF(Data!$C$2:$C$31,A2) -> 5 | D2: =SUMIF(Data!$C$2:$C$31,A2,Data!$H$2:$H$31) -> 35860000 | E2: =COUNTIFS(Data!$C$2:$C$31,A2,Data!$I$2:$I$31,"Aktif") -> 2
A3: Avanza | B3: 5500000 | C3: =COUNTIF(Data!$C$2:$C$31,A3) -> 9 | D3: =SUMIF(Data!$C$2:$C$31,A3,Data!$H$2:$H$31) -> 388300000 | E3: =COUNTIFS(Data!$C$2:$C$31,A3,Data!$I$2:$I$31,"Aktif") -> 4
A4: Pickup Bak | B4: 4800000 | C4: =COUNTIF(Data!$C$2:$C$31,A4) -> 6 | D4: =SUMIF(Data!$C$2:$C$31,A4,Data!$H$2:$H$31) -> 347520000 | E4: =COUNTIFS(Data!$C$2:$C$31,A4,Data!$I$2:$I$31,"Aktif") -> 4
A5: Innova | B5: 8500000 | C5: =COUNTIF(Data!$C$2:$C$31,A5) -> 6 | D5: =SUMIF(Data!$C$2:$C$31,A5,Data!$H$2:$H$31) -> 273700000 | E5: =COUNTIFS(Data!$C$2:$C$31,A5,Data!$I$2:$I$31,"Aktif") -> 2
A6: Minibus Hiace | B6: 14000000 | C6: =COUNTIF(Data!$C$2:$C$31,A6) -> 4 | D6: =SUMIF(Data!$C$2:$C$31,A6,Data!$H$2:$H$31) -> 294000000 | E6: =COUNTIFS(Data!$C$2:$C$31,A6,Data!$I$2:$I$31,"Aktif") -> 2

Sheet Ringkasan
A1: Ringkasan: lembar jawaban soal berjenis ringkasan
A2: Sel hijau berisi rumus kunci.
A3: No | B3: Pertanyaan | C3: Jawaban | D3: Contoh format hasil
A4: 9a | B4: Total sewa seluruh kontrak | C4: =SUM(Data!$H$2:$H$31) -> 1339380000 | D4: Rupiah, mis. Rp 900.000.000
A5: 9b | B5: Rata-rata durasi kontrak (bulan) | C5: =AVERAGE(Data!$E$2:$E$31) -> 8.1666667 | D5: Angka desimal, mis. 8,5
A6: 10a | B6: Kontrak Aktif | C6: =COUNTIF(Data!$I$2:$I$31,"Aktif") -> 14 | D6: Angka bulat, mis. 12
A7: 10b | B7: Kontrak Habis | C7: =COUNTIF(Data!$I$2:$I$31,"Habis") -> 12 | D7: Angka bulat, mis. 10
A8: 10c | B8: Kontrak Belum Mulai | C8: =COUNTIF(Data!$I$2:$I$31,"Belum Mulai") -> 4 | D8: Angka bulat, mis. 5
A9: 11a | B9: Penyewa dengan total sewa terbesar | C9: =INDEX(Data!$B$2:$B$31,MATCH(MAX(Data!$H$2:$H$31),Data!$H$2:$H$31,0)) -> Novi Maharani | D9: Teks: nama penyewa
A10: 11b | B10: Penyewa dengan tanggal akhir paling akhir | C10: =INDEX(Data!$B$2:$B$31,MATCH(MAX(Data!$G$2:$G$31),Data!$G$2:$G$31,0)) -> Galih Rahayu | D10: Teks: nama penyewa
A11: 12a | B11: Jenis dengan total sewa terbesar | C11: =INDEX(Acuan!$A$2:$A$6,MATCH(MAX(Acuan!$D$2:$D$6),Acuan!$D$2:$D$6,0)) -> Avanza | D11: Teks: jenis kendaraan
A12: 12b | B12: Kontrak Avanza yang Aktif | C12: =INDEX(Acuan!$E$2:$E$6,MATCH("Avanza",Acuan!$A$2:$A$6,0)) -> 4 | D12: Angka bulat, mis. 3
A13: 13a | B13: Total sewa kontrak Aktif | C13: =SUMIF(Data!$I$2:$I$31,"Aktif",Data!$H$2:$H$31) -> 947580000 | D13: Rupiah, mis. Rp 400.000.000
A14: 13b | B14: Rata-rata sisa bulan kontrak Aktif | C14: =AVERAGEIF(Data!$I$2:$I$31,"Aktif",Data!$J$2:$J$31) -> 4.3571429 | D14: Angka desimal, mis. 6,25
A15: 14a | B15: Tanggal mulai paling awal | C15: =MIN(Data!$D$2:$D$31) -> 45668 | D15: Tanggal, mis. 14/10/2026
A16: 14b | B16: Tanggal akhir paling akhir | C16: =MAX(Data!$G$2:$G$31) -> 46860 | D16: Tanggal, mis. 14/10/2026
A17: 14c | B17: Kontrak yang mendapat diskon | C17: =COUNTIF(Data!$E$2:$E$31,">=12") -> 9 | D17: Angka bulat, mis. 10
