Workbook

Sheet Petunjuk
A1: Kunci Jawaban: Inventaris Barang per Ruangan dan Kondisinya
A2: Latihan 28 dari 56 | Tingkat: Pemula | Perkiraan waktu: 40 menit | pushexcel.github.io/Pushexcel
A4: Skenario
A5: Kamu petugas sarana prasarana SMP Harapan Bangsa. Hasil pendataan barang di enam ruangan sudah dicatat: jumlah barang yang baik, rusak ringan, dan rusak berat beserta harga satuan. Barang berstatus Perlu Perbaikan bila persentase barang rusak (ringan ditambah berat) sama dengan atau lebih dari 25 persen dari total unit. Kamu menyusun rekap untuk wakil kepala sekolah.
A7: Cara memakai kunci
A8: 1. | B8: Sel hijau berisi rumus kunci yang sudah dihitung. Klik sel untuk melihat rumusnya.
A9: 2. | B9: Kolom Rumus kunci di bawah menampilkan rumus untuk baris pertama atau tiap sel jawaban.
A10: 3. | B10: Rumus ditulis dengan titik koma (;). Ganti dengan koma (,) bila Excel kamu berbahasa Inggris.
A11: 4. | B11: Jawaban lain yang benar secara logika juga boleh, selama hasilnya sama.
A13: Arti warna
B14: Judul kolom data yang sudah diberikan
B15: Judul kolom hasil hitung
B16: Sel berisi rumus kunci
B17: Angka berwarna biru pada blok Parameter = nilai tetap yang boleh dirujuk
A19: Daftar soal
A20: No | B20: Soal | C20: Jawab di | D20: Rumus kunci
A21: 1 | B21: Hitung total unit tiap barang: baik ditambah rusak ringan ditambah rusak berat. | C21: Sheet Data, kolom H (Total Unit), baris 2 sampai 28 | D21: =D2+E2+F2
A22: 2 | B22: Hitung persen barang rusak: (rusak ringan + rusak berat) dibagi total unit. | C22: Sheet Data, kolom I (Persen Rusak), baris 2 sampai 28 | D22: =(E2+F2)/H2
A23: 3 | B23: Hitung nilai aset yang masih baik: jumlah barang baik dikali harga satuan. | C23: Sheet Data, kolom J (Nilai Aset Baik), baris 2 sampai 28 | D23: =D2*G2
A24: 4 | B24: Beri status Perlu Perbaikan bila persen rusak sama dengan atau di atas batas persen rusak. Selain itu Layak. | C24: Sheet Data, kolom K (Status), baris 2 sampai 28 | D24: =IF(I2>=$N$2;"Perlu Perbaikan";"Layak")
A25: 5 | B25: Pada sheet Acuan, hitung berapa jenis barang yang tercatat di tiap ruangan. | C25: Sheet Acuan, kolom B (Jenis Barang), baris 2 sampai 7 | D25: =COUNTIF(Data!$C$2:$C$28;A2)
A26: 6 | B26: Pada sheet Acuan, hitung total unit barang di tiap ruangan. | C26: Sheet Acuan, kolom C (Total Unit), baris 2 sampai 7 | D26: =SUMIF(Data!$C$2:$C$28;A2;Data!$H$2:$H$28)
A27: 7 | B27: Pada sheet Acuan, hitung nilai aset baik di tiap ruangan. | C27: Sheet Acuan, kolom D (Nilai Aset Baik), baris 2 sampai 7 | D27: =SUMIF(Data!$C$2:$C$28;A2;Data!$J$2:$J$28)
A28: 8 | B28: Berapa total unit seluruh barang, dan berapa unit yang rusak berat? | C28: Sheet Ringkasan, sel C4 sampai C5 | D28: =SUM(Data!$H$2:$H$28) =SUM(Data!$F$2:$F$28)
A29: 9 | B29: Berapa persen seluruh barang yang rusak (ringan dan berat) dari total unit? | C29: Sheet Ringkasan, sel C6 | D29: =(SUM(Data!$E$2:$E$28)+SUM(Data!$F$2:$F$28))/SUM(Data!$H$2:$H$28)
A30: 10 | B30: Berapa total nilai aset yang masih baik? | C30: Sheet Ringkasan, sel C7 | D30: =SUM(Data!$J$2:$J$28)
A31: 11 | B31: Berapa jenis barang yang berstatus Perlu Perbaikan, dan berapa yang Layak? | C31: Sheet Ringkasan, sel C8 sampai C9 | D31: =COUNTIF(Data!$K$2:$K$28;"Perlu Perbaikan") =COUNTIF(Data!$K$2:$K$28;"Layak")
A32: 12 | B32: Ruangan mana yang nilai aset baiknya terbesar, dan barang apa yang unitnya paling banyak? | C32: Sheet Ringkasan, sel C10 sampai C11 | D32: =INDEX(Acuan!$A$2:$A$7;MATCH(MAX(Acuan!$D$2:$D$7);Acuan!$D$2:$D$7;0)) =INDEX(Data!$B$2:$B$28;MATCH(MAX(Data!$H$2:$H$28);Data!$H$2:$H$28;0))

Sheet Data
A1: Kode | B1: Nama Barang | C1: Ruangan | D1: Baik | E1: Rusak Ringan | F1: Rusak Berat | G1: Harga Satuan | H1: Total Unit | I1: Persen Rusak | J1: Nilai Aset Baik | K1: Status | M1: Parameter | N1: Nilai | O1: Keterangan
A2: INV-001 | B2: Meja Siswa | C2: Kelas VII A | D2: 20 | E2: 6 | F2: 1 | G2: 185000 | H2: =D2+E2+F2 -> 27 | I2: =(E2+F2)/H2 -> 0.25925926 | J2: =D2*G2 -> 3700000 | K2: =IF(I2>=$N$2,"Perlu Perbaikan","Layak") -> Perlu Perbaikan | M2: Batas persen rusak | N2: 0.25 | O2: Persen rusak sama dengan atau di atas batas = Perlu Perbaikan
A3: INV-002 | B3: Kursi Siswa | C3: Kelas VII A | D3: 17 | E3: 5 | F3: 3 | G3: 120000 | H3: =D3+E3+F3 -> 25 | I3: =(E3+F3)/H3 -> 0.32 | J3: =D3*G3 -> 2040000 | K3: =IF(I3>=$N$2,"Perlu Perbaikan","Layak") -> Perlu Perbaikan
A4: INV-003 | B4: Papan Tulis | C4: Kelas VII A | D4: 1 | E4: 0 | F4: 1 | G4: 650000 | H4: =D4+E4+F4 -> 2 | I4: =(E4+F4)/H4 -> 0.5 | J4: =D4*G4 -> 650000 | K4: =IF(I4>=$N$2,"Perlu Perbaikan","Layak") -> Perlu Perbaikan
A5: INV-004 | B5: Kipas Dinding | C5: Kelas VII A | D5: 3 | E5: 0 | F5: 0 | G5: 280000 | H5: =D5+E5+F5 -> 3 | I5: =(E5+F5)/H5 -> 0 | J5: =D5*G5 -> 840000 | K5: =IF(I5>=$N$2,"Perlu Perbaikan","Layak") -> Layak
A6: INV-005 | B6: Meja Siswa | C6: Kelas VII B | D6: 24 | E6: 7 | F6: 0 | G6: 185000 | H6: =D6+E6+F6 -> 31 | I6: =(E6+F6)/H6 -> 0.22580645 | J6: =D6*G6 -> 4440000 | K6: =IF(I6>=$N$2,"Perlu Perbaikan","Layak") -> Layak
A7: INV-006 | B7: Kursi Siswa | C7: Kelas VII B | D7: 17 | E7: 3 | F7: 2 | G7: 120000 | H7: =D7+E7+F7 -> 22 | I7: =(E7+F7)/H7 -> 0.22727273 | J7: =D7*G7 -> 2040000 | K7: =IF(I7>=$N$2,"Perlu Perbaikan","Layak") -> Layak
A8: INV-007 | B8: Papan Tulis | C8: Kelas VII B | D8: 4 | E8: 0 | F8: 0 | G8: 650000 | H8: =D8+E8+F8 -> 4 | I8: =(E8+F8)/H8 -> 0 | J8: =D8*G8 -> 2600000 | K8: =IF(I8>=$N$2,"Perlu Perbaikan","Layak") -> Layak
A9: INV-008 | B9: Kipas Dinding | C9: Kelas VII B | D9: 1 | E9: 1 | F9: 1 | G9: 280000 | H9: =D9+E9+F9 -> 3 | I9: =(E9+F9)/H9 -> 0.66666667 | J9: =D9*G9 -> 280000 | K9: =IF(I9>=$N$2,"Perlu Perbaikan","Layak") -> Perlu Perbaikan
A10: INV-009 | B10: Meja Siswa | C10: Kelas VIII A | D10: 20 | E10: 7 | F10: 1 | G10: 185000 | H10: =D10+E10+F10 -> 28 | I10: =(E10+F10)/H10 -> 0.28571429 | J10: =D10*G10 -> 3700000 | K10: =IF(I10>=$N$2,"Perlu Perbaikan","Layak") -> Perlu Perbaikan
A11: INV-010 | B11: Kursi Siswa | C11: Kelas VIII A | D11: 22 | E11: 1 | F11: 1 | G11: 120000 | H11: =D11+E11+F11 -> 24 | I11: =(E11+F11)/H11 -> 0.083333333 | J11: =D11*G11 -> 2640000 | K11: =IF(I11>=$N$2,"Perlu Perbaikan","Layak") -> Layak
A12: INV-011 | B12: Papan Tulis | C12: Kelas VIII A | D12: 3 | E12: 0 | F12: 1 | G12: 650000 | H12: =D12+E12+F12 -> 4 | I12: =(E12+F12)/H12 -> 0.25 | J12: =D12*G12 -> 1950000 | K12: =IF(I12>=$N$2,"Perlu Perbaikan","Layak") -> Perlu Perbaikan
A13: INV-012 | B13: Kipas Dinding | C13: Kelas VIII A | D13: 4 | E13: 1 | F13: 1 | G13: 280000 | H13: =D13+E13+F13 -> 6 | I13: =(E13+F13)/H13 -> 0.33333333 | J13: =D13*G13 -> 1120000 | K13: =IF(I13>=$N$2,"Perlu Perbaikan","Layak") -> Perlu Perbaikan
A14: INV-013 | B14: Komputer | C14: Laboratorium Komputer | D14: 6 | E14: 0 | F14: 0 | G14: 5200000 | H14: =D14+E14+F14 -> 6 | I14: =(E14+F14)/H14 -> 0 | J14: =D14*G14 -> 31200000 | K14: =IF(I14>=$N$2,"Perlu Perbaikan","Layak") -> Layak
... A28: INV-027 | B28: Kipas Dinding | C28: Ruang Guru | D28: 3 | E28: 1 | F28: 1 | G28: 280000 | H28: =D28+E28+F28 -> 5 | I28: =(E28+F28)/H28 -> 0.4 | J28: =D28*G28 -> 840000 | K28: =IF(I28>=$N$2,"Perlu Perbaikan","Layak") -> Perlu Perbaikan

Sheet Acuan
A1: Ruangan | B1: Jenis Barang | C1: Total Unit | D1: Nilai Aset Baik
A2: Kelas VII A | B2: =COUNTIF(Data!$C$2:$C$28,A2) -> 4 | C2: =SUMIF(Data!$C$2:$C$28,A2,Data!$H$2:$H$28) -> 57 | D2: =SUMIF(Data!$C$2:$C$28,A2,Data!$J$2:$J$28) -> 7230000
A3: Kelas VII B | B3: =COUNTIF(Data!$C$2:$C$28,A3) -> 4 | C3: =SUMIF(Data!$C$2:$C$28,A3,Data!$H$2:$H$28) -> 60 | D3: =SUMIF(Data!$C$2:$C$28,A3,Data!$J$2:$J$28) -> 9360000
A4: Kelas VIII A | B4: =COUNTIF(Data!$C$2:$C$28,A4) -> 4 | C4: =SUMIF(Data!$C$2:$C$28,A4,Data!$H$2:$H$28) -> 62 | D4: =SUMIF(Data!$C$2:$C$28,A4,Data!$J$2:$J$28) -> 9410000
A5: Laboratorium Komputer | B5: =COUNTIF(Data!$C$2:$C$28,A5) -> 5 | C5: =SUMIF(Data!$C$2:$C$28,A5,Data!$H$2:$H$28) -> 53 | D5: =SUMIF(Data!$C$2:$C$28,A5,Data!$J$2:$J$28) -> 61230000
A6: Perpustakaan | B6: =COUNTIF(Data!$C$2:$C$28,A6) -> 5 | C6: =SUMIF(Data!$C$2:$C$28,A6,Data!$H$2:$H$28) -> 53 | D6: =SUMIF(Data!$C$2:$C$28,A6,Data!$J$2:$J$28) -> 12560000
A7: Ruang Guru | B7: =COUNTIF(Data!$C$2:$C$28,A7) -> 5 | C7: =SUMIF(Data!$C$2:$C$28,A7,Data!$H$2:$H$28) -> 20 | D7: =SUMIF(Data!$C$2:$C$28,A7,Data!$J$2:$J$28) -> 9820000

Sheet Ringkasan
A1: Ringkasan: lembar jawaban soal berjenis ringkasan
A2: Sel hijau berisi rumus kunci.
A3: No | B3: Pertanyaan | C3: Jawaban | D3: Contoh format hasil
A4: 8a | B4: Total unit seluruh barang | C4: =SUM(Data!$H$2:$H$28) -> 305 | D4: Angka bulat, mis. 300
A5: 8b | B5: Total unit rusak berat | C5: =SUM(Data!$F$2:$F$28) -> 27 | D5: Angka bulat, mis. 20
A6: 9 | B6: Persen barang rusak keseluruhan | C6: =(SUM(Data!$E$2:$E$28)+SUM(Data!$F$2:$F$28))/SUM(Data!$H$2:$H$28) -> 0.21967213 | D6: Persen, mis. 12,5%
A7: 10 | B7: Total nilai aset baik | C7: =SUM(Data!$J$2:$J$28) -> 109610000 | D7: Rupiah, mis. Rp 150.000.000
A8: 11a | B8: Jumlah barang Perlu Perbaikan | C8: =COUNTIF(Data!$K$2:$K$28,"Perlu Perbaikan") -> 17 | D8: Angka bulat, mis. 6
A9: 11b | B9: Jumlah barang Layak | C9: =COUNTIF(Data!$K$2:$K$28,"Layak") -> 10 | D9: Angka bulat, mis. 20
A10: 12a | B10: Ruangan dengan nilai aset baik terbesar | C10: =INDEX(Acuan!$A$2:$A$7,MATCH(MAX(Acuan!$D$2:$D$7),Acuan!$D$2:$D$7,0)) -> Laboratorium Komputer | D10: Teks: nama ruangan
A11: 12b | B11: Barang dengan unit terbanyak | C11: =INDEX(Data!$B$2:$B$28,MATCH(MAX(Data!$H$2:$H$28),Data!$H$2:$H$28,0)) -> Meja Siswa | D11: Teks: nama barang
