Workbook

Sheet Petunjuk
A1: Kunci Jawaban: Simulasi Tabungan dan Investasi Berjangka
A2: Latihan 55 dari 56 | Tingkat: Lanjutan | Perkiraan waktu: 70 menit | pushexcel.github.io/Pushexcel
A4: Skenario
A5: Kamu perencana keuangan di Koperasi Dana Sejahtera yang membantu 16 anggota merencanakan tabungan berjangka untuk empat jenis tujuan. Tiap rencana punya setoran awal, setoran bulanan di akhir bulan, bunga per tahun (dihitung bulanan), jangka waktu, dan target dana. Kamu menghitung nilai tabungan di akhir jangka, membandingkannya dengan target, menghitung setoran bulanan yang sebenarnya dibutuhkan untuk mencapai target, serta lama waktu (tahun) bila setoran saat ini diteruskan sampai target tercapai. Fungsi keuangan Excel memakai tanda: uang yang kamu setor ditulis negatif, uang yang diterima positif. Beri tanda minus di depan argumen setoran, setoran awal, atau hasil bila perlu.
A7: Cara memakai kunci
A8: 1. | B8: Sel hijau berisi rumus kunci yang sudah dihitung. Klik sel untuk melihat rumusnya.
A9: 2. | B9: Kolom Rumus kunci di bawah menampilkan rumus untuk baris pertama atau tiap sel jawaban.
A10: 3. | B10: Rumus ditulis dengan titik koma (;). Ganti dengan koma (,) bila Excel kamu berbahasa Inggris.
A11: 4. | B11: Jawaban lain yang benar secara logika juga boleh, selama hasilnya sama.
A13: Arti warna
B14: Judul kolom data yang sudah diberikan
B15: Judul kolom hasil hitung
B16: Sel berisi rumus kunci
A18: Daftar soal
A19: No | B19: Soal | C19: Jawab di | D19: Rumus kunci
A20: 1 | B20: Hitung jumlah bulan setoran: jangka waktu dalam tahun dikali 12. | C20: Sheet Data, kolom H (Jumlah Bulan), baris 2 sampai 17 | D20: =F2*12
A21: 2 | B21: Hitung nilai tabungan di akhir jangka memakai FV, dibulatkan ke rupiah. Bunga bulanan = bunga tahunan dibagi 12. | C21: Sheet Data, kolom I (Nilai Akhir), baris 2 sampai 17 | D21: =ROUND(FV(E2/12;H2;-D2;-C2);0)
A22: 3 | B22: Hitung total uang yang disetor sendiri: setoran awal ditambah setoran bulanan kali jumlah bulan. | C22: Sheet Data, kolom J (Total Setoran), baris 2 sampai 17 | D22: =C2+D2*H2
A23: 4 | B23: Hitung bunga yang diperoleh: nilai akhir dikurangi total setoran. | C23: Sheet Data, kolom K (Bunga Diperoleh), baris 2 sampai 17 | D23: =I2-J2
A24: 5 | B24: Hitung selisih nilai akhir dan target dana. Hasil negatif berarti kurang dari target. | C24: Sheet Data, kolom L (Selisih Target), baris 2 sampai 17 | D24: =I2-G2
A25: 6 | B25: Beri status Tercapai bila nilai akhir sama dengan atau di atas target dana. Selain itu Kurang. | C25: Sheet Data, kolom M (Status), baris 2 sampai 17 | D25: =IF(I2>=G2;"Tercapai";"Kurang")
A26: 7 | B26: Hitung setoran bulanan yang dibutuhkan agar mencapai target, dibulatkan ke atas ke ribuan terdekat. Setoran awal tetap dihitung. | C26: Sheet Data, kolom N (Setoran Dibutuhkan), baris 2 sampai 17 | D26: =ROUNDUP(-PMT(E2/12;H2;-C2;G2);-3)
A27: 8 | B27: Hitung lama (dalam tahun, satu desimal) agar tabungan mencapai target bila setoran bulanan saat ini diteruskan. | C27: Sheet Data, kolom O (Lama Capai Target (Tahun)), baris 2 sampai 17 | D27: =ROUND(NPER(E2/12;-D2;-C2;G2)/12;1)
A28: 9 | B28: Pada sheet Acuan, hitung jumlah rencana untuk tiap tujuan. | C28: Sheet Acuan, kolom B (Jumlah Rencana), baris 2 sampai 5 | D28: =COUNTIF(Data!$B$2:$B$17;A2)
A29: 10 | B29: Pada sheet Acuan, hitung total nilai akhir tiap tujuan. | C29: Sheet Acuan, kolom C (Total Nilai Akhir), baris 2 sampai 5 | D29: =SUMIF(Data!$B$2:$B$17;A2;Data!$I$2:$I$17)
A30: 11 | B30: Pada sheet Acuan, hitung rata-rata bunga per tahun tiap tujuan. | C30: Sheet Acuan, kolom D (Rata-rata Bunga), baris 2 sampai 5 | D30: =AVERAGEIF(Data!$B$2:$B$17;A2;Data!$E$2:$E$17)
... A35: 16 | B35: Berapa rata-rata lama capai target untuk rencana berstatus Kurang, dan berapa total nilai akhir rencana Dana Pensiun yang Tercapai? | C35: Sheet Ringkasan, sel C13 sampai C14 | D35: =AVERAGEIF(Data!$M$2:$M$17;"Kurang";Data!$O$2:$O$17) =SUMIFS(Data!$I$2:$I$17;Data!$B$2:$B$17;"Dana Pensiun";Data!$M$2:$M$17;"Tercapai")

Sheet Data
A1: Rencana | B1: Tujuan | C1: Setoran Awal | D1: Setoran Bulanan | E1: Bunga per Tahun | F1: Jangka (Tahun) | G1: Target Dana | H1: Jumlah Bulan | I1: Nilai Akhir | J1: Total Setoran | K1: Bunga Diperoleh | L1: Selisih Target | M1: Status | N1: Setoran Dibutuhkan | O1: Lama Capai Target (Tahun)
A2: Joko (Rencana 1) | B2: Pendidikan Anak | C2: 5000000 | D2: 1500000 | E2: 0.06 | F2: 10 | G2: 280000000 | H2: =F2*12 -> 120 | I2: =ROUND(FV(E2/12,H2,-D2,-C2),0) -> 254916004 | J2: =C2+D2*H2 -> 185000000 | K2: =I2-J2 -> 69916004 | L2: =I2-G2 -> -25083996 | M2: =IF(I2>=G2,"Tercapai","Kurang") -> Kurang | N2: =ROUNDUP(-PMT(E2/12,H2,-C2,G2),-3) -> 1654000 | O2: =ROUND(NPER(E2/12,-D2,-C2,G2)/12,1) -> 10.7
A3: Dewi (Rencana 2) | B3: Dana Pensiun | C3: 50000000 | D3: 2000000 | E3: 0.05 | F3: 30 | G3: 1690000000 | H3: =F3*12 -> 360 | I3: =ROUND(FV(E3/12,H3,-D3,-C3),0) -> 1887904486 | J3: =C3+D3*H3 -> 770000000 | K3: =I3-J3 -> 1117904486 | L3: =I3-G3 -> 197904486 | M3: =IF(I3>=G3,"Tercapai","Kurang") -> Tercapai | N3: =ROUNDUP(-PMT(E3/12,H3,-C3,G3),-3) -> 1763000 | O3: =ROUND(NPER(E3/12,-D3,-C3,G3)/12,1) -> 28.3
A4: Kartika (Rencana 3) | B4: Uang Muka Rumah | C4: 0 | D4: 1000000 | E4: 0.08 | F4: 10 | G4: 205000000 | H4: =F4*12 -> 120 | I4: =ROUND(FV(E4/12,H4,-D4,-C4),0) -> 182946035 | J4: =C4+D4*H4 -> 120000000 | K4: =I4-J4 -> 62946035 | L4: =I4-G4 -> -22053965 | M4: =IF(I4>=G4,"Tercapai","Kurang") -> Kurang | N4: =ROUNDUP(-PMT(E4/12,H4,-C4,G4),-3) -> 1121000 | O4: =ROUND(NPER(E4/12,-D4,-C4,G4)/12,1) -> 10.8
A5: Kartika (Rencana 4) | B5: Liburan Keluarga | C5: 5000000 | D5: 3000000 | E5: 0.08 | F5: 2 | G5: 70000000 | H5: =F5*12 -> 24 | I5: =ROUND(FV(E5/12,H5,-D5,-C5),0) -> 83664009 | J5: =C5+D5*H5 -> 77000000 | K5: =I5-J5 -> 6664009 | L5: =I5-G5 -> 13664009 | M5: =IF(I5>=G5,"Tercapai","Kurang") -> Tercapai | N5: =ROUNDUP(-PMT(E5/12,H5,-C5,G5),-3) -> 2474000 | O5: =ROUND(NPER(E5/12,-D5,-C5,G5)/12,1) -> 1.7
A6: Jihan (Rencana 5) | B6: Pendidikan Anak | C6: 0 | D6: 3000000 | E6: 0.08 | F6: 12 | G6: 535000000 | H6: =F6*12 -> 144 | I6: =ROUND(FV(E6/12,H6,-D6,-C6),0) -> 721525160 | J6: =C6+D6*H6 -> 432000000 | K6: =I6-J6 -> 289525160 | L6: =I6-G6 -> 186525160 | M6: =IF(I6>=G6,"Tercapai","Kurang") -> Tercapai | N6: =ROUNDUP(-PMT(E6/12,H6,-C6,G6),-3) -> 2225000 | O6: =ROUND(NPER(E6/12,-D6,-C6,G6)/12,1) -> 9.8
A7: Galih (Rencana 6) | B7: Dana Pensiun | C7: 50000000 | D7: 500000 | E7: 0.06 | F7: 25 | G7: 685000000 | H7: =F7*12 -> 300 | I7: =ROUND(FV(E7/12,H7,-D7,-C7),0) -> 569745472 | J7: =C7+D7*H7 -> 200000000 | K7: =I7-J7 -> 369745472 | L7: =I7-G7 -> -115254528 | M7: =IF(I7>=G7,"Tercapai","Kurang") -> Kurang | N7: =ROUNDUP(-PMT(E7/12,H7,-C7,G7),-3) -> 667000 | O7: =ROUND(NPER(E7/12,-D7,-C7,G7)/12,1) -> 27.7
A8: Hadi (Rencana 7) | B8: Uang Muka Rumah | C8: 0 | D8: 1500000 | E8: 0.07 | F8: 5 | G8: 95000000 | H8: =F8*12 -> 60 | I8: =ROUND(FV(E8/12,H8,-D8,-C8),0) -> 107389352 | J8: =C8+D8*H8 -> 90000000 | K8: =I8-J8 -> 17389352 | L8: =I8-G8 -> 12389352 | M8: =IF(I8>=G8,"Tercapai","Kurang") -> Tercapai | N8: =ROUNDUP(-PMT(E8/12,H8,-C8,G8),-3) -> 1327000 | O8: =ROUND(NPER(E8/12,-D8,-C8,G8)/12,1) -> 4.5
A9: Prasetyo (Rencana 8) | B9: Liburan Keluarga | C9: 10000000 | D9: 3000000 | E9: 0.05 | F9: 4 | G9: 205000000 | H9: =F9*12 -> 48 | I9: =ROUND(FV(E9/12,H9,-D9,-C9),0) -> 171253609 | J9: =C9+D9*H9 -> 154000000 | K9: =I9-J9 -> 17253609 | L9: =I9-G9 -> -33746391 | M9: =IF(I9>=G9,"Tercapai","Kurang") -> Kurang | N9: =ROUNDUP(-PMT(E9/12,H9,-C9,G9),-3) -> 3637000 | O9: =ROUND(NPER(E9/12,-D9,-C9,G9)/12,1) -> 4.7
A10: Eka (Rencana 9) | B10: Pendidikan Anak | C10: 10000000 | D10: 3000000 | E10: 0.04 | F10: 15 | G10: 980000000 | H10: =F10*12 -> 180 | I10: =ROUND(FV(E10/12,H10,-D10,-C10),0) -> 756474481 | J10: =C10+D10*H10 -> 550000000 | K10: =I10-J10 -> 206474481 | L10: =I10-G10 -> -223525519 | M10: =IF(I10>=G10,"Tercapai","Kurang") -> Kurang | N10: =ROUNDUP(-PMT(E10/12,H10,-C10,G10),-3) -> 3909000 | O10: =ROUND(NPER(E10/12,-D10,-C10,G10)/12,1) -> 18.2
A11: Ayu (Rencana 10) | B11: Dana Pensiun | C11: 5000000 | D11: 1500000 | E11: 0.07 | F11: 30 | G11: 1665000000 | H11: =F11*12 -> 360 | I11: =ROUND(FV(E11/12,H11,-D11,-C11),0) -> 1870538981 | J11: =C11+D11*H11 -> 545000000 | K11: =I11-J11 -> 1325538981 | L11: =I11-G11 -> 205538981 | M11: =IF(I11>=G11,"Tercapai","Kurang") -> Tercapai | N11: =ROUNDUP(-PMT(E11/12,H11,-C11,G11),-3) -> 1332000 | O11: =ROUND(NPER(E11/12,-D11,-C11,G11)/12,1) -> 28.5
A12: Eko (Rencana 11) | B12: Uang Muka Rumah | C12: 50000000 | D12: 1000000 | E12: 0.06 | F12: 6 | G12: 180000000 | H12: =F12*12 -> 72 | I12: =ROUND(FV(E12/12,H12,-D12,-C12),0) -> 158011070 | J12: =C12+D12*H12 -> 122000000 | K12: =I12-J12 -> 36011070 | L12: =I12-G12 -> -21988930 | M12: =IF(I12>=G12,"Tercapai","Kurang") -> Kurang | N12: =ROUNDUP(-PMT(E12/12,H12,-C12,G12),-3) -> 1255000 | O12: =ROUND(NPER(E12/12,-D12,-C12,G12)/12,1) -> 7
A13: Eka (Rencana 12) | B13: Liburan Keluarga | C13: 5000000 | D13: 750000 | E13: 0.04 | F13: 4 | G13: 50000000 | H13: =F13*12 -> 48 | I13: =ROUND(FV(E13/12,H13,-D13,-C13),0) -> 44835694 | J13: =C13+D13*H13 -> 41000000 | K13: =I13-J13 -> 3835694 | L13: =I13-G13 -> -5164306 | M13: =IF(I13>=G13,"Tercapai","Kurang") -> Kurang | N13: =ROUNDUP(-PMT(E13/12,H13,-C13,G13),-3) -> 850000 | O13: =ROUND(NPER(E13/12,-D13,-C13,G13)/12,1) -> 4.5
... A17: Citra (Rencana 16) | B17: Liburan Keluarga | C17: 5000000 | D17: 1000000 | E17: 0.06 | F17: 3 | G17: 55000000 | H17: =F17*12 -> 36 | I17: =ROUND(FV(E17/12,H17,-D17,-C17),0) -> 45319508 | J17: =C17+D17*H17 -> 41000000 | K17: =I17-J17 -> 4319508 | L17: =I17-G17 -> -9680492 | M17: =IF(I17>=G17,"Tercapai","Kurang") -> Kurang | N17: =ROUNDUP(-PMT(E17/12,H17,-C17,G17),-3) -> 1247000 | O17: =ROUND(NPER(E17/12,-D17,-C17,G17)/12,1) -> 3.6

Sheet Acuan
A1: Tujuan | B1: Jumlah Rencana | C1: Total Nilai Akhir | D1: Rata-rata Bunga
A2: Pendidikan Anak | B2: =COUNTIF(Data!$B$2:$B$17,A2) -> 4 | C2: =SUMIF(Data!$B$2:$B$17,A2,Data!$I$2:$I$17) -> 2605371782 | D2: =AVERAGEIF(Data!$B$2:$B$17,A2,Data!$E$2:$E$17) -> 0.06
A3: Dana Pensiun | B3: =COUNTIF(Data!$B$2:$B$17,A3) -> 4 | C3: =SUMIF(Data!$B$2:$B$17,A3,Data!$I$2:$I$17) -> 4708348621 | D3: =AVERAGEIF(Data!$B$2:$B$17,A3,Data!$E$2:$E$17) -> 0.055
A4: Uang Muka Rumah | B4: =COUNTIF(Data!$B$2:$B$17,A4) -> 4 | C4: =SUMIF(Data!$B$2:$B$17,A4,Data!$I$2:$I$17) -> 922428343 | D4: =AVERAGEIF(Data!$B$2:$B$17,A4,Data!$E$2:$E$17) -> 0.065
A5: Liburan Keluarga | B5: =COUNTIF(Data!$B$2:$B$17,A5) -> 4 | C5: =SUMIF(Data!$B$2:$B$17,A5,Data!$I$2:$I$17) -> 345072820 | D5: =AVERAGEIF(Data!$B$2:$B$17,A5,Data!$E$2:$E$17) -> 0.0575

Sheet Ringkasan
A1: Ringkasan: lembar jawaban soal berjenis ringkasan
A2: Sel hijau berisi rumus kunci.
A3: No | B3: Pertanyaan | C3: Jawaban | D3: Contoh format hasil
A4: 12a | B4: Total setoran seluruh rencana | C4: =SUM(Data!$J$2:$J$17) -> 4422000000 | D4: Rupiah, mis. Rp 2.000.000.000
A5: 12b | B5: Total bunga diperoleh | C5: =SUM(Data!$K$2:$K$17) -> 4159221566 | D5: Rupiah, mis. Rp 900.000.000
A6: 12c | B6: Total nilai akhir | C6: =SUM(Data!$I$2:$I$17) -> 8581221566 | D6: Rupiah, mis. Rp 2.900.000.000
A7: 13a | B7: Rencana dengan nilai akhir terbesar | C7: =INDEX(Data!$A$2:$A$17,MATCH(MAX(Data!$I$2:$I$17),Data!$I$2:$I$17,0)) -> Dewi (Rencana 2) | D7: Teks: nama rencana
A8: 13b | B8: Tujuan dengan total nilai akhir terbesar | C8: =INDEX(Acuan!$A$2:$A$5,MATCH(MAX(Acuan!$C$2:$C$5),Acuan!$C$2:$C$5,0)) -> Dana Pensiun | D8: Teks: nama tujuan
A9: 14a | B9: Rencana Tercapai | C9: =COUNTIF(Data!$M$2:$M$17,"Tercapai") -> 7 | D9: Angka bulat, mis. 8
A10: 14b | B10: Total kekurangan dana | C10: =-SUMIF(Data!$L$2:$L$17,"<0") -> 724041990 | D10: Rupiah, mis. Rp 150.000.000
A11: 15a | B11: Setoran bulanan terbesar yang dibutuhkan | C11: =MAX(Data!$N$2:$N$17) -> 3920000 | D11: Rupiah, mis. Rp 8.000.000
A12: 15b | B12: Rencana dengan setoran dibutuhkan terbesar | C12: =INDEX(Data!$A$2:$A$17,MATCH(MAX(Data!$N$2:$N$17),Data!$N$2:$N$17,0)) -> Nurul (Rencana 13) | D12: Teks: nama rencana
A13: 16a | B13: Rata-rata lama capai target rencana Kurang (tahun) | C13: =AVERAGEIF(Data!$M$2:$M$17,"Kurang",Data!$O$2:$O$17) -> 11.666667 | D13: Angka desimal, mis. 18,5
A14: 16b | B14: Total nilai akhir Dana Pensiun yang Tercapai | C14: =SUMIFS(Data!$I$2:$I$17,Data!$B$2:$B$17,"Dana Pensiun",Data!$M$2:$M$17,"Tercapai") -> 4138603149 | D14: Rupiah, mis. Rp 900.000.000
