Workbook

Sheet Petunjuk
A1: Kunci Jawaban: Peminjaman Buku dan Denda Keterlambatan
A2: Latihan 60 dari 40 | Tingkat: Pemula | Perkiraan waktu: 35 menit | pushexcel.github.io/Pushexcel
A4: Skenario
A5: Kamu petugas Perpustakaan Desa Tunas Baca yang mencatat 30 peminjaman buku antara September dan Oktober 2026. Batas pinjam adalah 7 hari, dihitung dari tanggal pinjam sampai tanggal kembali. Keterlambatan dikenai denda Rp 500 per hari. Status peminjaman: Tepat Waktu bila tidak terlambat, Terlambat Berat bila terlambat 5 hari atau lebih, selain itu Terlambat. Semua buku sudah dikembalikan. Angka tetap ada di blok Parameter.
A7: Cara memakai kunci
A8: 1. | B8: Sel hijau berisi rumus kunci yang sudah dihitung. Klik sel untuk melihat rumusnya.
A9: 2. | B9: Kolom Rumus kunci di bawah menampilkan rumus untuk baris pertama atau tiap sel jawaban.
A10: 3. | B10: Rumus ditulis dengan titik koma (;). Ganti dengan koma (,) bila Excel kamu berbahasa Inggris.
A11: 4. | B11: Jawaban lain yang benar secara logika juga boleh, selama hasilnya sama.
A13: Arti warna
B14: Judul kolom data yang sudah diberikan
B15: Judul kolom hasil hitung
B16: Sel berisi rumus kunci
B17: Angka berwarna biru pada blok Parameter = nilai tetap yang boleh dirujuk
A19: Daftar soal
A20: No | B20: Soal | C20: Jawab di | D20: Rumus kunci
A21: 1 | B21: Hitung lama pinjam dalam hari: tanggal kembali dikurangi tanggal pinjam. | C21: Sheet Data, kolom G (Lama Pinjam), baris 2 sampai 31 | D21: =F2-E2
A22: 2 | B22: Hitung hari terlambat: lama pinjam dikurangi batas lama pinjam, tetapi tidak boleh negatif (minimal 0). | C22: Sheet Data, kolom H (Hari Terlambat), baris 2 sampai 31 | D22: =MAX(0;G2-$M$2)
A23: 3 | B23: Hitung denda: hari terlambat dikali denda per hari. | C23: Sheet Data, kolom I (Denda), baris 2 sampai 31 | D23: =H2*$M$3
A24: 4 | B24: Beri status: Tepat Waktu bila hari terlambat 0, Terlambat Berat bila sama dengan atau lebih dari batas terlambat berat, selain itu Terlambat. | C24: Sheet Data, kolom J (Status), baris 2 sampai 31 | D24: =IF(H2=0;"Tepat Waktu";IF(H2>=$M$4;"Terlambat Berat";"Terlambat"))
A25: 5 | B25: Pada sheet Acuan, hitung jumlah peminjaman tiap kategori buku. | C25: Sheet Acuan, kolom B (Jumlah Peminjaman), baris 2 sampai 5 | D25: =COUNTIF(Data!$D$2:$D$31;A2)
A26: 6 | B26: Pada sheet Acuan, hitung total denda tiap kategori buku. | C26: Sheet Acuan, kolom C (Total Denda), baris 2 sampai 5 | D26: =SUMIF(Data!$D$2:$D$31;A2;Data!$I$2:$I$31)
A27: 7 | B27: Berapa peminjaman yang Tepat Waktu, Terlambat, dan Terlambat Berat? | C27: Sheet Ringkasan, sel C4 sampai C6 | D27: =COUNTIF(Data!$J$2:$J$31;"Tepat Waktu") =COUNTIF(Data!$J$2:$J$31;"Terlambat") =COUNTIF(Data!$J$2:$J$31;"Terlambat Berat")
A28: 8 | B28: Berapa total denda yang terkumpul, dan berapa rata-rata lama pinjam? | C28: Sheet Ringkasan, sel C7 sampai C8 | D28: =SUM(Data!$I$2:$I$31) =AVERAGE(Data!$G$2:$G$31)
A29: 9 | B29: Siapa anggota yang dendanya terbesar, dan berapa hari terlambat terlama? | C29: Sheet Ringkasan, sel C9 sampai C10 | D29: =INDEX(Data!$B$2:$B$31;MATCH(MAX(Data!$I$2:$I$31);Data!$I$2:$I$31;0)) =MAX(Data!$H$2:$H$31)
A30: 10 | B30: Kategori mana yang paling banyak dipinjam, dan kategori mana yang total dendanya terbesar? | C30: Sheet Ringkasan, sel C11 sampai C12 | D30: =INDEX(Acuan!$A$2:$A$5;MATCH(MAX(Acuan!$B$2:$B$5);Acuan!$B$2:$B$5;0)) =INDEX(Acuan!$A$2:$A$5;MATCH(MAX(Acuan!$C$2:$C$5);Acuan!$C$2:$C$5;0))
A31: 11 | B31: Berapa peminjaman buku Novel yang Terlambat Berat? | C31: Sheet Ringkasan, sel C13 | D31: =COUNTIFS(Data!$D$2:$D$31;"Novel";Data!$J$2:$J$31;"Terlambat Berat")

Sheet Data
A1: No Pinjam | B1: Nama Anggota | C1: Judul Buku | D1: Kategori | E1: Tanggal Pinjam | F1: Tanggal Kembali | G1: Lama Pinjam | H1: Hari Terlambat | I1: Denda | J1: Status | L1: Parameter | M1: Nilai | N1: Keterangan
A2: PJ-001 | B2: Tika Suryani | C2: Perjalanan Kemerdekaan | D2: Sejarah | E2: 46266 | F2: 46273 | G2: =F2-E2 -> 7 | H2: =MAX(0,G2-$M$2) -> 0 | I2: =H2*$M$3 -> 0 | J2: =IF(H2=0,"Tepat Waktu",IF(H2>=$M$4,"Terlambat Berat","Terlambat")) -> Tepat Waktu | L2: Batas lama pinjam | M2: 7 | N2: Dalam hari
A3: PJ-002 | B3: Edi Anggraini | C3: Rumah di Ujung Jalan | D3: Novel | E3: 46268 | F3: 46278 | G3: =F3-E3 -> 10 | H3: =MAX(0,G3-$M$2) -> 3 | I3: =H3*$M$3 -> 1500 | J3: =IF(H3=0,"Tepat Waktu",IF(H3>=$M$4,"Terlambat Berat","Terlambat")) -> Terlambat | L3: Denda per hari | M3: 500
A4: PJ-003 | B4: Khoirul Pangestu | C4: Belajar Berhitung | D4: Anak | E4: 46269 | F4: 46274 | G4: =F4-E4 -> 5 | H4: =MAX(0,G4-$M$2) -> 0 | I4: =H4*$M$3 -> 0 | J4: =IF(H4=0,"Tepat Waktu",IF(H4>=$M$4,"Terlambat Berat","Terlambat")) -> Tepat Waktu | L4: Batas terlambat berat | M4: 5 | N4: Hari terlambat sama dengan atau lebih dari angka ini
A5: PJ-004 | B5: Novi Saputra | C5: Jejak Pelaut Lama | D5: Sejarah | E5: 46270 | F5: 46274 | G5: =F5-E5 -> 4 | H5: =MAX(0,G5-$M$2) -> 0 | I5: =H5*$M$3 -> 0 | J5: =IF(H5=0,"Tepat Waktu",IF(H5>=$M$4,"Terlambat Berat","Terlambat")) -> Tepat Waktu
A6: PJ-005 | B6: Sari Sari | C6: Belajar Berhitung | D6: Anak | E6: 46272 | F6: 46282 | G6: =F6-E6 -> 10 | H6: =MAX(0,G6-$M$2) -> 3 | I6: =H6*$M$3 -> 1500 | J6: =IF(H6=0,"Tepat Waktu",IF(H6>=$M$4,"Terlambat Berat","Terlambat")) -> Terlambat
A7: PJ-006 | B7: Zainal Fauzi | C7: Kebun Binatang Mini | D7: Anak | E7: 46273 | F7: 46276 | G7: =F7-E7 -> 3 | H7: =MAX(0,G7-$M$2) -> 0 | I7: =H7*$M$3 -> 0 | J7: =IF(H7=0,"Tepat Waktu",IF(H7>=$M$4,"Terlambat Berat","Terlambat")) -> Tepat Waktu
A8: PJ-007 | B8: Zainal Rahayu | C8: Mengenal Tata Surya | D8: Sains | E8: 46274 | F8: 46281 | G8: =F8-E8 -> 7 | H8: =MAX(0,G8-$M$2) -> 0 | I8: =H8*$M$3 -> 0 | J8: =IF(H8=0,"Tepat Waktu",IF(H8>=$M$4,"Terlambat Berat","Terlambat")) -> Tepat Waktu
A9: PJ-008 | B9: Wawan Fauzi | C9: Si Kancil Pintar | D9: Anak | E9: 46275 | F9: 46285 | G9: =F9-E9 -> 10 | H9: =MAX(0,G9-$M$2) -> 3 | I9: =H9*$M$3 -> 1500 | J9: =IF(H9=0,"Tepat Waktu",IF(H9>=$M$4,"Terlambat Berat","Terlambat")) -> Terlambat
A10: PJ-009 | B10: Umar Hidayat | C10: Rumah di Ujung Jalan | D10: Novel | E10: 46277 | F10: 46285 | G10: =F10-E10 -> 8 | H10: =MAX(0,G10-$M$2) -> 1 | I10: =H10*$M$3 -> 500 | J10: =IF(H10=0,"Tepat Waktu",IF(H10>=$M$4,"Terlambat Berat","Terlambat")) -> Terlambat
A11: PJ-010 | B11: Hadi Utomo | C11: Belajar Berhitung | D11: Anak | E11: 46279 | F11: 46288 | G11: =F11-E11 -> 9 | H11: =MAX(0,G11-$M$2) -> 2 | I11: =H11*$M$3 -> 1000 | J11: =IF(H11=0,"Tepat Waktu",IF(H11>=$M$4,"Terlambat Berat","Terlambat")) -> Terlambat
A12: PJ-011 | B12: Tono Susanto | C12: Perempuan Penjahit | D12: Novel | E12: 46280 | F12: 46287 | G12: =F12-E12 -> 7 | H12: =MAX(0,G12-$M$2) -> 0 | I12: =H12*$M$3 -> 0 | J12: =IF(H12=0,"Tepat Waktu",IF(H12>=$M$4,"Terlambat Berat","Terlambat")) -> Tepat Waktu
A13: PJ-012 | B13: Citra Saputra | C13: Laut Biru Senja | D13: Novel | E13: 46281 | F13: 46291 | G13: =F13-E13 -> 10 | H13: =MAX(0,G13-$M$2) -> 3 | I13: =H13*$M$3 -> 1500 | J13: =IF(H13=0,"Tepat Waktu",IF(H13>=$M$4,"Terlambat Berat","Terlambat")) -> Terlambat
A14: PJ-013 | B14: Agus Permana | C14: Energi dan Lingkungan | D14: Sains | E14: 46282 | F14: 46287 | G14: =F14-E14 -> 5 | H14: =MAX(0,G14-$M$2) -> 0 | I14: =H14*$M$3 -> 0 | J14: =IF(H14=0,"Tepat Waktu",IF(H14>=$M$4,"Terlambat Berat","Terlambat")) -> Tepat Waktu
A15: PJ-014 | B15: Irfan Santoso | C15: Candi dan Prasasti | D15: Sejarah | E15: 46284 | F15: 46293 | G15: =F15-E15 -> 9 | H15: =MAX(0,G15-$M$2) -> 2 | I15: =H15*$M$3 -> 1000 | J15: =IF(H15=0,"Tepat Waktu",IF(H15>=$M$4,"Terlambat Berat","Terlambat")) -> Terlambat
A16: PJ-015 | B16: Putri Sari | C16: Mengenal Tata Surya | D16: Sains | E16: 46285 | F16: 46290 | G16: =F16-E16 -> 5 | H16: =MAX(0,G16-$M$2) -> 0 | I16: =H16*$M$3 -> 0 | J16: =IF(H16=0,"Tepat Waktu",IF(H16>=$M$4,"Terlambat Berat","Terlambat")) -> Tepat Waktu
... A31: PJ-030 | B31: Putri Putra | C31: Jejak Pelaut Lama | D31: Sejarah | E31: 46305 | F31: 46316 | G31: =F31-E31 -> 11 | H31: =MAX(0,G31-$M$2) -> 4 | I31: =H31*$M$3 -> 2000 | J31: =IF(H31=0,"Tepat Waktu",IF(H31>=$M$4,"Terlambat Berat","Terlambat")) -> Terlambat

Sheet Acuan
A1: Kategori | B1: Jumlah Peminjaman | C1: Total Denda
A2: Novel | B2: =COUNTIF(Data!$D$2:$D$31,A2) -> 7 | C2: =SUMIF(Data!$D$2:$D$31,A2,Data!$I$2:$I$31) -> 7000
A3: Sains | B3: =COUNTIF(Data!$D$2:$D$31,A3) -> 6 | C3: =SUMIF(Data!$D$2:$D$31,A3,Data!$I$2:$I$31) -> 5500
A4: Sejarah | B4: =COUNTIF(Data!$D$2:$D$31,A4) -> 8 | C4: =SUMIF(Data!$D$2:$D$31,A4,Data!$I$2:$I$31) -> 9500
A5: Anak | B5: =COUNTIF(Data!$D$2:$D$31,A5) -> 9 | C5: =SUMIF(Data!$D$2:$D$31,A5,Data!$I$2:$I$31) -> 6500

Sheet Ringkasan
A1: Ringkasan: lembar jawaban soal berjenis ringkasan
A2: Sel hijau berisi rumus kunci.
A3: No | B3: Pertanyaan | C3: Jawaban | D3: Contoh format hasil
A4: 7a | B4: Peminjaman Tepat Waktu | C4: =COUNTIF(Data!$J$2:$J$31,"Tepat Waktu") -> 15 | D4: Angka bulat, mis. 12
A5: 7b | B5: Peminjaman Terlambat | C5: =COUNTIF(Data!$J$2:$J$31,"Terlambat") -> 11 | D5: Angka bulat, mis. 7
A6: 7c | B6: Peminjaman Terlambat Berat | C6: =COUNTIF(Data!$J$2:$J$31,"Terlambat Berat") -> 4 | D6: Angka bulat, mis. 5
A7: 8a | B7: Total denda terkumpul | C7: =SUM(Data!$I$2:$I$31) -> 28500 | D7: Rupiah, mis. Rp 40.000
A8: 8b | B8: Rata-rata lama pinjam (hari) | C8: =AVERAGE(Data!$G$2:$G$31) -> 8.2333333 | D8: Angka desimal, mis. 6,5
A9: 9a | B9: Anggota dengan denda terbesar | C9: =INDEX(Data!$B$2:$B$31,MATCH(MAX(Data!$I$2:$I$31),Data!$I$2:$I$31,0)) -> Lestari Setiawan | D9: Teks: nama anggota
A10: 9b | B10: Hari terlambat terlama | C10: =MAX(Data!$H$2:$H$31) -> 10 | D10: Angka bulat, mis. 8
A11: 10a | B11: Kategori paling banyak dipinjam | C11: =INDEX(Acuan!$A$2:$A$5,MATCH(MAX(Acuan!$B$2:$B$5),Acuan!$B$2:$B$5,0)) -> Anak | D11: Teks: nama kategori
A12: 10b | B12: Kategori dengan denda terbesar | C12: =INDEX(Acuan!$A$2:$A$5,MATCH(MAX(Acuan!$C$2:$C$5),Acuan!$C$2:$C$5,0)) -> Sejarah | D12: Teks: nama kategori
A13: 11 | B13: Novel Terlambat Berat | C13: =COUNTIFS(Data!$D$2:$D$31,"Novel",Data!$J$2:$J$31,"Terlambat Berat") -> 1 | D13: Angka bulat, mis. 2
