Workbook

Sheet Petunjuk
A1: Kunci Jawaban: Rekap Nilai Peserta Pelatihan
A2: Latihan 10 dari 104 | Tingkat: Pemula | Perkiraan waktu: 40 menit | pushexcel.github.io/Pushexcel
A4: Skenario
A5: Kamu admin lembaga pelatihan Cakap Digital. Akhir program, kamu merekap nilai 24 peserta dari tiga kelas. Nilai akhir berasal dari tugas, UTS, dan UAS dengan bobot berbeda. Predikat huruf diambil dari tabel di sheet Acuan. Peserta lulus bila nilai akhirnya mencapai batas dan kehadirannya mencukupi.
A7: Cara memakai kunci
A8: 1. | B8: Sel hijau berisi rumus kunci yang sudah dihitung. Klik sel untuk melihat rumusnya.
A9: 2. | B9: Kolom Rumus kunci di bawah menampilkan rumus untuk baris pertama atau tiap sel jawaban.
A10: 3. | B10: Rumus ditulis dengan titik koma (;). Ganti dengan koma (,) bila Excel kamu berbahasa Inggris.
A11: 4. | B11: Jawaban lain yang benar secara logika juga boleh, selama hasilnya sama.
A13: Arti warna
B14: Judul kolom data yang sudah diberikan
B15: Judul kolom hasil hitung
B16: Sel berisi rumus kunci
B17: Angka berwarna biru pada blok Parameter = nilai tetap yang boleh dirujuk
A19: Daftar soal
A20: No | B20: Soal | C20: Jawab di | D20: Rumus kunci
A21: 1 | B21: Hitung nilai akhir: tugas, UTS, dan UAS masing-masing dikali bobotnya, lalu dijumlahkan dan dibulatkan 1 angka desimal. | C21: Sheet Data, kolom H (Nilai Akhir), baris 2 sampai 25 | D21: =ROUND(D2*$N$2+E2*$N$3+F2*$N$4;1)
A22: 2 | B22: Cari predikat huruf dari tabel nilai di sheet Acuan. Tabel itu memakai batas bawah, bukan nilai yang persis sama. | C22: Sheet Data, kolom I (Predikat), baris 2 sampai 25 | D22: =VLOOKUP(H2;Acuan!$A$2:$B$6;2;TRUE)
A23: 3 | B23: Peserta Lulus bila nilai akhir mencapai nilai minimal DAN kehadiran mencapai kehadiran minimal. Selain itu Tidak Lulus. | C23: Sheet Data, kolom J (Status), baris 2 sampai 25 | D23: =IF(AND(H2>=$N$5;G2>=$N$6);"Lulus";"Tidak Lulus")
A24: 4 | B24: Beri peringkat berdasarkan nilai akhir, tertinggi peringkat 1. | C24: Sheet Data, kolom K (Peringkat), baris 2 sampai 25 | D24: =RANK(H2;$H$2:$H$25)
A25: 5 | B25: Berapa rata-rata nilai akhir seluruh peserta? | C25: Sheet Ringkasan, sel C4 | D25: =AVERAGE(Data!$H$2:$H$25)
A26: 6 | B26: Siapa peserta dengan nilai akhir tertinggi? | C26: Sheet Ringkasan, sel C5 | D26: =INDEX(Data!$B$2:$B$25;MATCH(MAX(Data!$H$2:$H$25);Data!$H$2:$H$25;0))
A27: 7 | B27: Berapa peserta yang berstatus Lulus? | C27: Sheet Ringkasan, sel C6 | D27: =COUNTIF(Data!$J$2:$J$25;"Lulus")
A28: 8 | B28: Berapa peserta untuk tiap predikat A, B, C, D, dan E? Jumlah kelimanya harus 24. | C28: Sheet Ringkasan, sel C7 sampai C11 | D28: =COUNTIF(Data!$I$2:$I$25;"A") =COUNTIF(Data!$I$2:$I$25;"B") =COUNTIF(Data!$I$2:$I$25;"C") =COUNTIF(Data!$I$2:$I$25;"D") =COUNTIF(Data!$I$2:$I$25;"E")
A29: 9 | B29: Berapa rata-rata nilai akhir tiap kelas A, B, dan C? | C29: Sheet Ringkasan, sel C12 sampai C14 | D29: =AVERAGEIF(Data!$C$2:$C$25;"A";Data!$H$2:$H$25) =AVERAGEIF(Data!$C$2:$C$25;"B";Data!$H$2:$H$25) =AVERAGEIF(Data!$C$2:$C$25;"C";Data!$H$2:$H$25)
A30: 10 | B30: Berapa persen peserta yang lulus dari seluruh peserta? | C30: Sheet Ringkasan, sel C15 | D30: =COUNTIF(Data!$J$2:$J$25;"Lulus")/COUNTA(Data!$B$2:$B$25)

Sheet Data
A1: No | B1: Nama Peserta | C1: Kelas | D1: Nilai Tugas | E1: Nilai UTS | F1: Nilai UAS | G1: Hadir (sesi) | H1: Nilai Akhir | I1: Predikat | J1: Status | K1: Peringkat | M1: Parameter | N1: Nilai | O1: Keterangan
A2: 1 | B2: Prasetyo Susanto | C2: B | D2: 100 | E2: 79 | F2: 88 | G2: 9 | H2: =ROUND(D2*$N$2+E2*$N$3+F2*$N$4,1) -> 88.9 | I2: =VLOOKUP(H2,Acuan!$A$2:$B$6,2,TRUE()) -> A | J2: =IF(AND(H2>=$N$5,G2>=$N$6),"Lulus","Tidak Lulus") -> Lulus | K2: =RANK(H2,$H$2:$H$25) -> 1 | M2: Bobot tugas | N2: 0.3
A3: 2 | B3: Hana Wijaya | C3: C | D3: 78 | E3: 79 | F3: 92 | G3: 10 | H3: =ROUND(D3*$N$2+E3*$N$3+F3*$N$4,1) -> 83.9 | I3: =VLOOKUP(H3,Acuan!$A$2:$B$6,2,TRUE()) -> B | J3: =IF(AND(H3>=$N$5,G3>=$N$6),"Lulus","Tidak Lulus") -> Lulus | K3: =RANK(H3,$H$2:$H$25) -> 5 | M3: Bobot UTS | N3: 0.3
A4: 3 | B4: Wahyu Santoso | C4: B | D4: 80 | E4: 98 | F4: 46 | G4: 9 | H4: =ROUND(D4*$N$2+E4*$N$3+F4*$N$4,1) -> 71.8 | I4: =VLOOKUP(H4,Acuan!$A$2:$B$6,2,TRUE()) -> C | J4: =IF(AND(H4>=$N$5,G4>=$N$6),"Lulus","Tidak Lulus") -> Lulus | K4: =RANK(H4,$H$2:$H$25) -> 17 | M4: Bobot UAS | N4: 0.4
A5: 4 | B5: Agus Nugroho | C5: C | D5: 98 | E5: 58 | F5: 71 | G5: 9 | H5: =ROUND(D5*$N$2+E5*$N$3+F5*$N$4,1) -> 75.2 | I5: =VLOOKUP(H5,Acuan!$A$2:$B$6,2,TRUE()) -> C | J5: =IF(AND(H5>=$N$5,G5>=$N$6),"Lulus","Tidak Lulus") -> Lulus | K5: =RANK(H5,$H$2:$H$25) -> 9 | M5: Nilai minimal lulus | N5: 70 | O5: Nilai akhir sama dengan atau di atas angka ini
A6: 5 | B6: Mulyadi Hidayat | C6: C | D6: 68 | E6: 60 | F6: 62 | G6: 8 | H6: =ROUND(D6*$N$2+E6*$N$3+F6*$N$4,1) -> 63.2 | I6: =VLOOKUP(H6,Acuan!$A$2:$B$6,2,TRUE()) -> D | J6: =IF(AND(H6>=$N$5,G6>=$N$6),"Lulus","Tidak Lulus") -> Tidak Lulus | K6: =RANK(H6,$H$2:$H$25) -> 23 | M6: Kehadiran minimal (sesi) | N6: 8 | O6: Dari total 10 sesi; sama dengan atau di atas angka ini
A7: 6 | B7: Mulyadi Wibowo | C7: A | D7: 73 | E7: 47 | F7: 95 | G7: 10 | H7: =ROUND(D7*$N$2+E7*$N$3+F7*$N$4,1) -> 74 | I7: =VLOOKUP(H7,Acuan!$A$2:$B$6,2,TRUE()) -> C | J7: =IF(AND(H7>=$N$5,G7>=$N$6),"Lulus","Tidak Lulus") -> Lulus | K7: =RANK(H7,$H$2:$H$25) -> 11
A8: 7 | B8: Rizki Nugroho | C8: C | D8: 69 | E8: 40 | F8: 49 | G8: 6 | H8: =ROUND(D8*$N$2+E8*$N$3+F8*$N$4,1) -> 52.3 | I8: =VLOOKUP(H8,Acuan!$A$2:$B$6,2,TRUE()) -> E | J8: =IF(AND(H8>=$N$5,G8>=$N$6),"Lulus","Tidak Lulus") -> Tidak Lulus | K8: =RANK(H8,$H$2:$H$25) -> 24
A9: 8 | B9: Hana Anggraini | C9: B | D9: 83 | E9: 55 | F9: 76 | G9: 10 | H9: =ROUND(D9*$N$2+E9*$N$3+F9*$N$4,1) -> 71.8 | I9: =VLOOKUP(H9,Acuan!$A$2:$B$6,2,TRUE()) -> C | J9: =IF(AND(H9>=$N$5,G9>=$N$6),"Lulus","Tidak Lulus") -> Lulus | K9: =RANK(H9,$H$2:$H$25) -> 17
A10: 9 | B10: Indah Rahayu | C10: A | D10: 94 | E10: 85 | F10: 85 | G10: 9 | H10: =ROUND(D10*$N$2+E10*$N$3+F10*$N$4,1) -> 87.7 | I10: =VLOOKUP(H10,Acuan!$A$2:$B$6,2,TRUE()) -> A | J10: =IF(AND(H10>=$N$5,G10>=$N$6),"Lulus","Tidak Lulus") -> Lulus | K10: =RANK(H10,$H$2:$H$25) -> 3
A11: 10 | B11: Eko Permana | C11: A | D11: 71 | E11: 90 | F11: 51 | G11: 9 | H11: =ROUND(D11*$N$2+E11*$N$3+F11*$N$4,1) -> 68.7 | I11: =VLOOKUP(H11,Acuan!$A$2:$B$6,2,TRUE()) -> C | J11: =IF(AND(H11>=$N$5,G11>=$N$6),"Lulus","Tidak Lulus") -> Tidak Lulus | K11: =RANK(H11,$H$2:$H$25) -> 19
A12: 11 | B12: Utami Nugroho | C12: A | D12: 67 | E12: 77 | F12: 75 | G12: 9 | H12: =ROUND(D12*$N$2+E12*$N$3+F12*$N$4,1) -> 73.2 | I12: =VLOOKUP(H12,Acuan!$A$2:$B$6,2,TRUE()) -> C | J12: =IF(AND(H12>=$N$5,G12>=$N$6),"Lulus","Tidak Lulus") -> Lulus | K12: =RANK(H12,$H$2:$H$25) -> 13
A13: 12 | B13: Gita Anggraini | C13: B | D13: 73 | E13: 86 | F13: 77 | G13: 9 | H13: =ROUND(D13*$N$2+E13*$N$3+F13*$N$4,1) -> 78.5 | I13: =VLOOKUP(H13,Acuan!$A$2:$B$6,2,TRUE()) -> B | J13: =IF(AND(H13>=$N$5,G13>=$N$6),"Lulus","Tidak Lulus") -> Lulus | K13: =RANK(H13,$H$2:$H$25) -> 7
A14: 13 | B14: Putri Wijaya | C14: A | D14: 84 | E14: 69 | F14: 92 | G14: 10 | H14: =ROUND(D14*$N$2+E14*$N$3+F14*$N$4,1) -> 82.7 | I14: =VLOOKUP(H14,Acuan!$A$2:$B$6,2,TRUE()) -> B | J14: =IF(AND(H14>=$N$5,G14>=$N$6),"Lulus","Tidak Lulus") -> Lulus | K14: =RANK(H14,$H$2:$H$25) -> 6
A15: 14 | B15: Zainal Wibowo | C15: C | D15: 67 | E15: 97 | F15: 65 | G15: 9 | H15: =ROUND(D15*$N$2+E15*$N$3+F15*$N$4,1) -> 75.2 | I15: =VLOOKUP(H15,Acuan!$A$2:$B$6,2,TRUE()) -> C | J15: =IF(AND(H15>=$N$5,G15>=$N$6),"Lulus","Tidak Lulus") -> Lulus | K15: =RANK(H15,$H$2:$H$25) -> 9
A16: 15 | B16: Hendra Ramadhan | C16: B | D16: 97 | E16: 75 | F16: 83 | G16: 7 | H16: =ROUND(D16*$N$2+E16*$N$3+F16*$N$4,1) -> 84.8 | I16: =VLOOKUP(H16,Acuan!$A$2:$B$6,2,TRUE()) -> B | J16: =IF(AND(H16>=$N$5,G16>=$N$6),"Lulus","Tidak Lulus") -> Tidak Lulus | K16: =RANK(H16,$H$2:$H$25) -> 4
A17: 16 | B17: Jamal Rahayu | C17: A | D17: 60 | E17: 90 | F17: 53 | G17: 8 | H17: =ROUND(D17*$N$2+E17*$N$3+F17*$N$4,1) -> 66.2 | I17: =VLOOKUP(H17,Acuan!$A$2:$B$6,2,TRUE()) -> C | J17: =IF(AND(H17>=$N$5,G17>=$N$6),"Lulus","Tidak Lulus") -> Tidak Lulus | K17: =RANK(H17,$H$2:$H$25) -> 21
A18: 17 | B18: Sinta Rahayu | C18: C | D18: 90 | E18: 83 | F18: 50 | G18: 9 | H18: =ROUND(D18*$N$2+E18*$N$3+F18*$N$4,1) -> 71.9 | I18: =VLOOKUP(H18,Acuan!$A$2:$B$6,2,TRUE()) -> C | J18: =IF(AND(H18>=$N$5,G18>=$N$6),"Lulus","Tidak Lulus") -> Lulus | K18: =RANK(H18,$H$2:$H$25) -> 16
... A25: 24 | B25: Lukman Purnomo | C25: C | D25: 78 | E25: 93 | F25: 92 | G25: 8 | H25: =ROUND(D25*$N$2+E25*$N$3+F25*$N$4,1) -> 88.1 | I25: =VLOOKUP(H25,Acuan!$A$2:$B$6,2,TRUE()) -> A | J25: =IF(AND(H25>=$N$5,G25>=$N$6),"Lulus","Tidak Lulus") -> Lulus | K25: =RANK(H25,$H$2:$H$25) -> 2

Sheet Acuan
A1: Nilai Mulai | B1: Predikat
A2: 0 | B2: E
A3: 56 | B3: D
A4: 66 | B4: C
A5: 76 | B5: B
A6: 86 | B6: A

Sheet Ringkasan
A1: Ringkasan: lembar jawaban soal berjenis ringkasan
A2: Sel hijau berisi rumus kunci.
A3: No | B3: Pertanyaan | C3: Jawaban | D3: Contoh format hasil
A4: 5 | B4: Rata-rata nilai akhir seluruh peserta | C4: =AVERAGE(Data!$H$2:$H$25) -> 74.320833 | D4: Desimal 2 angka, mis. 78,35
A5: 6 | B5: Nama peserta dengan nilai akhir tertinggi | C5: =INDEX(Data!$B$2:$B$25,MATCH(MAX(Data!$H$2:$H$25),Data!$H$2:$H$25,0)) -> Prasetyo Susanto | D5: Teks: nama peserta
A6: 7 | B6: Jumlah peserta lulus | C6: =COUNTIF(Data!$J$2:$J$25,"Lulus") -> 16 | D6: Angka bulat, mis. 15
A7: 8a | B7: Jumlah peserta dengan predikat A | C7: =COUNTIF(Data!$I$2:$I$25,"A") -> 3 | D7: Angka bulat, mis. 6
A8: 8b | B8: Jumlah peserta dengan predikat B | C8: =COUNTIF(Data!$I$2:$I$25,"B") -> 4 | D8: Angka bulat, mis. 6
A9: 8c | B9: Jumlah peserta dengan predikat C | C9: =COUNTIF(Data!$I$2:$I$25,"C") -> 14 | D9: Angka bulat, mis. 6
A10: 8d | B10: Jumlah peserta dengan predikat D | C10: =COUNTIF(Data!$I$2:$I$25,"D") -> 2 | D10: Angka bulat, mis. 6
A11: 8e | B11: Jumlah peserta dengan predikat E | C11: =COUNTIF(Data!$I$2:$I$25,"E") -> 1 | D11: Angka bulat, mis. 6
A12: 9a | B12: Rata-rata nilai akhir kelas A | C12: =AVERAGEIF(Data!$C$2:$C$25,"A",Data!$H$2:$H$25) -> 75.1375 | D12: Desimal 2 angka, mis. 79,10
A13: 9b | B13: Rata-rata nilai akhir kelas B | C13: =AVERAGEIF(Data!$C$2:$C$25,"B",Data!$H$2:$H$25) -> 74.8625 | D13: Desimal 2 angka, mis. 79,10
A14: 9c | B14: Rata-rata nilai akhir kelas C | C14: =AVERAGEIF(Data!$C$2:$C$25,"C",Data!$H$2:$H$25) -> 72.9625 | D14: Desimal 2 angka, mis. 79,10
A15: 10 | B15: Persentase peserta yang lulus | C15: =COUNTIF(Data!$J$2:$J$25,"Lulus")/COUNTA(Data!$B$2:$B$25) -> 0.66666667 | D15: Persen, mis. 68,0%
