Workbook

Sheet Petunjuk
A1: Kunci Jawaban: Hak dan Sisa Cuti Tahunan Karyawan
A2: Latihan 104 dari 40 | Tingkat: Lanjutan | Perkiraan waktu: 65 menit | pushexcel.github.io/Pushexcel
A4: Skenario
A5: Kamu staf Personalia PT Cahaya Nusantara Lestari yang menutup saldo cuti tahun 2026. Masa kerja dihitung dalam tahun penuh sampai tanggal perhitungan 31 Desember 2026. Hak cuti diambil dari tabel di sheet Acuan sesuai masa kerja. Tiap karyawan punya sampai tiga pengajuan cuti, dan hanya pengajuan berstatus Disetujui yang dihitung sebagai cuti terpakai (pengajuan kosong ditulis 0 hari dengan status tanda hubung). Sisa adalah hak dikurangi terpakai. Sisa cuti paling banyak 6 hari yang boleh dibawa ke tahun depan, kelebihannya menjadi saldo hangus. Status: Habis bila sisa 0, Menipis bila sisa paling banyak 3 hari, Ada Hangus bila saldo hangus lebih dari 0, selain itu Aman (batas ada di blok Parameter).
A7: Cara memakai kunci
A8: 1. | B8: Sel hijau berisi rumus kunci yang sudah dihitung. Klik sel untuk melihat rumusnya.
A9: 2. | B9: Kolom Rumus kunci di bawah menampilkan rumus untuk baris pertama atau tiap sel jawaban.
A10: 3. | B10: Rumus ditulis dengan titik koma (;). Ganti dengan koma (,) bila Excel kamu berbahasa Inggris.
A11: 4. | B11: Jawaban lain yang benar secara logika juga boleh, selama hasilnya sama.
A13: Arti warna
B14: Judul kolom data yang sudah diberikan
B15: Judul kolom hasil hitung
B16: Sel berisi rumus kunci
B17: Angka berwarna biru pada blok Parameter = nilai tetap yang boleh dirujuk
A19: Daftar soal
A20: No | B20: Soal | C20: Jawab di | D20: Rumus kunci
A21: 1 | B21: Hitung masa kerja dalam tahun penuh dari tanggal masuk sampai tanggal perhitungan. | C21: Sheet Data, kolom J (Masa Kerja), baris 2 sampai 29 | D21: =DATEDIF(C2;$R$2;"Y")
A22: 2 | B22: Cari hak cuti tiap karyawan dari tabel Acuan berdasarkan masa kerja. Tabel diurutkan naik, dan masa kerja yang melewati batas bawah ikut ke baris terdekat di atasnya. | C22: Sheet Data, kolom K (Hak Cuti), baris 2 sampai 29 | D22: =VLOOKUP(J2;Acuan!$A$2:$B$6;2;TRUE)
A23: 3 | B23: Hitung cuti terpakai: jumlahkan hari dari ketiga pengajuan, tetapi hanya yang statusnya Disetujui. | C23: Sheet Data, kolom L (Cuti Terpakai), baris 2 sampai 29 | D23: =IF(E2="Disetujui";D2;0)+IF(G2="Disetujui";F2;0)+IF(I2="Disetujui";H2;0)
A24: 4 | B24: Hitung sisa cuti: hak cuti dikurangi cuti terpakai. | C24: Sheet Data, kolom M (Sisa Cuti), baris 2 sampai 29 | D24: =K2-L2
A25: 5 | B25: Hitung saldo hangus: bila sisa cuti lebih dari batas maksimal dibawa, hangusnya adalah kelebihannya. Bila tidak, 0. | C25: Sheet Data, kolom N (Saldo Hangus), baris 2 sampai 29 | D25: =IF(M2>$R$3;M2-$R$3;0)
A26: 6 | B26: Beri status: Habis bila sisa 0, Menipis bila sisa paling banyak batas menipis, Ada Hangus bila saldo hangus lebih dari 0, selain itu Aman. | C26: Sheet Data, kolom O (Status Cuti), baris 2 sampai 29 | D26: =IF(M2=0;"Habis";IF(M2<=$R$4;"Menipis";IF(N2>0;"Ada Hangus";"Aman")))
A27: 7 | B27: Pada sheet Acuan, hitung berapa karyawan yang punya tiap besar hak cuti. | C27: Sheet Acuan, kolom C (Jumlah Karyawan), baris 2 sampai 6 | D27: =COUNTIF(Data!$K$2:$K$29;B2)
A28: 8 | B28: Pada sheet Acuan, hitung total sisa cuti karyawan untuk tiap besar hak cuti. | C28: Sheet Acuan, kolom D (Total Sisa), baris 2 sampai 6 | D28: =SUMIF(Data!$K$2:$K$29;B2;Data!$M$2:$M$29)
A29: 9 | B29: Berapa total hak cuti, total cuti terpakai, dan total saldo hangus seluruh karyawan? | C29: Sheet Ringkasan, sel C4 sampai C6 | D29: =SUM(Data!$K$2:$K$29) =SUM(Data!$L$2:$L$29) =SUM(Data!$N$2:$N$29)
A30: 10 | B30: Berapa karyawan yang berstatus Habis, Menipis, Ada Hangus, dan Aman? | C30: Sheet Ringkasan, sel C7 sampai C10 | D30: =COUNTIF(Data!$O$2:$O$29;"Habis") =COUNTIF(Data!$O$2:$O$29;"Menipis") =COUNTIF(Data!$O$2:$O$29;"Ada Hangus") =COUNTIF(Data!$O$2:$O$29;"Aman")
A31: 11 | B31: Siapa karyawan dengan cuti terpakai terbanyak, siapa dengan sisa cuti terbanyak, dan berapa hak cuti terbesar yang ada di tabel Acuan? | C31: Sheet Ringkasan, sel C11 sampai C13 | D31: =INDEX(Data!$A$2:$A$29;MATCH(MAX(Data!$L$2:$L$29);Data!$L$2:$L$29;0)) =INDEX(Data!$A$2:$A$29;MATCH(MAX(Data!$M$2:$M$29);Data!$M$2:$M$29;0)) =MAX(Acuan!$B$2:$B$6)
... A33: 13 | B33: Berapa karyawan yang punya masa kerja minimal 5 tahun dan tidak punya pengajuan Ditolak, dan berapa total pengajuan berstatus Menunggu? | C33: Sheet Ringkasan, sel C16 sampai C17 | D33: =SUMPRODUCT((Data!$J$2:$J$29>=5)*(Data!$E$2:$E$29<>"Ditolak")*(Data!$G$2:$G$29<>"Ditolak")*(Data!$I$2:$I$29<>"Ditolak")) =COUNTIF(Data!$E$2:$E$29;"Menunggu")+COUNTIF(Data!$G$2:$G$29;"Menunggu")+COUNTIF(Data!$I$2:$I$29;"Menunggu")

Sheet Data
A1: Nama Karyawan | B1: Departemen | C1: Tanggal Masuk | D1: Hari Pengajuan 1 | E1: Status Pengajuan 1 | F1: Hari Pengajuan 2 | G1: Status Pengajuan 2 | H1: Hari Pengajuan 3 | I1: Status Pengajuan 3 | J1: Masa Kerja | K1: Hak Cuti | L1: Cuti Terpakai | M1: Sisa Cuti | N1: Saldo Hangus | O1: Status Cuti | Q1: Parameter | R1: Nilai | S1: Keterangan
A2: Ahmad Wibowo | B2: Produksi | C2: 45417 | D2: 3 | E2: Menunggu | F2: 2 | G2: Disetujui | H2: 4 | I2: Ditolak | J2: =DATEDIF(C2,$R$2,"Y") -> 2 | K2: =VLOOKUP(J2,Acuan!$A$2:$B$6,2,TRUE()) -> 12 | L2: =IF(E2="Disetujui",D2,0)+IF(G2="Disetujui",F2,0)+IF(I2="Disetujui",H2,0) -> 2 | M2: =K2-L2 -> 10 | N2: =IF(M2>$R$3,M2-$R$3,0) -> 4 | O2: =IF(M2=0,"Habis",IF(M2<=$R$4,"Menipis",IF(N2>0,"Ada Hangus","Aman"))) -> Ada Hangus | Q2: Tanggal perhitungan | R2: 46387
A3: Citra Yulianto | B3: Gudang | C3: 42837 | D3: 1 | E3: Menunggu | F3: 7 | G3: Disetujui | H3: 4 | I3: Disetujui | J3: =DATEDIF(C3,$R$2,"Y") -> 9 | K3: =VLOOKUP(J3,Acuan!$A$2:$B$6,2,TRUE()) -> 16 | L3: =IF(E3="Disetujui",D3,0)+IF(G3="Disetujui",F3,0)+IF(I3="Disetujui",H3,0) -> 11 | M3: =K3-L3 -> 5 | N3: =IF(M3>$R$3,M3-$R$3,0) -> 0 | O3: =IF(M3=0,"Habis",IF(M3<=$R$4,"Menipis",IF(N3>0,"Ada Hangus","Aman"))) -> Aman | Q3: Maksimal dibawa | R3: 6 | S3: Sisa cuti paling banyak yang boleh dibawa ke tahun depan (hari)
A4: Intan Nugroho | B4: Produksi | C4: 45729 | D4: 0 | E4: - | F4: 2 | G4: Disetujui | H4: 4 | I4: Disetujui | J4: =DATEDIF(C4,$R$2,"Y") -> 1 | K4: =VLOOKUP(J4,Acuan!$A$2:$B$6,2,TRUE()) -> 12 | L4: =IF(E4="Disetujui",D4,0)+IF(G4="Disetujui",F4,0)+IF(I4="Disetujui",H4,0) -> 6 | M4: =K4-L4 -> 6 | N4: =IF(M4>$R$3,M4-$R$3,0) -> 0 | O4: =IF(M4=0,"Habis",IF(M4<=$R$4,"Menipis",IF(N4>0,"Ada Hangus","Aman"))) -> Aman | Q4: Batas menipis | R4: 3 | S4: Sisa paling banyak untuk status Menipis (hari)
A5: Galih Yulianto | B5: Pemasaran | C5: 44687 | D5: 0 | E5: - | F5: 4 | G5: Disetujui | H5: 3 | I5: Disetujui | J5: =DATEDIF(C5,$R$2,"Y") -> 4 | K5: =VLOOKUP(J5,Acuan!$A$2:$B$6,2,TRUE()) -> 14 | L5: =IF(E5="Disetujui",D5,0)+IF(G5="Disetujui",F5,0)+IF(I5="Disetujui",H5,0) -> 7 | M5: =K5-L5 -> 7 | N5: =IF(M5>$R$3,M5-$R$3,0) -> 1 | O5: =IF(M5=0,"Habis",IF(M5<=$R$4,"Menipis",IF(N5>0,"Ada Hangus","Aman"))) -> Ada Hangus
A6: Eka Fauzi | B6: Gudang | C6: 46151 | D6: 1 | E6: Disetujui | F6: 2 | G6: Disetujui | H6: 1 | I6: Ditolak | J6: =DATEDIF(C6,$R$2,"Y") -> 0 | K6: =VLOOKUP(J6,Acuan!$A$2:$B$6,2,TRUE()) -> 6 | L6: =IF(E6="Disetujui",D6,0)+IF(G6="Disetujui",F6,0)+IF(I6="Disetujui",H6,0) -> 3 | M6: =K6-L6 -> 3 | N6: =IF(M6>$R$3,M6-$R$3,0) -> 0 | O6: =IF(M6=0,"Habis",IF(M6<=$R$4,"Menipis",IF(N6>0,"Ada Hangus","Aman"))) -> Menipis
A7: Fitri Anggraini | B7: Keuangan | C7: 44386 | D7: 3 | E7: Menunggu | F7: 7 | G7: Disetujui | H7: 3 | I7: Disetujui | J7: =DATEDIF(C7,$R$2,"Y") -> 5 | K7: =VLOOKUP(J7,Acuan!$A$2:$B$6,2,TRUE()) -> 14 | L7: =IF(E7="Disetujui",D7,0)+IF(G7="Disetujui",F7,0)+IF(I7="Disetujui",H7,0) -> 10 | M7: =K7-L7 -> 4 | N7: =IF(M7>$R$3,M7-$R$3,0) -> 0 | O7: =IF(M7=0,"Habis",IF(M7<=$R$4,"Menipis",IF(N7>0,"Ada Hangus","Aman"))) -> Aman
A8: Andi Permana | B8: Produksi | C8: 43977 | D8: 6 | E8: Disetujui | F8: 3 | G8: Menunggu | H8: 7 | I8: Disetujui | J8: =DATEDIF(C8,$R$2,"Y") -> 6 | K8: =VLOOKUP(J8,Acuan!$A$2:$B$6,2,TRUE()) -> 16 | L8: =IF(E8="Disetujui",D8,0)+IF(G8="Disetujui",F8,0)+IF(I8="Disetujui",H8,0) -> 13 | M8: =K8-L8 -> 3 | N8: =IF(M8>$R$3,M8-$R$3,0) -> 0 | O8: =IF(M8=0,"Habis",IF(M8<=$R$4,"Menipis",IF(N8>0,"Ada Hangus","Aman"))) -> Menipis
A9: Vina Firmansyah | B9: Produksi | C9: 43067 | D9: 0 | E9: - | F9: 7 | G9: Disetujui | H9: 7 | I9: Disetujui | J9: =DATEDIF(C9,$R$2,"Y") -> 9 | K9: =VLOOKUP(J9,Acuan!$A$2:$B$6,2,TRUE()) -> 16 | L9: =IF(E9="Disetujui",D9,0)+IF(G9="Disetujui",F9,0)+IF(I9="Disetujui",H9,0) -> 14 | M9: =K9-L9 -> 2 | N9: =IF(M9>$R$3,M9-$R$3,0) -> 0 | O9: =IF(M9=0,"Habis",IF(M9<=$R$4,"Menipis",IF(N9>0,"Ada Hangus","Aman"))) -> Menipis
A10: Galih Pangestu | B10: Pemasaran | C10: 44609 | D10: 1 | E10: Disetujui | F10: 2 | G10: Disetujui | H10: 2 | I10: Disetujui | J10: =DATEDIF(C10,$R$2,"Y") -> 4 | K10: =VLOOKUP(J10,Acuan!$A$2:$B$6,2,TRUE()) -> 14 | L10: =IF(E10="Disetujui",D10,0)+IF(G10="Disetujui",F10,0)+IF(I10="Disetujui",H10,0) -> 5 | M10: =K10-L10 -> 9 | N10: =IF(M10>$R$3,M10-$R$3,0) -> 3 | O10: =IF(M10=0,"Habis",IF(M10<=$R$4,"Menipis",IF(N10>0,"Ada Hangus","Aman"))) -> Ada Hangus
A11: Yoga Handayani | B11: Gudang | C11: 43284 | D11: 0 | E11: - | F11: 4 | G11: Disetujui | H11: 0 | I11: - | J11: =DATEDIF(C11,$R$2,"Y") -> 8 | K11: =VLOOKUP(J11,Acuan!$A$2:$B$6,2,TRUE()) -> 16 | L11: =IF(E11="Disetujui",D11,0)+IF(G11="Disetujui",F11,0)+IF(I11="Disetujui",H11,0) -> 4 | M11: =K11-L11 -> 12 | N11: =IF(M11>$R$3,M11-$R$3,0) -> 6 | O11: =IF(M11=0,"Habis",IF(M11<=$R$4,"Menipis",IF(N11>0,"Ada Hangus","Aman"))) -> Ada Hangus
A12: Hesti Handayani | B12: Produksi | C12: 46262 | D12: 4 | E12: Ditolak | F12: 0 | G12: - | H12: 4 | I12: Menunggu | J12: =DATEDIF(C12,$R$2,"Y") -> 0 | K12: =VLOOKUP(J12,Acuan!$A$2:$B$6,2,TRUE()) -> 6 | L12: =IF(E12="Disetujui",D12,0)+IF(G12="Disetujui",F12,0)+IF(I12="Disetujui",H12,0) -> 0 | M12: =K12-L12 -> 6 | N12: =IF(M12>$R$3,M12-$R$3,0) -> 0 | O12: =IF(M12=0,"Habis",IF(M12<=$R$4,"Menipis",IF(N12>0,"Ada Hangus","Aman"))) -> Aman
A13: Fajar Firmansyah | B13: Produksi | C13: 41814 | D13: 4 | E13: Disetujui | F13: 6 | G13: Disetujui | H13: 7 | I13: Disetujui | J13: =DATEDIF(C13,$R$2,"Y") -> 12 | K13: =VLOOKUP(J13,Acuan!$A$2:$B$6,2,TRUE()) -> 18 | L13: =IF(E13="Disetujui",D13,0)+IF(G13="Disetujui",F13,0)+IF(I13="Disetujui",H13,0) -> 17 | M13: =K13-L13 -> 1 | N13: =IF(M13>$R$3,M13-$R$3,0) -> 0 | O13: =IF(M13=0,"Habis",IF(M13<=$R$4,"Menipis",IF(N13>0,"Ada Hangus","Aman"))) -> Menipis
A14: Jihan Firmansyah | B14: Keuangan | C14: 42578 | D14: 6 | E14: Disetujui | F14: 5 | G14: Disetujui | H14: 0 | I14: - | J14: =DATEDIF(C14,$R$2,"Y") -> 10 | K14: =VLOOKUP(J14,Acuan!$A$2:$B$6,2,TRUE()) -> 18 | L14: =IF(E14="Disetujui",D14,0)+IF(G14="Disetujui",F14,0)+IF(I14="Disetujui",H14,0) -> 11 | M14: =K14-L14 -> 7 | N14: =IF(M14>$R$3,M14-$R$3,0) -> 1 | O14: =IF(M14=0,"Habis",IF(M14<=$R$4,"Menipis",IF(N14>0,"Ada Hangus","Aman"))) -> Ada Hangus
A15: Budi Anggraini | B15: Gudang | C15: 43643 | D15: 3 | E15: Disetujui | F15: 6 | G15: Disetujui | H15: 3 | I15: Disetujui | J15: =DATEDIF(C15,$R$2,"Y") -> 7 | K15: =VLOOKUP(J15,Acuan!$A$2:$B$6,2,TRUE()) -> 16 | L15: =IF(E15="Disetujui",D15,0)+IF(G15="Disetujui",F15,0)+IF(I15="Disetujui",H15,0) -> 12 | M15: =K15-L15 -> 4 | N15: =IF(M15>$R$3,M15-$R$3,0) -> 0 | O15: =IF(M15=0,"Habis",IF(M15<=$R$4,"Menipis",IF(N15>0,"Ada Hangus","Aman"))) -> Aman
A16: Putri Purnomo | B16: Personalia | C16: 43804 | D16: 4 | E16: Disetujui | F16: 5 | G16: Disetujui | H16: 7 | I16: Disetujui | J16: =DATEDIF(C16,$R$2,"Y") -> 7 | K16: =VLOOKUP(J16,Acuan!$A$2:$B$6,2,TRUE()) -> 16 | L16: =IF(E16="Disetujui",D16,0)+IF(G16="Disetujui",F16,0)+IF(I16="Disetujui",H16,0) -> 16 | M16: =K16-L16 -> 0 | N16: =IF(M16>$R$3,M16-$R$3,0) -> 0 | O16: =IF(M16=0,"Habis",IF(M16<=$R$4,"Menipis",IF(N16>0,"Ada Hangus","Aman"))) -> Habis
... A29: Dimas Saputra | B29: Pemasaran | C29: 45857 | D29: 4 | E29: Ditolak | F29: 6 | G29: Disetujui | H29: 6 | I29: Disetujui | J29: =DATEDIF(C29,$R$2,"Y") -> 1 | K29: =VLOOKUP(J29,Acuan!$A$2:$B$6,2,TRUE()) -> 12 | L29: =IF(E29="Disetujui",D29,0)+IF(G29="Disetujui",F29,0)+IF(I29="Disetujui",H29,0) -> 12 | M29: =K29-L29 -> 0 | N29: =IF(M29>$R$3,M29-$R$3,0) -> 0 | O29: =IF(M29=0,"Habis",IF(M29<=$R$4,"Menipis",IF(N29>0,"Ada Hangus","Aman"))) -> Habis

Sheet Acuan
A1: Masa Kerja Minimal | B1: Hak Cuti | C1: Jumlah Karyawan | D1: Total Sisa
A2: 0 | B2: 6 | C2: =COUNTIF(Data!$K$2:$K$29,B2) -> 4 | D2: =SUMIF(Data!$K$2:$K$29,B2,Data!$M$2:$M$29) -> 21
A3: 1 | B3: 12 | C3: =COUNTIF(Data!$K$2:$K$29,B3) -> 5 | D3: =SUMIF(Data!$K$2:$K$29,B3,Data!$M$2:$M$29) -> 18
A4: 3 | B4: 14 | C4: =COUNTIF(Data!$K$2:$K$29,B4) -> 6 | D4: =SUMIF(Data!$K$2:$K$29,B4,Data!$M$2:$M$29) -> 29
A5: 6 | B5: 16 | C5: =COUNTIF(Data!$K$2:$K$29,B5) -> 8 | D5: =SUMIF(Data!$K$2:$K$29,B5,Data!$M$2:$M$29) -> 42
A6: 10 | B6: 18 | C6: =COUNTIF(Data!$K$2:$K$29,B6) -> 5 | D6: =SUMIF(Data!$K$2:$K$29,B6,Data!$M$2:$M$29) -> 32

Sheet Ringkasan
A1: Ringkasan: lembar jawaban soal berjenis ringkasan
A2: Sel hijau berisi rumus kunci.
A3: No | B3: Pertanyaan | C3: Jawaban | D3: Contoh format hasil
A4: 9a | B4: Total hak cuti | C4: =SUM(Data!$K$2:$K$29) -> 386 | D4: Angka bulat, mis. 350
A5: 9b | B5: Total cuti terpakai | C5: =SUM(Data!$L$2:$L$29) -> 244 | D5: Angka bulat, mis. 120
A6: 9c | B6: Total saldo hangus | C6: =SUM(Data!$N$2:$N$29) -> 30 | D6: Angka bulat, mis. 25
A7: 10a | B7: Karyawan Habis | C7: =COUNTIF(Data!$O$2:$O$29,"Habis") -> 4 | D7: Angka bulat, mis. 3
A8: 10b | B8: Karyawan Menipis | C8: =COUNTIF(Data!$O$2:$O$29,"Menipis") -> 6 | D8: Angka bulat, mis. 7
A9: 10c | B9: Karyawan Ada Hangus | C9: =COUNTIF(Data!$O$2:$O$29,"Ada Hangus") -> 9 | D9: Angka bulat, mis. 8
A10: 10d | B10: Karyawan Aman | C10: =COUNTIF(Data!$O$2:$O$29,"Aman") -> 9 | D10: Angka bulat, mis. 5
A11: 11a | B11: Karyawan cuti terpakai terbanyak | C11: =INDEX(Data!$A$2:$A$29,MATCH(MAX(Data!$L$2:$L$29),Data!$L$2:$L$29,0)) -> Fajar Firmansyah | D11: Teks: nama karyawan
A12: 11b | B12: Karyawan sisa cuti terbanyak | C12: =INDEX(Data!$A$2:$A$29,MATCH(MAX(Data!$M$2:$M$29),Data!$M$2:$M$29,0)) -> Edi Sari | D12: Teks: nama karyawan
A13: 11c | B13: Hak cuti terbesar | C13: =MAX(Acuan!$B$2:$B$6) -> 18 | D13: Angka bulat, mis. 20
A14: 12a | B14: Rata-rata sisa cuti Produksi | C14: =AVERAGEIF(Data!$B$2:$B$29,"Produksi",Data!$M$2:$M$29) -> 4.75 | D14: Angka desimal, mis. 6,5
A15: 12b | B15: Karyawan Gudang Ada Hangus | C15: =COUNTIFS(Data!$B$2:$B$29,"Gudang",Data!$O$2:$O$29,"Ada Hangus") -> 3 | D15: Angka bulat, mis. 2
A16: 13a | B16: Karyawan masa kerja minimal 5 tahun tanpa Ditolak | C16: =SUMPRODUCT((Data!$J$2:$J$29>=5)*(Data!$E$2:$E$29<>"Ditolak")*(Data!$G$2:$G$29<>"Ditolak")*(Data!$I$2:$I$29<>"Ditolak")) -> 15 | D16: Angka bulat, mis. 6
A17: 13b | B17: Total pengajuan Menunggu | C17: =COUNTIF(Data!$E$2:$E$29,"Menunggu")+COUNTIF(Data!$G$2:$G$29,"Menunggu")+COUNTIF(Data!$I$2:$I$29,"Menunggu") -> 10 | D17: Angka bulat, mis. 9
