Workbook

Sheet Petunjuk
A1: Kunci Jawaban: Anggaran dan Realisasi Biaya
A2: Latihan 17 dari 104 | Tingkat: Pemula | Perkiraan waktu: 40 menit | pushexcel.github.io/Pushexcel
A4: Skenario
A5: Kamu staf keuangan di PT Mitra Andalan. Akhir tahun, atasan meminta laporan anggaran biaya dibandingkan realisasinya untuk 24 pos di empat departemen. Pos yang realisasinya melebihi anggaran harus dilaporkan, dan pos yang sudah mencapai 90 persen anggaran diberi peringatan.
A7: Cara memakai kunci
A8: 1. | B8: Sel hijau berisi rumus kunci yang sudah dihitung. Klik sel untuk melihat rumusnya.
A9: 2. | B9: Kolom Rumus kunci di bawah menampilkan rumus untuk baris pertama atau tiap sel jawaban.
A10: 3. | B10: Rumus ditulis dengan titik koma (;). Ganti dengan koma (,) bila Excel kamu berbahasa Inggris.
A11: 4. | B11: Jawaban lain yang benar secara logika juga boleh, selama hasilnya sama.
A13: Arti warna
B14: Judul kolom data yang sudah diberikan
B15: Judul kolom hasil hitung
B16: Sel berisi rumus kunci
B17: Angka berwarna biru pada blok Parameter = nilai tetap yang boleh dirujuk
A19: Daftar soal
A20: No | B20: Soal | C20: Jawab di | D20: Rumus kunci
A21: 1 | B21: Hitung sisa anggaran: anggaran dikurangi realisasi. Hasil negatif berarti anggaran terlampaui. | C21: Sheet Data, kolom G (Sisa Anggaran), baris 2 sampai 25 | D21: =E2-F2
A22: 2 | B22: Hitung persentase realisasi terhadap anggaran. | C22: Sheet Data, kolom H (Realisasi (%)), baris 2 sampai 25 | D22: =F2/E2
A23: 3 | B23: Beri status Melebihi bila realisasi di atas 100 persen, Hampir Habis bila mencapai batas peringatan, selain itu Aman. | C23: Sheet Data, kolom I (Status), baris 2 sampai 25 | D23: =IF(H2>1;"Melebihi";IF(H2>=$L$2;"Hampir Habis";"Aman"))
A24: 4 | B24: Berapa total anggaran dan total realisasi seluruh pos? | C24: Sheet Ringkasan, sel C4 sampai C5 | D24: =SUM(Data!$E$2:$E$25) =SUM(Data!$F$2:$F$25)
A25: 5 | B25: Berapa persen realisasi keseluruhan terhadap total anggaran? | C25: Sheet Ringkasan, sel C6 | D25: =SUM(Data!$F$2:$F$25)/SUM(Data!$E$2:$E$25)
A26: 6 | B26: Berapa pos yang Melebihi anggaran, dan berapa yang Hampir Habis? | C26: Sheet Ringkasan, sel C7 sampai C8 | D26: =COUNTIF(Data!$I$2:$I$25;"Melebihi") =COUNTIF(Data!$I$2:$I$25;"Hampir Habis")
A27: 7 | B27: Berapa total kelebihan anggaran dari semua pos yang terlampaui? (tulis sebagai angka positif) | C27: Sheet Ringkasan, sel C9 | D27: =-SUMIF(Data!$G$2:$G$25;"<0")
A28: 8 | B28: Pada sheet Acuan, hitung total anggaran tiap departemen. | C28: Sheet Acuan, kolom B (Total Anggaran), baris 2 sampai 5 | D28: =SUMIF(Data!$D$2:$D$25;A2;Data!$E$2:$E$25)
A29: 9 | B29: Pada sheet Acuan, hitung total realisasi tiap departemen. | C29: Sheet Acuan, kolom C (Total Realisasi), baris 2 sampai 5 | D29: =SUMIF(Data!$D$2:$D$25;A2;Data!$F$2:$F$25)
A30: 10 | B30: Pada sheet Acuan, hitung persentase realisasi tiap departemen. | C30: Sheet Acuan, kolom D (Realisasi (%)), baris 2 sampai 5 | D30: =C2/B2
A31: 11 | B31: Departemen mana yang persentase realisasinya paling tinggi? | C31: Sheet Ringkasan, sel C10 | D31: =INDEX(Acuan!$A$2:$A$5;MATCH(MAX(Acuan!$D$2:$D$5);Acuan!$D$2:$D$5;0))

Sheet Data
A1: No | B1: Kode | C1: Pos Biaya | D1: Departemen | E1: Anggaran | F1: Realisasi | G1: Sisa Anggaran | H1: Realisasi (%) | I1: Status | K1: Parameter | L1: Nilai | M1: Keterangan
A2: 1 | B2: B-01 | C2: Kemasan | D2: Produksi | E2: 48500000 | F2: 35000000 | G2: =E2-F2 -> 13500000 | H2: =F2/E2 -> 0.72164948 | I2: =IF(H2>1,"Melebihi",IF(H2>=$L$2,"Hampir Habis","Aman")) -> Aman | K2: Batas peringatan | L2: 0.9 | M2: Realisasi sama dengan atau di atas persen ini dari anggaran = Hampir Habis
A3: 2 | B3: B-02 | C3: Asuransi | D3: Keuangan | E3: 42000000 | F3: 37200000 | G3: =E3-F3 -> 4800000 | H3: =F3/E3 -> 0.88571429 | I3: =IF(H3>1,"Melebihi",IF(H3>=$L$2,"Hampir Habis","Aman")) -> Aman
A4: 3 | B4: B-03 | C4: Pameran dagang | D4: Pemasaran | E4: 37000000 | F4: 35100000 | G4: =E4-F4 -> 1900000 | H4: =F4/E4 -> 0.94864865 | I4: =IF(H4>1,"Melebihi",IF(H4>=$L$2,"Hampir Habis","Aman")) -> Hampir Habis
A5: 4 | B5: B-04 | C5: Iklan digital | D5: Pemasaran | E5: 8500000 | F5: 8700000 | G5: =E5-F5 -> -200000 | H5: =F5/E5 -> 1.0235294 | I5: =IF(H5>1,"Melebihi",IF(H5>=$L$2,"Hampir Habis","Aman")) -> Melebihi
A6: 5 | B6: B-05 | C6: Sampel produk | D6: Pemasaran | E6: 25000000 | F6: 23900000 | G6: =E6-F6 -> 1100000 | H6: =F6/E6 -> 0.956 | I6: =IF(H6>1,"Melebihi",IF(H6>=$L$2,"Hampir Habis","Aman")) -> Hampir Habis
A7: 6 | B7: B-06 | C7: Konsumsi rapat | D7: Umum | E7: 37500000 | F7: 44900000 | G7: =E7-F7 -> -7400000 | H7: =F7/E7 -> 1.1973333 | I7: =IF(H7>1,"Melebihi",IF(H7>=$L$2,"Hampir Habis","Aman")) -> Melebihi
A8: 7 | B8: B-07 | C8: Kebersihan kantor | D8: Umum | E8: 39000000 | F8: 37000000 | G8: =E8-F8 -> 2000000 | H8: =F8/E8 -> 0.94871795 | I8: =IF(H8>1,"Melebihi",IF(H8>=$L$2,"Hampir Habis","Aman")) -> Hampir Habis
A9: 8 | B9: B-08 | C9: Bahan baku | D9: Produksi | E9: 14000000 | F9: 15000000 | G9: =E9-F9 -> -1000000 | H9: =F9/E9 -> 1.0714286 | I9: =IF(H9>1,"Melebihi",IF(H9>=$L$2,"Hampir Habis","Aman")) -> Melebihi
A10: 9 | B10: B-09 | C10: Jasa audit | D10: Keuangan | E10: 41500000 | F10: 38000000 | G10: =E10-F10 -> 3500000 | H10: =F10/E10 -> 0.91566265 | I10: =IF(H10>1,"Melebihi",IF(H10>=$L$2,"Hampir Habis","Aman")) -> Hampir Habis
A11: 10 | B11: B-10 | C11: Transportasi sales | D11: Pemasaran | E11: 56000000 | F11: 63900000 | G11: =E11-F11 -> -7900000 | H11: =F11/E11 -> 1.1410714 | I11: =IF(H11>1,"Melebihi",IF(H11>=$L$2,"Hampir Habis","Aman")) -> Melebihi
A12: 11 | B12: B-11 | C12: Perlengkapan kantor | D12: Umum | E12: 38000000 | F12: 45300000 | G12: =E12-F12 -> -7300000 | H12: =F12/E12 -> 1.1921053 | I12: =IF(H12>1,"Melebihi",IF(H12>=$L$2,"Hampir Habis","Aman")) -> Melebihi
A13: 12 | B13: B-12 | C13: Upah borongan | D13: Produksi | E13: 17500000 | F13: 16900000 | G13: =E13-F13 -> 600000 | H13: =F13/E13 -> 0.96571429 | I13: =IF(H13>1,"Melebihi",IF(H13>=$L$2,"Hampir Habis","Aman")) -> Hampir Habis
A14: 13 | B14: B-13 | C14: Brosur dan spanduk | D14: Pemasaran | E14: 29000000 | F14: 22300000 | G14: =E14-F14 -> 6700000 | H14: =F14/E14 -> 0.76896552 | I14: =IF(H14>1,"Melebihi",IF(H14>=$L$2,"Hampir Habis","Aman")) -> Aman
... A25: 24 | B25: B-24 | C25: Pelatihan staf | D25: Keuangan | E25: 45500000 | F25: 41200000 | G25: =E25-F25 -> 4300000 | H25: =F25/E25 -> 0.90549451 | I25: =IF(H25>1,"Melebihi",IF(H25>=$L$2,"Hampir Habis","Aman")) -> Hampir Habis

Sheet Acuan
A1: Departemen | B1: Total Anggaran | C1: Total Realisasi | D1: Realisasi (%)
A2: Umum | B2: =SUMIF(Data!$D$2:$D$25,A2,Data!$E$2:$E$25) -> 198000000 | C2: =SUMIF(Data!$D$2:$D$25,A2,Data!$F$2:$F$25) -> 184700000 | D2: =C2/B2 -> 0.93282828
A3: Pemasaran | B3: =SUMIF(Data!$D$2:$D$25,A3,Data!$E$2:$E$25) -> 187500000 | C3: =SUMIF(Data!$D$2:$D$25,A3,Data!$F$2:$F$25) -> 191500000 | D3: =C3/B3 -> 1.0213333
A4: Produksi | B4: =SUMIF(Data!$D$2:$D$25,A4,Data!$E$2:$E$25) -> 170500000 | C4: =SUMIF(Data!$D$2:$D$25,A4,Data!$F$2:$F$25) -> 141700000 | D4: =C4/B4 -> 0.83108504
A5: Keuangan | B5: =SUMIF(Data!$D$2:$D$25,A5,Data!$E$2:$E$25) -> 230000000 | C5: =SUMIF(Data!$D$2:$D$25,A5,Data!$F$2:$F$25) -> 197500000 | D5: =C5/B5 -> 0.85869565

Sheet Ringkasan
A1: Ringkasan: lembar jawaban soal berjenis ringkasan
A2: Sel hijau berisi rumus kunci.
A3: No | B3: Pertanyaan | C3: Jawaban | D3: Contoh format hasil
A4: 4a | B4: Total anggaran seluruh pos | C4: =SUM(Data!$E$2:$E$25) -> 786000000 | D4: Rupiah, mis. Rp 900.000.000
A5: 4b | B5: Total realisasi seluruh pos | C5: =SUM(Data!$F$2:$F$25) -> 715400000 | D5: Rupiah, mis. Rp 900.000.000
A6: 5 | B6: Realisasi keseluruhan (%) | C6: =SUM(Data!$F$2:$F$25)/SUM(Data!$E$2:$E$25) -> 0.91017812 | D6: Persen, mis. 86,3%
A7: 6a | B7: Jumlah pos yang melebihi anggaran | C7: =COUNTIF(Data!$I$2:$I$25,"Melebihi") -> 6 | D7: Angka bulat, mis. 5
A8: 6b | B8: Jumlah pos berstatus Hampir Habis | C8: =COUNTIF(Data!$I$2:$I$25,"Hampir Habis") -> 9 | D8: Angka bulat, mis. 5
A9: 7 | B9: Total kelebihan anggaran | C9: =-SUMIF(Data!$G$2:$G$25,"<0") -> 29400000 | D9: Rupiah, mis. Rp 12.000.000
A10: 11 | B10: Departemen dengan realisasi tertinggi | C10: =INDEX(Acuan!$A$2:$A$5,MATCH(MAX(Acuan!$D$2:$D$5),Acuan!$D$2:$D$5,0)) -> Pemasaran | D10: Teks: nama departemen
