Workbook

Sheet Petunjuk
A1: Kunci Jawaban: Hasil Pelatihan Karyawan: Kehadiran, Nilai, dan Sertifikat
A2: Latihan 82 dari 40 | Tingkat: Menengah | Perkiraan waktu: 50 menit | pushexcel.github.io/Pushexcel
A4: Skenario
A5: Kamu staf pengembangan SDM PT Bahari Nusantara yang merekap pelatihan internal untuk 30 karyawan dalam empat program. Setiap program berjumlah 8 sesi, dan setiap peserta punya jumlah sesi yang dihadiri, nilai pre-test, dan nilai post-test. Peserta dinyatakan Lulus bila nilai post-test sama dengan atau lebih dari nilai kelulusan 70. Sertifikat diberikan bila persen kehadiran minimal 75 persen dan peserta Lulus (semua angka ada di blok Parameter). Kamu juga mengelompokkan kenaikan nilai: Tidak Naik bila 0 atau negatif, Rendah bila di bawah 10 poin, Sedang bila di bawah 20 poin, dan Tinggi bila 20 poin atau lebih.
A7: Cara memakai kunci
A8: 1. | B8: Sel hijau berisi rumus kunci yang sudah dihitung. Klik sel untuk melihat rumusnya.
A9: 2. | B9: Kolom Rumus kunci di bawah menampilkan rumus untuk baris pertama atau tiap sel jawaban.
A10: 3. | B10: Rumus ditulis dengan titik koma (;). Ganti dengan koma (,) bila Excel kamu berbahasa Inggris.
A11: 4. | B11: Jawaban lain yang benar secara logika juga boleh, selama hasilnya sama.
A13: Arti warna
B14: Judul kolom data yang sudah diberikan
B15: Judul kolom hasil hitung
B16: Sel berisi rumus kunci
B17: Angka berwarna biru pada blok Parameter = nilai tetap yang boleh dirujuk
A19: Daftar soal
A20: No | B20: Soal | C20: Jawab di | D20: Rumus kunci
A21: 1 | B21: Hitung persen kehadiran: sesi dihadiri dibagi jumlah sesi. | C21: Sheet Data, kolom G (Persen Kehadiran), baris 2 sampai 31 | D21: =D2/$N$2
A22: 2 | B22: Hitung kenaikan nilai: nilai post-test dikurangi nilai pre-test. Boleh negatif. | C22: Sheet Data, kolom H (Kenaikan Nilai), baris 2 sampai 31 | D22: =F2-E2
A23: 3 | B23: Beri status Lulus bila nilai post-test sama dengan atau lebih dari nilai kelulusan, selain itu Remedial. | C23: Sheet Data, kolom I (Status Nilai), baris 2 sampai 31 | D23: =IF(F2>=$N$3;"Lulus";"Remedial")
A24: 4 | B24: Kelompokkan kenaikan nilai: Tidak Naik bila 0 atau negatif, Rendah bila di bawah 10, Sedang bila di bawah 20, selain itu Tinggi. | C24: Sheet Data, kolom J (Kategori Kenaikan), baris 2 sampai 31 | D24: =IF(H2<=0;"Tidak Naik";IF(H2<10;"Rendah";IF(H2<20;"Sedang";"Tinggi")))
A25: 5 | B25: Beri sertifikat (tulis Dapat) bila persen kehadiran minimal sama dengan batas kehadiran dan status nilai Lulus. Selain itu Tidak. | C25: Sheet Data, kolom K (Sertifikat), baris 2 sampai 31 | D25: =IF(AND(G2>=$N$4;I2="Lulus");"Dapat";"Tidak")
A26: 6 | B26: Pada sheet Acuan, hitung jumlah peserta tiap program. | C26: Sheet Acuan, kolom B (Jumlah Peserta), baris 2 sampai 5 | D26: =COUNTIF(Data!$C$2:$C$31;A2)
A27: 7 | B27: Pada sheet Acuan, hitung rata-rata kenaikan nilai tiap program. | C27: Sheet Acuan, kolom C (Rata-rata Kenaikan), baris 2 sampai 5 | D27: =AVERAGEIF(Data!$C$2:$C$31;A2;Data!$H$2:$H$31)
A28: 8 | B28: Pada sheet Acuan, hitung jumlah peserta yang mendapat sertifikat di tiap program. | C28: Sheet Acuan, kolom D (Jumlah Sertifikat), baris 2 sampai 5 | D28: =COUNTIFS(Data!$C$2:$C$31;A2;Data!$K$2:$K$31;"Dapat")
A29: 9 | B29: Berapa rata-rata nilai pre-test dan rata-rata nilai post-test seluruh peserta? | C29: Sheet Ringkasan, sel C4 sampai C5 | D29: =AVERAGE(Data!$E$2:$E$31) =AVERAGE(Data!$F$2:$F$31)
A30: 10 | B30: Berapa peserta yang Lulus, berapa yang mendapat sertifikat, dan berapa total sesi yang dihadiri seluruh peserta? | C30: Sheet Ringkasan, sel C6 sampai C8 | D30: =COUNTIF(Data!$I$2:$I$31;"Lulus") =COUNTIF(Data!$K$2:$K$31;"Dapat") =SUM(Data!$D$2:$D$31)
A31: 11 | B31: Siapa peserta dengan kenaikan nilai terbesar, dan siapa yang nilai post-testnya tertinggi? | C31: Sheet Ringkasan, sel C9 sampai C10 | D31: =INDEX(Data!$B$2:$B$31;MATCH(MAX(Data!$H$2:$H$31);Data!$H$2:$H$31;0)) =INDEX(Data!$B$2:$B$31;MATCH(MAX(Data!$F$2:$F$31);Data!$F$2:$F$31;0))
... A33: 13 | B33: Berapa peserta program Excel Dasar yang berkategori kenaikan Tinggi, dan berapa rata-rata persen kehadiran peserta yang Remedial? | C33: Sheet Ringkasan, sel C13 sampai C14 | D33: =COUNTIFS(Data!$C$2:$C$31;"Excel Dasar";Data!$J$2:$J$31;"Tinggi") =AVERAGEIF(Data!$I$2:$I$31;"Remedial";Data!$G$2:$G$31)

Sheet Data
A1: ID Peserta | B1: Nama Peserta | C1: Program | D1: Sesi Dihadiri | E1: Nilai Pre-test | F1: Nilai Post-test | G1: Persen Kehadiran | H1: Kenaikan Nilai | I1: Status Nilai | J1: Kategori Kenaikan | K1: Sertifikat | M1: Parameter | N1: Nilai | O1: Keterangan
A2: P-001 | B2: Hadi Amalia | C2: Layanan Pelanggan | D2: 4 | E2: 54 | F2: 76 | G2: =D2/$N$2 -> 0.5 | H2: =F2-E2 -> 22 | I2: =IF(F2>=$N$3,"Lulus","Remedial") -> Lulus | J2: =IF(H2<=0,"Tidak Naik",IF(H2<10,"Rendah",IF(H2<20,"Sedang","Tinggi"))) -> Tinggi | K2: =IF(AND(G2>=$N$4,I2="Lulus"),"Dapat","Tidak") -> Tidak | M2: Jumlah sesi | N2: 8 | O2: Jumlah sesi tiap program
A3: P-002 | B3: Oki Hartono | C3: Keselamatan Kerja | D3: 6 | E3: 50 | F3: 48 | G3: =D3/$N$2 -> 0.75 | H3: =F3-E3 -> -2 | I3: =IF(F3>=$N$3,"Lulus","Remedial") -> Remedial | J3: =IF(H3<=0,"Tidak Naik",IF(H3<10,"Rendah",IF(H3<20,"Sedang","Tinggi"))) -> Tidak Naik | K3: =IF(AND(G3>=$N$4,I3="Lulus"),"Dapat","Tidak") -> Tidak | M3: Nilai kelulusan | N3: 70 | O3: Post-test minimal untuk Lulus
A4: P-003 | B4: Irfan Suryani | C4: Excel Dasar | D4: 7 | E4: 38 | F4: 43 | G4: =D4/$N$2 -> 0.875 | H4: =F4-E4 -> 5 | I4: =IF(F4>=$N$3,"Lulus","Remedial") -> Remedial | J4: =IF(H4<=0,"Tidak Naik",IF(H4<10,"Rendah",IF(H4<20,"Sedang","Tinggi"))) -> Rendah | K4: =IF(AND(G4>=$N$4,I4="Lulus"),"Dapat","Tidak") -> Tidak | M4: Kehadiran minimal | N4: 0.75 | O4: Syarat sertifikat
A5: P-004 | B5: Farida Firmansyah | C5: Komunikasi Efektif | D5: 5 | E5: 61 | F5: 76 | G5: =D5/$N$2 -> 0.625 | H5: =F5-E5 -> 15 | I5: =IF(F5>=$N$3,"Lulus","Remedial") -> Lulus | J5: =IF(H5<=0,"Tidak Naik",IF(H5<10,"Rendah",IF(H5<20,"Sedang","Tinggi"))) -> Sedang | K5: =IF(AND(G5>=$N$4,I5="Lulus"),"Dapat","Tidak") -> Tidak
A6: P-005 | B6: Mulyadi Rahayu | C6: Layanan Pelanggan | D6: 7 | E6: 49 | F6: 61 | G6: =D6/$N$2 -> 0.875 | H6: =F6-E6 -> 12 | I6: =IF(F6>=$N$3,"Lulus","Remedial") -> Remedial | J6: =IF(H6<=0,"Tidak Naik",IF(H6<10,"Rendah",IF(H6<20,"Sedang","Tinggi"))) -> Sedang | K6: =IF(AND(G6>=$N$4,I6="Lulus"),"Dapat","Tidak") -> Tidak
A7: P-006 | B7: Ahmad Lestari | C7: Keselamatan Kerja | D7: 6 | E7: 52 | F7: 54 | G7: =D7/$N$2 -> 0.75 | H7: =F7-E7 -> 2 | I7: =IF(F7>=$N$3,"Lulus","Remedial") -> Remedial | J7: =IF(H7<=0,"Tidak Naik",IF(H7<10,"Rendah",IF(H7<20,"Sedang","Tinggi"))) -> Rendah | K7: =IF(AND(G7>=$N$4,I7="Lulus"),"Dapat","Tidak") -> Tidak
A8: P-007 | B8: Prasetyo Ramadhan | C8: Excel Dasar | D8: 6 | E8: 71 | F8: 69 | G8: =D8/$N$2 -> 0.75 | H8: =F8-E8 -> -2 | I8: =IF(F8>=$N$3,"Lulus","Remedial") -> Remedial | J8: =IF(H8<=0,"Tidak Naik",IF(H8<10,"Rendah",IF(H8<20,"Sedang","Tinggi"))) -> Tidak Naik | K8: =IF(AND(G8>=$N$4,I8="Lulus"),"Dapat","Tidak") -> Tidak
A9: P-008 | B9: Vina Suryani | C9: Komunikasi Efektif | D9: 7 | E9: 75 | F9: 71 | G9: =D9/$N$2 -> 0.875 | H9: =F9-E9 -> -4 | I9: =IF(F9>=$N$3,"Lulus","Remedial") -> Lulus | J9: =IF(H9<=0,"Tidak Naik",IF(H9<10,"Rendah",IF(H9<20,"Sedang","Tinggi"))) -> Tidak Naik | K9: =IF(AND(G9>=$N$4,I9="Lulus"),"Dapat","Tidak") -> Dapat
A10: P-009 | B10: Dewi Amalia | C10: Layanan Pelanggan | D10: 5 | E10: 49 | F10: 51 | G10: =D10/$N$2 -> 0.625 | H10: =F10-E10 -> 2 | I10: =IF(F10>=$N$3,"Lulus","Remedial") -> Remedial | J10: =IF(H10<=0,"Tidak Naik",IF(H10<10,"Rendah",IF(H10<20,"Sedang","Tinggi"))) -> Rendah | K10: =IF(AND(G10>=$N$4,I10="Lulus"),"Dapat","Tidak") -> Tidak
A11: P-010 | B11: Tika Saputra | C11: Keselamatan Kerja | D11: 6 | E11: 65 | F11: 73 | G11: =D11/$N$2 -> 0.75 | H11: =F11-E11 -> 8 | I11: =IF(F11>=$N$3,"Lulus","Remedial") -> Lulus | J11: =IF(H11<=0,"Tidak Naik",IF(H11<10,"Rendah",IF(H11<20,"Sedang","Tinggi"))) -> Rendah | K11: =IF(AND(G11>=$N$4,I11="Lulus"),"Dapat","Tidak") -> Dapat
A12: P-011 | B12: Vivi Santoso | C12: Excel Dasar | D12: 8 | E12: 56 | F12: 56 | G12: =D12/$N$2 -> 1 | H12: =F12-E12 -> 0 | I12: =IF(F12>=$N$3,"Lulus","Remedial") -> Remedial | J12: =IF(H12<=0,"Tidak Naik",IF(H12<10,"Rendah",IF(H12<20,"Sedang","Tinggi"))) -> Tidak Naik | K12: =IF(AND(G12>=$N$4,I12="Lulus"),"Dapat","Tidak") -> Tidak
A13: P-012 | B13: Dewi Kurniawan | C13: Komunikasi Efektif | D13: 4 | E13: 53 | F13: 58 | G13: =D13/$N$2 -> 0.5 | H13: =F13-E13 -> 5 | I13: =IF(F13>=$N$3,"Lulus","Remedial") -> Remedial | J13: =IF(H13<=0,"Tidak Naik",IF(H13<10,"Rendah",IF(H13<20,"Sedang","Tinggi"))) -> Rendah | K13: =IF(AND(G13>=$N$4,I13="Lulus"),"Dapat","Tidak") -> Tidak
A14: P-013 | B14: Dian Sari | C14: Layanan Pelanggan | D14: 7 | E14: 55 | F14: 57 | G14: =D14/$N$2 -> 0.875 | H14: =F14-E14 -> 2 | I14: =IF(F14>=$N$3,"Lulus","Remedial") -> Remedial | J14: =IF(H14<=0,"Tidak Naik",IF(H14<10,"Rendah",IF(H14<20,"Sedang","Tinggi"))) -> Rendah | K14: =IF(AND(G14>=$N$4,I14="Lulus"),"Dapat","Tidak") -> Tidak
A15: P-014 | B15: Dewi Ramadhan | C15: Keselamatan Kerja | D15: 8 | E15: 72 | F15: 84 | G15: =D15/$N$2 -> 1 | H15: =F15-E15 -> 12 | I15: =IF(F15>=$N$3,"Lulus","Remedial") -> Lulus | J15: =IF(H15<=0,"Tidak Naik",IF(H15<10,"Rendah",IF(H15<20,"Sedang","Tinggi"))) -> Sedang | K15: =IF(AND(G15>=$N$4,I15="Lulus"),"Dapat","Tidak") -> Dapat
A16: P-015 | B16: Ayu Anggraini | C16: Excel Dasar | D16: 5 | E16: 44 | F16: 49 | G16: =D16/$N$2 -> 0.625 | H16: =F16-E16 -> 5 | I16: =IF(F16>=$N$3,"Lulus","Remedial") -> Remedial | J16: =IF(H16<=0,"Tidak Naik",IF(H16<10,"Rendah",IF(H16<20,"Sedang","Tinggi"))) -> Rendah | K16: =IF(AND(G16>=$N$4,I16="Lulus"),"Dapat","Tidak") -> Tidak
... A31: P-030 | B31: Citra Pangestu | C31: Layanan Pelanggan | D31: 8 | E31: 52 | F31: 54 | G31: =D31/$N$2 -> 1 | H31: =F31-E31 -> 2 | I31: =IF(F31>=$N$3,"Lulus","Remedial") -> Remedial | J31: =IF(H31<=0,"Tidak Naik",IF(H31<10,"Rendah",IF(H31<20,"Sedang","Tinggi"))) -> Rendah | K31: =IF(AND(G31>=$N$4,I31="Lulus"),"Dapat","Tidak") -> Tidak

Sheet Acuan
A1: Program | B1: Jumlah Peserta | C1: Rata-rata Kenaikan | D1: Jumlah Sertifikat
A2: Layanan Pelanggan | B2: =COUNTIF(Data!$C$2:$C$31,A2) -> 8 | C2: =AVERAGEIF(Data!$C$2:$C$31,A2,Data!$H$2:$H$31) -> 8.5 | D2: =COUNTIFS(Data!$C$2:$C$31,A2,Data!$K$2:$K$31,"Dapat") -> 2
A3: Keselamatan Kerja | B3: =COUNTIF(Data!$C$2:$C$31,A3) -> 7 | C3: =AVERAGEIF(Data!$C$2:$C$31,A3,Data!$H$2:$H$31) -> 3.2857143 | D3: =COUNTIFS(Data!$C$2:$C$31,A3,Data!$K$2:$K$31,"Dapat") -> 2
A4: Excel Dasar | B4: =COUNTIF(Data!$C$2:$C$31,A4) -> 8 | C4: =AVERAGEIF(Data!$C$2:$C$31,A4,Data!$H$2:$H$31) -> 8.125 | D4: =COUNTIFS(Data!$C$2:$C$31,A4,Data!$K$2:$K$31,"Dapat") -> 4
A5: Komunikasi Efektif | B5: =COUNTIF(Data!$C$2:$C$31,A5) -> 7 | C5: =AVERAGEIF(Data!$C$2:$C$31,A5,Data!$H$2:$H$31) -> 9.1428571 | D5: =COUNTIFS(Data!$C$2:$C$31,A5,Data!$K$2:$K$31,"Dapat") -> 2

Sheet Ringkasan
A1: Ringkasan: lembar jawaban soal berjenis ringkasan
A2: Sel hijau berisi rumus kunci.
A3: No | B3: Pertanyaan | C3: Jawaban | D3: Contoh format hasil
A4: 9a | B4: Rata-rata nilai pre-test | C4: =AVERAGE(Data!$E$2:$E$31) -> 57.4 | D4: Angka desimal, mis. 55,5
A5: 9b | B5: Rata-rata nilai post-test | C5: =AVERAGE(Data!$F$2:$F$31) -> 64.733333 | D5: Angka desimal, mis. 72,5
A6: 10a | B6: Peserta Lulus | C6: =COUNTIF(Data!$I$2:$I$31,"Lulus") -> 13 | D6: Angka bulat, mis. 15
A7: 10b | B7: Peserta yang mendapat sertifikat | C7: =COUNTIF(Data!$K$2:$K$31,"Dapat") -> 10 | D7: Angka bulat, mis. 11
A8: 10c | B8: Total sesi dihadiri | C8: =SUM(Data!$D$2:$D$31) -> 195 | D8: Angka bulat, mis. 180
A9: 11a | B9: Peserta dengan kenaikan nilai terbesar | C9: =INDEX(Data!$B$2:$B$31,MATCH(MAX(Data!$H$2:$H$31),Data!$H$2:$H$31,0)) -> Wawan Firmansyah | D9: Teks: nama peserta
A10: 11b | B10: Peserta dengan post-test tertinggi | C10: =INDEX(Data!$B$2:$B$31,MATCH(MAX(Data!$F$2:$F$31),Data!$F$2:$F$31,0)) -> Wawan Firmansyah | D10: Teks: nama peserta
A11: 12a | B11: Program dengan sertifikat terbanyak | C11: =INDEX(Acuan!$A$2:$A$5,MATCH(MAX(Acuan!$D$2:$D$5),Acuan!$D$2:$D$5,0)) -> Excel Dasar | D11: Teks: nama program
A12: 12b | B12: Kenaikan nilai terkecil | C12: =MIN(Data!$H$2:$H$31) -> -4 | D12: Angka bulat, selisih poin (boleh negatif)
A13: 13a | B13: Peserta Excel Dasar dengan kenaikan Tinggi | C13: =COUNTIFS(Data!$C$2:$C$31,"Excel Dasar",Data!$J$2:$J$31,"Tinggi") -> 1 | D13: Angka bulat, mis. 3
A14: 13b | B14: Rata-rata kehadiran peserta Remedial | C14: =AVERAGEIF(Data!$I$2:$I$31,"Remedial",Data!$G$2:$G$31) -> 0.82352941 | D14: Persen, mis. 70,5%
