Workbook

Sheet Petunjuk
A1: Kunci Jawaban: Daftar Harga Jual dan Margin Produk Toko
A2: Latihan 35 dari 56 | Tingkat: Menengah | Perkiraan waktu: 50 menit | pushexcel.github.io/Pushexcel
A4: Skenario
A5: Kamu admin Toko Serba Ada Mandiri yang menyusun daftar harga baru. Harga jual = HPP ditambah margin target, lalu dibulatkan ke atas ke ratusan rupiah terdekat. Produk dikelompokkan berdasarkan harga jual: di bawah Rp 10.000 Murah, Rp 10.000 sampai di bawah Rp 50.000 Sedang, dan Rp 50.000 ke atas Mahal. Rekap kategori ada di sheet Acuan.
A7: Cara memakai kunci
A8: 1. | B8: Sel hijau berisi rumus kunci yang sudah dihitung. Klik sel untuk melihat rumusnya.
A9: 2. | B9: Kolom Rumus kunci di bawah menampilkan rumus untuk baris pertama atau tiap sel jawaban.
A10: 3. | B10: Rumus ditulis dengan titik koma (;). Ganti dengan koma (,) bila Excel kamu berbahasa Inggris.
A11: 4. | B11: Jawaban lain yang benar secara logika juga boleh, selama hasilnya sama.
A13: Arti warna
B14: Judul kolom data yang sudah diberikan
B15: Judul kolom hasil hitung
B16: Sel berisi rumus kunci
B17: Angka berwarna biru pada blok Parameter = nilai tetap yang boleh dirujuk
A19: Daftar soal
A20: No | B20: Soal | C20: Jawab di | D20: Rumus kunci
A21: 1 | B21: Hitung harga jual: HPP dikali (1 + margin target), dibulatkan ke atas ke ratusan rupiah. | C21: Sheet Data, kolom G (Harga Jual), baris 2 sampai 33 | D21: =ROUNDUP(D2*(1+E2);-2)
A22: 2 | B22: Hitung laba per unit: harga jual dikurangi HPP. | C22: Sheet Data, kolom H (Laba per Unit), baris 2 sampai 33 | D22: =G2-D2
A23: 3 | B23: Hitung margin aktual: laba per unit dibagi HPP. Hasilnya bisa sedikit di atas margin target karena pembulatan. | C23: Sheet Data, kolom I (Margin Aktual), baris 2 sampai 33 | D23: =H2/D2
A24: 4 | B24: Hitung nilai stok pada harga pokok: HPP dikali stok. | C24: Sheet Data, kolom J (Nilai Stok), baris 2 sampai 33 | D24: =D2*F2
A25: 5 | B25: Tentukan kelompok harga berdasarkan harga jual: batas mahal ke atas Mahal, batas sedang ke atas Sedang, selain itu Murah. | C25: Sheet Data, kolom K (Kelompok Harga), baris 2 sampai 33 | D25: =IF(G2>=$N$3;"Mahal";IF(G2>=$N$2;"Sedang";"Murah"))
A26: 6 | B26: Pada sheet Acuan, hitung jumlah produk tiap kategori. | C26: Sheet Acuan, kolom B (Jumlah Produk), baris 2 sampai 6 | D26: =COUNTIF(Data!$C$2:$C$33;A2)
A27: 7 | B27: Pada sheet Acuan, hitung total nilai stok tiap kategori. | C27: Sheet Acuan, kolom C (Total Nilai Stok), baris 2 sampai 6 | D27: =SUMIF(Data!$C$2:$C$33;A2;Data!$J$2:$J$33)
A28: 8 | B28: Pada sheet Acuan, hitung rata-rata margin aktual tiap kategori. | C28: Sheet Acuan, kolom D (Rata-rata Margin), baris 2 sampai 6 | D28: =AVERAGEIF(Data!$C$2:$C$33;A2;Data!$I$2:$I$33)
A29: 9 | B29: Berapa total nilai stok seluruh produk, dan berapa total laba bila seluruh stok terjual (laba per unit dikali stok)? | C29: Sheet Ringkasan, sel C4 sampai C5 | D29: =SUM(Data!$J$2:$J$33) =SUMPRODUCT(Data!$H$2:$H$33;Data!$F$2:$F$33)
A30: 10 | B30: Berapa produk yang berkelompok Murah, Sedang, dan Mahal? | C30: Sheet Ringkasan, sel C6 sampai C8 | D30: =COUNTIF(Data!$K$2:$K$33;"Murah") =COUNTIF(Data!$K$2:$K$33;"Sedang") =COUNTIF(Data!$K$2:$K$33;"Mahal")
A31: 11 | B31: Produk apa yang laba per unitnya paling besar, dan produk apa yang margin aktualnya paling kecil? | C31: Sheet Ringkasan, sel C9 sampai C10 | D31: =INDEX(Data!$B$2:$B$33;MATCH(MAX(Data!$H$2:$H$33);Data!$H$2:$H$33;0)) =INDEX(Data!$B$2:$B$33;MATCH(MIN(Data!$I$2:$I$33);Data!$I$2:$I$33;0))
A32: 12 | B32: Kategori mana yang nilai stoknya terbesar, dan berapa produk yang stoknya kurang dari 15 unit? | C32: Sheet Ringkasan, sel C11 sampai C12 | D32: =INDEX(Acuan!$A$2:$A$6;MATCH(MAX(Acuan!$C$2:$C$6);Acuan!$C$2:$C$6;0)) =COUNTIF(Data!$F$2:$F$33;"<15")

Sheet Data
A1: Kode | B1: Nama Produk | C1: Kategori | D1: HPP | E1: Margin Target | F1: Stok | G1: Harga Jual | H1: Laba per Unit | I1: Margin Aktual | J1: Nilai Stok | K1: Kelompok Harga | M1: Parameter | N1: Nilai | O1: Keterangan
A2: PRD-001 | B2: Mi Instan Goreng | C2: Makanan | D2: 2600 | E2: 0.3 | F2: 78 | G2: =ROUNDUP(D2*(1+E2),-2) -> 3400 | H2: =G2-D2 -> 800 | I2: =H2/D2 -> 0.30769231 | J2: =D2*F2 -> 202800 | K2: =IF(G2>=$N$3,"Mahal",IF(G2>=$N$2,"Sedang","Murah")) -> Murah | M2: Batas harga sedang | N2: 10000 | O2: Harga jual sama dengan atau di atas ini = Sedang
A3: PRD-002 | B3: Biskuit Kelapa 300 g | C3: Makanan | D3: 9600 | E3: 0.15 | F3: 68 | G3: =ROUNDUP(D3*(1+E3),-2) -> 11100 | H3: =G3-D3 -> 1500 | I3: =H3/D3 -> 0.15625 | J3: =D3*F3 -> 652800 | K3: =IF(G3>=$N$3,"Mahal",IF(G3>=$N$2,"Sedang","Murah")) -> Sedang | M3: Batas harga mahal | N3: 50000 | O3: Harga jual sama dengan atau di atas ini = Mahal
A4: PRD-003 | B4: Keripik Singkong 250 g | C4: Makanan | D4: 8450 | E4: 0.15 | F4: 58 | G4: =ROUNDUP(D4*(1+E4),-2) -> 9800 | H4: =G4-D4 -> 1350 | I4: =H4/D4 -> 0.15976331 | J4: =D4*F4 -> 490100 | K4: =IF(G4>=$N$3,"Mahal",IF(G4>=$N$2,"Sedang","Murah")) -> Murah
A5: PRD-004 | B5: Roti Tawar | C5: Makanan | D5: 11700 | E5: 0.2 | F5: 37 | G5: =ROUNDUP(D5*(1+E5),-2) -> 14100 | H5: =G5-D5 -> 2400 | I5: =H5/D5 -> 0.20512821 | J5: =D5*F5 -> 432900 | K5: =IF(G5>=$N$3,"Mahal",IF(G5>=$N$2,"Sedang","Murah")) -> Sedang
A6: PRD-005 | B6: Beras Pandan 5 kg | C6: Makanan | D6: 61300 | E6: 0.15 | F6: 38 | G6: =ROUNDUP(D6*(1+E6),-2) -> 70500 | H6: =G6-D6 -> 9200 | I6: =H6/D6 -> 0.15008157 | J6: =D6*F6 -> 2329400 | K6: =IF(G6>=$N$3,"Mahal",IF(G6>=$N$2,"Sedang","Murah")) -> Mahal
A7: PRD-006 | B7: Minyak Goreng 1 L | C7: Makanan | D7: 16400 | E7: 0.25 | F7: 48 | G7: =ROUNDUP(D7*(1+E7),-2) -> 20500 | H7: =G7-D7 -> 4100 | I7: =H7/D7 -> 0.25 | J7: =D7*F7 -> 787200 | K7: =IF(G7>=$N$3,"Mahal",IF(G7>=$N$2,"Sedang","Murah")) -> Sedang
A8: PRD-007 | B8: Gula Pasir 1 kg | C8: Makanan | D8: 15300 | E8: 0.35 | F8: 45 | G8: =ROUNDUP(D8*(1+E8),-2) -> 20700 | H8: =G8-D8 -> 5400 | I8: =H8/D8 -> 0.35294118 | J8: =D8*F8 -> 688500 | K8: =IF(G8>=$N$3,"Mahal",IF(G8>=$N$2,"Sedang","Murah")) -> Sedang
A9: PRD-008 | B9: Telur Ayam 1 kg | C9: Makanan | D9: 27700 | E9: 0.3 | F9: 10 | G9: =ROUNDUP(D9*(1+E9),-2) -> 36100 | H9: =G9-D9 -> 8400 | I9: =H9/D9 -> 0.3032491 | J9: =D9*F9 -> 277000 | K9: =IF(G9>=$N$3,"Mahal",IF(G9>=$N$2,"Sedang","Murah")) -> Sedang
A10: PRD-009 | B10: Air Mineral 600 ml | C10: Minuman | D10: 2100 | E10: 0.25 | F10: 14 | G10: =ROUNDUP(D10*(1+E10),-2) -> 2700 | H10: =G10-D10 -> 600 | I10: =H10/D10 -> 0.28571429 | J10: =D10*F10 -> 29400 | K10: =IF(G10>=$N$3,"Mahal",IF(G10>=$N$2,"Sedang","Murah")) -> Murah
A11: PRD-010 | B11: Teh Botol 350 ml | C11: Minuman | D11: 4050 | E11: 0.35 | F11: 77 | G11: =ROUNDUP(D11*(1+E11),-2) -> 5500 | H11: =G11-D11 -> 1450 | I11: =H11/D11 -> 0.35802469 | J11: =D11*F11 -> 311850 | K11: =IF(G11>=$N$3,"Mahal",IF(G11>=$N$2,"Sedang","Murah")) -> Murah
A12: PRD-011 | B12: Kopi Sachet 10 pcs | C12: Minuman | D12: 13300 | E12: 0.15 | F12: 13 | G12: =ROUNDUP(D12*(1+E12),-2) -> 15300 | H12: =G12-D12 -> 2000 | I12: =H12/D12 -> 0.15037594 | J12: =D12*F12 -> 172900 | K12: =IF(G12>=$N$3,"Mahal",IF(G12>=$N$2,"Sedang","Murah")) -> Sedang
A13: PRD-012 | B13: Susu UHT 1 L | C13: Minuman | D13: 16700 | E13: 0.35 | F13: 40 | G13: =ROUNDUP(D13*(1+E13),-2) -> 22600 | H13: =G13-D13 -> 5900 | I13: =H13/D13 -> 0.35329341 | J13: =D13*F13 -> 668000 | K13: =IF(G13>=$N$3,"Mahal",IF(G13>=$N$2,"Sedang","Murah")) -> Sedang
A14: PRD-013 | B14: Jus Jambu 250 ml | C14: Minuman | D14: 4700 | E14: 0.25 | F14: 24 | G14: =ROUNDUP(D14*(1+E14),-2) -> 5900 | H14: =G14-D14 -> 1200 | I14: =H14/D14 -> 0.25531915 | J14: =D14*F14 -> 112800 | K14: =IF(G14>=$N$3,"Mahal",IF(G14>=$N$2,"Sedang","Murah")) -> Murah
A15: PRD-014 | B15: Sirup Markisa 450 ml | C15: Minuman | D15: 18600 | E15: 0.15 | F15: 30 | G15: =ROUNDUP(D15*(1+E15),-2) -> 21400 | H15: =G15-D15 -> 2800 | I15: =H15/D15 -> 0.15053763 | J15: =D15*F15 -> 558000 | K15: =IF(G15>=$N$3,"Mahal",IF(G15>=$N$2,"Sedang","Murah")) -> Sedang
... A33: PRD-032 | B33: Senter Isi Ulang | C33: Elektronik | D33: 48500 | E33: 0.2 | F33: 50 | G33: =ROUNDUP(D33*(1+E33),-2) -> 58200 | H33: =G33-D33 -> 9700 | I33: =H33/D33 -> 0.2 | J33: =D33*F33 -> 2425000 | K33: =IF(G33>=$N$3,"Mahal",IF(G33>=$N$2,"Sedang","Murah")) -> Mahal

Sheet Acuan
A1: Kategori | B1: Jumlah Produk | C1: Total Nilai Stok | D1: Rata-rata Margin
A2: Makanan | B2: =COUNTIF(Data!$C$2:$C$33,A2) -> 8 | C2: =SUMIF(Data!$C$2:$C$33,A2,Data!$J$2:$J$33) -> 5860700 | D2: =AVERAGEIF(Data!$C$2:$C$33,A2,Data!$I$2:$I$33) -> 0.23563821
A3: Minuman | B3: =COUNTIF(Data!$C$2:$C$33,A3) -> 7 | C3: =SUMIF(Data!$C$2:$C$33,A3,Data!$J$2:$J$33) -> 2076950 | D3: =AVERAGEIF(Data!$C$2:$C$33,A3,Data!$I$2:$I$33) -> 0.25250726
A4: Rumah Tangga | B4: =COUNTIF(Data!$C$2:$C$33,A4) -> 7 | C4: =SUMIF(Data!$C$2:$C$33,A4,Data!$J$2:$J$33) -> 6110500 | D4: =AVERAGEIF(Data!$C$2:$C$33,A4,Data!$I$2:$I$33) -> 0.26777984
A5: ATK | B5: =COUNTIF(Data!$C$2:$C$33,A5) -> 5 | C5: =SUMIF(Data!$C$2:$C$33,A5,Data!$J$2:$J$33) -> 2480100 | D5: =AVERAGEIF(Data!$C$2:$C$33,A5,Data!$I$2:$I$33) -> 0.27932824
A6: Elektronik | B6: =COUNTIF(Data!$C$2:$C$33,A6) -> 5 | C6: =SUMIF(Data!$C$2:$C$33,A6,Data!$J$2:$J$33) -> 7543800 | D6: =AVERAGEIF(Data!$C$2:$C$33,A6,Data!$I$2:$I$33) -> 0.27223831

Sheet Ringkasan
A1: Ringkasan: lembar jawaban soal berjenis ringkasan
A2: Sel hijau berisi rumus kunci.
A3: No | B3: Pertanyaan | C3: Jawaban | D3: Contoh format hasil
A4: 9a | B4: Total nilai stok seluruh produk | C4: =SUM(Data!$J$2:$J$33) -> 24072050 | D4: Rupiah, mis. Rp 20.000.000
A5: 9b | B5: Total laba bila seluruh stok terjual | C5: =SUMPRODUCT(Data!$H$2:$H$33,Data!$F$2:$F$33) -> 6231150 | D5: Rupiah, mis. Rp 5.000.000
A6: 10a | B6: Jumlah produk Murah | C6: =COUNTIF(Data!$K$2:$K$33,"Murah") -> 9 | D6: Angka bulat, mis. 7
A7: 10b | B7: Jumlah produk Sedang | C7: =COUNTIF(Data!$K$2:$K$33,"Sedang") -> 19 | D7: Angka bulat, mis. 14
A8: 10c | B8: Jumlah produk Mahal | C8: =COUNTIF(Data!$K$2:$K$33,"Mahal") -> 4 | D8: Angka bulat, mis. 6
A9: 11a | B9: Produk dengan laba per unit terbesar | C9: =INDEX(Data!$B$2:$B$33,MATCH(MAX(Data!$H$2:$H$33),Data!$H$2:$H$33,0)) -> Kabel Roll 5 m | D9: Teks: nama produk
A10: 11b | B10: Produk dengan margin aktual terkecil | C10: =INDEX(Data!$B$2:$B$33,MATCH(MIN(Data!$I$2:$I$33),Data!$I$2:$I$33,0)) -> Beras Pandan 5 kg | D10: Teks: nama produk
A11: 12a | B11: Kategori dengan nilai stok terbesar | C11: =INDEX(Acuan!$A$2:$A$6,MATCH(MAX(Acuan!$C$2:$C$6),Acuan!$C$2:$C$6,0)) -> Elektronik | D11: Teks: nama kategori
A12: 12b | B12: Jumlah produk dengan stok kurang dari 15 unit | C12: =COUNTIF(Data!$F$2:$F$33,"<15") -> 3 | D12: Angka bulat, mis. 5
