Workbook

Sheet Petunjuk
A1: Kunci Jawaban: Rekap Kehadiran dan Biaya Les Musik
A2: Latihan 65 dari 40 | Tingkat: Pemula | Perkiraan waktu: 35 menit | pushexcel.github.io/Pushexcel
A4: Skenario
A5: Kamu admin Sanggar Nada Ceria yang membuka les gitar, piano, vokal, drum, dan biola. Ada 28 peserta, masing-masing punya jumlah pertemuan terjadwal dan jumlah pertemuan yang dihadiri. Tarif per pertemuan berbeda tiap alat musik dan ada di sheet Acuan. Peserta hanya membayar pertemuan yang dihadiri. Status kehadiran: Rajin bila persen kehadiran sama dengan atau di atas 85 persen, Cukup bila sama dengan atau di atas 70 persen, selain itu Kurang (batasnya ada di blok Parameter).
A7: Cara memakai kunci
A8: 1. | B8: Sel hijau berisi rumus kunci yang sudah dihitung. Klik sel untuk melihat rumusnya.
A9: 2. | B9: Kolom Rumus kunci di bawah menampilkan rumus untuk baris pertama atau tiap sel jawaban.
A10: 3. | B10: Rumus ditulis dengan titik koma (;). Ganti dengan koma (,) bila Excel kamu berbahasa Inggris.
A11: 4. | B11: Jawaban lain yang benar secara logika juga boleh, selama hasilnya sama.
A13: Arti warna
B14: Judul kolom data yang sudah diberikan
B15: Judul kolom hasil hitung
B16: Sel berisi rumus kunci
B17: Angka berwarna biru pada blok Parameter = nilai tetap yang boleh dirujuk
A19: Daftar soal
A20: No | B20: Soal | C20: Jawab di | D20: Rumus kunci
A21: 1 | B21: Ambil tarif per pertemuan tiap peserta dari tabel tarif di sheet Acuan berdasarkan alat musiknya (pencocokan persis). | C21: Sheet Data, kolom E (Tarif per Pertemuan), baris 2 sampai 29 | D21: =VLOOKUP(B2;Acuan!$A$2:$B$6;2;FALSE)
A22: 2 | B22: Hitung persen kehadiran: pertemuan hadir dibagi pertemuan terjadwal. | C22: Sheet Data, kolom F (Persen Kehadiran), baris 2 sampai 29 | D22: =D2/C2
A23: 3 | B23: Hitung total biaya: jumlah pertemuan yang dihadiri dikali tarif per pertemuan. | C23: Sheet Data, kolom G (Total Biaya), baris 2 sampai 29 | D23: =D2*E2
A24: 4 | B24: Beri status: Rajin bila persen kehadiran sama dengan atau di atas batas rajin, Cukup bila sama dengan atau di atas batas cukup, selain itu Kurang. | C24: Sheet Data, kolom H (Status Kehadiran), baris 2 sampai 29 | D24: =IF(F2>=$K$2;"Rajin";IF(F2>=$K$3;"Cukup";"Kurang"))
A25: 5 | B25: Pada sheet Acuan, hitung jumlah peserta tiap alat musik. | C25: Sheet Acuan, kolom C (Jumlah Peserta), baris 2 sampai 6 | D25: =COUNTIF(Data!$B$2:$B$29;A2)
A26: 6 | B26: Pada sheet Acuan, hitung total pendapatan sanggar dari tiap alat musik. | C26: Sheet Acuan, kolom D (Total Pendapatan), baris 2 sampai 6 | D26: =SUMIF(Data!$B$2:$B$29;A2;Data!$G$2:$G$29)
A27: 7 | B27: Berapa jumlah peserta, dan berapa total pendapatan sanggar? | C27: Sheet Ringkasan, sel C4 sampai C5 | D27: =COUNTA(Data!$A$2:$A$29) =SUM(Data!$G$2:$G$29)
A28: 8 | B28: Berapa peserta yang berstatus Rajin, Cukup, dan Kurang? | C28: Sheet Ringkasan, sel C6 sampai C8 | D28: =COUNTIF(Data!$H$2:$H$29;"Rajin") =COUNTIF(Data!$H$2:$H$29;"Cukup") =COUNTIF(Data!$H$2:$H$29;"Kurang")
A29: 9 | B29: Berapa rata-rata persen kehadiran semua peserta, dan berapa total pertemuan yang dihadiri? | C29: Sheet Ringkasan, sel C9 sampai C10 | D29: =AVERAGE(Data!$F$2:$F$29) =SUM(Data!$D$2:$D$29)
A30: 10 | B30: Siapa peserta dengan total biaya terbesar, dan alat musik apa yang pendapatannya terbesar? | C30: Sheet Ringkasan, sel C11 sampai C12 | D30: =INDEX(Data!$A$2:$A$29;MATCH(MAX(Data!$G$2:$G$29);Data!$G$2:$G$29;0)) =INDEX(Acuan!$A$2:$A$6;MATCH(MAX(Acuan!$D$2:$D$6);Acuan!$D$2:$D$6;0))
A31: 11 | B31: Berapa total pendapatan dari peserta Gitar, dan berapa peserta Piano yang berstatus Rajin? | C31: Sheet Ringkasan, sel C13 sampai C14 | D31: =SUMIF(Data!$B$2:$B$29;"Gitar";Data!$G$2:$G$29) =COUNTIFS(Data!$B$2:$B$29;"Piano";Data!$H$2:$H$29;"Rajin")

Sheet Data
A1: Nama Peserta | B1: Alat Musik | C1: Pertemuan Terjadwal | D1: Pertemuan Hadir | E1: Tarif per Pertemuan | F1: Persen Kehadiran | G1: Total Biaya | H1: Status Kehadiran | J1: Parameter | K1: Nilai | L1: Keterangan
A2: Oki Sari | B2: Gitar | C2: 8 | D2: 6 | E2: =VLOOKUP(B2,Acuan!$A$2:$B$6,2,FALSE()) -> 60000 | F2: =D2/C2 -> 0.75 | G2: =D2*E2 -> 360000 | H2: =IF(F2>=$K$2,"Rajin",IF(F2>=$K$3,"Cukup","Kurang")) -> Cukup | J2: Batas rajin | K2: 0.85 | L2: Persen kehadiran minimal untuk status Rajin
A3: Indah Anggraini | B3: Piano | C3: 8 | D3: 7 | E3: =VLOOKUP(B3,Acuan!$A$2:$B$6,2,FALSE()) -> 75000 | F3: =D3/C3 -> 0.875 | G3: =D3*E3 -> 525000 | H3: =IF(F3>=$K$2,"Rajin",IF(F3>=$K$3,"Cukup","Kurang")) -> Rajin | J3: Batas cukup | K3: 0.7 | L3: Persen kehadiran minimal untuk status Cukup
A4: Budi Kurniawan | B4: Vokal | C4: 8 | D4: 8 | E4: =VLOOKUP(B4,Acuan!$A$2:$B$6,2,FALSE()) -> 55000 | F4: =D4/C4 -> 1 | G4: =D4*E4 -> 440000 | H4: =IF(F4>=$K$2,"Rajin",IF(F4>=$K$3,"Cukup","Kurang")) -> Rajin
A5: Intan Maharani | B5: Drum | C5: 8 | D5: 3 | E5: =VLOOKUP(B5,Acuan!$A$2:$B$6,2,FALSE()) -> 80000 | F5: =D5/C5 -> 0.375 | G5: =D5*E5 -> 240000 | H5: =IF(F5>=$K$2,"Rajin",IF(F5>=$K$3,"Cukup","Kurang")) -> Kurang
A6: Lina Rahayu | B6: Biola | C6: 8 | D6: 8 | E6: =VLOOKUP(B6,Acuan!$A$2:$B$6,2,FALSE()) -> 70000 | F6: =D6/C6 -> 1 | G6: =D6*E6 -> 560000 | H6: =IF(F6>=$K$2,"Rajin",IF(F6>=$K$3,"Cukup","Kurang")) -> Rajin
A7: Galih Rahayu | B7: Gitar | C7: 12 | D7: 12 | E7: =VLOOKUP(B7,Acuan!$A$2:$B$6,2,FALSE()) -> 60000 | F7: =D7/C7 -> 1 | G7: =D7*E7 -> 720000 | H7: =IF(F7>=$K$2,"Rajin",IF(F7>=$K$3,"Cukup","Kurang")) -> Rajin
A8: Andi Yulianto | B8: Piano | C8: 8 | D8: 4 | E8: =VLOOKUP(B8,Acuan!$A$2:$B$6,2,FALSE()) -> 75000 | F8: =D8/C8 -> 0.5 | G8: =D8*E8 -> 300000 | H8: =IF(F8>=$K$2,"Rajin",IF(F8>=$K$3,"Cukup","Kurang")) -> Kurang
A9: Oki Maharani | B9: Vokal | C9: 12 | D9: 11 | E9: =VLOOKUP(B9,Acuan!$A$2:$B$6,2,FALSE()) -> 55000 | F9: =D9/C9 -> 0.91666667 | G9: =D9*E9 -> 605000 | H9: =IF(F9>=$K$2,"Rajin",IF(F9>=$K$3,"Cukup","Kurang")) -> Rajin
A10: Dimas Pangestu | B10: Drum | C10: 12 | D10: 9 | E10: =VLOOKUP(B10,Acuan!$A$2:$B$6,2,FALSE()) -> 80000 | F10: =D10/C10 -> 0.75 | G10: =D10*E10 -> 720000 | H10: =IF(F10>=$K$2,"Rajin",IF(F10>=$K$3,"Cukup","Kurang")) -> Cukup
A11: Dimas Setiawan | B11: Biola | C11: 12 | D11: 12 | E11: =VLOOKUP(B11,Acuan!$A$2:$B$6,2,FALSE()) -> 70000 | F11: =D11/C11 -> 1 | G11: =D11*E11 -> 840000 | H11: =IF(F11>=$K$2,"Rajin",IF(F11>=$K$3,"Cukup","Kurang")) -> Rajin
A12: Ayu Kurniawan | B12: Gitar | C12: 8 | D12: 8 | E12: =VLOOKUP(B12,Acuan!$A$2:$B$6,2,FALSE()) -> 60000 | F12: =D12/C12 -> 1 | G12: =D12*E12 -> 480000 | H12: =IF(F12>=$K$2,"Rajin",IF(F12>=$K$3,"Cukup","Kurang")) -> Rajin
A13: Dian Ramadhan | B13: Piano | C13: 8 | D13: 7 | E13: =VLOOKUP(B13,Acuan!$A$2:$B$6,2,FALSE()) -> 75000 | F13: =D13/C13 -> 0.875 | G13: =D13*E13 -> 525000 | H13: =IF(F13>=$K$2,"Rajin",IF(F13>=$K$3,"Cukup","Kurang")) -> Rajin
A14: Zainal Putra | B14: Vokal | C14: 8 | D14: 4 | E14: =VLOOKUP(B14,Acuan!$A$2:$B$6,2,FALSE()) -> 55000 | F14: =D14/C14 -> 0.5 | G14: =D14*E14 -> 220000 | H14: =IF(F14>=$K$2,"Rajin",IF(F14>=$K$3,"Cukup","Kurang")) -> Kurang
A15: Bambang Pangestu | B15: Drum | C15: 8 | D15: 8 | E15: =VLOOKUP(B15,Acuan!$A$2:$B$6,2,FALSE()) -> 80000 | F15: =D15/C15 -> 1 | G15: =D15*E15 -> 640000 | H15: =IF(F15>=$K$2,"Rajin",IF(F15>=$K$3,"Cukup","Kurang")) -> Rajin
... A29: Dian Purnomo | B29: Biola | C29: 8 | D29: 7 | E29: =VLOOKUP(B29,Acuan!$A$2:$B$6,2,FALSE()) -> 70000 | F29: =D29/C29 -> 0.875 | G29: =D29*E29 -> 490000 | H29: =IF(F29>=$K$2,"Rajin",IF(F29>=$K$3,"Cukup","Kurang")) -> Rajin

Sheet Acuan
A1: Alat Musik | B1: Tarif Dasar | C1: Jumlah Peserta | D1: Total Pendapatan
A2: Gitar | B2: 60000 | C2: =COUNTIF(Data!$B$2:$B$29,A2) -> 6 | D2: =SUMIF(Data!$B$2:$B$29,A2,Data!$G$2:$G$29) -> 2760000
A3: Piano | B3: 75000 | C3: =COUNTIF(Data!$B$2:$B$29,A3) -> 5 | D3: =SUMIF(Data!$B$2:$B$29,A3,Data!$G$2:$G$29) -> 2400000
A4: Vokal | B4: 55000 | C4: =COUNTIF(Data!$B$2:$B$29,A4) -> 5 | D4: =SUMIF(Data!$B$2:$B$29,A4,Data!$G$2:$G$29) -> 2310000
A5: Drum | B5: 80000 | C5: =COUNTIF(Data!$B$2:$B$29,A5) -> 5 | D5: =SUMIF(Data!$B$2:$B$29,A5,Data!$G$2:$G$29) -> 3360000
A6: Biola | B6: 70000 | C6: =COUNTIF(Data!$B$2:$B$29,A6) -> 7 | D6: =SUMIF(Data!$B$2:$B$29,A6,Data!$G$2:$G$29) -> 3780000

Sheet Ringkasan
A1: Ringkasan: lembar jawaban soal berjenis ringkasan
A2: Sel hijau berisi rumus kunci.
A3: No | B3: Pertanyaan | C3: Jawaban | D3: Contoh format hasil
A4: 7a | B4: Jumlah peserta | C4: =COUNTA(Data!$A$2:$A$29) -> 28 | D4: Angka bulat, mis. 30
A5: 7b | B5: Total pendapatan sanggar | C5: =SUM(Data!$G$2:$G$29) -> 14610000 | D5: Rupiah, mis. Rp 12.000.000
A6: 8a | B6: Peserta Rajin | C6: =COUNTIF(Data!$H$2:$H$29,"Rajin") -> 17 | D6: Angka bulat, mis. 9
A7: 8b | B7: Peserta Cukup | C7: =COUNTIF(Data!$H$2:$H$29,"Cukup") -> 4 | D7: Angka bulat, mis. 11
A8: 8c | B8: Peserta Kurang | C8: =COUNTIF(Data!$H$2:$H$29,"Kurang") -> 7 | D8: Angka bulat, mis. 8
A9: 9a | B9: Rata-rata persen kehadiran | C9: =AVERAGE(Data!$F$2:$F$29) -> 0.79761905 | D9: Persen, mis. 80,5%
A10: 9b | B10: Total pertemuan dihadiri | C10: =SUM(Data!$D$2:$D$29) -> 216 | D10: Angka bulat, mis. 250
A11: 10a | B11: Peserta dengan total biaya terbesar | C11: =INDEX(Data!$A$2:$A$29,MATCH(MAX(Data!$G$2:$G$29),Data!$G$2:$G$29,0)) -> Irfan Fauzi | D11: Teks: nama peserta
A12: 10b | B12: Alat musik dengan pendapatan terbesar | C12: =INDEX(Acuan!$A$2:$A$6,MATCH(MAX(Acuan!$D$2:$D$6),Acuan!$D$2:$D$6,0)) -> Biola | D12: Teks: nama alat musik
A13: 11a | B13: Total pendapatan peserta Gitar | C13: =SUMIF(Data!$B$2:$B$29,"Gitar",Data!$G$2:$G$29) -> 2760000 | D13: Rupiah, mis. Rp 3.000.000
A14: 11b | B14: Peserta Piano berstatus Rajin | C14: =COUNTIFS(Data!$B$2:$B$29,"Piano",Data!$H$2:$H$29,"Rajin") -> 3 | D14: Angka bulat, mis. 2
