Workbook

Sheet Petunjuk
A1: Kunci Jawaban: Retur Pembelian Barang: Restocking dan Refund
A2: Latihan 85 dari 40 | Tingkat: Menengah | Perkiraan waktu: 50 menit | pushexcel.github.io/Pushexcel
A4: Skenario
A5: Kamu staf pembelian Toko Serba Ada yang merekap 30 retur barang ke pemasok. Setiap retur punya alasan, jumlah, dan harga satuan. Pemasok memotong biaya restocking sesuai alasan retur, dengan persen yang tertera di tabel sheet Acuan. Nilai refund adalah nilai retur dikurangi potongan restocking. Retur dengan nilai refund Rp 500.000 atau lebih berstatus Perlu Persetujuan pemilik toko, selain itu Langsung Proses (batas ada di blok Parameter).
A7: Cara memakai kunci
A8: 1. | B8: Sel hijau berisi rumus kunci yang sudah dihitung. Klik sel untuk melihat rumusnya.
A9: 2. | B9: Kolom Rumus kunci di bawah menampilkan rumus untuk baris pertama atau tiap sel jawaban.
A10: 3. | B10: Rumus ditulis dengan titik koma (;). Ganti dengan koma (,) bila Excel kamu berbahasa Inggris.
A11: 4. | B11: Jawaban lain yang benar secara logika juga boleh, selama hasilnya sama.
A13: Arti warna
B14: Judul kolom data yang sudah diberikan
B15: Judul kolom hasil hitung
B16: Sel berisi rumus kunci
B17: Angka berwarna biru pada blok Parameter = nilai tetap yang boleh dirujuk
A19: Daftar soal
A20: No | B20: Soal | C20: Jawab di | D20: Rumus kunci
A21: 1 | B21: Hitung nilai retur: jumlah dikali harga satuan. | C21: Sheet Data, kolom G (Nilai Retur), baris 2 sampai 31 | D21: =E2*F2
A22: 2 | B22: Ambil persen restocking tiap retur dari tabel di sheet Acuan berdasarkan alasan (pencocokan persis). | C22: Sheet Data, kolom H (Persen Restocking), baris 2 sampai 31 | D22: =VLOOKUP(D2;Acuan!$A$2:$B$6;2;FALSE)
A23: 3 | B23: Hitung potongan restocking dalam rupiah: nilai retur dikali persen restocking, dibulatkan ke rupiah. | C23: Sheet Data, kolom I (Potongan Restocking), baris 2 sampai 31 | D23: =ROUND(G2*H2;0)
A24: 4 | B24: Hitung nilai refund: nilai retur dikurangi potongan restocking. | C24: Sheet Data, kolom J (Nilai Refund), baris 2 sampai 31 | D24: =G2-I2
A25: 5 | B25: Beri status Perlu Persetujuan bila nilai refund sama dengan atau lebih dari batas persetujuan. Selain itu Langsung Proses. | C25: Sheet Data, kolom K (Status Retur), baris 2 sampai 31 | D25: =IF(J2>=$N$2;"Perlu Persetujuan";"Langsung Proses")
A26: 6 | B26: Pada sheet Acuan, hitung jumlah retur untuk tiap alasan. | C26: Sheet Acuan, kolom C (Jumlah Retur), baris 2 sampai 6 | D26: =COUNTIF(Data!$D$2:$D$31;A2)
A27: 7 | B27: Pada sheet Acuan, hitung total nilai refund untuk tiap alasan. | C27: Sheet Acuan, kolom D (Total Refund), baris 2 sampai 6 | D27: =SUMIF(Data!$D$2:$D$31;A2;Data!$J$2:$J$31)
A28: 8 | B28: Berapa total nilai retur, total potongan restocking, dan total nilai refund? | C28: Sheet Ringkasan, sel C4 sampai C6 | D28: =SUM(Data!$G$2:$G$31) =SUM(Data!$I$2:$I$31) =SUM(Data!$J$2:$J$31)
A29: 9 | B29: Berapa retur yang Perlu Persetujuan, dan berapa retur yang tidak dikenai potongan restocking? | C29: Sheet Ringkasan, sel C7 sampai C8 | D29: =COUNTIF(Data!$K$2:$K$31;"Perlu Persetujuan") =COUNTIF(Data!$I$2:$I$31;0)
A30: 10 | B30: Retur nomor berapa yang nilai refundnya terbesar, dan alasan apa yang total refundnya terbesar? | C30: Sheet Ringkasan, sel C9 sampai C10 | D30: =INDEX(Data!$A$2:$A$31;MATCH(MAX(Data!$J$2:$J$31);Data!$J$2:$J$31;0)) =INDEX(Acuan!$A$2:$A$6;MATCH(MAX(Acuan!$D$2:$D$6);Acuan!$D$2:$D$6;0))
A31: 11 | B31: Berapa total potongan restocking yang dikenakan pemasok PT Mitra Sembako, dan berapa rata-rata nilai retur CV Sumber Pangan? | C31: Sheet Ringkasan, sel C11 sampai C12 | D31: =SUMIF(Data!$B$2:$B$31;"PT Mitra Sembako";Data!$I$2:$I$31) =AVERAGEIF(Data!$B$2:$B$31;"CV Sumber Pangan";Data!$G$2:$G$31)
A32: 12 | B32: Berapa retur alasan Kelebihan Pesanan yang Perlu Persetujuan, dan berapa jumlah barang terbanyak yang diretur dalam satu transaksi? | C32: Sheet Ringkasan, sel C13 sampai C14 | D32: =COUNTIFS(Data!$D$2:$D$31;"Kelebihan Pesanan";Data!$K$2:$K$31;"Perlu Persetujuan") =MAX(Data!$E$2:$E$31)

Sheet Data
A1: No Retur | B1: Pemasok | C1: Barang | D1: Alasan | E1: Jumlah | F1: Harga Satuan | G1: Nilai Retur | H1: Persen Restocking | I1: Potongan Restocking | J1: Nilai Refund | K1: Status Retur | M1: Parameter | N1: Nilai | O1: Keterangan
A2: R-001 | B2: CV Sumber Pangan | C2: Air mineral (dus) | D2: Barang Rusak | E2: 10 | F2: 38000 | G2: =E2*F2 -> 380000 | H2: =VLOOKUP(D2,Acuan!$A$2:$B$6,2,FALSE()) -> 0 | I2: =ROUND(G2*H2,0) -> 0 | J2: =G2-I2 -> 380000 | K2: =IF(J2>=$N$2,"Perlu Persetujuan","Langsung Proses") -> Langsung Proses | M2: Batas persetujuan | N2: 500000 | O2: Refund sebesar ini atau lebih perlu persetujuan pemilik
A3: R-002 | B3: PT Mitra Sembako | C3: Tepung terigu 1 kg | D3: Salah Kirim | E3: 2 | F3: 12500 | G3: =E3*F3 -> 25000 | H3: =VLOOKUP(D3,Acuan!$A$2:$B$6,2,FALSE()) -> 0 | I3: =ROUND(G3*H3,0) -> 0 | J3: =G3-I3 -> 25000 | K3: =IF(J3>=$N$2,"Perlu Persetujuan","Langsung Proses") -> Langsung Proses
A4: R-003 | B4: UD Karya Boga | C4: Susu UHT (dus) | D4: Tidak Sesuai Pesanan | E4: 3 | F4: 145000 | G4: =E4*F4 -> 435000 | H4: =VLOOKUP(D4,Acuan!$A$2:$B$6,2,FALSE()) -> 0.1 | I4: =ROUND(G4*H4,0) -> 43500 | J4: =G4-I4 -> 391500 | K4: =IF(J4>=$N$2,"Perlu Persetujuan","Langsung Proses") -> Langsung Proses
A5: R-004 | B5: PT Tirta Niaga | C5: Mi instan (dus) | D5: Kelebihan Pesanan | E5: 8 | F5: 98000 | G5: =E5*F5 -> 784000 | H5: =VLOOKUP(D5,Acuan!$A$2:$B$6,2,FALSE()) -> 0.15 | I5: =ROUND(G5*H5,0) -> 117600 | J5: =G5-I5 -> 666400 | K5: =IF(J5>=$N$2,"Perlu Persetujuan","Langsung Proses") -> Perlu Persetujuan
A6: R-005 | B6: CV Sumber Pangan | C6: Gula pasir 1 kg | D6: Kemasan Terbuka | E6: 20 | F6: 17500 | G6: =E6*F6 -> 350000 | H6: =VLOOKUP(D6,Acuan!$A$2:$B$6,2,FALSE()) -> 0.2 | I6: =ROUND(G6*H6,0) -> 70000 | J6: =G6-I6 -> 280000 | K6: =IF(J6>=$N$2,"Perlu Persetujuan","Langsung Proses") -> Langsung Proses
A7: R-006 | B7: PT Mitra Sembako | C7: Minyak goreng 2 L | D7: Barang Rusak | E7: 5 | F7: 36000 | G7: =E7*F7 -> 180000 | H7: =VLOOKUP(D7,Acuan!$A$2:$B$6,2,FALSE()) -> 0 | I7: =ROUND(G7*H7,0) -> 0 | J7: =G7-I7 -> 180000 | K7: =IF(J7>=$N$2,"Perlu Persetujuan","Langsung Proses") -> Langsung Proses
A8: R-007 | B8: UD Karya Boga | C8: Susu UHT (dus) | D8: Salah Kirim | E8: 8 | F8: 145000 | G8: =E8*F8 -> 1160000 | H8: =VLOOKUP(D8,Acuan!$A$2:$B$6,2,FALSE()) -> 0 | I8: =ROUND(G8*H8,0) -> 0 | J8: =G8-I8 -> 1160000 | K8: =IF(J8>=$N$2,"Perlu Persetujuan","Langsung Proses") -> Perlu Persetujuan
A9: R-008 | B9: PT Tirta Niaga | C9: Beras premium 5 kg | D9: Tidak Sesuai Pesanan | E9: 15 | F9: 72000 | G9: =E9*F9 -> 1080000 | H9: =VLOOKUP(D9,Acuan!$A$2:$B$6,2,FALSE()) -> 0.1 | I9: =ROUND(G9*H9,0) -> 108000 | J9: =G9-I9 -> 972000 | K9: =IF(J9>=$N$2,"Perlu Persetujuan","Langsung Proses") -> Perlu Persetujuan
A10: R-009 | B10: CV Sumber Pangan | C10: Biskuit kaleng | D10: Kelebihan Pesanan | E10: 12 | F10: 54000 | G10: =E10*F10 -> 648000 | H10: =VLOOKUP(D10,Acuan!$A$2:$B$6,2,FALSE()) -> 0.15 | I10: =ROUND(G10*H10,0) -> 97200 | J10: =G10-I10 -> 550800 | K10: =IF(J10>=$N$2,"Perlu Persetujuan","Langsung Proses") -> Perlu Persetujuan
A11: R-010 | B11: PT Mitra Sembako | C11: Kecap manis 600 ml | D11: Kemasan Terbuka | E11: 10 | F11: 19500 | G11: =E11*F11 -> 195000 | H11: =VLOOKUP(D11,Acuan!$A$2:$B$6,2,FALSE()) -> 0.2 | I11: =ROUND(G11*H11,0) -> 39000 | J11: =G11-I11 -> 156000 | K11: =IF(J11>=$N$2,"Perlu Persetujuan","Langsung Proses") -> Langsung Proses
A12: R-011 | B12: UD Karya Boga | C12: Tepung terigu 1 kg | D12: Barang Rusak | E12: 4 | F12: 12500 | G12: =E12*F12 -> 50000 | H12: =VLOOKUP(D12,Acuan!$A$2:$B$6,2,FALSE()) -> 0 | I12: =ROUND(G12*H12,0) -> 0 | J12: =G12-I12 -> 50000 | K12: =IF(J12>=$N$2,"Perlu Persetujuan","Langsung Proses") -> Langsung Proses
A13: R-012 | B13: PT Tirta Niaga | C13: Kecap manis 600 ml | D13: Salah Kirim | E13: 20 | F13: 19500 | G13: =E13*F13 -> 390000 | H13: =VLOOKUP(D13,Acuan!$A$2:$B$6,2,FALSE()) -> 0 | I13: =ROUND(G13*H13,0) -> 0 | J13: =G13-I13 -> 390000 | K13: =IF(J13>=$N$2,"Perlu Persetujuan","Langsung Proses") -> Langsung Proses
A14: R-013 | B14: CV Sumber Pangan | C14: Beras premium 5 kg | D14: Tidak Sesuai Pesanan | E14: 10 | F14: 72000 | G14: =E14*F14 -> 720000 | H14: =VLOOKUP(D14,Acuan!$A$2:$B$6,2,FALSE()) -> 0.1 | I14: =ROUND(G14*H14,0) -> 72000 | J14: =G14-I14 -> 648000 | K14: =IF(J14>=$N$2,"Perlu Persetujuan","Langsung Proses") -> Perlu Persetujuan
... A31: R-030 | B31: UD Karya Boga | C31: Air mineral (dus) | D31: Barang Rusak | E31: 4 | F31: 38000 | G31: =E31*F31 -> 152000 | H31: =VLOOKUP(D31,Acuan!$A$2:$B$6,2,FALSE()) -> 0 | I31: =ROUND(G31*H31,0) -> 0 | J31: =G31-I31 -> 152000 | K31: =IF(J31>=$N$2,"Perlu Persetujuan","Langsung Proses") -> Langsung Proses

Sheet Acuan
A1: Alasan | B1: Persen Restocking | C1: Jumlah Retur | D1: Total Refund
A2: Barang Rusak | B2: 0 | C2: =COUNTIF(Data!$D$2:$D$31,A2) -> 7 | D2: =SUMIF(Data!$D$2:$D$31,A2,Data!$J$2:$J$31) -> 2025000
A3: Salah Kirim | B3: 0 | C3: =COUNTIF(Data!$D$2:$D$31,A3) -> 6 | D3: =SUMIF(Data!$D$2:$D$31,A3,Data!$J$2:$J$31) -> 5839000
A4: Tidak Sesuai Pesanan | B4: 0.1 | C4: =COUNTIF(Data!$D$2:$D$31,A4) -> 6 | D4: =SUMIF(Data!$D$2:$D$31,A4,Data!$J$2:$J$31) -> 3884400
A5: Kelebihan Pesanan | B5: 0.15 | C5: =COUNTIF(Data!$D$2:$D$31,A5) -> 6 | D5: =SUMIF(Data!$D$2:$D$31,A5,Data!$J$2:$J$31) -> 2161550
A6: Kemasan Terbuka | B6: 0.2 | C6: =COUNTIF(Data!$D$2:$D$31,A6) -> 5 | D6: =SUMIF(Data!$D$2:$D$31,A6,Data!$J$2:$J$31) -> 2316000

Sheet Ringkasan
A1: Ringkasan: lembar jawaban soal berjenis ringkasan
A2: Sel hijau berisi rumus kunci.
A3: No | B3: Pertanyaan | C3: Jawaban | D3: Contoh format hasil
A4: 8a | B4: Total nilai retur | C4: =SUM(Data!$G$2:$G$31) -> 17618000 | D4: Rupiah, mis. Rp 12.000.000
A5: 8b | B5: Total potongan restocking | C5: =SUM(Data!$I$2:$I$31) -> 1392050 | D5: Rupiah, mis. Rp 900.000
A6: 8c | B6: Total nilai refund | C6: =SUM(Data!$J$2:$J$31) -> 16225950 | D6: Rupiah, mis. Rp 11.000.000
A7: 9a | B7: Retur Perlu Persetujuan | C7: =COUNTIF(Data!$K$2:$K$31,"Perlu Persetujuan") -> 12 | D7: Angka bulat, mis. 11
A8: 9b | B8: Retur tanpa potongan | C8: =COUNTIF(Data!$I$2:$I$31,0) -> 13 | D8: Angka bulat, mis. 14
A9: 10a | B9: Retur dengan refund terbesar | C9: =INDEX(Data!$A$2:$A$31,MATCH(MAX(Data!$J$2:$J$31),Data!$J$2:$J$31,0)) -> R-027 | D9: Teks: nomor retur
A10: 10b | B10: Alasan dengan total refund terbesar | C10: =INDEX(Acuan!$A$2:$A$6,MATCH(MAX(Acuan!$D$2:$D$6),Acuan!$D$2:$D$6,0)) -> Salah Kirim | D10: Teks: alasan retur
A11: 11a | B11: Total potongan PT Mitra Sembako | C11: =SUMIF(Data!$B$2:$B$31,"PT Mitra Sembako",Data!$I$2:$I$31) -> 215700 | D11: Rupiah, mis. Rp 150.000
A12: 11b | B12: Rata-rata nilai retur CV Sumber Pangan | C12: =AVERAGEIF(Data!$B$2:$B$31,"CV Sumber Pangan",Data!$G$2:$G$31) -> 786857.14 | D12: Rupiah, mis. Rp 400.000
A13: 12a | B13: Kelebihan Pesanan yang Perlu Persetujuan | C13: =COUNTIFS(Data!$D$2:$D$31,"Kelebihan Pesanan",Data!$K$2:$K$31,"Perlu Persetujuan") -> 2 | D13: Angka bulat, mis. 3
A14: 12b | B14: Jumlah retur terbanyak dalam satu transaksi | C14: =MAX(Data!$E$2:$E$31) -> 20 | D14: Angka bulat, mis. 25
