Workbook

Sheet Petunjuk
A1: Kunci Jawaban: Tagihan Pelanggan Internet: Denda dan Status Bayar
A2: Latihan 83 dari 40 | Tingkat: Menengah | Perkiraan waktu: 50 menit | pushexcel.github.io/Pushexcel
A4: Skenario
A5: Kamu staf penagihan Wifi Lintas Desa yang merekap pembayaran bulan Oktober 2026 dari 30 pelanggan. Harga bulanan tiap paket ada di tabel sheet Acuan. Pelanggan yang membayar setelah tanggal jatuh tempo dikenai denda Rp 2.500 per hari telat, tetapi denda tidak boleh melebihi 20 persen dari harga paket. Status Tepat Waktu bila tidak telat, Telat Ringan bila telat paling lama 7 hari, dan Telat Berat bila lebih lama (semua angka ada di blok Parameter). Pembayaran sebelum jatuh tempo tidak dihitung telat.
A7: Cara memakai kunci
A8: 1. | B8: Sel hijau berisi rumus kunci yang sudah dihitung. Klik sel untuk melihat rumusnya.
A9: 2. | B9: Kolom Rumus kunci di bawah menampilkan rumus untuk baris pertama atau tiap sel jawaban.
A10: 3. | B10: Rumus ditulis dengan titik koma (;). Ganti dengan koma (,) bila Excel kamu berbahasa Inggris.
A11: 4. | B11: Jawaban lain yang benar secara logika juga boleh, selama hasilnya sama.
A13: Arti warna
B14: Judul kolom data yang sudah diberikan
B15: Judul kolom hasil hitung
B16: Sel berisi rumus kunci
B17: Angka berwarna biru pada blok Parameter = nilai tetap yang boleh dirujuk
A19: Daftar soal
A20: No | B20: Soal | C20: Jawab di | D20: Rumus kunci
A21: 1 | B21: Ambil harga bulanan paket tiap pelanggan dari tabel di sheet Acuan (pencocokan persis). | C21: Sheet Data, kolom F (Harga Paket), baris 2 sampai 31 | D21: =VLOOKUP(C2;Acuan!$A$2:$B$5;2;FALSE)
A22: 2 | B22: Hitung hari telat: tanggal bayar dikurangi jatuh tempo. Bila bayar lebih awal, hasilnya 0 (tidak negatif). | C22: Sheet Data, kolom G (Hari Telat), baris 2 sampai 31 | D22: =MAX(0;E2-D2)
A23: 3 | B23: Hitung denda: hari telat dikali denda per hari, tetapi tidak boleh melebihi batas denda dikali harga paket. | C23: Sheet Data, kolom H (Denda), baris 2 sampai 31 | D23: =MIN(G2*$M$2;F2*$M$3)
A24: 4 | B24: Hitung total bayar: harga paket ditambah denda. | C24: Sheet Data, kolom I (Total Bayar), baris 2 sampai 31 | D24: =F2+H2
A25: 5 | B25: Beri status: Tepat Waktu bila hari telat 0, Telat Ringan bila tidak lebih dari batas telat ringan, selain itu Telat Berat. | C25: Sheet Data, kolom J (Status), baris 2 sampai 31 | D25: =IF(G2=0;"Tepat Waktu";IF(G2<=$M$4;"Telat Ringan";"Telat Berat"))
A26: 6 | B26: Pada sheet Acuan, hitung jumlah pelanggan tiap paket. | C26: Sheet Acuan, kolom D (Jumlah Pelanggan), baris 2 sampai 5 | D26: =COUNTIF(Data!$C$2:$C$31;A2)
A27: 7 | B27: Pada sheet Acuan, hitung total denda yang terkumpul dari tiap paket. | C27: Sheet Acuan, kolom E (Total Denda Paket), baris 2 sampai 5 | D27: =SUMIF(Data!$C$2:$C$31;A2;Data!$H$2:$H$31)
A28: 8 | B28: Berapa total tagihan pokok (harga paket), total denda, dan total uang yang diterima seluruhnya? | C28: Sheet Ringkasan, sel C4 sampai C6 | D28: =SUM(Data!$F$2:$F$31) =SUM(Data!$H$2:$H$31) =SUM(Data!$I$2:$I$31)
A29: 9 | B29: Berapa pelanggan yang Tepat Waktu, yang Telat Ringan, dan yang Telat Berat? | C29: Sheet Ringkasan, sel C7 sampai C9 | D29: =COUNTIF(Data!$J$2:$J$31;"Tepat Waktu") =COUNTIF(Data!$J$2:$J$31;"Telat Ringan") =COUNTIF(Data!$J$2:$J$31;"Telat Berat")
A30: 10 | B30: Siapa pelanggan dengan hari telat terlama, dan paket apa yang total dendanya terbesar? | C30: Sheet Ringkasan, sel C10 sampai C11 | D30: =INDEX(Data!$B$2:$B$31;MATCH(MAX(Data!$G$2:$G$31);Data!$G$2:$G$31;0)) =INDEX(Acuan!$A$2:$A$5;MATCH(MAX(Acuan!$E$2:$E$5);Acuan!$E$2:$E$5;0))
A31: 11 | B31: Berapa pelanggan yang telat lebih dari 14 hari, dan berapa rata-rata hari telat pelanggan yang terlambat saja? | C31: Sheet Ringkasan, sel C12 sampai C13 | D31: =COUNTIF(Data!$G$2:$G$31;">14") =AVERAGEIF(Data!$G$2:$G$31;">0")
A32: 12 | B32: Berapa pelanggan paket Rumah 20 yang Telat Berat, dan berapa total denda pelanggan paket Bisnis 100? | C32: Sheet Ringkasan, sel C14 sampai C15 | D32: =COUNTIFS(Data!$C$2:$C$31;"Rumah 20";Data!$J$2:$J$31;"Telat Berat") =SUMIF(Data!$C$2:$C$31;"Bisnis 100";Data!$H$2:$H$31)

Sheet Data
A1: ID Pelanggan | B1: Nama Pelanggan | C1: Paket | D1: Jatuh Tempo | E1: Tanggal Bayar | F1: Harga Paket | G1: Hari Telat | H1: Denda | I1: Total Bayar | J1: Status | L1: Parameter | M1: Nilai | N1: Keterangan
A2: W-001 | B2: Bayu Lestari | C2: Rumah 10 | D2: 46320 | E2: 46320 | F2: =VLOOKUP(C2,Acuan!$A$2:$B$5,2,FALSE()) -> 175000 | G2: =MAX(0,E2-D2) -> 0 | H2: =MIN(G2*$M$2,F2*$M$3) -> 0 | I2: =F2+H2 -> 175000 | J2: =IF(G2=0,"Tepat Waktu",IF(G2<=$M$4,"Telat Ringan","Telat Berat")) -> Tepat Waktu | L2: Denda per hari | M2: 2500
A3: W-002 | B3: Zainal Pangestu | C3: Rumah 20 | D3: 46315 | E3: 46317 | F3: =VLOOKUP(C3,Acuan!$A$2:$B$5,2,FALSE()) -> 235000 | G3: =MAX(0,E3-D3) -> 2 | H3: =MIN(G3*$M$2,F3*$M$3) -> 5000 | I3: =F3+H3 -> 240000 | J3: =IF(G3=0,"Tepat Waktu",IF(G3<=$M$4,"Telat Ringan","Telat Berat")) -> Telat Ringan | L3: Batas denda | M3: 0.2 | N3: Persen maksimum terhadap harga paket
A4: W-003 | B4: Irfan Maharani | C4: Rumah 50 | D4: 46305 | E4: 46305 | F4: =VLOOKUP(C4,Acuan!$A$2:$B$5,2,FALSE()) -> 335000 | G4: =MAX(0,E4-D4) -> 0 | H4: =MIN(G4*$M$2,F4*$M$3) -> 0 | I4: =F4+H4 -> 335000 | J4: =IF(G4=0,"Tepat Waktu",IF(G4<=$M$4,"Telat Ringan","Telat Berat")) -> Tepat Waktu | L4: Batas telat ringan | M4: 7 | N4: Hari telat paling lama untuk Telat Ringan
A5: W-004 | B5: Fitri Amalia | C5: Bisnis 100 | D5: 46315 | E5: 46322 | F5: =VLOOKUP(C5,Acuan!$A$2:$B$5,2,FALSE()) -> 550000 | G5: =MAX(0,E5-D5) -> 7 | H5: =MIN(G5*$M$2,F5*$M$3) -> 17500 | I5: =F5+H5 -> 567500 | J5: =IF(G5=0,"Tepat Waktu",IF(G5<=$M$4,"Telat Ringan","Telat Berat")) -> Telat Ringan
A6: W-005 | B6: Lina Syahputra | C6: Rumah 10 | D6: 46310 | E6: 46325 | F6: =VLOOKUP(C6,Acuan!$A$2:$B$5,2,FALSE()) -> 175000 | G6: =MAX(0,E6-D6) -> 15 | H6: =MIN(G6*$M$2,F6*$M$3) -> 35000 | I6: =F6+H6 -> 210000 | J6: =IF(G6=0,"Tepat Waktu",IF(G6<=$M$4,"Telat Ringan","Telat Berat")) -> Telat Berat
A7: W-006 | B7: Citra Fauzi | C7: Rumah 20 | D7: 46305 | E7: 46314 | F7: =VLOOKUP(C7,Acuan!$A$2:$B$5,2,FALSE()) -> 235000 | G7: =MAX(0,E7-D7) -> 9 | H7: =MIN(G7*$M$2,F7*$M$3) -> 22500 | I7: =F7+H7 -> 257500 | J7: =IF(G7=0,"Tepat Waktu",IF(G7<=$M$4,"Telat Ringan","Telat Berat")) -> Telat Berat
A8: W-007 | B8: Umar Amalia | C8: Rumah 50 | D8: 46300 | E8: 46320 | F8: =VLOOKUP(C8,Acuan!$A$2:$B$5,2,FALSE()) -> 335000 | G8: =MAX(0,E8-D8) -> 20 | H8: =MIN(G8*$M$2,F8*$M$3) -> 50000 | I8: =F8+H8 -> 385000 | J8: =IF(G8=0,"Tepat Waktu",IF(G8<=$M$4,"Telat Ringan","Telat Berat")) -> Telat Berat
A9: W-008 | B9: Umar Susanto | C9: Bisnis 100 | D9: 46320 | E9: 46322 | F9: =VLOOKUP(C9,Acuan!$A$2:$B$5,2,FALSE()) -> 550000 | G9: =MAX(0,E9-D9) -> 2 | H9: =MIN(G9*$M$2,F9*$M$3) -> 5000 | I9: =F9+H9 -> 555000 | J9: =IF(G9=0,"Tepat Waktu",IF(G9<=$M$4,"Telat Ringan","Telat Berat")) -> Telat Ringan
A10: W-009 | B10: Vina Hidayat | C10: Rumah 10 | D10: 46310 | E10: 46345 | F10: =VLOOKUP(C10,Acuan!$A$2:$B$5,2,FALSE()) -> 175000 | G10: =MAX(0,E10-D10) -> 35 | H10: =MIN(G10*$M$2,F10*$M$3) -> 35000 | I10: =F10+H10 -> 210000 | J10: =IF(G10=0,"Tepat Waktu",IF(G10<=$M$4,"Telat Ringan","Telat Berat")) -> Telat Berat
A11: W-010 | B11: Lina Handayani | C11: Rumah 20 | D11: 46320 | E11: 46317 | F11: =VLOOKUP(C11,Acuan!$A$2:$B$5,2,FALSE()) -> 235000 | G11: =MAX(0,E11-D11) -> 0 | H11: =MIN(G11*$M$2,F11*$M$3) -> 0 | I11: =F11+H11 -> 235000 | J11: =IF(G11=0,"Tepat Waktu",IF(G11<=$M$4,"Telat Ringan","Telat Berat")) -> Tepat Waktu
A12: W-011 | B12: Edi Permana | C12: Rumah 50 | D12: 46315 | E12: 46327 | F12: =VLOOKUP(C12,Acuan!$A$2:$B$5,2,FALSE()) -> 335000 | G12: =MAX(0,E12-D12) -> 12 | H12: =MIN(G12*$M$2,F12*$M$3) -> 30000 | I12: =F12+H12 -> 365000 | J12: =IF(G12=0,"Tepat Waktu",IF(G12<=$M$4,"Telat Ringan","Telat Berat")) -> Telat Berat
A13: W-012 | B13: Budi Handayani | C13: Bisnis 100 | D13: 46310 | E13: 46310 | F13: =VLOOKUP(C13,Acuan!$A$2:$B$5,2,FALSE()) -> 550000 | G13: =MAX(0,E13-D13) -> 0 | H13: =MIN(G13*$M$2,F13*$M$3) -> 0 | I13: =F13+H13 -> 550000 | J13: =IF(G13=0,"Tepat Waktu",IF(G13<=$M$4,"Telat Ringan","Telat Berat")) -> Tepat Waktu
A14: W-013 | B14: Lina Hartono | C14: Rumah 10 | D14: 46315 | E14: 46314 | F14: =VLOOKUP(C14,Acuan!$A$2:$B$5,2,FALSE()) -> 175000 | G14: =MAX(0,E14-D14) -> 0 | H14: =MIN(G14*$M$2,F14*$M$3) -> 0 | I14: =F14+H14 -> 175000 | J14: =IF(G14=0,"Tepat Waktu",IF(G14<=$M$4,"Telat Ringan","Telat Berat")) -> Tepat Waktu
A15: W-014 | B15: Tono Firmansyah | C15: Rumah 20 | D15: 46315 | E15: 46312 | F15: =VLOOKUP(C15,Acuan!$A$2:$B$5,2,FALSE()) -> 235000 | G15: =MAX(0,E15-D15) -> 0 | H15: =MIN(G15*$M$2,F15*$M$3) -> 0 | I15: =F15+H15 -> 235000 | J15: =IF(G15=0,"Tepat Waktu",IF(G15<=$M$4,"Telat Ringan","Telat Berat")) -> Tepat Waktu
A16: W-015 | B16: Agus Ramadhan | C16: Rumah 50 | D16: 46315 | E16: 46315 | F16: =VLOOKUP(C16,Acuan!$A$2:$B$5,2,FALSE()) -> 335000 | G16: =MAX(0,E16-D16) -> 0 | H16: =MIN(G16*$M$2,F16*$M$3) -> 0 | I16: =F16+H16 -> 335000 | J16: =IF(G16=0,"Tepat Waktu",IF(G16<=$M$4,"Telat Ringan","Telat Berat")) -> Tepat Waktu
... A31: W-030 | B31: Edi Pangestu | C31: Rumah 20 | D31: 46315 | E31: 46317 | F31: =VLOOKUP(C31,Acuan!$A$2:$B$5,2,FALSE()) -> 235000 | G31: =MAX(0,E31-D31) -> 2 | H31: =MIN(G31*$M$2,F31*$M$3) -> 5000 | I31: =F31+H31 -> 240000 | J31: =IF(G31=0,"Tepat Waktu",IF(G31<=$M$4,"Telat Ringan","Telat Berat")) -> Telat Ringan

Sheet Acuan
A1: Paket | B1: Harga Bulanan | C1: Kecepatan (Mbps) | D1: Jumlah Pelanggan | E1: Total Denda Paket
A2: Rumah 10 | B2: 175000 | C2: 10 | D2: =COUNTIF(Data!$C$2:$C$31,A2) -> 7 | E2: =SUMIF(Data!$C$2:$C$31,A2,Data!$H$2:$H$31) -> 105000
A3: Rumah 20 | B3: 235000 | C3: 20 | D3: =COUNTIF(Data!$C$2:$C$31,A3) -> 9 | E3: =SUMIF(Data!$C$2:$C$31,A3,Data!$H$2:$H$31) -> 139500
A4: Rumah 50 | B4: 335000 | C4: 50 | D4: =COUNTIF(Data!$C$2:$C$31,A4) -> 7 | E4: =SUMIF(Data!$C$2:$C$31,A4,Data!$H$2:$H$31) -> 125000
A5: Bisnis 100 | B5: 550000 | C5: 100 | D5: =COUNTIF(Data!$C$2:$C$31,A5) -> 7 | E5: =SUMIF(Data!$C$2:$C$31,A5,Data!$H$2:$H$31) -> 110000

Sheet Ringkasan
A1: Ringkasan: lembar jawaban soal berjenis ringkasan
A2: Sel hijau berisi rumus kunci.
A3: No | B3: Pertanyaan | C3: Jawaban | D3: Contoh format hasil
A4: 8a | B4: Total harga paket | C4: =SUM(Data!$F$2:$F$31) -> 9535000 | D4: Rupiah, mis. Rp 8.000.000
A5: 8b | B5: Total denda | C5: =SUM(Data!$H$2:$H$31) -> 479500 | D5: Rupiah, mis. Rp 300.000
A6: 8c | B6: Total uang diterima | C6: =SUM(Data!$I$2:$I$31) -> 10014500 | D6: Rupiah, mis. Rp 8.300.000
A7: 9a | B7: Pelanggan Tepat Waktu | C7: =COUNTIF(Data!$J$2:$J$31,"Tepat Waktu") -> 11 | D7: Angka bulat, mis. 12
A8: 9b | B8: Pelanggan Telat Ringan | C8: =COUNTIF(Data!$J$2:$J$31,"Telat Ringan") -> 6 | D8: Angka bulat, mis. 8
A9: 9c | B9: Pelanggan Telat Berat | C9: =COUNTIF(Data!$J$2:$J$31,"Telat Berat") -> 13 | D9: Angka bulat, mis. 6
A10: 10a | B10: Pelanggan dengan telat terlama | C10: =INDEX(Data!$B$2:$B$31,MATCH(MAX(Data!$G$2:$G$31),Data!$G$2:$G$31,0)) -> Vina Hidayat | D10: Teks: nama pelanggan
A11: 10b | B11: Paket dengan denda terbesar | C11: =INDEX(Acuan!$A$2:$A$5,MATCH(MAX(Acuan!$E$2:$E$5),Acuan!$E$2:$E$5,0)) -> Rumah 20 | D11: Teks: nama paket
A12: 11a | B12: Pelanggan telat lebih dari 14 hari | C12: =COUNTIF(Data!$G$2:$G$31,">14") -> 7 | D12: Angka bulat, mis. 4
A13: 11b | B13: Rata-rata hari telat pelanggan yang terlambat | C13: =AVERAGEIF(Data!$G$2:$G$31,">0") -> 11.631579 | D13: Angka desimal, mis. 9,5
A14: 12a | B14: Paket Rumah 20 yang Telat Berat | C14: =COUNTIFS(Data!$C$2:$C$31,"Rumah 20",Data!$J$2:$J$31,"Telat Berat") -> 4 | D14: Angka bulat, mis. 2
A15: 12b | B15: Total denda paket Bisnis 100 | C15: =SUMIF(Data!$C$2:$C$31,"Bisnis 100",Data!$H$2:$H$31) -> 110000 | D15: Rupiah, mis. Rp 90.000
