Workbook

Sheet Petunjuk
A1: Kunci Jawaban: Pendaftaran Ekstrakurikuler Siswa dan Kuota
A2: Latihan 70 dari 40 | Tingkat: Pemula | Perkiraan waktu: 35 menit | pushexcel.github.io/Pushexcel
A4: Skenario
A5: Kamu pembina kesiswaan di SMP Harapan Bangsa yang mengelola tujuh ekstrakurikuler. Ada 36 siswa mendaftar, masing-masing memilih satu ekskul. Iuran per bulan dan kuota tiap ekskul ada di sheet Acuan, dan iuran dibayar untuk 6 bulan satu semester. Status kuota: Penuh bila sisa kuota 0, Hampir Penuh bila sisa kuota tidak lebih dari 2, selain itu Tersedia (angka 2 ada di blok Parameter).
A7: Cara memakai kunci
A8: 1. | B8: Sel hijau berisi rumus kunci yang sudah dihitung. Klik sel untuk melihat rumusnya.
A9: 2. | B9: Kolom Rumus kunci di bawah menampilkan rumus untuk baris pertama atau tiap sel jawaban.
A10: 3. | B10: Rumus ditulis dengan titik koma (;). Ganti dengan koma (,) bila Excel kamu berbahasa Inggris.
A11: 4. | B11: Jawaban lain yang benar secara logika juga boleh, selama hasilnya sama.
A13: Arti warna
B14: Judul kolom data yang sudah diberikan
B15: Judul kolom hasil hitung
B16: Sel berisi rumus kunci
B17: Angka berwarna biru pada blok Parameter = nilai tetap yang boleh dirujuk
A19: Daftar soal
A20: No | B20: Soal | C20: Jawab di | D20: Rumus kunci
A21: 1 | B21: Ambil iuran per bulan tiap siswa dari tabel di sheet Acuan berdasarkan ekskul yang dipilih (pencocokan persis). | C21: Sheet Data, kolom D (Iuran per Bulan), baris 2 sampai 37 | D21: =VLOOKUP(C2;Acuan!$A$2:$C$8;2;FALSE)
A22: 2 | B22: Hitung iuran satu semester: iuran per bulan dikali jumlah bulan per semester. | C22: Sheet Data, kolom E (Iuran Semester), baris 2 sampai 37 | D22: =D2*$I$2
A23: 3 | B23: Buat teks tingkat dari kelas: tulis Kelas lalu spasi lalu angka tingkat, yaitu karakter pertama kolom Kelas (contoh 7A menjadi Kelas 7). | C23: Sheet Data, kolom F (Tingkat), baris 2 sampai 37 | D23: ="Kelas "&LEFT(B2;1)
A24: 4 | B24: Pada sheet Acuan, hitung jumlah pendaftar tiap ekskul. | C24: Sheet Acuan, kolom D (Jumlah Pendaftar), baris 2 sampai 8 | D24: =COUNTIF(Data!$C$2:$C$37;A2)
A25: 5 | B25: Pada sheet Acuan, hitung sisa kuota: kuota dikurangi jumlah pendaftar. | C25: Sheet Acuan, kolom E (Sisa Kuota), baris 2 sampai 8 | D25: =C2-D2
A26: 6 | B26: Pada sheet Acuan, beri status: Penuh bila sisa kuota 0, Hampir Penuh bila sisa tidak lebih dari batas, selain itu Tersedia. | C26: Sheet Acuan, kolom F (Status Kuota), baris 2 sampai 8 | D26: =IF(E2=0;"Penuh";IF(E2<=Data!$I$3;"Hampir Penuh";"Tersedia"))
A27: 7 | B27: Pada sheet Acuan, hitung total iuran semester dari semua siswa tiap ekskul. | C27: Sheet Acuan, kolom G (Total Iuran Semester), baris 2 sampai 8 | D27: =SUMIF(Data!$C$2:$C$37;A2;Data!$E$2:$E$37)
A28: 8 | B28: Berapa jumlah siswa yang mendaftar, dan berapa total iuran semester seluruh siswa? | C28: Sheet Ringkasan, sel C4 sampai C5 | D28: =COUNTA(Data!$A$2:$A$37) =SUM(Data!$E$2:$E$37)
A29: 9 | B29: Berapa siswa yang mendaftar Futsal, dan berapa siswa Kelas 7? | C29: Sheet Ringkasan, sel C6 sampai C7 | D29: =COUNTIF(Data!$C$2:$C$37;"Futsal") =COUNTIF(Data!$F$2:$F$37;"Kelas 7")
A30: 10 | B30: Ekskul apa yang pendaftarnya terbanyak, dan ekskul apa yang total iuran semesternya terbesar? | C30: Sheet Ringkasan, sel C8 sampai C9 | D30: =INDEX(Acuan!$A$2:$A$8;MATCH(MAX(Acuan!$D$2:$D$8);Acuan!$D$2:$D$8;0)) =INDEX(Acuan!$A$2:$A$8;MATCH(MAX(Acuan!$G$2:$G$8);Acuan!$G$2:$G$8;0))
A31: 11 | B31: Berapa ekskul yang berstatus Penuh, dan berapa total sisa kuota seluruh ekskul? | C31: Sheet Ringkasan, sel C10 sampai C11 | D31: =COUNTIF(Acuan!$F$2:$F$8;"Penuh") =SUM(Acuan!$E$2:$E$8)
A32: 12 | B32: Berapa siswa Kelas 9 yang mendaftar Futsal, dan berapa rata-rata iuran semester siswa Kelas 7? | C32: Sheet Ringkasan, sel C12 sampai C13 | D32: =COUNTIFS(Data!$F$2:$F$37;"Kelas 9";Data!$C$2:$C$37;"Futsal") =AVERAGEIF(Data!$F$2:$F$37;"Kelas 7";Data!$E$2:$E$37)

Sheet Data
A1: Nama Siswa | B1: Kelas | C1: Ekskul | D1: Iuran per Bulan | E1: Iuran Semester | F1: Tingkat | H1: Parameter | I1: Nilai | J1: Keterangan
A2: Hadi Suryani | B2: 9A | C2: Paduan Suara | D2: =VLOOKUP(C2,Acuan!$A$2:$C$8,2,FALSE()) -> 20000 | E2: =D2*$I$2 -> 120000 | F2: ="Kelas "&LEFT(B2,1) -> Kelas 9 | H2: Jumlah bulan per semester | I2: 6
A3: Wawan Yulianto | B3: 9B | C3: Pramuka | D3: =VLOOKUP(C3,Acuan!$A$2:$C$8,2,FALSE()) -> 15000 | E3: =D3*$I$2 -> 90000 | F3: ="Kelas "&LEFT(B3,1) -> Kelas 9 | H3: Batas hampir penuh | I3: 2 | J3: Sisa kuota maksimal untuk status Hampir Penuh
A4: Vivi Kusuma | B4: 8B | C4: Robotik | D4: =VLOOKUP(C4,Acuan!$A$2:$C$8,2,FALSE()) -> 50000 | E4: =D4*$I$2 -> 300000 | F4: ="Kelas "&LEFT(B4,1) -> Kelas 8
A5: Agus Suryani | B5: 7B | C5: Seni Tari | D5: =VLOOKUP(C5,Acuan!$A$2:$C$8,2,FALSE()) -> 20000 | E5: =D5*$I$2 -> 120000 | F5: ="Kelas "&LEFT(B5,1) -> Kelas 7
A6: Wahyu Hidayat | B6: 8B | C6: Pramuka | D6: =VLOOKUP(C6,Acuan!$A$2:$C$8,2,FALSE()) -> 15000 | E6: =D6*$I$2 -> 90000 | F6: ="Kelas "&LEFT(B6,1) -> Kelas 8
A7: Vivi Wibowo | B7: 9A | C7: Futsal | D7: =VLOOKUP(C7,Acuan!$A$2:$C$8,2,FALSE()) -> 30000 | E7: =D7*$I$2 -> 180000 | F7: ="Kelas "&LEFT(B7,1) -> Kelas 9
A8: Dimas Lestari | B8: 8A | C8: PMR | D8: =VLOOKUP(C8,Acuan!$A$2:$C$8,2,FALSE()) -> 15000 | E8: =D8*$I$2 -> 90000 | F8: ="Kelas "&LEFT(B8,1) -> Kelas 8
A9: Zainal Nugroho | B9: 9B | C9: PMR | D9: =VLOOKUP(C9,Acuan!$A$2:$C$8,2,FALSE()) -> 15000 | E9: =D9*$I$2 -> 90000 | F9: ="Kelas "&LEFT(B9,1) -> Kelas 9
A10: Utami Anggraini | B10: 8A | C10: Basket | D10: =VLOOKUP(C10,Acuan!$A$2:$C$8,2,FALSE()) -> 25000 | E10: =D10*$I$2 -> 150000 | F10: ="Kelas "&LEFT(B10,1) -> Kelas 8
A11: Putri Utomo | B11: 8A | C11: PMR | D11: =VLOOKUP(C11,Acuan!$A$2:$C$8,2,FALSE()) -> 15000 | E11: =D11*$I$2 -> 90000 | F11: ="Kelas "&LEFT(B11,1) -> Kelas 8
A12: Joko Rahayu | B12: 8B | C12: Paduan Suara | D12: =VLOOKUP(C12,Acuan!$A$2:$C$8,2,FALSE()) -> 20000 | E12: =D12*$I$2 -> 120000 | F12: ="Kelas "&LEFT(B12,1) -> Kelas 8
A13: Rahmat Rahayu | B13: 9B | C13: Pramuka | D13: =VLOOKUP(C13,Acuan!$A$2:$C$8,2,FALSE()) -> 15000 | E13: =D13*$I$2 -> 90000 | F13: ="Kelas "&LEFT(B13,1) -> Kelas 9
A14: Intan Susanto | B14: 7B | C14: Seni Tari | D14: =VLOOKUP(C14,Acuan!$A$2:$C$8,2,FALSE()) -> 20000 | E14: =D14*$I$2 -> 120000 | F14: ="Kelas "&LEFT(B14,1) -> Kelas 7
A15: Ayu Permana | B15: 9A | C15: Paduan Suara | D15: =VLOOKUP(C15,Acuan!$A$2:$C$8,2,FALSE()) -> 20000 | E15: =D15*$I$2 -> 120000 | F15: ="Kelas "&LEFT(B15,1) -> Kelas 9
... A37: Indah Kusuma | B37: 7B | C37: Futsal | D37: =VLOOKUP(C37,Acuan!$A$2:$C$8,2,FALSE()) -> 30000 | E37: =D37*$I$2 -> 180000 | F37: ="Kelas "&LEFT(B37,1) -> Kelas 7

Sheet Acuan
A1: Ekskul | B1: Iuran per Bulan | C1: Kuota | D1: Jumlah Pendaftar | E1: Sisa Kuota | F1: Status Kuota | G1: Total Iuran Semester
A2: Pramuka | B2: 15000 | C2: 10 | D2: =COUNTIF(Data!$C$2:$C$37,A2) -> 6 | E2: =C2-D2 -> 4 | F2: =IF(E2=0,"Penuh",IF(E2<=Data!$I$3,"Hampir Penuh","Tersedia")) -> Tersedia | G2: =SUMIF(Data!$C$2:$C$37,A2,Data!$E$2:$E$37) -> 540000
A3: Basket | B3: 25000 | C3: 6 | D3: =COUNTIF(Data!$C$2:$C$37,A3) -> 6 | E3: =C3-D3 -> 0 | F3: =IF(E3=0,"Penuh",IF(E3<=Data!$I$3,"Hampir Penuh","Tersedia")) -> Penuh | G3: =SUMIF(Data!$C$2:$C$37,A3,Data!$E$2:$E$37) -> 900000
A4: Futsal | B4: 30000 | C4: 8 | D4: =COUNTIF(Data!$C$2:$C$37,A4) -> 7 | E4: =C4-D4 -> 1 | F4: =IF(E4=0,"Penuh",IF(E4<=Data!$I$3,"Hampir Penuh","Tersedia")) -> Hampir Penuh | G4: =SUMIF(Data!$C$2:$C$37,A4,Data!$E$2:$E$37) -> 1260000
A5: Paduan Suara | B5: 20000 | C5: 8 | D5: =COUNTIF(Data!$C$2:$C$37,A5) -> 5 | E5: =C5-D5 -> 3 | F5: =IF(E5=0,"Penuh",IF(E5<=Data!$I$3,"Hampir Penuh","Tersedia")) -> Tersedia | G5: =SUMIF(Data!$C$2:$C$37,A5,Data!$E$2:$E$37) -> 600000
A6: Robotik | B6: 50000 | C6: 5 | D6: =COUNTIF(Data!$C$2:$C$37,A6) -> 5 | E6: =C6-D6 -> 0 | F6: =IF(E6=0,"Penuh",IF(E6<=Data!$I$3,"Hampir Penuh","Tersedia")) -> Penuh | G6: =SUMIF(Data!$C$2:$C$37,A6,Data!$E$2:$E$37) -> 1500000
A7: PMR | B7: 15000 | C7: 6 | D7: =COUNTIF(Data!$C$2:$C$37,A7) -> 4 | E7: =C7-D7 -> 2 | F7: =IF(E7=0,"Penuh",IF(E7<=Data!$I$3,"Hampir Penuh","Tersedia")) -> Hampir Penuh | G7: =SUMIF(Data!$C$2:$C$37,A7,Data!$E$2:$E$37) -> 360000
A8: Seni Tari | B8: 20000 | C8: 6 | D8: =COUNTIF(Data!$C$2:$C$37,A8) -> 3 | E8: =C8-D8 -> 3 | F8: =IF(E8=0,"Penuh",IF(E8<=Data!$I$3,"Hampir Penuh","Tersedia")) -> Tersedia | G8: =SUMIF(Data!$C$2:$C$37,A8,Data!$E$2:$E$37) -> 360000

Sheet Ringkasan
A1: Ringkasan: lembar jawaban soal berjenis ringkasan
A2: Sel hijau berisi rumus kunci.
A3: No | B3: Pertanyaan | C3: Jawaban | D3: Contoh format hasil
A4: 8a | B4: Jumlah siswa mendaftar | C4: =COUNTA(Data!$A$2:$A$37) -> 36 | D4: Angka bulat, mis. 40
A5: 8b | B5: Total iuran semester | C5: =SUM(Data!$E$2:$E$37) -> 5520000 | D5: Rupiah, mis. Rp 6.000.000
A6: 9a | B6: Pendaftar Futsal | C6: =COUNTIF(Data!$C$2:$C$37,"Futsal") -> 7 | D6: Angka bulat, mis. 9
A7: 9b | B7: Siswa Kelas 7 | C7: =COUNTIF(Data!$F$2:$F$37,"Kelas 7") -> 9 | D7: Angka bulat, mis. 15
A8: 10a | B8: Ekskul dengan pendaftar terbanyak | C8: =INDEX(Acuan!$A$2:$A$8,MATCH(MAX(Acuan!$D$2:$D$8),Acuan!$D$2:$D$8,0)) -> Futsal | D8: Teks: nama ekskul
A9: 10b | B9: Ekskul dengan total iuran terbesar | C9: =INDEX(Acuan!$A$2:$A$8,MATCH(MAX(Acuan!$G$2:$G$8),Acuan!$G$2:$G$8,0)) -> Robotik | D9: Teks: nama ekskul
A10: 11a | B10: Ekskul berstatus Penuh | C10: =COUNTIF(Acuan!$F$2:$F$8,"Penuh") -> 2 | D10: Angka bulat, mis. 1
A11: 11b | B11: Total sisa kuota | C11: =SUM(Acuan!$E$2:$E$8) -> 13 | D11: Angka bulat, mis. 20
A12: 12a | B12: Siswa Kelas 9 di Futsal | C12: =COUNTIFS(Data!$F$2:$F$37,"Kelas 9",Data!$C$2:$C$37,"Futsal") -> 4 | D12: Angka bulat, mis. 2
A13: 12b | B13: Rata-rata iuran semester Kelas 7 | C13: =AVERAGEIF(Data!$F$2:$F$37,"Kelas 7",Data!$E$2:$E$37) -> 180000 | D13: Rupiah, mis. Rp 140.000
