Workbook

Sheet Petunjuk
A1: Kunci Jawaban: Peminjaman Ruang Rapat dan Biaya Sewa
A2: Latihan 46 dari 56 | Tingkat: Menengah | Perkiraan waktu: 50 menit | pushexcel.github.io/Pushexcel
A4: Skenario
A5: Kamu resepsionis gedung Graha Mandiri yang menyewakan empat ruang. Tarif per jam dan kapasitas tiap ruang ada di sheet Acuan. Ada 26 peminjaman antara September dan Oktober 2026. Peminjam internal mendapat diskon 40 persen dari biaya sewa (nilainya di blok Parameter), peminjam eksternal membayar penuh. Sesi dihitung dari jam mulai: sebelum pukul 12 Pagi, sebelum pukul 16 Siang, selain itu Sore. Durasi dihitung dalam jam dan dibulatkan satu desimal supaya tidak ada selisih pecahan.
A7: Cara memakai kunci
A8: 1. | B8: Sel hijau berisi rumus kunci yang sudah dihitung. Klik sel untuk melihat rumusnya.
A9: 2. | B9: Kolom Rumus kunci di bawah menampilkan rumus untuk baris pertama atau tiap sel jawaban.
A10: 3. | B10: Rumus ditulis dengan titik koma (;). Ganti dengan koma (,) bila Excel kamu berbahasa Inggris.
A11: 4. | B11: Jawaban lain yang benar secara logika juga boleh, selama hasilnya sama.
A13: Arti warna
B14: Judul kolom data yang sudah diberikan
B15: Judul kolom hasil hitung
B16: Sel berisi rumus kunci
B17: Angka berwarna biru pada blok Parameter = nilai tetap yang boleh dirujuk
A19: Daftar soal
A20: No | B20: Soal | C20: Jawab di | D20: Rumus kunci
A21: 1 | B21: Hitung durasi pemakaian dalam jam: selisih jam selesai dan jam mulai dikali 24, dibulatkan satu desimal. | C21: Sheet Data, kolom H (Durasi (Jam)), baris 2 sampai 27 | D21: =ROUND((F2-E2)*24;1)
A22: 2 | B22: Ambil tarif per jam ruang dari sheet Acuan. | C22: Sheet Data, kolom I (Tarif per Jam), baris 2 sampai 27 | D22: =VLOOKUP(B2;Acuan!$A$2:$C$5;3;FALSE)
A23: 3 | B23: Hitung biaya sewa sebelum diskon: durasi dikali tarif per jam. | C23: Sheet Data, kolom J (Biaya Sewa), baris 2 sampai 27 | D23: =H2*I2
A24: 4 | B24: Beri diskon internal bila jenis peminjam Internal, bulatkan ke rupiah. Peminjam eksternal membayar biaya sewa penuh. | C24: Sheet Data, kolom K (Biaya Akhir), baris 2 sampai 27 | D24: =IF(D2="Internal";ROUND(J2*(1-$P$2);0);J2)
A25: 5 | B25: Tulis Melebihi bila jumlah peserta lebih besar dari kapasitas maksimal ruang (ambil dari Acuan). Selain itu Sesuai. | C25: Sheet Data, kolom L (Kapasitas), baris 2 sampai 27 | D25: =IF(G2>VLOOKUP(B2;Acuan!$A$2:$C$5;2;FALSE);"Melebihi";"Sesuai")
A26: 6 | B26: Tentukan sesi dari jam mulai: Pagi bila sebelum pukul 12, Siang bila sebelum pukul 16, selain itu Sore. | C26: Sheet Data, kolom M (Sesi), baris 2 sampai 27 | D26: =IF(HOUR(E2)<12;"Pagi";IF(HOUR(E2)<16;"Siang";"Sore"))
A27: 7 | B27: Pada sheet Acuan, hitung berapa kali tiap ruang dipinjam. | C27: Sheet Acuan, kolom D (Jumlah Pemakaian), baris 2 sampai 5 | D27: =COUNTIF(Data!$B$2:$B$27;A2)
A28: 8 | B28: Pada sheet Acuan, hitung total biaya akhir tiap ruang. | C28: Sheet Acuan, kolom E (Total Pendapatan), baris 2 sampai 5 | D28: =SUMIF(Data!$B$2:$B$27;A2;Data!$K$2:$K$27)
A29: 9 | B29: Berapa total jam pemakaian seluruh ruang, dan berapa total pendapatan (biaya akhir)? | C29: Sheet Ringkasan, sel C4 sampai C5 | D29: =SUM(Data!$H$2:$H$27) =SUM(Data!$K$2:$K$27)
A30: 10 | B30: Berapa total diskon internal yang diberikan, dan berapa persen dari total biaya sewa sebelum diskon? | C30: Sheet Ringkasan, sel C6 sampai C7 | D30: =SUM(Data!$J$2:$J$27)-SUM(Data!$K$2:$K$27) =C6/SUM(Data!$J$2:$J$27)
A31: 11 | B31: Ruang mana yang paling sering dipinjam, dan ruang mana yang pendapatannya terbesar? | C31: Sheet Ringkasan, sel C8 sampai C9 | D31: =INDEX(Acuan!$A$2:$A$5;MATCH(MAX(Acuan!$D$2:$D$5);Acuan!$D$2:$D$5;0)) =INDEX(Acuan!$A$2:$A$5;MATCH(MAX(Acuan!$E$2:$E$5);Acuan!$E$2:$E$5;0))
... A33: 13 | B33: Berapa total biaya akhir peminjam eksternal, dan berapa rata-rata durasi pemakaian Aula? | C33: Sheet Ringkasan, sel C12 sampai C13 | D33: =SUMIF(Data!$D$2:$D$27;"Eksternal";Data!$K$2:$K$27) =AVERAGEIF(Data!$B$2:$B$27;"Aula";Data!$H$2:$H$27)

Sheet Data
A1: Tanggal | B1: Ruang | C1: Peminjam | D1: Jenis Peminjam | E1: Jam Mulai | F1: Jam Selesai | G1: Peserta | H1: Durasi (Jam) | I1: Tarif per Jam | J1: Biaya Sewa | K1: Biaya Akhir | L1: Kapasitas | M1: Sesi | O1: Parameter | P1: Nilai | Q1: Keterangan
A2: 46280 | B2: Aula | C2: Vendor Pelatihan | D2: Eksternal | E2: 0.6875 | F2: 0.79166667 | G2: 138 | H2: =ROUND((F2-E2)*24,1) -> 2.5 | I2: =VLOOKUP(B2,Acuan!$A$2:$C$5,3,FALSE()) -> 300000 | J2: =H2*I2 -> 750000 | K2: =IF(D2="Internal",ROUND(J2*(1-$P$2),0),J2) -> 750000 | L2: =IF(G2>VLOOKUP(B2,Acuan!$A$2:$C$5,2,FALSE()),"Melebihi","Sesuai") -> Melebihi | M2: =IF(HOUR(E2)<12,"Pagi",IF(HOUR(E2)<16,"Siang","Sore")) -> Sore | O2: Diskon internal | P2: 0.4 | Q2: Berlaku untuk jenis peminjam Internal
A3: 46281 | B3: Aula | C3: Divisi Pemasaran | D3: Internal | E3: 0.375 | F3: 0.5 | G3: 48 | H3: =ROUND((F3-E3)*24,1) -> 3 | I3: =VLOOKUP(B3,Acuan!$A$2:$C$5,3,FALSE()) -> 300000 | J3: =H3*I3 -> 900000 | K3: =IF(D3="Internal",ROUND(J3*(1-$P$2),0),J3) -> 540000 | L3: =IF(G3>VLOOKUP(B3,Acuan!$A$2:$C$5,2,FALSE()),"Melebihi","Sesuai") -> Sesuai | M3: =IF(HOUR(E3)<12,"Pagi",IF(HOUR(E3)<16,"Siang","Sore")) -> Pagi
A4: 46282 | B4: Ruang Diskusi | C4: Bagian SDM | D4: Internal | E4: 0.35416667 | F4: 0.39583333 | G4: 6 | H4: =ROUND((F4-E4)*24,1) -> 1 | I4: =VLOOKUP(B4,Acuan!$A$2:$C$5,3,FALSE()) -> 60000 | J4: =H4*I4 -> 60000 | K4: =IF(D4="Internal",ROUND(J4*(1-$P$2),0),J4) -> 36000 | L4: =IF(G4>VLOOKUP(B4,Acuan!$A$2:$C$5,2,FALSE()),"Melebihi","Sesuai") -> Sesuai | M4: =IF(HOUR(E4)<12,"Pagi",IF(HOUR(E4)<16,"Siang","Sore")) -> Pagi
A5: 46287 | B5: Aula | C5: Divisi Keuangan | D5: Internal | E5: 0.58333333 | F5: 0.66666667 | G5: 72 | H5: =ROUND((F5-E5)*24,1) -> 2 | I5: =VLOOKUP(B5,Acuan!$A$2:$C$5,3,FALSE()) -> 300000 | J5: =H5*I5 -> 600000 | K5: =IF(D5="Internal",ROUND(J5*(1-$P$2),0),J5) -> 360000 | L5: =IF(G5>VLOOKUP(B5,Acuan!$A$2:$C$5,2,FALSE()),"Melebihi","Sesuai") -> Sesuai | M5: =IF(HOUR(E5)<12,"Pagi",IF(HOUR(E5)<16,"Siang","Sore")) -> Siang
A6: 46288 | B6: Ruang Diskusi | C6: Bagian SDM | D6: Internal | E6: 0.66666667 | F6: 0.75 | G6: 9 | H6: =ROUND((F6-E6)*24,1) -> 2 | I6: =VLOOKUP(B6,Acuan!$A$2:$C$5,3,FALSE()) -> 60000 | J6: =H6*I6 -> 120000 | K6: =IF(D6="Internal",ROUND(J6*(1-$P$2),0),J6) -> 72000 | L6: =IF(G6>VLOOKUP(B6,Acuan!$A$2:$C$5,2,FALSE()),"Melebihi","Sesuai") -> Melebihi | M6: =IF(HOUR(E6)<12,"Pagi",IF(HOUR(E6)<16,"Siang","Sore")) -> Sore
A7: 46289 | B7: Aula | C7: Tim Proyek Alfa | D7: Internal | E7: 0.4375 | F7: 0.52083333 | G7: 72 | H7: =ROUND((F7-E7)*24,1) -> 2 | I7: =VLOOKUP(B7,Acuan!$A$2:$C$5,3,FALSE()) -> 300000 | J7: =H7*I7 -> 600000 | K7: =IF(D7="Internal",ROUND(J7*(1-$P$2),0),J7) -> 360000 | L7: =IF(G7>VLOOKUP(B7,Acuan!$A$2:$C$5,2,FALSE()),"Melebihi","Sesuai") -> Sesuai | M7: =IF(HOUR(E7)<12,"Pagi",IF(HOUR(E7)<16,"Siang","Sore")) -> Pagi
A8: 46291 | B8: Ruang Diskusi | C8: Mitra Konsultan | D8: Eksternal | E8: 0.6875 | F8: 0.77083333 | G8: 4 | H8: =ROUND((F8-E8)*24,1) -> 2 | I8: =VLOOKUP(B8,Acuan!$A$2:$C$5,3,FALSE()) -> 60000 | J8: =H8*I8 -> 120000 | K8: =IF(D8="Internal",ROUND(J8*(1-$P$2),0),J8) -> 120000 | L8: =IF(G8>VLOOKUP(B8,Acuan!$A$2:$C$5,2,FALSE()),"Melebihi","Sesuai") -> Sesuai | M8: =IF(HOUR(E8)<12,"Pagi",IF(HOUR(E8)<16,"Siang","Sore")) -> Sore
A9: 46294 | B9: Aula | C9: Vendor Pelatihan | D9: Eksternal | E9: 0.6875 | F9: 0.79166667 | G9: 138 | H9: =ROUND((F9-E9)*24,1) -> 2.5 | I9: =VLOOKUP(B9,Acuan!$A$2:$C$5,3,FALSE()) -> 300000 | J9: =H9*I9 -> 750000 | K9: =IF(D9="Internal",ROUND(J9*(1-$P$2),0),J9) -> 750000 | L9: =IF(G9>VLOOKUP(B9,Acuan!$A$2:$C$5,2,FALSE()),"Melebihi","Sesuai") -> Melebihi | M9: =IF(HOUR(E9)<12,"Pagi",IF(HOUR(E9)<16,"Siang","Sore")) -> Sore
A10: 46295 | B10: Ruang Rapat Besar | C10: Divisi Keuangan | D10: Internal | E10: 0.33333333 | F10: 0.39583333 | G10: 34 | H10: =ROUND((F10-E10)*24,1) -> 1.5 | I10: =VLOOKUP(B10,Acuan!$A$2:$C$5,3,FALSE()) -> 180000 | J10: =H10*I10 -> 270000 | K10: =IF(D10="Internal",ROUND(J10*(1-$P$2),0),J10) -> 162000 | L10: =IF(G10>VLOOKUP(B10,Acuan!$A$2:$C$5,2,FALSE()),"Melebihi","Sesuai") -> Melebihi | M10: =IF(HOUR(E10)<12,"Pagi",IF(HOUR(E10)<16,"Siang","Sore")) -> Pagi
A11: 46301 | B11: Ruang Diskusi | C11: Vendor Pelatihan | D11: Eksternal | E11: 0.35416667 | F11: 0.39583333 | G11: 8 | H11: =ROUND((F11-E11)*24,1) -> 1 | I11: =VLOOKUP(B11,Acuan!$A$2:$C$5,3,FALSE()) -> 60000 | J11: =H11*I11 -> 60000 | K11: =IF(D11="Internal",ROUND(J11*(1-$P$2),0),J11) -> 60000 | L11: =IF(G11>VLOOKUP(B11,Acuan!$A$2:$C$5,2,FALSE()),"Melebihi","Sesuai") -> Sesuai | M11: =IF(HOUR(E11)<12,"Pagi",IF(HOUR(E11)<16,"Siang","Sore")) -> Pagi
A12: 46302 | B12: Ruang Rapat Kecil | C12: Divisi Pemasaran | D12: Internal | E12: 0.375 | F12: 0.5 | G12: 13 | H12: =ROUND((F12-E12)*24,1) -> 3 | I12: =VLOOKUP(B12,Acuan!$A$2:$C$5,3,FALSE()) -> 90000 | J12: =H12*I12 -> 270000 | K12: =IF(D12="Internal",ROUND(J12*(1-$P$2),0),J12) -> 162000 | L12: =IF(G12>VLOOKUP(B12,Acuan!$A$2:$C$5,2,FALSE()),"Melebihi","Sesuai") -> Melebihi | M12: =IF(HOUR(E12)<12,"Pagi",IF(HOUR(E12)<16,"Siang","Sore")) -> Pagi
A13: 46303 | B13: Ruang Rapat Kecil | C13: Bagian SDM | D13: Internal | E13: 0.58333333 | F13: 0.64583333 | G13: 13 | H13: =ROUND((F13-E13)*24,1) -> 1.5 | I13: =VLOOKUP(B13,Acuan!$A$2:$C$5,3,FALSE()) -> 90000 | J13: =H13*I13 -> 135000 | K13: =IF(D13="Internal",ROUND(J13*(1-$P$2),0),J13) -> 81000 | L13: =IF(G13>VLOOKUP(B13,Acuan!$A$2:$C$5,2,FALSE()),"Melebihi","Sesuai") -> Melebihi | M13: =IF(HOUR(E13)<12,"Pagi",IF(HOUR(E13)<16,"Siang","Sore")) -> Siang
A14: 46303 | B14: Ruang Diskusi | C14: Vendor Pelatihan | D14: Eksternal | E14: 0.625 | F14: 0.70833333 | G14: 9 | H14: =ROUND((F14-E14)*24,1) -> 2 | I14: =VLOOKUP(B14,Acuan!$A$2:$C$5,3,FALSE()) -> 60000 | J14: =H14*I14 -> 120000 | K14: =IF(D14="Internal",ROUND(J14*(1-$P$2),0),J14) -> 120000 | L14: =IF(G14>VLOOKUP(B14,Acuan!$A$2:$C$5,2,FALSE()),"Melebihi","Sesuai") -> Melebihi | M14: =IF(HOUR(E14)<12,"Pagi",IF(HOUR(E14)<16,"Siang","Sore")) -> Siang
... A27: 46319 | B27: Ruang Rapat Kecil | C27: Mitra Konsultan | D27: Eksternal | E27: 0.60416667 | F27: 0.64583333 | G27: 7 | H27: =ROUND((F27-E27)*24,1) -> 1 | I27: =VLOOKUP(B27,Acuan!$A$2:$C$5,3,FALSE()) -> 90000 | J27: =H27*I27 -> 90000 | K27: =IF(D27="Internal",ROUND(J27*(1-$P$2),0),J27) -> 90000 | L27: =IF(G27>VLOOKUP(B27,Acuan!$A$2:$C$5,2,FALSE()),"Melebihi","Sesuai") -> Sesuai | M27: =IF(HOUR(E27)<12,"Pagi",IF(HOUR(E27)<16,"Siang","Sore")) -> Siang

Sheet Acuan
A1: Ruang | B1: Kapasitas Maks | C1: Tarif per Jam | D1: Jumlah Pemakaian | E1: Total Pendapatan
A2: Aula | B2: 120 | C2: 300000 | D2: =COUNTIF(Data!$B$2:$B$27,A2) -> 8 | E2: =SUMIF(Data!$B$2:$B$27,A2,Data!$K$2:$K$27) -> 4410000
A3: Ruang Rapat Besar | B3: 30 | C3: 180000 | D3: =COUNTIF(Data!$B$2:$B$27,A3) -> 7 | E3: =SUMIF(Data!$B$2:$B$27,A3,Data!$K$2:$K$27) -> 2214000
A4: Ruang Rapat Kecil | B4: 12 | C4: 90000 | D4: =COUNTIF(Data!$B$2:$B$27,A4) -> 6 | E4: =SUMIF(Data!$B$2:$B$27,A4,Data!$K$2:$K$27) -> 927000
A5: Ruang Diskusi | B5: 8 | C5: 60000 | D5: =COUNTIF(Data!$B$2:$B$27,A5) -> 5 | E5: =SUMIF(Data!$B$2:$B$27,A5,Data!$K$2:$K$27) -> 408000

Sheet Ringkasan
A1: Ringkasan: lembar jawaban soal berjenis ringkasan
A2: Sel hijau berisi rumus kunci.
A3: No | B3: Pertanyaan | C3: Jawaban | D3: Contoh format hasil
A4: 9a | B4: Total jam pemakaian | C4: =SUM(Data!$H$2:$H$27) -> 56.5 | D4: Angka desimal, mis. 55,5
A5: 9b | B5: Total pendapatan | C5: =SUM(Data!$K$2:$K$27) -> 7959000 | D5: Rupiah, mis. Rp 8.000.000
A6: 10a | B6: Total diskon internal | C6: =SUM(Data!$J$2:$J$27)-SUM(Data!$K$2:$K$27) -> 2166000 | D6: Rupiah, mis. Rp 2.000.000
A7: 10b | B7: Persen diskon dari total sebelum diskon | C7: =C6/SUM(Data!$J$2:$J$27) -> 0.21392593 | D7: Persen, mis. 22,5%
A8: 11a | B8: Ruang paling sering dipinjam | C8: =INDEX(Acuan!$A$2:$A$5,MATCH(MAX(Acuan!$D$2:$D$5),Acuan!$D$2:$D$5,0)) -> Aula | D8: Teks: nama ruang
A9: 11b | B9: Ruang dengan pendapatan terbesar | C9: =INDEX(Acuan!$A$2:$A$5,MATCH(MAX(Acuan!$E$2:$E$5),Acuan!$E$2:$E$5,0)) -> Aula | D9: Teks: nama ruang
A10: 12a | B10: Jumlah peminjaman melebihi kapasitas | C10: =COUNTIF(Data!$L$2:$L$27,"Melebihi") -> 9 | D10: Angka bulat, mis. 7
A11: 12b | B11: Jumlah peminjaman sesi Pagi | C11: =COUNTIF(Data!$M$2:$M$27,"Pagi") -> 16 | D11: Angka bulat, mis. 11
A12: 13a | B12: Total biaya akhir peminjam eksternal | C12: =SUMIF(Data!$D$2:$D$27,"Eksternal",Data!$K$2:$K$27) -> 4710000 | D12: Rupiah, mis. Rp 3.000.000
A13: 13b | B13: Rata-rata durasi pemakaian Aula (jam) | C13: =AVERAGEIF(Data!$B$2:$B$27,"Aula",Data!$H$2:$H$27) -> 2.3125 | D13: Angka desimal, mis. 2,40
