Workbook

Sheet Petunjuk
A1: Kunci Jawaban: Seleksi Penerimaan Peserta Didik Baru
A2: Latihan 15 dari 104 | Tingkat: Lanjutan | Perkiraan waktu: 60 menit | pushexcel.github.io/Pushexcel
A4: Skenario
A5: Kamu panitia PPDB SMP Harapan Bangsa dengan kuota 20 siswa dari 36 pendaftar. Skor seleksi = rata-rata nilai Matematika, Bahasa Indonesia, dan IPA (dibulatkan 2 desimal) ditambah bonus jalur pendaftaran (sheet Acuan) ditambah bonus jarak bila rumah pendaftar dekat dengan sekolah. Pendaftar diurutkan dari skor tertinggi dan yang masuk kuota dinyatakan diterima.
A7: Cara memakai kunci
A8: 1. | B8: Sel hijau berisi rumus kunci yang sudah dihitung. Klik sel untuk melihat rumusnya.
A9: 2. | B9: Kolom Rumus kunci di bawah menampilkan rumus untuk baris pertama atau tiap sel jawaban.
A10: 3. | B10: Rumus ditulis dengan titik koma (;). Ganti dengan koma (,) bila Excel kamu berbahasa Inggris.
A11: 4. | B11: Jawaban lain yang benar secara logika juga boleh, selama hasilnya sama.
A13: Arti warna
B14: Judul kolom data yang sudah diberikan
B15: Judul kolom hasil hitung
B16: Sel berisi rumus kunci
B17: Angka berwarna biru pada blok Parameter = nilai tetap yang boleh dirujuk
A19: Daftar soal
A20: No | B20: Soal | C20: Jawab di | D20: Rumus kunci
A21: 1 | B21: Hitung rata-rata tiga nilai (Matematika, B. Indonesia, IPA) dan bulatkan ke 2 desimal. | C21: Sheet Data, kolom I (Rata-rata Nilai), baris 2 sampai 37 | D21: =ROUND(AVERAGE(F2:H2);2)
A22: 2 | B22: Ambil bonus jalur tiap pendaftar dari tabel di sheet Acuan. | C22: Sheet Data, kolom J (Bonus Jalur), baris 2 sampai 37 | D22: =VLOOKUP(D2;Acuan!$A$2:$B$4;2;FALSE)
A23: 3 | B23: Beri bonus jarak (poin dari sel Parameter) bila jarak sama dengan atau di bawah batas jarak, selain itu 0. | C23: Sheet Data, kolom K (Bonus Jarak), baris 2 sampai 37 | D23: =IF(E2<=$Q$2;$Q$3;0)
A24: 4 | B24: Hitung skor seleksi: rata-rata nilai ditambah bonus jalur ditambah bonus jarak. | C24: Sheet Data, kolom L (Skor Seleksi), baris 2 sampai 37 | D24: =I2+J2+K2
A25: 5 | B25: Beri peringkat berdasarkan skor seleksi, tertinggi peringkat 1. | C25: Sheet Data, kolom M (Peringkat), baris 2 sampai 37 | D25: =RANK(L2;$L$2:$L$37)
A26: 6 | B26: Pendaftar Diterima bila peringkatnya sama dengan atau di dalam kuota, selain itu Tidak Diterima. | C26: Sheet Data, kolom N (Status), baris 2 sampai 37 | D26: =IF(M2<=$Q$4;"Diterima";"Tidak Diterima")
A27: 7 | B27: Siapa pendaftar yang berada di peringkat 1? | C27: Sheet Ringkasan, sel C4 | D27: =INDEX(Data!$B$2:$B$37;MATCH(1;Data!$M$2:$M$37;0))
A28: 8 | B28: Berapa skor pendaftar terakhir yang masih diterima (skor batas penerimaan)? | C28: Sheet Ringkasan, sel C5 | D28: =INDEX(Data!$L$2:$L$37;MATCH(Data!$Q$4;Data!$M$2:$M$37;0))
A29: 9 | B29: Berapa pendaftar diterima dari jalur Prestasi, Afirmasi, dan Reguler? Jumlah ketiganya harus sama dengan kuota. | C29: Sheet Ringkasan, sel C6 sampai C8 | D29: =COUNTIFS(Data!$D$2:$D$37;"Prestasi";Data!$N$2:$N$37;"Diterima") =COUNTIFS(Data!$D$2:$D$37;"Afirmasi";Data!$N$2:$N$37;"Diterima") =COUNTIFS(Data!$D$2:$D$37;"Reguler";Data!$N$2:$N$37;"Diterima")
A30: 10 | B30: Berapa pendaftar perempuan (P) yang diterima? | C30: Sheet Ringkasan, sel C9 | D30: =COUNTIFS(Data!$C$2:$C$37;"P";Data!$N$2:$N$37;"Diterima")
A31: 11 | B31: Berapa rata-rata jarak rumah ke sekolah (dalam meter) dari pendaftar yang diterima? | C31: Sheet Ringkasan, sel C10 | D31: =AVERAGEIF(Data!$N$2:$N$37;"Diterima";Data!$E$2:$E$37)
A32: 12 | B32: Berapa pendaftar yang mendapat bonus jarak? | C32: Sheet Ringkasan, sel C11 | D32: =COUNTIF(Data!$K$2:$K$37;">0")

Sheet Data
A1: No | B1: Nama Pendaftar | C1: JK | D1: Jalur | E1: Jarak ke Sekolah (meter) | F1: Nilai Matematika | G1: Nilai B. Indonesia | H1: Nilai IPA | I1: Rata-rata Nilai | J1: Bonus Jalur | K1: Bonus Jarak | L1: Skor Seleksi | M1: Peringkat | N1: Status | P1: Parameter | Q1: Nilai | R1: Keterangan
A2: 1 | B2: Rani Nugroho | C2: P | D2: Prestasi | E2: 2300 | F2: 97 | G2: 88 | H2: 86 | I2: =ROUND(AVERAGE(F2:H2),2) -> 90.33 | J2: =VLOOKUP(D2,Acuan!$A$2:$B$4,2,FALSE()) -> 5 | K2: =IF(E2<=$Q$2,$Q$3,0) -> 2 | L2: =I2+J2+K2 -> 97.33 | M2: =RANK(L2,$L$2:$L$37) -> 4 | N2: =IF(M2<=$Q$4,"Diterima","Tidak Diterima") -> Diterima | P2: Batas jarak dapat bonus (meter) | Q2: 3000 | R2: Jarak sama dengan atau di bawah angka ini
A3: 2 | B3: Yanti Kurniawan | C3: P | D3: Reguler | E3: 5050 | F3: 95 | G3: 83 | H3: 90 | I3: =ROUND(AVERAGE(F3:H3),2) -> 89.33 | J3: =VLOOKUP(D3,Acuan!$A$2:$B$4,2,FALSE()) -> 0 | K3: =IF(E3<=$Q$2,$Q$3,0) -> 0 | L3: =I3+J3+K3 -> 89.33 | M3: =RANK(L3,$L$2:$L$37) -> 11 | N3: =IF(M3<=$Q$4,"Diterima","Tidak Diterima") -> Diterima | P3: Bonus jarak (poin) | Q3: 2
A4: 3 | B4: Rahmat Handayani | C4: L | D4: Reguler | E4: 4550 | F4: 59 | G4: 89 | H4: 95 | I4: =ROUND(AVERAGE(F4:H4),2) -> 81 | J4: =VLOOKUP(D4,Acuan!$A$2:$B$4,2,FALSE()) -> 0 | K4: =IF(E4<=$Q$2,$Q$3,0) -> 0 | L4: =I4+J4+K4 -> 81 | M4: =RANK(L4,$L$2:$L$37) -> 21 | N4: =IF(M4<=$Q$4,"Diterima","Tidak Diterima") -> Tidak Diterima | P4: Kuota penerimaan | Q4: 20 | R4: Jumlah pendaftar yang diterima
A5: 4 | B5: Citra Wibowo | C5: P | D5: Reguler | E5: 7650 | F5: 60 | G5: 55 | H5: 94 | I5: =ROUND(AVERAGE(F5:H5),2) -> 69.67 | J5: =VLOOKUP(D5,Acuan!$A$2:$B$4,2,FALSE()) -> 0 | K5: =IF(E5<=$Q$2,$Q$3,0) -> 0 | L5: =I5+J5+K5 -> 69.67 | M5: =RANK(L5,$L$2:$L$37) -> 31 | N5: =IF(M5<=$Q$4,"Diterima","Tidak Diterima") -> Tidak Diterima
A6: 5 | B6: Indah Wijaya | C6: P | D6: Afirmasi | E6: 4250 | F6: 70 | G6: 72 | H6: 82 | I6: =ROUND(AVERAGE(F6:H6),2) -> 74.67 | J6: =VLOOKUP(D6,Acuan!$A$2:$B$4,2,FALSE()) -> 7 | K6: =IF(E6<=$Q$2,$Q$3,0) -> 0 | L6: =I6+J6+K6 -> 81.67 | M6: =RANK(L6,$L$2:$L$37) -> 19 | N6: =IF(M6<=$Q$4,"Diterima","Tidak Diterima") -> Diterima
A7: 6 | B7: Rahmat Firmansyah | C7: L | D7: Reguler | E7: 6750 | F7: 59 | G7: 77 | H7: 64 | I7: =ROUND(AVERAGE(F7:H7),2) -> 66.67 | J7: =VLOOKUP(D7,Acuan!$A$2:$B$4,2,FALSE()) -> 0 | K7: =IF(E7<=$Q$2,$Q$3,0) -> 0 | L7: =I7+J7+K7 -> 66.67 | M7: =RANK(L7,$L$2:$L$37) -> 33 | N7: =IF(M7<=$Q$4,"Diterima","Tidak Diterima") -> Tidak Diterima
A8: 7 | B8: Joko Maulana | C8: L | D8: Prestasi | E8: 2050 | F8: 98 | G8: 92 | H8: 96 | I8: =ROUND(AVERAGE(F8:H8),2) -> 95.33 | J8: =VLOOKUP(D8,Acuan!$A$2:$B$4,2,FALSE()) -> 5 | K8: =IF(E8<=$Q$2,$Q$3,0) -> 2 | L8: =I8+J8+K8 -> 102.33 | M8: =RANK(L8,$L$2:$L$37) -> 1 | N8: =IF(M8<=$Q$4,"Diterima","Tidak Diterima") -> Diterima
A9: 8 | B9: Agus Wibowo | C9: L | D9: Prestasi | E9: 6750 | F9: 85 | G9: 85 | H9: 91 | I9: =ROUND(AVERAGE(F9:H9),2) -> 87 | J9: =VLOOKUP(D9,Acuan!$A$2:$B$4,2,FALSE()) -> 5 | K9: =IF(E9<=$Q$2,$Q$3,0) -> 0 | L9: =I9+J9+K9 -> 92 | M9: =RANK(L9,$L$2:$L$37) -> 8 | N9: =IF(M9<=$Q$4,"Diterima","Tidak Diterima") -> Diterima
A10: 9 | B10: Rizki Firmansyah | C10: L | D10: Reguler | E10: 3600 | F10: 95 | G10: 84 | H10: 96 | I10: =ROUND(AVERAGE(F10:H10),2) -> 91.67 | J10: =VLOOKUP(D10,Acuan!$A$2:$B$4,2,FALSE()) -> 0 | K10: =IF(E10<=$Q$2,$Q$3,0) -> 0 | L10: =I10+J10+K10 -> 91.67 | M10: =RANK(L10,$L$2:$L$37) -> 9 | N10: =IF(M10<=$Q$4,"Diterima","Tidak Diterima") -> Diterima
A11: 10 | B11: Umar Setiawan | C11: L | D11: Reguler | E11: 2100 | F11: 97 | G11: 94 | H11: 87 | I11: =ROUND(AVERAGE(F11:H11),2) -> 92.67 | J11: =VLOOKUP(D11,Acuan!$A$2:$B$4,2,FALSE()) -> 0 | K11: =IF(E11<=$Q$2,$Q$3,0) -> 2 | L11: =I11+J11+K11 -> 94.67 | M11: =RANK(L11,$L$2:$L$37) -> 6 | N11: =IF(M11<=$Q$4,"Diterima","Tidak Diterima") -> Diterima
A12: 11 | B12: Eko Wibowo | C12: L | D12: Afirmasi | E12: 1450 | F12: 64 | G12: 93 | H12: 80 | I12: =ROUND(AVERAGE(F12:H12),2) -> 79 | J12: =VLOOKUP(D12,Acuan!$A$2:$B$4,2,FALSE()) -> 7 | K12: =IF(E12<=$Q$2,$Q$3,0) -> 2 | L12: =I12+J12+K12 -> 88 | M12: =RANK(L12,$L$2:$L$37) -> 13 | N12: =IF(M12<=$Q$4,"Diterima","Tidak Diterima") -> Diterima
A13: 12 | B13: Gunawan Hidayat | C13: L | D13: Afirmasi | E13: 3550 | F13: 80 | G13: 89 | H13: 96 | I13: =ROUND(AVERAGE(F13:H13),2) -> 88.33 | J13: =VLOOKUP(D13,Acuan!$A$2:$B$4,2,FALSE()) -> 7 | K13: =IF(E13<=$Q$2,$Q$3,0) -> 0 | L13: =I13+J13+K13 -> 95.33 | M13: =RANK(L13,$L$2:$L$37) -> 5 | N13: =IF(M13<=$Q$4,"Diterima","Tidak Diterima") -> Diterima
A14: 13 | B14: Utami Purnomo | C14: P | D14: Reguler | E14: 6350 | F14: 55 | G14: 58 | H14: 83 | I14: =ROUND(AVERAGE(F14:H14),2) -> 65.33 | J14: =VLOOKUP(D14,Acuan!$A$2:$B$4,2,FALSE()) -> 0 | K14: =IF(E14<=$Q$2,$Q$3,0) -> 0 | L14: =I14+J14+K14 -> 65.33 | M14: =RANK(L14,$L$2:$L$37) -> 34 | N14: =IF(M14<=$Q$4,"Diterima","Tidak Diterima") -> Tidak Diterima
A15: 14 | B15: Gita Susanto | C15: P | D15: Prestasi | E15: 2150 | F15: 96 | G15: 83 | H15: 79 | I15: =ROUND(AVERAGE(F15:H15),2) -> 86 | J15: =VLOOKUP(D15,Acuan!$A$2:$B$4,2,FALSE()) -> 5 | K15: =IF(E15<=$Q$2,$Q$3,0) -> 2 | L15: =I15+J15+K15 -> 93 | M15: =RANK(L15,$L$2:$L$37) -> 7 | N15: =IF(M15<=$Q$4,"Diterima","Tidak Diterima") -> Diterima
A16: 15 | B16: Utami Ramadhan | C16: P | D16: Reguler | E16: 7400 | F16: 55 | G16: 58 | H16: 75 | I16: =ROUND(AVERAGE(F16:H16),2) -> 62.67 | J16: =VLOOKUP(D16,Acuan!$A$2:$B$4,2,FALSE()) -> 0 | K16: =IF(E16<=$Q$2,$Q$3,0) -> 0 | L16: =I16+J16+K16 -> 62.67 | M16: =RANK(L16,$L$2:$L$37) -> 36 | N16: =IF(M16<=$Q$4,"Diterima","Tidak Diterima") -> Tidak Diterima
... A37: 36 | B37: Wawan Purnomo | C37: L | D37: Reguler | E37: 7600 | F37: 87 | G37: 68 | H37: 81 | I37: =ROUND(AVERAGE(F37:H37),2) -> 78.67 | J37: =VLOOKUP(D37,Acuan!$A$2:$B$4,2,FALSE()) -> 0 | K37: =IF(E37<=$Q$2,$Q$3,0) -> 0 | L37: =I37+J37+K37 -> 78.67 | M37: =RANK(L37,$L$2:$L$37) -> 24 | N37: =IF(M37<=$Q$4,"Diterima","Tidak Diterima") -> Tidak Diterima

Sheet Acuan
A1: Jalur | B1: Bonus Poin
A2: Prestasi | B2: 5
A3: Afirmasi | B3: 7
A4: Reguler | B4: 0

Sheet Ringkasan
A1: Ringkasan: lembar jawaban soal berjenis ringkasan
A2: Sel hijau berisi rumus kunci.
A3: No | B3: Pertanyaan | C3: Jawaban | D3: Contoh format hasil
A4: 7 | B4: Nama pendaftar peringkat 1 | C4: =INDEX(Data!$B$2:$B$37,MATCH(1,Data!$M$2:$M$37,0)) -> Joko Maulana | D4: Teks: nama pendaftar
A5: 8 | B5: Skor batas penerimaan | C5: =INDEX(Data!$L$2:$L$37,MATCH(Data!$Q$4,Data!$M$2:$M$37,0)) -> 81.33 | D5: Desimal 2 angka, mis. 82,67
A6: 9a | B6: Jumlah peserta diterima jalur Prestasi | C6: =COUNTIFS(Data!$D$2:$D$37,"Prestasi",Data!$N$2:$N$37,"Diterima") -> 8 | D6: Angka bulat, mis. 3
A7: 9b | B7: Jumlah peserta diterima jalur Afirmasi | C7: =COUNTIFS(Data!$D$2:$D$37,"Afirmasi",Data!$N$2:$N$37,"Diterima") -> 3 | D7: Angka bulat, mis. 3
A8: 9c | B8: Jumlah peserta diterima jalur Reguler | C8: =COUNTIFS(Data!$D$2:$D$37,"Reguler",Data!$N$2:$N$37,"Diterima") -> 9 | D8: Angka bulat, mis. 3
A9: 10 | B9: Jumlah pendaftar perempuan yang diterima | C9: =COUNTIFS(Data!$C$2:$C$37,"P",Data!$N$2:$N$37,"Diterima") -> 11 | D9: Angka bulat, mis. 11
A10: 11 | B10: Rata-rata jarak pendaftar diterima (meter) | C10: =AVERAGEIF(Data!$N$2:$N$37,"Diterima",Data!$E$2:$E$37) -> 4165 | D10: Angka bulat, mis. 2.850
A11: 12 | B11: Jumlah pendaftar yang mendapat bonus jarak | C11: =COUNTIF(Data!$K$2:$K$37,">0") -> 10 | D11: Angka bulat, mis. 14
