Workbook

Sheet Petunjuk
A1: Kunci Jawaban: Nota Laundry Kiloan dan Status Pengambilan
A2: Latihan 68 dari 40 | Tingkat: Pemula | Perkiraan waktu: 35 menit | pushexcel.github.io/Pushexcel
A4: Skenario
A5: Kamu kasir Laundry Bersih Wangi yang melayani cuci kering, cuci setrika, setrika saja, dan cuci selimut dengan tarif per kg di sheet Acuan. Ada 30 nota pekan ini, lengkap dengan berat cucian (kg), pilihan ekspres, dan status pengambilan. Layanan ekspres dikenai tambahan 30 persen dari subtotal (angkanya ada di blok Parameter), layanan biasa tanpa tambahan. Nota yang statusnya Belum Diambil berarti uangnya belum diterima, jadi kamu mencatatnya sebagai tagihan tertunda.
A7: Cara memakai kunci
A8: 1. | B8: Sel hijau berisi rumus kunci yang sudah dihitung. Klik sel untuk melihat rumusnya.
A9: 2. | B9: Kolom Rumus kunci di bawah menampilkan rumus untuk baris pertama atau tiap sel jawaban.
A10: 3. | B10: Rumus ditulis dengan titik koma (;). Ganti dengan koma (,) bila Excel kamu berbahasa Inggris.
A11: 4. | B11: Jawaban lain yang benar secara logika juga boleh, selama hasilnya sama.
A13: Arti warna
B14: Judul kolom data yang sudah diberikan
B15: Judul kolom hasil hitung
B16: Sel berisi rumus kunci
B17: Angka berwarna biru pada blok Parameter = nilai tetap yang boleh dirujuk
A19: Daftar soal
A20: No | B20: Soal | C20: Jawab di | D20: Rumus kunci
A21: 1 | B21: Ambil tarif per kg tiap nota dari tabel tarif di sheet Acuan berdasarkan layanannya (pencocokan persis). | C21: Sheet Data, kolom G (Tarif per Kg), baris 2 sampai 31 | D21: =VLOOKUP(C2;Acuan!$A$2:$B$5;2;FALSE)
A22: 2 | B22: Hitung subtotal: berat cucian dikali tarif per kg. | C22: Sheet Data, kolom H (Subtotal), baris 2 sampai 31 | D22: =D2*G2
A23: 3 | B23: Hitung biaya ekspres: bila Ekspres berisi Ya, subtotal dikali persen tambahan ekspres. Bila tidak, biayanya 0. | C23: Sheet Data, kolom I (Biaya Ekspres), baris 2 sampai 31 | D23: =IF(E2="Ya";H2*$N$2;0)
A24: 4 | B24: Hitung total bayar: subtotal ditambah biaya ekspres. | C24: Sheet Data, kolom J (Total Bayar), baris 2 sampai 31 | D24: =H2+I2
A25: 5 | B25: Isi total bayar bila Status Ambil adalah Belum Diambil. Bila sudah diambil, isi 0. | C25: Sheet Data, kolom K (Tagihan Tertunda), baris 2 sampai 31 | D25: =IF(F2="Belum Diambil";J2;0)
A26: 6 | B26: Pada sheet Acuan, hitung jumlah nota tiap layanan. | C26: Sheet Acuan, kolom C (Jumlah Nota), baris 2 sampai 5 | D26: =COUNTIF(Data!$C$2:$C$31;A2)
A27: 7 | B27: Pada sheet Acuan, hitung total pendapatan tiap layanan dari kolom Total Bayar. | C27: Sheet Acuan, kolom D (Total Pendapatan), baris 2 sampai 5 | D27: =SUMIF(Data!$C$2:$C$31;A2;Data!$J$2:$J$31)
A28: 8 | B28: Berapa jumlah nota, total berat cucian, dan total pendapatan dari seluruh nota? | C28: Sheet Ringkasan, sel C4 sampai C6 | D28: =COUNTA(Data!$A$2:$A$31) =SUM(Data!$D$2:$D$31) =SUM(Data!$J$2:$J$31)
A29: 9 | B29: Berapa nota yang memakai layanan ekspres, dan berapa total biaya ekspresnya? | C29: Sheet Ringkasan, sel C7 sampai C8 | D29: =COUNTIF(Data!$E$2:$E$31;"Ya") =SUM(Data!$I$2:$I$31)
A30: 10 | B30: Siapa pelanggan dengan total bayar terbesar, dan layanan apa yang total pendapatannya terbesar? | C30: Sheet Ringkasan, sel C9 sampai C10 | D30: =INDEX(Data!$B$2:$B$31;MATCH(MAX(Data!$J$2:$J$31);Data!$J$2:$J$31;0)) =INDEX(Acuan!$A$2:$A$5;MATCH(MAX(Acuan!$D$2:$D$5);Acuan!$D$2:$D$5;0))
A31: 11 | B31: Berapa nota yang belum diambil, dan berapa total tagihan tertundanya? | C31: Sheet Ringkasan, sel C11 sampai C12 | D31: =COUNTIF(Data!$F$2:$F$31;"Belum Diambil") =SUM(Data!$K$2:$K$31)

Sheet Data
A1: No Nota | B1: Pelanggan | C1: Layanan | D1: Berat (Kg) | E1: Ekspres | F1: Status Ambil | G1: Tarif per Kg | H1: Subtotal | I1: Biaya Ekspres | J1: Total Bayar | K1: Tagihan Tertunda | M1: Parameter | N1: Nilai | O1: Keterangan
A2: LD-001 | B2: Fajar Lestari | C2: Cuci Kering | D2: 4 | E2: Tidak | F2: Sudah Diambil | G2: =VLOOKUP(C2,Acuan!$A$2:$B$5,2,FALSE()) -> 6000 | H2: =D2*G2 -> 24000 | I2: =IF(E2="Ya",H2*$N$2,0) -> 0 | J2: =H2+I2 -> 24000 | K2: =IF(F2="Belum Diambil",J2,0) -> 0 | M2: Tambahan ekspres | N2: 0.3 | O2: Persen dari subtotal untuk layanan ekspres
A3: LD-002 | B3: Mulyadi Santoso | C3: Cuci Setrika | D3: 3 | E3: Ya | F3: Belum Diambil | G3: =VLOOKUP(C3,Acuan!$A$2:$B$5,2,FALSE()) -> 8000 | H3: =D3*G3 -> 24000 | I3: =IF(E3="Ya",H3*$N$2,0) -> 7200 | J3: =H3+I3 -> 31200 | K3: =IF(F3="Belum Diambil",J3,0) -> 31200
A4: LD-003 | B4: Wawan Amalia | C4: Setrika Saja | D4: 7 | E4: Ya | F4: Sudah Diambil | G4: =VLOOKUP(C4,Acuan!$A$2:$B$5,2,FALSE()) -> 5000 | H4: =D4*G4 -> 35000 | I4: =IF(E4="Ya",H4*$N$2,0) -> 10500 | J4: =H4+I4 -> 45500 | K4: =IF(F4="Belum Diambil",J4,0) -> 0
A5: LD-004 | B5: Oki Suryani | C5: Cuci Selimut | D5: 5 | E5: Ya | F5: Sudah Diambil | G5: =VLOOKUP(C5,Acuan!$A$2:$B$5,2,FALSE()) -> 12000 | H5: =D5*G5 -> 60000 | I5: =IF(E5="Ya",H5*$N$2,0) -> 18000 | J5: =H5+I5 -> 78000 | K5: =IF(F5="Belum Diambil",J5,0) -> 0
A6: LD-005 | B6: Khoirul Permana | C6: Cuci Kering | D6: 3 | E6: Tidak | F6: Sudah Diambil | G6: =VLOOKUP(C6,Acuan!$A$2:$B$5,2,FALSE()) -> 6000 | H6: =D6*G6 -> 18000 | I6: =IF(E6="Ya",H6*$N$2,0) -> 0 | J6: =H6+I6 -> 18000 | K6: =IF(F6="Belum Diambil",J6,0) -> 0
A7: LD-006 | B7: Vivi Wibowo | C7: Cuci Setrika | D7: 8 | E7: Tidak | F7: Belum Diambil | G7: =VLOOKUP(C7,Acuan!$A$2:$B$5,2,FALSE()) -> 8000 | H7: =D7*G7 -> 64000 | I7: =IF(E7="Ya",H7*$N$2,0) -> 0 | J7: =H7+I7 -> 64000 | K7: =IF(F7="Belum Diambil",J7,0) -> 64000
A8: LD-007 | B8: Ayu Sari | C8: Setrika Saja | D8: 6 | E8: Ya | F8: Sudah Diambil | G8: =VLOOKUP(C8,Acuan!$A$2:$B$5,2,FALSE()) -> 5000 | H8: =D8*G8 -> 30000 | I8: =IF(E8="Ya",H8*$N$2,0) -> 9000 | J8: =H8+I8 -> 39000 | K8: =IF(F8="Belum Diambil",J8,0) -> 0
A9: LD-008 | B9: Bayu Handayani | C9: Cuci Selimut | D9: 2 | E9: Ya | F9: Sudah Diambil | G9: =VLOOKUP(C9,Acuan!$A$2:$B$5,2,FALSE()) -> 12000 | H9: =D9*G9 -> 24000 | I9: =IF(E9="Ya",H9*$N$2,0) -> 7200 | J9: =H9+I9 -> 31200 | K9: =IF(F9="Belum Diambil",J9,0) -> 0
A10: LD-009 | B10: Rahmat Kusuma | C10: Cuci Kering | D10: 2.5 | E10: Tidak | F10: Sudah Diambil | G10: =VLOOKUP(C10,Acuan!$A$2:$B$5,2,FALSE()) -> 6000 | H10: =D10*G10 -> 15000 | I10: =IF(E10="Ya",H10*$N$2,0) -> 0 | J10: =H10+I10 -> 15000 | K10: =IF(F10="Belum Diambil",J10,0) -> 0
A11: LD-010 | B11: Zainal Pangestu | C11: Cuci Setrika | D11: 4 | E11: Ya | F11: Sudah Diambil | G11: =VLOOKUP(C11,Acuan!$A$2:$B$5,2,FALSE()) -> 8000 | H11: =D11*G11 -> 32000 | I11: =IF(E11="Ya",H11*$N$2,0) -> 9600 | J11: =H11+I11 -> 41600 | K11: =IF(F11="Belum Diambil",J11,0) -> 0
A12: LD-011 | B12: Andi Hidayat | C12: Setrika Saja | D12: 3.5 | E12: Ya | F12: Belum Diambil | G12: =VLOOKUP(C12,Acuan!$A$2:$B$5,2,FALSE()) -> 5000 | H12: =D12*G12 -> 17500 | I12: =IF(E12="Ya",H12*$N$2,0) -> 5250 | J12: =H12+I12 -> 22750 | K12: =IF(F12="Belum Diambil",J12,0) -> 22750
A13: LD-012 | B13: Gita Utomo | C13: Cuci Selimut | D13: 3 | E13: Tidak | F13: Sudah Diambil | G13: =VLOOKUP(C13,Acuan!$A$2:$B$5,2,FALSE()) -> 12000 | H13: =D13*G13 -> 36000 | I13: =IF(E13="Ya",H13*$N$2,0) -> 0 | J13: =H13+I13 -> 36000 | K13: =IF(F13="Belum Diambil",J13,0) -> 0
A14: LD-013 | B14: Bayu Susanto | C14: Cuci Kering | D14: 4.5 | E14: Tidak | F14: Belum Diambil | G14: =VLOOKUP(C14,Acuan!$A$2:$B$5,2,FALSE()) -> 6000 | H14: =D14*G14 -> 27000 | I14: =IF(E14="Ya",H14*$N$2,0) -> 0 | J14: =H14+I14 -> 27000 | K14: =IF(F14="Belum Diambil",J14,0) -> 27000
... A31: LD-030 | B31: Vina Kusuma | C31: Setrika Saja | D31: 6 | E31: Tidak | F31: Sudah Diambil | G31: =VLOOKUP(C31,Acuan!$A$2:$B$5,2,FALSE()) -> 5000 | H31: =D31*G31 -> 30000 | I31: =IF(E31="Ya",H31*$N$2,0) -> 0 | J31: =H31+I31 -> 30000 | K31: =IF(F31="Belum Diambil",J31,0) -> 0

Sheet Acuan
A1: Layanan | B1: Tarif per Kg | C1: Jumlah Nota | D1: Total Pendapatan
A2: Cuci Kering | B2: 6000 | C2: =COUNTIF(Data!$C$2:$C$31,A2) -> 8 | D2: =SUMIF(Data!$C$2:$C$31,A2,Data!$J$2:$J$31) -> 177000
A3: Cuci Setrika | B3: 8000 | C3: =COUNTIF(Data!$C$2:$C$31,A3) -> 7 | D3: =SUMIF(Data!$C$2:$C$31,A3,Data!$J$2:$J$31) -> 237600
A4: Setrika Saja | B4: 5000 | C4: =COUNTIF(Data!$C$2:$C$31,A4) -> 8 | D4: =SUMIF(Data!$C$2:$C$31,A4,Data!$J$2:$J$31) -> 254750
A5: Cuci Selimut | B5: 12000 | C5: =COUNTIF(Data!$C$2:$C$31,A5) -> 7 | D5: =SUMIF(Data!$C$2:$C$31,A5,Data!$J$2:$J$31) -> 331200

Sheet Ringkasan
A1: Ringkasan: lembar jawaban soal berjenis ringkasan
A2: Sel hijau berisi rumus kunci.
A3: No | B3: Pertanyaan | C3: Jawaban | D3: Contoh format hasil
A4: 8a | B4: Jumlah nota | C4: =COUNTA(Data!$A$2:$A$31) -> 30 | D4: Angka bulat, mis. 25
A5: 8b | B5: Total berat cucian (kg) | C5: =SUM(Data!$D$2:$D$31) -> 125 | D5: Angka desimal, mis. 120,5
A6: 8c | B6: Total pendapatan | C6: =SUM(Data!$J$2:$J$31) -> 1000550 | D6: Rupiah, mis. Rp 1.500.000
A7: 9a | B7: Nota ekspres | C7: =COUNTIF(Data!$E$2:$E$31,"Ya") -> 10 | D7: Angka bulat, mis. 9
A8: 9b | B8: Total biaya ekspres | C8: =SUM(Data!$I$2:$I$31) -> 91050 | D8: Rupiah, mis. Rp 85.000
A9: 10a | B9: Pelanggan dengan total bayar terbesar | C9: =INDEX(Data!$B$2:$B$31,MATCH(MAX(Data!$J$2:$J$31),Data!$J$2:$J$31,0)) -> Oki Suryani | D9: Teks: nama pelanggan
A10: 10b | B10: Layanan dengan pendapatan terbesar | C10: =INDEX(Acuan!$A$2:$A$5,MATCH(MAX(Acuan!$D$2:$D$5),Acuan!$D$2:$D$5,0)) -> Cuci Selimut | D10: Teks: nama layanan
A11: 11a | B11: Nota belum diambil | C11: =COUNTIF(Data!$F$2:$F$31,"Belum Diambil") -> 8 | D11: Angka bulat, mis. 6
A12: 11b | B12: Total tagihan tertunda | C12: =SUM(Data!$K$2:$K$31) -> 300250 | D12: Rupiah, mis. Rp 300.000
