Workbook

Sheet Petunjuk
A1: Kunci Jawaban: Program Member Toko: Poin, Tingkat, dan Diskon
A2: Latihan 81 dari 40 | Tingkat: Menengah | Perkiraan waktu: 50 menit | pushexcel.github.io/Pushexcel
A4: Skenario
A5: Kamu staf pemasaran Toko Sinar Mulia yang mengelola program member untuk 30 pelanggan. Setiap pelanggan punya total belanja setahun, jumlah kunjungan, dan poin yang sudah dipakai. Poin didapat 1 poin untuk setiap Rp 10.000 belanja (pecahan dibuang, nilai ada di blok Parameter). Tingkat member dan persen diskon ditentukan dari tabel di sheet Acuan memakai total belanja: Silver mulai Rp 0, Gold mulai Rp 3.000.000, Platinum mulai Rp 8.000.000. Kamu juga menghitung nilai diskon yang didapat tiap member dan rata-rata belanja per kunjungan.
A7: Cara memakai kunci
A8: 1. | B8: Sel hijau berisi rumus kunci yang sudah dihitung. Klik sel untuk melihat rumusnya.
A9: 2. | B9: Kolom Rumus kunci di bawah menampilkan rumus untuk baris pertama atau tiap sel jawaban.
A10: 3. | B10: Rumus ditulis dengan titik koma (;). Ganti dengan koma (,) bila Excel kamu berbahasa Inggris.
A11: 4. | B11: Jawaban lain yang benar secara logika juga boleh, selama hasilnya sama.
A13: Arti warna
B14: Judul kolom data yang sudah diberikan
B15: Judul kolom hasil hitung
B16: Sel berisi rumus kunci
B17: Angka berwarna biru pada blok Parameter = nilai tetap yang boleh dirujuk
A19: Daftar soal
A20: No | B20: Soal | C20: Jawab di | D20: Rumus kunci
A21: 1 | B21: Hitung poin yang didapat: total belanja dibagi belanja per poin, pecahan dibuang. | C21: Sheet Data, kolom F (Poin Didapat), baris 2 sampai 31 | D21: =INT(C2/$N$2)
A22: 2 | B22: Hitung sisa poin: poin didapat dikurangi poin terpakai. | C22: Sheet Data, kolom G (Sisa Poin), baris 2 sampai 31 | D22: =F2-E2
A23: 3 | B23: Tentukan tingkat member dari total belanja memakai tabel di sheet Acuan (pencocokan perkiraan, bukan persis). | C23: Sheet Data, kolom H (Tingkat), baris 2 sampai 31 | D23: =VLOOKUP(C2;Acuan!$A$2:$C$4;2;TRUE)
A24: 4 | B24: Ambil persen diskon member dari tabel Acuan berdasarkan total belanja. | C24: Sheet Data, kolom I (Diskon), baris 2 sampai 31 | D24: =VLOOKUP(C2;Acuan!$A$2:$C$4;3;TRUE)
A25: 5 | B25: Hitung nilai diskon dalam rupiah: total belanja dikali persen diskon, dibulatkan ke rupiah. | C25: Sheet Data, kolom J (Nilai Diskon), baris 2 sampai 31 | D25: =ROUND(C2*I2;0)
A26: 6 | B26: Hitung rata-rata belanja per kunjungan: total belanja dibagi jumlah kunjungan, dibulatkan ke rupiah. | C26: Sheet Data, kolom K (Rata-rata per Kunjungan), baris 2 sampai 31 | D26: =ROUND(C2/D2;0)
A27: 7 | B27: Pada sheet Acuan, hitung jumlah member untuk tiap tingkat. | C27: Sheet Acuan, kolom D (Jumlah Member), baris 2 sampai 4 | D27: =COUNTIF(Data!$H$2:$H$31;B2)
A28: 8 | B28: Pada sheet Acuan, hitung total belanja seluruh member di tiap tingkat. | C28: Sheet Acuan, kolom E (Total Belanja Tingkat), baris 2 sampai 4 | D28: =SUMIF(Data!$H$2:$H$31;B2;Data!$C$2:$C$31)
A29: 9 | B29: Berapa total belanja seluruh member, dan berapa rata-rata total belanja per member? | C29: Sheet Ringkasan, sel C4 sampai C5 | D29: =SUM(Data!$C$2:$C$31) =AVERAGE(Data!$C$2:$C$31)
A30: 10 | B30: Berapa member berpoin tersisa lebih dari 500, dan berapa total nilai diskon seluruh member? | C30: Sheet Ringkasan, sel C6 sampai C7 | D30: =COUNTIF(Data!$G$2:$G$31;">500") =SUM(Data!$J$2:$J$31)
A31: 11 | B31: Siapa member dengan total belanja terbesar, dan siapa yang sisa poinnya terbanyak? | C31: Sheet Ringkasan, sel C8 sampai C9 | D31: =INDEX(Data!$B$2:$B$31;MATCH(MAX(Data!$C$2:$C$31);Data!$C$2:$C$31;0)) =INDEX(Data!$B$2:$B$31;MATCH(MAX(Data!$G$2:$G$31);Data!$G$2:$G$31;0))
... A33: 13 | B33: Berapa member Gold yang berkunjung 20 kali atau lebih, dan berapa rata-rata sisa poin member Silver? | C33: Sheet Ringkasan, sel C12 sampai C13 | D33: =COUNTIFS(Data!$H$2:$H$31;"Gold";Data!$D$2:$D$31;">=20") =AVERAGEIF(Data!$H$2:$H$31;"Silver";Data!$G$2:$G$31)

Sheet Data
A1: ID Member | B1: Nama Member | C1: Total Belanja | D1: Jumlah Kunjungan | E1: Poin Terpakai | F1: Poin Didapat | G1: Sisa Poin | H1: Tingkat | I1: Diskon | J1: Nilai Diskon | K1: Rata-rata per Kunjungan | M1: Parameter | N1: Nilai | O1: Keterangan
A2: M-001 | B2: Eko Sari | C2: 3900300 | D2: 11 | E2: 200 | F2: =INT(C2/$N$2) -> 390 | G2: =F2-E2 -> 190 | H2: =VLOOKUP(C2,Acuan!$A$2:$C$4,2,TRUE()) -> Gold | I2: =VLOOKUP(C2,Acuan!$A$2:$C$4,3,TRUE()) -> 0.05 | J2: =ROUND(C2*I2,0) -> 195015 | K2: =ROUND(C2/D2,0) -> 354573 | M2: Belanja per poin | N2: 10000 | O2: Setiap kelipatan ini dihitung 1 poin
A3: M-002 | B3: Maman Amalia | C3: 3604800 | D3: 4 | E3: 200 | F3: =INT(C3/$N$2) -> 360 | G3: =F3-E3 -> 160 | H3: =VLOOKUP(C3,Acuan!$A$2:$C$4,2,TRUE()) -> Gold | I3: =VLOOKUP(C3,Acuan!$A$2:$C$4,3,TRUE()) -> 0.05 | J3: =ROUND(C3*I3,0) -> 180240 | K3: =ROUND(C3/D3,0) -> 901200
A4: M-003 | B4: Ayu Permana | C4: 1563800 | D4: 16 | E4: 0 | F4: =INT(C4/$N$2) -> 156 | G4: =F4-E4 -> 156 | H4: =VLOOKUP(C4,Acuan!$A$2:$C$4,2,TRUE()) -> Silver | I4: =VLOOKUP(C4,Acuan!$A$2:$C$4,3,TRUE()) -> 0.02 | J4: =ROUND(C4*I4,0) -> 31276 | K4: =ROUND(C4/D4,0) -> 97738
A5: M-004 | B5: Gita Nugroho | C5: 12843600 | D5: 22 | E5: 100 | F5: =INT(C5/$N$2) -> 1284 | G5: =F5-E5 -> 1184 | H5: =VLOOKUP(C5,Acuan!$A$2:$C$4,2,TRUE()) -> Platinum | I5: =VLOOKUP(C5,Acuan!$A$2:$C$4,3,TRUE()) -> 0.08 | J5: =ROUND(C5*I5,0) -> 1027488 | K5: =ROUND(C5/D5,0) -> 583800
A6: M-005 | B6: Yoga Sari | C6: 9016900 | D6: 11 | E6: 300 | F6: =INT(C6/$N$2) -> 901 | G6: =F6-E6 -> 601 | H6: =VLOOKUP(C6,Acuan!$A$2:$C$4,2,TRUE()) -> Platinum | I6: =VLOOKUP(C6,Acuan!$A$2:$C$4,3,TRUE()) -> 0.08 | J6: =ROUND(C6*I6,0) -> 721352 | K6: =ROUND(C6/D6,0) -> 819718
A7: M-006 | B7: Khoirul Susanto | C7: 6365300 | D7: 35 | E7: 0 | F7: =INT(C7/$N$2) -> 636 | G7: =F7-E7 -> 636 | H7: =VLOOKUP(C7,Acuan!$A$2:$C$4,2,TRUE()) -> Gold | I7: =VLOOKUP(C7,Acuan!$A$2:$C$4,3,TRUE()) -> 0.05 | J7: =ROUND(C7*I7,0) -> 318265 | K7: =ROUND(C7/D7,0) -> 181866
A8: M-007 | B8: Utami Santoso | C8: 2502800 | D8: 28 | E8: 0 | F8: =INT(C8/$N$2) -> 250 | G8: =F8-E8 -> 250 | H8: =VLOOKUP(C8,Acuan!$A$2:$C$4,2,TRUE()) -> Silver | I8: =VLOOKUP(C8,Acuan!$A$2:$C$4,3,TRUE()) -> 0.02 | J8: =ROUND(C8*I8,0) -> 50056 | K8: =ROUND(C8/D8,0) -> 89386
A9: M-008 | B9: Vina Amalia | C9: 15484500 | D9: 29 | E9: 800 | F9: =INT(C9/$N$2) -> 1548 | G9: =F9-E9 -> 748 | H9: =VLOOKUP(C9,Acuan!$A$2:$C$4,2,TRUE()) -> Platinum | I9: =VLOOKUP(C9,Acuan!$A$2:$C$4,3,TRUE()) -> 0.08 | J9: =ROUND(C9*I9,0) -> 1238760 | K9: =ROUND(C9/D9,0) -> 533948
A10: M-009 | B10: Putri Kurniawan | C10: 7357800 | D10: 40 | E10: 0 | F10: =INT(C10/$N$2) -> 735 | G10: =F10-E10 -> 735 | H10: =VLOOKUP(C10,Acuan!$A$2:$C$4,2,TRUE()) -> Gold | I10: =VLOOKUP(C10,Acuan!$A$2:$C$4,3,TRUE()) -> 0.05 | J10: =ROUND(C10*I10,0) -> 367890 | K10: =ROUND(C10/D10,0) -> 183945
A11: M-010 | B11: Mulyadi Hidayat | C11: 1652200 | D11: 6 | E11: 0 | F11: =INT(C11/$N$2) -> 165 | G11: =F11-E11 -> 165 | H11: =VLOOKUP(C11,Acuan!$A$2:$C$4,2,TRUE()) -> Silver | I11: =VLOOKUP(C11,Acuan!$A$2:$C$4,3,TRUE()) -> 0.02 | J11: =ROUND(C11*I11,0) -> 33044 | K11: =ROUND(C11/D11,0) -> 275367
A12: M-011 | B12: Wawan Ramadhan | C12: 8600800 | D12: 15 | E12: 0 | F12: =INT(C12/$N$2) -> 860 | G12: =F12-E12 -> 860 | H12: =VLOOKUP(C12,Acuan!$A$2:$C$4,2,TRUE()) -> Platinum | I12: =VLOOKUP(C12,Acuan!$A$2:$C$4,3,TRUE()) -> 0.08 | J12: =ROUND(C12*I12,0) -> 688064 | K12: =ROUND(C12/D12,0) -> 573387
A13: M-012 | B13: Yuni Handayani | C13: 6551400 | D13: 10 | E13: 300 | F13: =INT(C13/$N$2) -> 655 | G13: =F13-E13 -> 355 | H13: =VLOOKUP(C13,Acuan!$A$2:$C$4,2,TRUE()) -> Gold | I13: =VLOOKUP(C13,Acuan!$A$2:$C$4,3,TRUE()) -> 0.05 | J13: =ROUND(C13*I13,0) -> 327570 | K13: =ROUND(C13/D13,0) -> 655140
A14: M-013 | B14: Khoirul Fauzi | C14: 976100 | D14: 25 | E14: 0 | F14: =INT(C14/$N$2) -> 97 | G14: =F14-E14 -> 97 | H14: =VLOOKUP(C14,Acuan!$A$2:$C$4,2,TRUE()) -> Silver | I14: =VLOOKUP(C14,Acuan!$A$2:$C$4,3,TRUE()) -> 0.02 | J14: =ROUND(C14*I14,0) -> 19522 | K14: =ROUND(C14/D14,0) -> 39044
... A31: M-030 | B31: Joko Nugroho | C31: 955300 | D31: 23 | E31: 0 | F31: =INT(C31/$N$2) -> 95 | G31: =F31-E31 -> 95 | H31: =VLOOKUP(C31,Acuan!$A$2:$C$4,2,TRUE()) -> Silver | I31: =VLOOKUP(C31,Acuan!$A$2:$C$4,3,TRUE()) -> 0.02 | J31: =ROUND(C31*I31,0) -> 19106 | K31: =ROUND(C31/D31,0) -> 41535

Sheet Acuan
A1: Belanja Minimal | B1: Tingkat | C1: Diskon | D1: Jumlah Member | E1: Total Belanja Tingkat
A2: 0 | B2: Silver | C2: 0.02 | D2: =COUNTIF(Data!$H$2:$H$31,B2) -> 9 | E2: =SUMIF(Data!$H$2:$H$31,B2,Data!$C$2:$C$31) -> 14238200
A3: 3000000 | B3: Gold | C3: 0.05 | D3: =COUNTIF(Data!$H$2:$H$31,B3) -> 12 | E3: =SUMIF(Data!$H$2:$H$31,B3,Data!$C$2:$C$31) -> 71766400
A4: 8000000 | B4: Platinum | C4: 0.08 | D4: =COUNTIF(Data!$H$2:$H$31,B4) -> 9 | E4: =SUMIF(Data!$H$2:$H$31,B4,Data!$C$2:$C$31) -> 108744600

Sheet Ringkasan
A1: Ringkasan: lembar jawaban soal berjenis ringkasan
A2: Sel hijau berisi rumus kunci.
A3: No | B3: Pertanyaan | C3: Jawaban | D3: Contoh format hasil
A4: 9a | B4: Total belanja seluruh member | C4: =SUM(Data!$C$2:$C$31) -> 194749200 | D4: Rupiah, mis. Rp 150.000.000
A5: 9b | B5: Rata-rata belanja per member | C5: =AVERAGE(Data!$C$2:$C$31) -> 6491640 | D5: Rupiah, mis. Rp 4.500.000
A6: 10a | B6: Member dengan sisa poin di atas 500 | C6: =COUNTIF(Data!$G$2:$G$31,">500") -> 13 | D6: Angka bulat, mis. 9
A7: 10b | B7: Total nilai diskon | C7: =SUM(Data!$J$2:$J$31) -> 12572652 | D7: Rupiah, mis. Rp 6.000.000
A8: 11a | B8: Member dengan belanja terbesar | C8: =INDEX(Data!$B$2:$B$31,MATCH(MAX(Data!$C$2:$C$31),Data!$C$2:$C$31,0)) -> Vina Amalia | D8: Teks: nama member
A9: 11b | B9: Member dengan sisa poin terbanyak | C9: =INDEX(Data!$B$2:$B$31,MATCH(MAX(Data!$G$2:$G$31),Data!$G$2:$G$31,0)) -> Umar Setiawan | D9: Teks: nama member
A10: 12a | B10: Tingkat dengan total belanja terbesar | C10: =INDEX(Acuan!$B$2:$B$4,MATCH(MAX(Acuan!$E$2:$E$4),Acuan!$E$2:$E$4,0)) -> Platinum | D10: Teks: nama tingkat
A11: 12b | B11: Total belanja member Platinum | C11: =SUMIF(Data!$H$2:$H$31,"Platinum",Data!$C$2:$C$31) -> 108744600 | D11: Rupiah, mis. Rp 50.000.000
A12: 13a | B12: Member Gold dengan 20 kunjungan atau lebih | C12: =COUNTIFS(Data!$H$2:$H$31,"Gold",Data!$D$2:$D$31,">=20") -> 6 | D12: Angka bulat, mis. 5
A13: 13b | B13: Rata-rata sisa poin member Silver | C13: =AVERAGEIF(Data!$H$2:$H$31,"Silver",Data!$G$2:$G$31) -> 157.77778 | D13: Angka desimal, mis. 350,5
