Workbook

Sheet Petunjuk
A1: Kunci Jawaban: Kartu Stok: Mutasi Barang Masuk dan Keluar Gudang
A2: Latihan 36 dari 56 | Tingkat: Lanjutan | Perkiraan waktu: 65 menit | pushexcel.github.io/Pushexcel
A4: Skenario
A5: Kamu petugas gudang perlengkapan kantor PT Karya Andalan. Selama Agustus sampai Oktober 2026 tercatat 52 transaksi barang masuk dan keluar untuk 8 jenis barang. Stok awal, stok minimal, dan harga beli terakhir tiap barang ada di sheet Acuan. Barang berstatus Pesan Ulang bila stok akhir sama dengan atau di bawah stok minimal. Nilai persediaan dihitung dari stok akhir dikali harga beli terakhir.
A7: Cara memakai kunci
A8: 1. | B8: Sel hijau berisi rumus kunci yang sudah dihitung. Klik sel untuk melihat rumusnya.
A9: 2. | B9: Kolom Rumus kunci di bawah menampilkan rumus untuk baris pertama atau tiap sel jawaban.
A10: 3. | B10: Rumus ditulis dengan titik koma (;). Ganti dengan koma (,) bila Excel kamu berbahasa Inggris.
A11: 4. | B11: Jawaban lain yang benar secara logika juga boleh, selama hasilnya sama.
A13: Arti warna
B14: Judul kolom data yang sudah diberikan
B15: Judul kolom hasil hitung
B16: Sel berisi rumus kunci
A18: Daftar soal
A19: No | B19: Soal | C19: Jawab di | D19: Rumus kunci
A20: 1 | B20: Ambil nama barang dari sheet Acuan berdasarkan Kode Barang. | C20: Sheet Data, kolom G (Nama Barang), baris 2 sampai 53 | D20: =VLOOKUP(C2;Acuan!$A$2:$B$9;2;FALSE)
A21: 2 | B21: Hitung nilai transaksi: jumlah dikali harga satuan. | C21: Sheet Data, kolom H (Nilai Transaksi), baris 2 sampai 53 | D21: =E2*F2
A22: 3 | B22: Buat jumlah bertanda: positif untuk transaksi Masuk dan negatif untuk Keluar. | C22: Sheet Data, kolom I (Jumlah Bertanda), baris 2 sampai 53 | D22: =IF(D2="Masuk";E2;-E2)
A23: 4 | B23: Pada sheet Acuan, hitung jumlah transaksi tiap barang. | C23: Sheet Acuan, kolom F (Jumlah Transaksi), baris 2 sampai 9 | D23: =COUNTIF(Data!$C$2:$C$53;A2)
A24: 5 | B24: Pada sheet Acuan, hitung total jumlah barang masuk tiap barang. | C24: Sheet Acuan, kolom G (Total Masuk), baris 2 sampai 9 | D24: =SUMIFS(Data!$E$2:$E$53;Data!$C$2:$C$53;A2;Data!$D$2:$D$53;"Masuk")
A25: 6 | B25: Pada sheet Acuan, hitung total jumlah barang keluar tiap barang. | C25: Sheet Acuan, kolom H (Total Keluar), baris 2 sampai 9 | D25: =SUMIFS(Data!$E$2:$E$53;Data!$C$2:$C$53;A2;Data!$D$2:$D$53;"Keluar")
A26: 7 | B26: Pada sheet Acuan, hitung stok akhir: stok awal ditambah total masuk dikurangi total keluar. | C26: Sheet Acuan, kolom I (Stok Akhir), baris 2 sampai 9 | D26: =C2+G2-H2
A27: 8 | B27: Pada sheet Acuan, hitung nilai persediaan akhir: stok akhir dikali harga beli terakhir. | C27: Sheet Acuan, kolom J (Nilai Persediaan), baris 2 sampai 9 | D27: =I2*E2
A28: 9 | B28: Pada sheet Acuan, beri status Pesan Ulang bila stok akhir sama dengan atau di bawah stok minimal. Selain itu Aman. | C28: Sheet Acuan, kolom K (Status), baris 2 sampai 9 | D28: =IF(I2<=D2;"Pesan Ulang";"Aman")
A29: 10 | B29: Berapa total nilai transaksi barang masuk dan total nilai transaksi barang keluar? | C29: Sheet Ringkasan, sel C4 sampai C5 | D29: =SUMIF(Data!$D$2:$D$53;"Masuk";Data!$H$2:$H$53) =SUMIF(Data!$D$2:$D$53;"Keluar";Data!$H$2:$H$53)
A30: 11 | B30: Berapa total nilai persediaan akhir, berapa barang yang berstatus Pesan Ulang, dan berapa selisih bersih jumlah barang (masuk dikurangi keluar) seluruh transaksi? | C30: Sheet Ringkasan, sel C6 sampai C8 | D30: =SUM(Acuan!$J$2:$J$9) =COUNTIF(Acuan!$K$2:$K$9;"Pesan Ulang") =SUM(Data!$I$2:$I$53)
... A32: 13 | B32: Barang apa yang paling sering bertransaksi, dan berapa kali barang BRG-03 keluar? | C32: Sheet Ringkasan, sel C11 sampai C12 | D32: =INDEX(Acuan!$B$2:$B$9;MATCH(MAX(Acuan!$F$2:$F$9);Acuan!$F$2:$F$9;0)) =COUNTIFS(Data!$C$2:$C$53;"BRG-03";Data!$D$2:$D$53;"Keluar")

Sheet Data
A1: No | B1: Tanggal | C1: Kode Barang | D1: Jenis | E1: Jumlah | F1: Harga Satuan | G1: Nama Barang | H1: Nilai Transaksi | I1: Jumlah Bertanda
A2: 1 | B2: 46237 | C2: BRG-03 | D2: Keluar | E2: 8 | F2: 2500 | G2: =VLOOKUP(C2,Acuan!$A$2:$B$9,2,FALSE()) -> Map Folder Plastik | H2: =E2*F2 -> 20000 | I2: =IF(D2="Masuk",E2,-E2) -> -8
A3: 2 | B3: 46237 | C3: BRG-04 | D3: Masuk | E3: 60 | F3: 8300 | G3: =VLOOKUP(C3,Acuan!$A$2:$B$9,2,FALSE()) -> Spidol Papan Tulis | H3: =E3*F3 -> 498000 | I3: =IF(D3="Masuk",E3,-E3) -> 60
A4: 3 | B4: 46237 | C4: BRG-08 | D4: Keluar | E4: 3 | F4: 9800 | G4: =VLOOKUP(C4,Acuan!$A$2:$B$9,2,FALSE()) -> Lakban Bening | H4: =E4*F4 -> 29400 | I4: =IF(D4="Masuk",E4,-E4) -> -3
A5: 4 | B5: 46238 | C5: BRG-04 | D5: Masuk | E5: 40 | F5: 8600 | G5: =VLOOKUP(C5,Acuan!$A$2:$B$9,2,FALSE()) -> Spidol Papan Tulis | H5: =E5*F5 -> 344000 | I5: =IF(D5="Masuk",E5,-E5) -> 40
A6: 5 | B6: 46239 | C6: BRG-01 | D6: Keluar | E6: 17 | F6: 48000 | G6: =VLOOKUP(C6,Acuan!$A$2:$B$9,2,FALSE()) -> Kertas HVS A4 (rim) | H6: =E6*F6 -> 816000 | I6: =IF(D6="Masuk",E6,-E6) -> -17
A7: 6 | B7: 46240 | C7: BRG-01 | D7: Masuk | E7: 60 | F7: 46900 | G7: =VLOOKUP(C7,Acuan!$A$2:$B$9,2,FALSE()) -> Kertas HVS A4 (rim) | H7: =E7*F7 -> 2814000 | I7: =IF(D7="Masuk",E7,-E7) -> 60
A8: 7 | B8: 46241 | C8: BRG-02 | D8: Masuk | E8: 3 | F8: 83600 | G8: =VLOOKUP(C8,Acuan!$A$2:$B$9,2,FALSE()) -> Tinta Printer Hitam | H8: =E8*F8 -> 250800 | I8: =IF(D8="Masuk",E8,-E8) -> 3
A9: 8 | B9: 46243 | C9: BRG-01 | D9: Keluar | E9: 4 | F9: 48000 | G9: =VLOOKUP(C9,Acuan!$A$2:$B$9,2,FALSE()) -> Kertas HVS A4 (rim) | H9: =E9*F9 -> 192000 | I9: =IF(D9="Masuk",E9,-E9) -> -4
A10: 9 | B10: 46247 | C10: BRG-03 | D10: Keluar | E10: 7 | F10: 2500 | G10: =VLOOKUP(C10,Acuan!$A$2:$B$9,2,FALSE()) -> Map Folder Plastik | H10: =E10*F10 -> 17500 | I10: =IF(D10="Masuk",E10,-E10) -> -7
A11: 10 | B11: 46248 | C11: BRG-05 | D11: Masuk | E11: 10 | F11: 4100 | G11: =VLOOKUP(C11,Acuan!$A$2:$B$9,2,FALSE()) -> Staples Kecil | H11: =E11*F11 -> 41000 | I11: =IF(D11="Masuk",E11,-E11) -> 10
A12: 11 | B12: 46250 | C12: BRG-05 | D12: Keluar | E12: 11 | F12: 4200 | G12: =VLOOKUP(C12,Acuan!$A$2:$B$9,2,FALSE()) -> Staples Kecil | H12: =E12*F12 -> 46200 | I12: =IF(D12="Masuk",E12,-E12) -> -11
A13: 12 | B13: 46250 | C13: BRG-05 | D13: Keluar | E13: 4 | F13: 4200 | G13: =VLOOKUP(C13,Acuan!$A$2:$B$9,2,FALSE()) -> Staples Kecil | H13: =E13*F13 -> 16800 | I13: =IF(D13="Masuk",E13,-E13) -> -4
... A53: 52 | B53: 46297 | C53: BRG-07 | D53: Keluar | E53: 6 | F53: 14500 | G53: =VLOOKUP(C53,Acuan!$A$2:$B$9,2,FALSE()) -> Baterai AA (pak) | H53: =E53*F53 -> 87000 | I53: =IF(D53="Masuk",E53,-E53) -> -6

Sheet Acuan
A1: Kode Barang | B1: Nama Barang | C1: Stok Awal | D1: Stok Minimal | E1: Harga Beli Terakhir | F1: Jumlah Transaksi | G1: Total Masuk | H1: Total Keluar | I1: Stok Akhir | J1: Nilai Persediaan | K1: Status
A2: BRG-01 | B2: Kertas HVS A4 (rim) | C2: 60 | D2: 25 | E2: 48000 | F2: =COUNTIF(Data!$C$2:$C$53,A2) -> 4 | G2: =SUMIFS(Data!$E$2:$E$53,Data!$C$2:$C$53,A2,Data!$D$2:$D$53,"Masuk") -> 60 | H2: =SUMIFS(Data!$E$2:$E$53,Data!$C$2:$C$53,A2,Data!$D$2:$D$53,"Keluar") -> 34 | I2: =C2+G2-H2 -> 86 | J2: =I2*E2 -> 4128000 | K2: =IF(I2<=D2,"Pesan Ulang","Aman") -> Aman
A3: BRG-02 | B3: Tinta Printer Hitam | C3: 18 | D3: 8 | E3: 85000 | F3: =COUNTIF(Data!$C$2:$C$53,A3) -> 11 | G3: =SUMIFS(Data!$E$2:$E$53,Data!$C$2:$C$53,A3,Data!$D$2:$D$53,"Masuk") -> 31 | H3: =SUMIFS(Data!$E$2:$E$53,Data!$C$2:$C$53,A3,Data!$D$2:$D$53,"Keluar") -> 27 | I3: =C3+G3-H3 -> 22 | J3: =I3*E3 -> 1870000 | K3: =IF(I3<=D3,"Pesan Ulang","Aman") -> Aman
A4: BRG-03 | B4: Map Folder Plastik | C4: 120 | D4: 40 | E4: 2500 | F4: =COUNTIF(Data!$C$2:$C$53,A4) -> 7 | G4: =SUMIFS(Data!$E$2:$E$53,Data!$C$2:$C$53,A4,Data!$D$2:$D$53,"Masuk") -> 60 | H4: =SUMIFS(Data!$E$2:$E$53,Data!$C$2:$C$53,A4,Data!$D$2:$D$53,"Keluar") -> 72 | I4: =C4+G4-H4 -> 108 | J4: =I4*E4 -> 270000 | K4: =IF(I4<=D4,"Pesan Ulang","Aman") -> Aman
A5: BRG-04 | B5: Spidol Papan Tulis | C5: 70 | D5: 24 | E5: 8500 | F5: =COUNTIF(Data!$C$2:$C$53,A5) -> 4 | G5: =SUMIFS(Data!$E$2:$E$53,Data!$C$2:$C$53,A5,Data!$D$2:$D$53,"Masuk") -> 150 | H5: =SUMIFS(Data!$E$2:$E$53,Data!$C$2:$C$53,A5,Data!$D$2:$D$53,"Keluar") -> 11 | I5: =C5+G5-H5 -> 209 | J5: =I5*E5 -> 1776500 | K5: =IF(I5<=D5,"Pesan Ulang","Aman") -> Aman
A6: BRG-05 | B6: Staples Kecil | C6: 40 | D6: 12 | E6: 4200 | F6: =COUNTIF(Data!$C$2:$C$53,A6) -> 9 | G6: =SUMIFS(Data!$E$2:$E$53,Data!$C$2:$C$53,A6,Data!$D$2:$D$53,"Masuk") -> 20 | H6: =SUMIFS(Data!$E$2:$E$53,Data!$C$2:$C$53,A6,Data!$D$2:$D$53,"Keluar") -> 58 | I6: =C6+G6-H6 -> 2 | J6: =I6*E6 -> 8400 | K6: =IF(I6<=D6,"Pesan Ulang","Aman") -> Pesan Ulang
A7: BRG-06 | B7: Amplop Coklat (pak) | C7: 35 | D7: 10 | E7: 21000 | F7: =COUNTIF(Data!$C$2:$C$53,A7) -> 5 | G7: =SUMIFS(Data!$E$2:$E$53,Data!$C$2:$C$53,A7,Data!$D$2:$D$53,"Masuk") -> 17 | H7: =SUMIFS(Data!$E$2:$E$53,Data!$C$2:$C$53,A7,Data!$D$2:$D$53,"Keluar") -> 10 | I7: =C7+G7-H7 -> 42 | J7: =I7*E7 -> 882000 | K7: =IF(I7<=D7,"Pesan Ulang","Aman") -> Aman
A8: BRG-07 | B8: Baterai AA (pak) | C8: 50 | D8: 15 | E8: 14500 | F8: =COUNTIF(Data!$C$2:$C$53,A8) -> 5 | G8: =SUMIFS(Data!$E$2:$E$53,Data!$C$2:$C$53,A8,Data!$D$2:$D$53,"Masuk") -> 0 | H8: =SUMIFS(Data!$E$2:$E$53,Data!$C$2:$C$53,A8,Data!$D$2:$D$53,"Keluar") -> 44 | I8: =C8+G8-H8 -> 6 | J8: =I8*E8 -> 87000 | K8: =IF(I8<=D8,"Pesan Ulang","Aman") -> Pesan Ulang
A9: BRG-08 | B9: Lakban Bening | C9: 45 | D9: 15 | E9: 9800 | F9: =COUNTIF(Data!$C$2:$C$53,A9) -> 7 | G9: =SUMIFS(Data!$E$2:$E$53,Data!$C$2:$C$53,A9,Data!$D$2:$D$53,"Masuk") -> 15 | H9: =SUMIFS(Data!$E$2:$E$53,Data!$C$2:$C$53,A9,Data!$D$2:$D$53,"Keluar") -> 52 | I9: =C9+G9-H9 -> 8 | J9: =I9*E9 -> 78400 | K9: =IF(I9<=D9,"Pesan Ulang","Aman") -> Pesan Ulang

Sheet Ringkasan
A1: Ringkasan: lembar jawaban soal berjenis ringkasan
A2: Sel hijau berisi rumus kunci.
A3: No | B3: Pertanyaan | C3: Jawaban | D3: Contoh format hasil
A4: 10a | B4: Total nilai transaksi Masuk | C4: =SUMIF(Data!$D$2:$D$53,"Masuk",Data!$H$2:$H$53) -> 7445800 | D4: Rupiah, mis. Rp 5.000.000
A5: 10b | B5: Total nilai transaksi Keluar | C5: =SUMIF(Data!$D$2:$D$53,"Keluar",Data!$H$2:$H$53) -> 5801700 | D5: Rupiah, mis. Rp 4.000.000
A6: 11a | B6: Total nilai persediaan akhir | C6: =SUM(Acuan!$J$2:$J$9) -> 9100300 | D6: Rupiah, mis. Rp 9.000.000
A7: 11b | B7: Jumlah barang Pesan Ulang | C7: =COUNTIF(Acuan!$K$2:$K$9,"Pesan Ulang") -> 3 | D7: Angka bulat, mis. 1
A8: 11c | B8: Selisih bersih jumlah barang (masuk - keluar) | C8: =SUM(Data!$I$2:$I$53) -> 45 | D8: Angka bulat, mis. 25
A9: 12a | B9: Barang dengan stok akhir terbanyak | C9: =INDEX(Acuan!$B$2:$B$9,MATCH(MAX(Acuan!$I$2:$I$9),Acuan!$I$2:$I$9,0)) -> Spidol Papan Tulis | D9: Teks: nama barang
A10: 12b | B10: Barang dengan stok akhir tersedikit | C10: =INDEX(Acuan!$B$2:$B$9,MATCH(MIN(Acuan!$I$2:$I$9),Acuan!$I$2:$I$9,0)) -> Staples Kecil | D10: Teks: nama barang
A11: 13a | B11: Barang dengan transaksi terbanyak | C11: =INDEX(Acuan!$B$2:$B$9,MATCH(MAX(Acuan!$F$2:$F$9),Acuan!$F$2:$F$9,0)) -> Tinta Printer Hitam | D11: Teks: nama barang
A12: 13b | B12: Jumlah transaksi keluar barang BRG-03 | C12: =COUNTIFS(Data!$C$2:$C$53,"BRG-03",Data!$D$2:$D$53,"Keluar") -> 5 | D12: Angka bulat, mis. 4
