Workbook

Sheet Petunjuk
A1: Kunci Jawaban: Jadwal Angsuran Kredit 24 Bulan
A2: Latihan 39 dari 56 | Tingkat: Lanjutan | Perkiraan waktu: 65 menit | pushexcel.github.io/Pushexcel
A4: Skenario
A5: Kamu admin koperasi pegawai Dana Bersama. Seorang anggota mengambil kredit Rp 75.000.000 dengan bunga 12 persen per tahun, tenor 24 bulan, dan cicilan tetap tiap bulan. Dana dicairkan 1 November 2026, angsuran pertama jatuh tempo satu bulan setelahnya. Kamu menyusun tabel angsuran lengkap. Jangan membulatkan angsuran, bunga, dan pokok dengan ROUND (cukup ditampilkan dengan format Rupiah). Hanya saldo akhir yang dibulatkan ke rupiah supaya angsuran terakhir menghasilkan saldo tepat 0.
A7: Cara memakai kunci
A8: 1. | B8: Sel hijau berisi rumus kunci yang sudah dihitung. Klik sel untuk melihat rumusnya.
A9: 2. | B9: Kolom Rumus kunci di bawah menampilkan rumus untuk baris pertama atau tiap sel jawaban.
A10: 3. | B10: Rumus ditulis dengan titik koma (;). Ganti dengan koma (,) bila Excel kamu berbahasa Inggris.
A11: 4. | B11: Jawaban lain yang benar secara logika juga boleh, selama hasilnya sama.
A13: Arti warna
B14: Judul kolom data yang sudah diberikan
B15: Judul kolom hasil hitung
B16: Sel berisi rumus kunci
B17: Angka berwarna biru pada blok Parameter = nilai tetap yang boleh dirujuk
A19: Daftar soal
A20: No | B20: Soal | C20: Jawab di | D20: Rumus kunci
A21: 1 | B21: Tentukan angsuran itu masuk tahun ke berapa: bulan 1 sampai 12 tahun ke-1, bulan 13 sampai 24 tahun ke-2. | C21: Sheet Data, kolom B (Tahun Ke), baris 2 sampai 25 | D21: =ROUNDUP(A2/12;0)
A22: 2 | B22: Hitung tanggal jatuh tempo tiap angsuran: tanggal pencairan ditambah sejumlah bulan sesuai Bulan Ke. | C22: Sheet Data, kolom C (Jatuh Tempo), baris 2 sampai 25 | D22: =EDATE($J$5;A2)
A23: 3 | B23: Hitung angsuran tetap per bulan memakai PMT. Bunga per bulan = bunga tahunan dibagi 12. Buat hasilnya positif. | C23: Sheet Data, kolom D (Angsuran), baris 2 sampai 25 | D23: =-PMT($J$3/12;$J$4;$J$2)
A24: 4 | B24: Hitung porsi bunga pada angsuran bulan itu memakai IPMT. Buat hasilnya positif. | C24: Sheet Data, kolom E (Bunga), baris 2 sampai 25 | D24: =-IPMT($J$3/12;A2;$J$4;$J$2)
A25: 5 | B25: Hitung porsi pokok pada angsuran bulan itu memakai PPMT. Buat hasilnya positif. | C25: Sheet Data, kolom F (Pokok), baris 2 sampai 25 | D25: =-PPMT($J$3/12;A2;$J$4;$J$2)
A26: 6 | B26: Hitung saldo pinjaman setelah angsuran bulan itu: pokok pinjaman dikurangi jumlah porsi pokok dari bulan 1 sampai bulan ini, dibulatkan ke rupiah. | C26: Sheet Data, kolom G (Saldo Akhir), baris 2 sampai 25 | D26: =ROUND($J$2-SUM($F$2:F2);0)
A27: 7 | B27: Berapa total angsuran yang dibayar selama 24 bulan, dan berapa total bunganya? | C27: Sheet Ringkasan, sel C4 sampai C5 | D27: =SUM(Data!$D$2:$D$25) =SUM(Data!$E$2:$E$25)
A28: 8 | B28: Berapa total bunga yang dibayar pada tahun ke-1, dan pada tahun ke-2? | C28: Sheet Ringkasan, sel C6 sampai C7 | D28: =SUMIF(Data!$B$2:$B$25;1;Data!$E$2:$E$25) =SUMIF(Data!$B$2:$B$25;2;Data!$E$2:$E$25)
A29: 9 | B29: Berapa saldo pinjaman setelah angsuran ke-12, dan berapa porsi pokok pada angsuran ke-24? | C29: Sheet Ringkasan, sel C8 sampai C9 | D29: =INDEX(Data!$G$2:$G$25;MATCH(12;Data!$A$2:$A$25;0)) =INDEX(Data!$F$2:$F$25;MATCH(24;Data!$A$2:$A$25;0))
A30: 10 | B30: Pada tanggal berapa angsuran terakhir jatuh tempo, dan berapa saldo akhir pada angsuran terakhir? | C30: Sheet Ringkasan, sel C10 sampai C11 | D30: =MAX(Data!$C$2:$C$25) =INDEX(Data!$G$2:$G$25;MATCH(MAX(Data!$A$2:$A$25);Data!$A$2:$A$25;0))
A31: 11 | B31: Mulai angsuran ke berapa saldo pinjaman turun di bawah separuh pokok pinjaman? | C31: Sheet Ringkasan, sel C12 | D31: =COUNTIF(Data!$G$2:$G$25;">="&Data!$J$2/2)+1
A32: 12 | B32: Berapa persen total bunga terhadap total angsuran, dan berapa persen porsi bunga pada angsuran ke-1? | C32: Sheet Ringkasan, sel C13 sampai C14 | D32: =SUM(Data!$E$2:$E$25)/SUM(Data!$D$2:$D$25) =INDEX(Data!$E$2:$E$25;MATCH(1;Data!$A$2:$A$25;0))/INDEX(Data!$D$2:$D$25;MATCH(1;Data!$A$2:$A$25;0))

Sheet Data
A1: Bulan Ke | B1: Tahun Ke | C1: Jatuh Tempo | D1: Angsuran | E1: Bunga | F1: Pokok | G1: Saldo Akhir | I1: Parameter | J1: Nilai | K1: Keterangan
A2: 1 | B2: =ROUNDUP(A2/12,0) -> 1 | C2: =EDATE($J$5,A2) -> 46357 | D2: =-PMT($J$3/12,$J$4,$J$2) -> 3530510.4 | E2: =-IPMT($J$3/12,A2,$J$4,$J$2) -> 750000 | F2: =-PPMT($J$3/12,A2,$J$4,$J$2) -> 2780510.4 | G2: =ROUND($J$2-SUM($F$2:F2),0) -> 72219490 | I2: Pokok pinjaman | J2: 75000000
A3: 2 | B3: =ROUNDUP(A3/12,0) -> 1 | C3: =EDATE($J$5,A3) -> 46388 | D3: =-PMT($J$3/12,$J$4,$J$2) -> 3530510.4 | E3: =-IPMT($J$3/12,A3,$J$4,$J$2) -> 722194.9 | F3: =-PPMT($J$3/12,A3,$J$4,$J$2) -> 2808315.5 | G3: =ROUND($J$2-SUM($F$2:F3),0) -> 69411174 | I3: Bunga per tahun | J3: 0.12
A4: 3 | B4: =ROUNDUP(A4/12,0) -> 1 | C4: =EDATE($J$5,A4) -> 46419 | D4: =-PMT($J$3/12,$J$4,$J$2) -> 3530510.4 | E4: =-IPMT($J$3/12,A4,$J$4,$J$2) -> 694111.74 | F4: =-PPMT($J$3/12,A4,$J$4,$J$2) -> 2836398.7 | G4: =ROUND($J$2-SUM($F$2:F4),0) -> 66574775 | I4: Tenor (bulan) | J4: 24
A5: 4 | B5: =ROUNDUP(A5/12,0) -> 1 | C5: =EDATE($J$5,A5) -> 46447 | D5: =-PMT($J$3/12,$J$4,$J$2) -> 3530510.4 | E5: =-IPMT($J$3/12,A5,$J$4,$J$2) -> 665747.75 | F5: =-PPMT($J$3/12,A5,$J$4,$J$2) -> 2864762.7 | G5: =ROUND($J$2-SUM($F$2:F5),0) -> 63710013 | I5: Tanggal pencairan | J5: 46327 | K5: Angsuran 1 jatuh tempo satu bulan setelahnya
A6: 5 | B6: =ROUNDUP(A6/12,0) -> 1 | C6: =EDATE($J$5,A6) -> 46478 | D6: =-PMT($J$3/12,$J$4,$J$2) -> 3530510.4 | E6: =-IPMT($J$3/12,A6,$J$4,$J$2) -> 637100.13 | F6: =-PPMT($J$3/12,A6,$J$4,$J$2) -> 2893410.3 | G6: =ROUND($J$2-SUM($F$2:F6),0) -> 60816602
A7: 6 | B7: =ROUNDUP(A7/12,0) -> 1 | C7: =EDATE($J$5,A7) -> 46508 | D7: =-PMT($J$3/12,$J$4,$J$2) -> 3530510.4 | E7: =-IPMT($J$3/12,A7,$J$4,$J$2) -> 608166.02 | F7: =-PPMT($J$3/12,A7,$J$4,$J$2) -> 2922344.4 | G7: =ROUND($J$2-SUM($F$2:F7),0) -> 57894258
A8: 7 | B8: =ROUNDUP(A8/12,0) -> 1 | C8: =EDATE($J$5,A8) -> 46539 | D8: =-PMT($J$3/12,$J$4,$J$2) -> 3530510.4 | E8: =-IPMT($J$3/12,A8,$J$4,$J$2) -> 578942.58 | F8: =-PPMT($J$3/12,A8,$J$4,$J$2) -> 2951567.8 | G8: =ROUND($J$2-SUM($F$2:F8),0) -> 54942690
A9: 8 | B9: =ROUNDUP(A9/12,0) -> 1 | C9: =EDATE($J$5,A9) -> 46569 | D9: =-PMT($J$3/12,$J$4,$J$2) -> 3530510.4 | E9: =-IPMT($J$3/12,A9,$J$4,$J$2) -> 549426.9 | F9: =-PPMT($J$3/12,A9,$J$4,$J$2) -> 2981083.5 | G9: =ROUND($J$2-SUM($F$2:F9),0) -> 51961607
A10: 9 | B10: =ROUNDUP(A10/12,0) -> 1 | C10: =EDATE($J$5,A10) -> 46600 | D10: =-PMT($J$3/12,$J$4,$J$2) -> 3530510.4 | E10: =-IPMT($J$3/12,A10,$J$4,$J$2) -> 519616.07 | F10: =-PPMT($J$3/12,A10,$J$4,$J$2) -> 3010894.3 | G10: =ROUND($J$2-SUM($F$2:F10),0) -> 48950712
A11: 10 | B11: =ROUNDUP(A11/12,0) -> 1 | C11: =EDATE($J$5,A11) -> 46631 | D11: =-PMT($J$3/12,$J$4,$J$2) -> 3530510.4 | E11: =-IPMT($J$3/12,A11,$J$4,$J$2) -> 489507.12 | F11: =-PPMT($J$3/12,A11,$J$4,$J$2) -> 3041003.3 | G11: =ROUND($J$2-SUM($F$2:F11),0) -> 45909709
A12: 11 | B12: =ROUNDUP(A12/12,0) -> 1 | C12: =EDATE($J$5,A12) -> 46661 | D12: =-PMT($J$3/12,$J$4,$J$2) -> 3530510.4 | E12: =-IPMT($J$3/12,A12,$J$4,$J$2) -> 459097.09 | F12: =-PPMT($J$3/12,A12,$J$4,$J$2) -> 3071413.3 | G12: =ROUND($J$2-SUM($F$2:F12),0) -> 42838296
A13: 12 | B13: =ROUNDUP(A13/12,0) -> 1 | C13: =EDATE($J$5,A13) -> 46692 | D13: =-PMT($J$3/12,$J$4,$J$2) -> 3530510.4 | E13: =-IPMT($J$3/12,A13,$J$4,$J$2) -> 428382.96 | F13: =-PPMT($J$3/12,A13,$J$4,$J$2) -> 3102127.5 | G13: =ROUND($J$2-SUM($F$2:F13),0) -> 39736168
A14: 13 | B14: =ROUNDUP(A14/12,0) -> 2 | C14: =EDATE($J$5,A14) -> 46722 | D14: =-PMT($J$3/12,$J$4,$J$2) -> 3530510.4 | E14: =-IPMT($J$3/12,A14,$J$4,$J$2) -> 397361.68 | F14: =-PPMT($J$3/12,A14,$J$4,$J$2) -> 3133148.7 | G14: =ROUND($J$2-SUM($F$2:F14),0) -> 36603020
A15: 14 | B15: =ROUNDUP(A15/12,0) -> 2 | C15: =EDATE($J$5,A15) -> 46753 | D15: =-PMT($J$3/12,$J$4,$J$2) -> 3530510.4 | E15: =-IPMT($J$3/12,A15,$J$4,$J$2) -> 366030.2 | F15: =-PPMT($J$3/12,A15,$J$4,$J$2) -> 3164480.2 | G15: =ROUND($J$2-SUM($F$2:F15),0) -> 33438539
A16: 15 | B16: =ROUNDUP(A16/12,0) -> 2 | C16: =EDATE($J$5,A16) -> 46784 | D16: =-PMT($J$3/12,$J$4,$J$2) -> 3530510.4 | E16: =-IPMT($J$3/12,A16,$J$4,$J$2) -> 334385.39 | F16: =-PPMT($J$3/12,A16,$J$4,$J$2) -> 3196125 | G16: =ROUND($J$2-SUM($F$2:F16),0) -> 30242414
A17: 16 | B17: =ROUNDUP(A17/12,0) -> 2 | C17: =EDATE($J$5,A17) -> 46813 | D17: =-PMT($J$3/12,$J$4,$J$2) -> 3530510.4 | E17: =-IPMT($J$3/12,A17,$J$4,$J$2) -> 302424.14 | F17: =-PPMT($J$3/12,A17,$J$4,$J$2) -> 3228086.3 | G17: =ROUND($J$2-SUM($F$2:F17),0) -> 27014328
... A25: 24 | B25: =ROUNDUP(A25/12,0) -> 2 | C25: =EDATE($J$5,A25) -> 47058 | D25: =-PMT($J$3/12,$J$4,$J$2) -> 3530510.4 | E25: =-IPMT($J$3/12,A25,$J$4,$J$2) -> 34955.549 | F25: =-PPMT($J$3/12,A25,$J$4,$J$2) -> 3495554.9 | G25: =ROUND($J$2-SUM($F$2:F25),0) -> 0

Sheet Ringkasan
A1: Ringkasan: lembar jawaban soal berjenis ringkasan
A2: Sel hijau berisi rumus kunci.
A3: No | B3: Pertanyaan | C3: Jawaban | D3: Contoh format hasil
A4: 7a | B4: Total angsuran 24 bulan | C4: =SUM(Data!$D$2:$D$25) -> 84732250 | D4: Rupiah, mis. Rp 85.000.000
A5: 7b | B5: Total bunga 24 bulan | C5: =SUM(Data!$E$2:$E$25) -> 9732250 | D5: Rupiah, mis. Rp 10.000.000
A6: 8a | B6: Total bunga tahun ke-1 | C6: =SUMIF(Data!$B$2:$B$25,1,Data!$E$2:$E$25) -> 7102293.3 | D6: Rupiah, mis. Rp 8.000.000
A7: 8b | B7: Total bunga tahun ke-2 | C7: =SUMIF(Data!$B$2:$B$25,2,Data!$E$2:$E$25) -> 2629956.7 | D7: Rupiah, mis. Rp 4.000.000
A8: 9a | B8: Saldo setelah angsuran ke-12 | C8: =INDEX(Data!$G$2:$G$25,MATCH(12,Data!$A$2:$A$25,0)) -> 39736168 | D8: Rupiah, mis. Rp 40.000.000
A9: 9b | B9: Porsi pokok pada angsuran ke-24 | C9: =INDEX(Data!$F$2:$F$25,MATCH(24,Data!$A$2:$A$25,0)) -> 3495554.9 | D9: Rupiah, mis. Rp 3.000.000
A10: 10a | B10: Tanggal jatuh tempo angsuran terakhir | C10: =MAX(Data!$C$2:$C$25) -> 47058 | D10: Tanggal, mis. 14/10/2026
A11: 10b | B11: Saldo akhir pada angsuran terakhir | C11: =INDEX(Data!$G$2:$G$25,MATCH(MAX(Data!$A$2:$A$25),Data!$A$2:$A$25,0)) -> 0 | D11: Rupiah, mis. Rp 1.000
A12: 11 | B12: Angsuran pertama dengan saldo di bawah separuh pokok | C12: =COUNTIF(Data!$G$2:$G$25,">="&Data!$J$2/2)+1 -> 13 | D12: Angka bulat, mis. 8
A13: 12a | B13: Persen total bunga terhadap total angsuran | C13: =SUM(Data!$E$2:$E$25)/SUM(Data!$D$2:$D$25) -> 0.11485886 | D13: Persen, mis. 12,5%
A14: 12b | B14: Persen bunga pada angsuran ke-1 | C14: =INDEX(Data!$E$2:$E$25,MATCH(1,Data!$A$2:$A$25,0))/INDEX(Data!$D$2:$D$25,MATCH(1,Data!$A$2:$A$25,0)) -> 0.21243387 | D14: Persen, mis. 15,5%
