Workbook

Sheet Petunjuk
A1: Kunci Jawaban: Survei Kepuasan Pelanggan Empat Cabang
A2: Latihan 40 dari 56 | Tingkat: Lanjutan | Perkiraan waktu: 65 menit | pushexcel.github.io/Pushexcel
A4: Skenario
A5: Kamu analis layanan pelanggan Kopi Nusantara, jaringan kedai dengan empat cabang. Selama September 2026, 40 pelanggan mengisi survei dan menilai empat aspek dengan skor 1 (sangat buruk) sampai 5 (sangat baik): kecepatan, keramahan, kebersihan, dan harga. Skor rata-rata responden dikelompokkan memakai batas di blok Parameter: skor sama dengan atau di atas 4,5 berarti Sangat Puas, 3,5 berarti Puas, 2,5 berarti Cukup, dan di bawahnya Kurang. Pelanggan berusia di bawah 25 tahun masuk kelompok Muda, 25 sampai 40 tahun Dewasa, dan di atas 40 tahun Senior. Rekap per cabang ada di sheet Acuan.
A7: Cara memakai kunci
A8: 1. | B8: Sel hijau berisi rumus kunci yang sudah dihitung. Klik sel untuk melihat rumusnya.
A9: 2. | B9: Kolom Rumus kunci di bawah menampilkan rumus untuk baris pertama atau tiap sel jawaban.
A10: 3. | B10: Rumus ditulis dengan titik koma (;). Ganti dengan koma (,) bila Excel kamu berbahasa Inggris.
A11: 4. | B11: Jawaban lain yang benar secara logika juga boleh, selama hasilnya sama.
A13: Arti warna
B14: Judul kolom data yang sudah diberikan
B15: Judul kolom hasil hitung
B16: Sel berisi rumus kunci
B17: Angka berwarna biru pada blok Parameter = nilai tetap yang boleh dirujuk
A19: Daftar soal
A20: No | B20: Soal | C20: Jawab di | D20: Rumus kunci
A21: 1 | B21: Hitung rata-rata keempat skor aspek (kecepatan, keramahan, kebersihan, harga) untuk tiap responden. | C21: Sheet Data, kolom I (Rata-rata Skor), baris 2 sampai 41 | D21: =AVERAGE(E2;F2;G2;H2)
A22: 2 | B22: Tentukan kategori kepuasan dari Rata-rata Skor memakai tiga batas di blok Parameter: Sangat Puas, Puas, Cukup, atau Kurang. | C22: Sheet Data, kolom J (Kategori), baris 2 sampai 41 | D22: =IF(I2>=$N$2;"Sangat Puas";IF(I2>=$N$3;"Puas";IF(I2>=$N$4;"Cukup";"Kurang")))
A23: 3 | B23: Tentukan kelompok usia: di bawah 25 tahun Muda, 25 sampai 40 tahun Dewasa, di atas 40 tahun Senior. | C23: Sheet Data, kolom K (Kelompok Usia), baris 2 sampai 41 | D23: =IF(D2<25;"Muda";IF(D2<=40;"Dewasa";"Senior"))
A24: 4 | B24: Pada sheet Acuan, hitung jumlah responden tiap cabang dari sheet Data. | C24: Sheet Acuan, kolom B (Jumlah Responden), baris 2 sampai 5 | D24: =COUNTIF(Data!$C$2:$C$41;A2)
A25: 5 | B25: Pada sheet Acuan, hitung rata-rata kolom Rata-rata Skor dari responden tiap cabang. | C25: Sheet Acuan, kolom C (Rata-rata Skor Cabang), baris 2 sampai 5 | D25: =AVERAGEIF(Data!$C$2:$C$41;A2;Data!$I$2:$I$41)
A26: 6 | B26: Pada sheet Acuan, beri peringkat cabang menurut rata-rata skor cabang, peringkat 1 untuk skor tertinggi. | C26: Sheet Acuan, kolom D (Peringkat), baris 2 sampai 5 | D26: =RANK(C2;$C$2:$C$5;0)
A27: 7 | B27: Berapa responden yang mengisi survei, dan berapa rata-rata skor kepuasan seluruh responden? | C27: Sheet Ringkasan, sel C4 sampai C5 | D27: =COUNT(Data!$A$2:$A$41) =AVERAGE(Data!$I$2:$I$41)
A28: 8 | B28: Berapa rata-rata skor tertinggi dan terendah di antara keempat aspek? | C28: Sheet Ringkasan, sel C6 sampai C7 | D28: =MAX(AVERAGE(Data!$E$2:$E$41);AVERAGE(Data!$F$2:$F$41);AVERAGE(Data!$G$2:$G$41);AVERAGE(Data!$H$2:$H$41)) =MIN(AVERAGE(Data!$E$2:$E$41);AVERAGE(Data!$F$2:$F$41);AVERAGE(Data!$G$2:$G$41);AVERAGE(Data!$H$2:$H$41))
A29: 9 | B29: Berapa responden yang Sangat Puas, dan berapa persen responden yang Puas atau Sangat Puas? | C29: Sheet Ringkasan, sel C8 sampai C9 | D29: =COUNTIF(Data!$J$2:$J$41;"Sangat Puas") =(COUNTIF(Data!$J$2:$J$41;"Sangat Puas")+COUNTIF(Data!$J$2:$J$41;"Puas"))/COUNT(Data!$A$2:$A$41)
A30: 10 | B30: Cabang mana yang rata-rata skornya tertinggi, dan cabang mana yang punya responden terbanyak? | C30: Sheet Ringkasan, sel C10 sampai C11 | D30: =INDEX(Acuan!$A$2:$A$5;MATCH(MAX(Acuan!$C$2:$C$5);Acuan!$C$2:$C$5;0)) =INDEX(Acuan!$A$2:$A$5;MATCH(MAX(Acuan!$B$2:$B$5);Acuan!$B$2:$B$5;0))
A31: 11 | B31: Berapa rata-rata skor responden kelompok Muda, dan berapa responden kelompok Senior? | C31: Sheet Ringkasan, sel C12 sampai C13 | D31: =AVERAGEIF(Data!$K$2:$K$41;"Muda";Data!$I$2:$I$41) =COUNTIF(Data!$K$2:$K$41;"Senior")
... A34: 14 | B34: Berapa usia responden termuda dan tertua, dan berapa responden yang mengisi survei pada 1 sampai 7 September 2026? | C34: Sheet Ringkasan, sel C17 sampai C19 | D34: =MIN(Data!$D$2:$D$41) =MAX(Data!$D$2:$D$41) =COUNTIFS(Data!$B$2:$B$41;">="&DATE(2026;9;1);Data!$B$2:$B$41;"<="&DATE(2026;9;7))

Sheet Data
A1: No | B1: Tanggal | C1: Cabang | D1: Usia | E1: Kecepatan | F1: Keramahan | G1: Kebersihan | H1: Harga | I1: Rata-rata Skor | J1: Kategori | K1: Kelompok Usia | M1: Parameter | N1: Nilai | O1: Keterangan
A2: 1 | B2: 46266 | C2: Cabang Utara | D2: 29 | E2: 2 | F2: 5 | G2: 4 | H2: 4 | I2: =AVERAGE(E2,F2,G2,H2) -> 3.75 | J2: =IF(I2>=$N$2,"Sangat Puas",IF(I2>=$N$3,"Puas",IF(I2>=$N$4,"Cukup","Kurang"))) -> Puas | K2: =IF(D2<25,"Muda",IF(D2<=40,"Dewasa","Senior")) -> Dewasa | M2: Batas Sangat Puas | N2: 4.5
A3: 2 | B3: 46266 | C3: Cabang Timur | D3: 48 | E3: 3 | F3: 3 | G3: 5 | H3: 3 | I3: =AVERAGE(E3,F3,G3,H3) -> 3.5 | J3: =IF(I3>=$N$2,"Sangat Puas",IF(I3>=$N$3,"Puas",IF(I3>=$N$4,"Cukup","Kurang"))) -> Puas | K3: =IF(D3<25,"Muda",IF(D3<=40,"Dewasa","Senior")) -> Senior | M3: Batas Puas | N3: 3.5
A4: 3 | B4: 46267 | C4: Cabang Pusat | D4: 42 | E4: 4 | F4: 3 | G4: 4 | H4: 3 | I4: =AVERAGE(E4,F4,G4,H4) -> 3.5 | J4: =IF(I4>=$N$2,"Sangat Puas",IF(I4>=$N$3,"Puas",IF(I4>=$N$4,"Cukup","Kurang"))) -> Puas | K4: =IF(D4<25,"Muda",IF(D4<=40,"Dewasa","Senior")) -> Senior | M4: Batas Cukup | N4: 2.5
A5: 4 | B5: 46267 | C5: Cabang Pusat | D5: 50 | E5: 5 | F5: 5 | G5: 5 | H5: 5 | I5: =AVERAGE(E5,F5,G5,H5) -> 5 | J5: =IF(I5>=$N$2,"Sangat Puas",IF(I5>=$N$3,"Puas",IF(I5>=$N$4,"Cukup","Kurang"))) -> Sangat Puas | K5: =IF(D5<25,"Muda",IF(D5<=40,"Dewasa","Senior")) -> Senior
A6: 5 | B6: 46268 | C6: Cabang Timur | D6: 45 | E6: 1 | F6: 3 | G6: 4 | H6: 4 | I6: =AVERAGE(E6,F6,G6,H6) -> 3 | J6: =IF(I6>=$N$2,"Sangat Puas",IF(I6>=$N$3,"Puas",IF(I6>=$N$4,"Cukup","Kurang"))) -> Cukup | K6: =IF(D6<25,"Muda",IF(D6<=40,"Dewasa","Senior")) -> Senior
A7: 6 | B7: 46269 | C7: Cabang Pusat | D7: 22 | E7: 2 | F7: 2 | G7: 3 | H7: 1 | I7: =AVERAGE(E7,F7,G7,H7) -> 2 | J7: =IF(I7>=$N$2,"Sangat Puas",IF(I7>=$N$3,"Puas",IF(I7>=$N$4,"Cukup","Kurang"))) -> Kurang | K7: =IF(D7<25,"Muda",IF(D7<=40,"Dewasa","Senior")) -> Muda
A8: 7 | B8: 46271 | C8: Cabang Timur | D8: 36 | E8: 2 | F8: 1 | G8: 3 | H8: 3 | I8: =AVERAGE(E8,F8,G8,H8) -> 2.25 | J8: =IF(I8>=$N$2,"Sangat Puas",IF(I8>=$N$3,"Puas",IF(I8>=$N$4,"Cukup","Kurang"))) -> Kurang | K8: =IF(D8<25,"Muda",IF(D8<=40,"Dewasa","Senior")) -> Dewasa
A9: 8 | B9: 46271 | C9: Cabang Selatan | D9: 24 | E9: 2 | F9: 1 | G9: 2 | H9: 4 | I9: =AVERAGE(E9,F9,G9,H9) -> 2.25 | J9: =IF(I9>=$N$2,"Sangat Puas",IF(I9>=$N$3,"Puas",IF(I9>=$N$4,"Cukup","Kurang"))) -> Kurang | K9: =IF(D9<25,"Muda",IF(D9<=40,"Dewasa","Senior")) -> Muda
A10: 9 | B10: 46272 | C10: Cabang Utara | D10: 30 | E10: 4 | F10: 3 | G10: 3 | H10: 3 | I10: =AVERAGE(E10,F10,G10,H10) -> 3.25 | J10: =IF(I10>=$N$2,"Sangat Puas",IF(I10>=$N$3,"Puas",IF(I10>=$N$4,"Cukup","Kurang"))) -> Cukup | K10: =IF(D10<25,"Muda",IF(D10<=40,"Dewasa","Senior")) -> Dewasa
A11: 10 | B11: 46272 | C11: Cabang Selatan | D11: 17 | E11: 4 | F11: 4 | G11: 3 | H11: 2 | I11: =AVERAGE(E11,F11,G11,H11) -> 3.25 | J11: =IF(I11>=$N$2,"Sangat Puas",IF(I11>=$N$3,"Puas",IF(I11>=$N$4,"Cukup","Kurang"))) -> Cukup | K11: =IF(D11<25,"Muda",IF(D11<=40,"Dewasa","Senior")) -> Muda
A12: 11 | B12: 46273 | C12: Cabang Utara | D12: 34 | E12: 1 | F12: 2 | G12: 3 | H12: 4 | I12: =AVERAGE(E12,F12,G12,H12) -> 2.5 | J12: =IF(I12>=$N$2,"Sangat Puas",IF(I12>=$N$3,"Puas",IF(I12>=$N$4,"Cukup","Kurang"))) -> Cukup | K12: =IF(D12<25,"Muda",IF(D12<=40,"Dewasa","Senior")) -> Dewasa
A13: 12 | B13: 46273 | C13: Cabang Selatan | D13: 26 | E13: 3 | F13: 4 | G13: 5 | H13: 3 | I13: =AVERAGE(E13,F13,G13,H13) -> 3.75 | J13: =IF(I13>=$N$2,"Sangat Puas",IF(I13>=$N$3,"Puas",IF(I13>=$N$4,"Cukup","Kurang"))) -> Puas | K13: =IF(D13<25,"Muda",IF(D13<=40,"Dewasa","Senior")) -> Dewasa
A14: 13 | B14: 46276 | C14: Cabang Utara | D14: 54 | E14: 2 | F14: 2 | G14: 2 | H14: 1 | I14: =AVERAGE(E14,F14,G14,H14) -> 1.75 | J14: =IF(I14>=$N$2,"Sangat Puas",IF(I14>=$N$3,"Puas",IF(I14>=$N$4,"Cukup","Kurang"))) -> Kurang | K14: =IF(D14<25,"Muda",IF(D14<=40,"Dewasa","Senior")) -> Senior
A15: 14 | B15: 46278 | C15: Cabang Selatan | D15: 42 | E15: 4 | F15: 4 | G15: 3 | H15: 3 | I15: =AVERAGE(E15,F15,G15,H15) -> 3.5 | J15: =IF(I15>=$N$2,"Sangat Puas",IF(I15>=$N$3,"Puas",IF(I15>=$N$4,"Cukup","Kurang"))) -> Puas | K15: =IF(D15<25,"Muda",IF(D15<=40,"Dewasa","Senior")) -> Senior
A16: 15 | B16: 46279 | C16: Cabang Timur | D16: 25 | E16: 1 | F16: 4 | G16: 2 | H16: 4 | I16: =AVERAGE(E16,F16,G16,H16) -> 2.75 | J16: =IF(I16>=$N$2,"Sangat Puas",IF(I16>=$N$3,"Puas",IF(I16>=$N$4,"Cukup","Kurang"))) -> Cukup | K16: =IF(D16<25,"Muda",IF(D16<=40,"Dewasa","Senior")) -> Dewasa
... A41: 40 | B41: 46295 | C41: Cabang Selatan | D41: 18 | E41: 2 | F41: 5 | G41: 2 | H41: 3 | I41: =AVERAGE(E41,F41,G41,H41) -> 3 | J41: =IF(I41>=$N$2,"Sangat Puas",IF(I41>=$N$3,"Puas",IF(I41>=$N$4,"Cukup","Kurang"))) -> Cukup | K41: =IF(D41<25,"Muda",IF(D41<=40,"Dewasa","Senior")) -> Muda

Sheet Acuan
A1: Cabang | B1: Jumlah Responden | C1: Rata-rata Skor Cabang | D1: Peringkat
A2: Cabang Pusat | B2: =COUNTIF(Data!$C$2:$C$41,A2) -> 9 | C2: =AVERAGEIF(Data!$C$2:$C$41,A2,Data!$I$2:$I$41) -> 3.7222222 | D2: =RANK(C2,$C$2:$C$5,0) -> 1
A3: Cabang Utara | B3: =COUNTIF(Data!$C$2:$C$41,A3) -> 10 | C3: =AVERAGEIF(Data!$C$2:$C$41,A3,Data!$I$2:$I$41) -> 3.275 | D3: =RANK(C3,$C$2:$C$5,0) -> 3
A4: Cabang Selatan | B4: =COUNTIF(Data!$C$2:$C$41,A4) -> 11 | C4: =AVERAGEIF(Data!$C$2:$C$41,A4,Data!$I$2:$I$41) -> 3.4772727 | D4: =RANK(C4,$C$2:$C$5,0) -> 2
A5: Cabang Timur | B5: =COUNTIF(Data!$C$2:$C$41,A5) -> 10 | C5: =AVERAGEIF(Data!$C$2:$C$41,A5,Data!$I$2:$I$41) -> 2.8 | D5: =RANK(C5,$C$2:$C$5,0) -> 4

Sheet Ringkasan
A1: Ringkasan: lembar jawaban soal berjenis ringkasan
A2: Sel hijau berisi rumus kunci.
A3: No | B3: Pertanyaan | C3: Jawaban | D3: Contoh format hasil
A4: 7a | B4: Jumlah responden | C4: =COUNT(Data!$A$2:$A$41) -> 40 | D4: Angka bulat, mis. 25
A5: 7b | B5: Rata-rata skor seluruh responden | C5: =AVERAGE(Data!$I$2:$I$41) -> 3.3125 | D5: Angka desimal, mis. 3,10
A6: 8a | B6: Rata-rata aspek tertinggi | C6: =MAX(AVERAGE(Data!$E$2:$E$41),AVERAGE(Data!$F$2:$F$41),AVERAGE(Data!$G$2:$G$41),AVERAGE(Data!$H$2:$H$41)) -> 3.5 | D6: Angka desimal, mis. 3,90
A7: 8b | B7: Rata-rata aspek terendah | C7: =MIN(AVERAGE(Data!$E$2:$E$41),AVERAGE(Data!$F$2:$F$41),AVERAGE(Data!$G$2:$G$41),AVERAGE(Data!$H$2:$H$41)) -> 3.2 | D7: Angka desimal, mis. 2,60
A8: 9a | B8: Jumlah responden Sangat Puas | C8: =COUNTIF(Data!$J$2:$J$41,"Sangat Puas") -> 4 | D8: Angka bulat, mis. 7
A9: 9b | B9: Persen responden Puas atau Sangat Puas | C9: =(COUNTIF(Data!$J$2:$J$41,"Sangat Puas")+COUNTIF(Data!$J$2:$J$41,"Puas"))/COUNT(Data!$A$2:$A$41) -> 0.475 | D9: Persen, mis. 45,5%
A10: 10a | B10: Cabang dengan rata-rata skor tertinggi | C10: =INDEX(Acuan!$A$2:$A$5,MATCH(MAX(Acuan!$C$2:$C$5),Acuan!$C$2:$C$5,0)) -> Cabang Pusat | D10: Teks: nama cabang
A11: 10b | B11: Cabang dengan responden terbanyak | C11: =INDEX(Acuan!$A$2:$A$5,MATCH(MAX(Acuan!$B$2:$B$5),Acuan!$B$2:$B$5,0)) -> Cabang Selatan | D11: Teks: nama cabang
A12: 11a | B12: Rata-rata skor kelompok Muda | C12: =AVERAGEIF(Data!$K$2:$K$41,"Muda",Data!$I$2:$I$41) -> 2.625 | D12: Angka desimal, mis. 3,30
A13: 11b | B13: Jumlah responden kelompok Senior | C13: =COUNTIF(Data!$K$2:$K$41,"Senior") -> 19 | D13: Angka bulat, mis. 8
A14: 12 | B14: Responden Cabang Pusat dengan skor mencapai batas Puas | C14: =COUNTIFS(Data!$C$2:$C$41,"Cabang Pusat",Data!$I$2:$I$41,">="&Data!$N$3) -> 8 | D14: Angka bulat, mis. 9
A15: 13a | B15: Responden dengan skor 5 di semua aspek | C15: =COUNTIFS(Data!$E$2:$E$41,5,Data!$F$2:$F$41,5,Data!$G$2:$G$41,5,Data!$H$2:$H$41,5) -> 1 | D15: Angka bulat, mis. 6
A16: 13b | B16: Responden yang menilai harga 2 atau lebih rendah | C16: =COUNTIF(Data!$H$2:$H$41,"<=2") -> 10 | D16: Angka bulat, mis. 15
A17: 14a | B17: Usia responden termuda | C17: =MIN(Data!$D$2:$D$41) -> 17 | D17: Angka bulat, mis. 30
A18: 14b | B18: Usia responden tertua | C18: =MAX(Data!$D$2:$D$41) -> 60 | D18: Angka bulat, mis. 50
A19: 14c | B19: Responden pada 1 sampai 7 September 2026 | C19: =COUNTIFS(Data!$B$2:$B$41,">="&DATE(2026,9,1),Data!$B$2:$B$41,"<="&DATE(2026,9,7)) -> 10 | D19: Angka bulat, mis. 20
