Workbook

Sheet Petunjuk
A1: Kunci Jawaban: Arus Kas Bulanan Usaha Roti
A2: Latihan 89 dari 40 | Tingkat: Lanjutan | Perkiraan waktu: 65 menit | pushexcel.github.io/Pushexcel
A4: Skenario
A5: Kamu pemegang kas UD Sumber Rejeki, usaha roti rumahan, yang mencatat 33 transaksi kas selama November 2026. Setiap transaksi punya nomor urut, tanggal, keterangan, kategori, dan jumlah. Jenis transaksi (Masuk atau Keluar) ditentukan dari tabel kategori di sheet Acuan. Saldo awal bulan Rp 12.000.000 dan saldo minimum yang dianggap aman Rp 10.000.000 (keduanya ada di blok Parameter). Saldo berjalan adalah saldo awal ditambah semua kas masuk dan dikurangi semua kas keluar sampai nomor transaksi itu. Minggu ke dihitung dari tanggal: tanggal 1 sampai 7 minggu ke-1, 8 sampai 14 minggu ke-2, dan seterusnya.
A7: Cara memakai kunci
A8: 1. | B8: Sel hijau berisi rumus kunci yang sudah dihitung. Klik sel untuk melihat rumusnya.
A9: 2. | B9: Kolom Rumus kunci di bawah menampilkan rumus untuk baris pertama atau tiap sel jawaban.
A10: 3. | B10: Rumus ditulis dengan titik koma (;). Ganti dengan koma (,) bila Excel kamu berbahasa Inggris.
A11: 4. | B11: Jawaban lain yang benar secara logika juga boleh, selama hasilnya sama.
A13: Arti warna
B14: Judul kolom data yang sudah diberikan
B15: Judul kolom hasil hitung
B16: Sel berisi rumus kunci
B17: Angka berwarna biru pada blok Parameter = nilai tetap yang boleh dirujuk
A19: Daftar soal
A20: No | B20: Soal | C20: Jawab di | D20: Rumus kunci
A21: 1 | B21: Tentukan jenis transaksi (Masuk atau Keluar) tiap baris dari tabel kategori di sheet Acuan, dengan pencocokan persis. | C21: Sheet Data, kolom F (Jenis), baris 2 sampai 34 | D21: =VLOOKUP(D2;Acuan!$A$2:$B$8;2;FALSE)
A22: 2 | B22: Isi Kas Masuk dengan jumlah transaksi bila jenisnya Masuk. Selain itu isi 0. | C22: Sheet Data, kolom G (Kas Masuk), baris 2 sampai 34 | D22: =IF(F2="Masuk";E2;0)
A23: 3 | B23: Isi Kas Keluar dengan jumlah transaksi bila jenisnya Keluar. Selain itu isi 0. | C23: Sheet Data, kolom H (Kas Keluar), baris 2 sampai 34 | D23: =IF(F2="Keluar";E2;0)
A24: 4 | B24: Hitung saldo berjalan: saldo awal ditambah total Kas Masuk dan dikurangi total Kas Keluar dari nomor 1 sampai nomor baris ini. Pakai kolom No sebagai syarat. | C24: Sheet Data, kolom I (Saldo Berjalan), baris 2 sampai 34 | D24: =$N$2+SUMIF($A$2:$A$34;"<="&A2;$G$2:$G$34)-SUMIF($A$2:$A$34;"<="&A2;$H$2:$H$34)
A25: 5 | B25: Tentukan minggu ke berapa transaksi terjadi: tanggal 1 sampai 7 minggu ke-1, tanggal 8 sampai 14 minggu ke-2, dan seterusnya. | C25: Sheet Data, kolom J (Minggu Ke), baris 2 sampai 34 | D25: =INT((B2-DATE(2026;11;1))/7)+1
A26: 6 | B26: Beri status Di Bawah Minimum bila saldo berjalan lebih kecil dari saldo minimum. Selain itu Aman. | C26: Sheet Data, kolom K (Status Saldo), baris 2 sampai 34 | D26: =IF(I2<$N$3;"Di Bawah Minimum";"Aman")
A27: 7 | B27: Pada sheet Acuan, hitung jumlah transaksi tiap kategori. | C27: Sheet Acuan, kolom C (Jumlah Transaksi), baris 2 sampai 8 | D27: =COUNTIF(Data!$D$2:$D$34;A2)
A28: 8 | B28: Pada sheet Acuan, hitung total kas masuk tiap kategori. Kategori pengeluaran akan bernilai 0. | C28: Sheet Acuan, kolom D (Total Masuk), baris 2 sampai 8 | D28: =SUMIF(Data!$D$2:$D$34;A2;Data!$G$2:$G$34)
A29: 9 | B29: Pada sheet Acuan, hitung total kas keluar tiap kategori. Kategori penerimaan akan bernilai 0. | C29: Sheet Acuan, kolom E (Total Keluar), baris 2 sampai 8 | D29: =SUMIF(Data!$D$2:$D$34;A2;Data!$H$2:$H$34)
A30: 10 | B30: Pada sheet Acuan, hitung porsi tiap kategori terhadap seluruh kas keluar. | C30: Sheet Acuan, kolom F (Persen Pengeluaran), baris 2 sampai 8 | D30: =E2/SUM($E$2:$E$8)
A31: 11 | B31: Berapa total kas masuk, total kas keluar, dan saldo akhir bulan? | C31: Sheet Ringkasan, sel C4 sampai C6 | D31: =SUM(Data!$G$2:$G$34) =SUM(Data!$H$2:$H$34) =Data!$N$2+C4-C5
... A35: 15 | B35: Berapa rata-rata nilai satu transaksi pengeluaran, dan berapa transaksi penerimaan yang nilainya Rp 5.000.000 ke atas? | C35: Sheet Ringkasan, sel C14 sampai C15 | D35: =AVERAGEIF(Data!$H$2:$H$34;">0") =COUNTIFS(Data!$F$2:$F$34;"Masuk";Data!$E$2:$E$34;">=5000000")

Sheet Data
A1: No | B1: Tanggal | C1: Keterangan | D1: Kategori | E1: Jumlah | F1: Jenis | G1: Kas Masuk | H1: Kas Keluar | I1: Saldo Berjalan | J1: Minggu Ke | K1: Status Saldo | M1: Parameter | N1: Nilai | O1: Keterangan
A2: 1 | B2: 46327 | C2: Upah pekan ini kurir | D2: Gaji dan Upah | E2: 4500000 | F2: =VLOOKUP(D2,Acuan!$A$2:$B$8,2,FALSE()) -> Keluar | G2: =IF(F2="Masuk",E2,0) -> 0 | H2: =IF(F2="Keluar",E2,0) -> 4500000 | I2: =$N$2+SUMIF($A$2:$A$34,"<="&A2,$G$2:$G$34)-SUMIF($A$2:$A$34,"<="&A2,$H$2:$H$34) -> 7500000 | J2: =INT((B2-DATE(2026,11,1))/7)+1 -> 1 | K2: =IF(I2<$N$3,"Di Bawah Minimum","Aman") -> Di Bawah Minimum | M2: Saldo awal | N2: 12000000
A3: 2 | B3: 46328 | C3: Penjualan etalase toko | D3: Penjualan Tunai | E3: 3500000 | F3: =VLOOKUP(D3,Acuan!$A$2:$B$8,2,FALSE()) -> Masuk | G3: =IF(F3="Masuk",E3,0) -> 3500000 | H3: =IF(F3="Keluar",E3,0) -> 0 | I3: =$N$2+SUMIF($A$2:$A$34,"<="&A3,$G$2:$G$34)-SUMIF($A$2:$A$34,"<="&A3,$H$2:$H$34) -> 11000000 | J3: =INT((B3-DATE(2026,11,1))/7)+1 -> 1 | K3: =IF(I3<$N$3,"Di Bawah Minimum","Aman") -> Aman | M3: Saldo minimum | N3: 10000000 | O3: Saldo di bawah angka ini dianggap tidak aman
A4: 3 | B4: 46329 | C4: Penjualan paket snack | D4: Penjualan Tunai | E4: 5000000 | F4: =VLOOKUP(D4,Acuan!$A$2:$B$8,2,FALSE()) -> Masuk | G4: =IF(F4="Masuk",E4,0) -> 5000000 | H4: =IF(F4="Keluar",E4,0) -> 0 | I4: =$N$2+SUMIF($A$2:$A$34,"<="&A4,$G$2:$G$34)-SUMIF($A$2:$A$34,"<="&A4,$H$2:$H$34) -> 16000000 | J4: =INT((B4-DATE(2026,11,1))/7)+1 -> 1 | K4: =IF(I4<$N$3,"Di Bawah Minimum","Aman") -> Aman
A5: 4 | B5: 46329 | C5: Beli gula dan mentega | D5: Pembelian Bahan | E5: 3000000 | F5: =VLOOKUP(D5,Acuan!$A$2:$B$8,2,FALSE()) -> Keluar | G5: =IF(F5="Masuk",E5,0) -> 0 | H5: =IF(F5="Keluar",E5,0) -> 3000000 | I5: =$N$2+SUMIF($A$2:$A$34,"<="&A5,$G$2:$G$34)-SUMIF($A$2:$A$34,"<="&A5,$H$2:$H$34) -> 13000000 | J5: =INT((B5-DATE(2026,11,1))/7)+1 -> 1 | K5: =IF(I5<$N$3,"Di Bawah Minimum","Aman") -> Aman
A6: 5 | B6: 46330 | C6: Beli gula dan mentega | D6: Pembelian Bahan | E6: 7000000 | F6: =VLOOKUP(D6,Acuan!$A$2:$B$8,2,FALSE()) -> Keluar | G6: =IF(F6="Masuk",E6,0) -> 0 | H6: =IF(F6="Keluar",E6,0) -> 7000000 | I6: =$N$2+SUMIF($A$2:$A$34,"<="&A6,$G$2:$G$34)-SUMIF($A$2:$A$34,"<="&A6,$H$2:$H$34) -> 6000000 | J6: =INT((B6-DATE(2026,11,1))/7)+1 -> 1 | K6: =IF(I6<$N$3,"Di Bawah Minimum","Aman") -> Di Bawah Minimum
A7: 6 | B7: 46331 | C7: Penjualan paket snack | D7: Penjualan Tunai | E7: 6000000 | F7: =VLOOKUP(D7,Acuan!$A$2:$B$8,2,FALSE()) -> Masuk | G7: =IF(F7="Masuk",E7,0) -> 6000000 | H7: =IF(F7="Keluar",E7,0) -> 0 | I7: =$N$2+SUMIF($A$2:$A$34,"<="&A7,$G$2:$G$34)-SUMIF($A$2:$A$34,"<="&A7,$H$2:$H$34) -> 12000000 | J7: =INT((B7-DATE(2026,11,1))/7)+1 -> 1 | K7: =IF(I7<$N$3,"Di Bawah Minimum","Aman") -> Aman
A8: 7 | B8: 46331 | C8: Penjualan paket snack | D8: Penjualan Tunai | E8: 4500000 | F8: =VLOOKUP(D8,Acuan!$A$2:$B$8,2,FALSE()) -> Masuk | G8: =IF(F8="Masuk",E8,0) -> 4500000 | H8: =IF(F8="Keluar",E8,0) -> 0 | I8: =$N$2+SUMIF($A$2:$A$34,"<="&A8,$G$2:$G$34)-SUMIF($A$2:$A$34,"<="&A8,$H$2:$H$34) -> 16500000 | J8: =INT((B8-DATE(2026,11,1))/7)+1 -> 1 | K8: =IF(I8<$N$3,"Di Bawah Minimum","Aman") -> Aman
A9: 8 | B9: 46331 | C9: Bunga tabungan | D9: Pendapatan Lain | E9: 1200000 | F9: =VLOOKUP(D9,Acuan!$A$2:$B$8,2,FALSE()) -> Masuk | G9: =IF(F9="Masuk",E9,0) -> 1200000 | H9: =IF(F9="Keluar",E9,0) -> 0 | I9: =$N$2+SUMIF($A$2:$A$34,"<="&A9,$G$2:$G$34)-SUMIF($A$2:$A$34,"<="&A9,$H$2:$H$34) -> 17700000 | J9: =INT((B9-DATE(2026,11,1))/7)+1 -> 1 | K9: =IF(I9<$N$3,"Di Bawah Minimum","Aman") -> Aman
A10: 9 | B10: 46334 | C10: Bensin kendaraan antar | D10: Biaya Operasional | E10: 900000 | F10: =VLOOKUP(D10,Acuan!$A$2:$B$8,2,FALSE()) -> Keluar | G10: =IF(F10="Masuk",E10,0) -> 0 | H10: =IF(F10="Keluar",E10,0) -> 900000 | I10: =$N$2+SUMIF($A$2:$A$34,"<="&A10,$G$2:$G$34)-SUMIF($A$2:$A$34,"<="&A10,$H$2:$H$34) -> 16800000 | J10: =INT((B10-DATE(2026,11,1))/7)+1 -> 2 | K10: =IF(I10<$N$3,"Di Bawah Minimum","Aman") -> Aman
A11: 10 | B11: 46336 | C11: Pelunasan Kantin Mentari | D11: Tagihan Pelanggan | E11: 11000000 | F11: =VLOOKUP(D11,Acuan!$A$2:$B$8,2,FALSE()) -> Masuk | G11: =IF(F11="Masuk",E11,0) -> 11000000 | H11: =IF(F11="Keluar",E11,0) -> 0 | I11: =$N$2+SUMIF($A$2:$A$34,"<="&A11,$G$2:$G$34)-SUMIF($A$2:$A$34,"<="&A11,$H$2:$H$34) -> 27800000 | J11: =INT((B11-DATE(2026,11,1))/7)+1 -> 2 | K11: =IF(I11<$N$3,"Di Bawah Minimum","Aman") -> Aman
A12: 11 | B12: 46336 | C12: Upah pekan ini karyawan | D12: Gaji dan Upah | E12: 6000000 | F12: =VLOOKUP(D12,Acuan!$A$2:$B$8,2,FALSE()) -> Keluar | G12: =IF(F12="Masuk",E12,0) -> 0 | H12: =IF(F12="Keluar",E12,0) -> 6000000 | I12: =$N$2+SUMIF($A$2:$A$34,"<="&A12,$G$2:$G$34)-SUMIF($A$2:$A$34,"<="&A12,$H$2:$H$34) -> 21800000 | J12: =INT((B12-DATE(2026,11,1))/7)+1 -> 2 | K12: =IF(I12<$N$3,"Di Bawah Minimum","Aman") -> Aman
A13: 12 | B13: 46340 | C13: Pelunasan Kantin Mentari | D13: Tagihan Pelanggan | E13: 5500000 | F13: =VLOOKUP(D13,Acuan!$A$2:$B$8,2,FALSE()) -> Masuk | G13: =IF(F13="Masuk",E13,0) -> 5500000 | H13: =IF(F13="Keluar",E13,0) -> 0 | I13: =$N$2+SUMIF($A$2:$A$34,"<="&A13,$G$2:$G$34)-SUMIF($A$2:$A$34,"<="&A13,$H$2:$H$34) -> 27300000 | J13: =INT((B13-DATE(2026,11,1))/7)+1 -> 2 | K13: =IF(I13<$N$3,"Di Bawah Minimum","Aman") -> Aman
A14: 13 | B14: 46340 | C14: Pelunasan Katering Harmoni | D14: Tagihan Pelanggan | E14: 4000000 | F14: =VLOOKUP(D14,Acuan!$A$2:$B$8,2,FALSE()) -> Masuk | G14: =IF(F14="Masuk",E14,0) -> 4000000 | H14: =IF(F14="Keluar",E14,0) -> 0 | I14: =$N$2+SUMIF($A$2:$A$34,"<="&A14,$G$2:$G$34)-SUMIF($A$2:$A$34,"<="&A14,$H$2:$H$34) -> 31300000 | J14: =INT((B14-DATE(2026,11,1))/7)+1 -> 2 | K14: =IF(I14<$N$3,"Di Bawah Minimum","Aman") -> Aman
A15: 14 | B15: 46340 | C15: Beli cokelat dan keju | D15: Pembelian Bahan | E15: 2500000 | F15: =VLOOKUP(D15,Acuan!$A$2:$B$8,2,FALSE()) -> Keluar | G15: =IF(F15="Masuk",E15,0) -> 0 | H15: =IF(F15="Keluar",E15,0) -> 2500000 | I15: =$N$2+SUMIF($A$2:$A$34,"<="&A15,$G$2:$G$34)-SUMIF($A$2:$A$34,"<="&A15,$H$2:$H$34) -> 28800000 | J15: =INT((B15-DATE(2026,11,1))/7)+1 -> 2 | K15: =IF(I15<$N$3,"Di Bawah Minimum","Aman") -> Aman
... A34: 33 | B34: 46356 | C34: Penjualan paket snack | D34: Penjualan Tunai | E34: 4000000 | F34: =VLOOKUP(D34,Acuan!$A$2:$B$8,2,FALSE()) -> Masuk | G34: =IF(F34="Masuk",E34,0) -> 4000000 | H34: =IF(F34="Keluar",E34,0) -> 0 | I34: =$N$2+SUMIF($A$2:$A$34,"<="&A34,$G$2:$G$34)-SUMIF($A$2:$A$34,"<="&A34,$H$2:$H$34) -> 17100000 | J34: =INT((B34-DATE(2026,11,1))/7)+1 -> 5 | K34: =IF(I34<$N$3,"Di Bawah Minimum","Aman") -> Aman

Sheet Acuan
A1: Kategori | B1: Jenis | C1: Jumlah Transaksi | D1: Total Masuk | E1: Total Keluar | F1: Persen Pengeluaran
A2: Penjualan Tunai | B2: Masuk | C2: =COUNTIF(Data!$D$2:$D$34,A2) -> 10 | D2: =SUMIF(Data!$D$2:$D$34,A2,Data!$G$2:$G$34) -> 40000000 | E2: =SUMIF(Data!$D$2:$D$34,A2,Data!$H$2:$H$34) -> 0 | F2: =E2/SUM($E$2:$E$8) -> 0
A3: Tagihan Pelanggan | B3: Masuk | C3: =COUNTIF(Data!$D$2:$D$34,A3) -> 4 | D3: =SUMIF(Data!$D$2:$D$34,A3,Data!$G$2:$G$34) -> 30000000 | E3: =SUMIF(Data!$D$2:$D$34,A3,Data!$H$2:$H$34) -> 0 | F3: =E3/SUM($E$2:$E$8) -> 0
A4: Pendapatan Lain | B4: Masuk | C4: =COUNTIF(Data!$D$2:$D$34,A4) -> 2 | D4: =SUMIF(Data!$D$2:$D$34,A4,Data!$G$2:$G$34) -> 2100000 | E4: =SUMIF(Data!$D$2:$D$34,A4,Data!$H$2:$H$34) -> 0 | F4: =E4/SUM($E$2:$E$8) -> 0
A5: Pembelian Bahan | B5: Keluar | C5: =COUNTIF(Data!$D$2:$D$34,A5) -> 8 | D5: =SUMIF(Data!$D$2:$D$34,A5,Data!$G$2:$G$34) -> 0 | E5: =SUMIF(Data!$D$2:$D$34,A5,Data!$H$2:$H$34) -> 43500000 | F5: =E5/SUM($E$2:$E$8) -> 0.64925373
A6: Gaji dan Upah | B6: Keluar | C6: =COUNTIF(Data!$D$2:$D$34,A6) -> 3 | D6: =SUMIF(Data!$D$2:$D$34,A6,Data!$G$2:$G$34) -> 0 | E6: =SUMIF(Data!$D$2:$D$34,A6,Data!$H$2:$H$34) -> 15000000 | F6: =E6/SUM($E$2:$E$8) -> 0.2238806
A7: Sewa dan Listrik | B7: Keluar | C7: =COUNTIF(Data!$D$2:$D$34,A7) -> 2 | D7: =SUMIF(Data!$D$2:$D$34,A7,Data!$G$2:$G$34) -> 0 | E7: =SUMIF(Data!$D$2:$D$34,A7,Data!$H$2:$H$34) -> 5500000 | F7: =E7/SUM($E$2:$E$8) -> 0.082089552
A8: Biaya Operasional | B8: Keluar | C8: =COUNTIF(Data!$D$2:$D$34,A8) -> 4 | D8: =SUMIF(Data!$D$2:$D$34,A8,Data!$G$2:$G$34) -> 0 | E8: =SUMIF(Data!$D$2:$D$34,A8,Data!$H$2:$H$34) -> 3000000 | F8: =E8/SUM($E$2:$E$8) -> 0.044776119

Sheet Ringkasan
A1: Ringkasan: lembar jawaban soal berjenis ringkasan
A2: Sel hijau berisi rumus kunci.
A3: No | B3: Pertanyaan | C3: Jawaban | D3: Contoh format hasil
A4: 11a | B4: Total kas masuk | C4: =SUM(Data!$G$2:$G$34) -> 72100000 | D4: Rupiah, mis. Rp 150.000.000
A5: 11b | B5: Total kas keluar | C5: =SUM(Data!$H$2:$H$34) -> 67000000 | D5: Rupiah, mis. Rp 140.000.000
A6: 11c | B6: Saldo akhir bulan | C6: =Data!$N$2+C4-C5 -> 17100000 | D6: Rupiah, mis. Rp 21.000.000
A7: 12a | B7: Saldo tertinggi | C7: =MAX(Data!$I$2:$I$34) -> 31300000 | D7: Rupiah, mis. Rp 30.000.000
A8: 12b | B8: Saldo terendah | C8: =MIN(Data!$I$2:$I$34) -> 2700000 | D8: Rupiah, mis. Rp 8.000.000
A9: 12c | B9: Tanggal saldo tertinggi | C9: =INDEX(Data!$B$2:$B$34,MATCH(MAX(Data!$I$2:$I$34),Data!$I$2:$I$34,0)) -> 46340 | D9: Tanggal, mis. 21/11/2026
A10: 13a | B10: Transaksi Di Bawah Minimum | C10: =COUNTIF(Data!$K$2:$K$34,"Di Bawah Minimum") -> 8 | D10: Angka bulat, mis. 7
A11: 13b | B11: Kategori pengeluaran terbesar | C11: =INDEX(Acuan!$A$2:$A$8,MATCH(MAX(Acuan!$E$2:$E$8),Acuan!$E$2:$E$8,0)) -> Pembelian Bahan | D11: Teks: nama kategori
A12: 14a | B12: Kas masuk minggu ke-2 | C12: =SUMIF(Data!$J$2:$J$34,2,Data!$G$2:$G$34) -> 20500000 | D12: Rupiah, mis. Rp 26.000.000
A13: 14b | B13: Kas keluar minggu ke-2 | C13: =SUMIF(Data!$J$2:$J$34,2,Data!$H$2:$H$34) -> 13100000 | D13: Rupiah, mis. Rp 18.000.000
A14: 15a | B14: Rata-rata satu transaksi pengeluaran | C14: =AVERAGEIF(Data!$H$2:$H$34,">0") -> 3941176.5 | D14: Rupiah, mis. Rp 3.200.000
A15: 15b | B15: Penerimaan Rp 5.000.000 ke atas | C15: =COUNTIFS(Data!$F$2:$F$34,"Masuk",Data!$E$2:$E$34,">=5000000") -> 6 | D15: Angka bulat, mis. 11
