Workbook

Sheet Petunjuk
A1: Kunci Jawaban: Membandingkan Tiga Tawaran Pinjaman Usaha
A2: Latihan 101 dari 40 | Tingkat: Lanjutan | Perkiraan waktu: 65 menit | pushexcel.github.io/Pushexcel
A4: Skenario
A5: Kamu pemilik usaha yang sedang memilih pinjaman modal dari tiga penyedia: Bank Nusa Karya, Koperasi Maju Bersama, dan BPR Sinar Harapan. Untuk tiap skenario plafon dan tenor, data memuat bunga per tahun dan biaya admin (persen dari plafon) dari ketiga penyedia. Cicilan per bulan memakai PMT dengan bunga per bulan (bunga tahunan dibagi 12), dibulatkan ke rupiah. Total bayar adalah cicilan dikali tenor ditambah biaya admin, sedangkan total bunga adalah cicilan dikali tenor dikurangi plafon. Peringkat 1 adalah total bayar terendah pada plafon yang sama. Rekomendasi: Terbaik untuk peringkat 1, Layak Dipertimbangkan bila selisih terhadap termurah tidak lebih dari 2 persen plafon, selain itu Mahal.
A7: Cara memakai kunci
A8: 1. | B8: Sel hijau berisi rumus kunci yang sudah dihitung. Klik sel untuk melihat rumusnya.
A9: 2. | B9: Kolom Rumus kunci di bawah menampilkan rumus untuk baris pertama atau tiap sel jawaban.
A10: 3. | B10: Rumus ditulis dengan titik koma (;). Ganti dengan koma (,) bila Excel kamu berbahasa Inggris.
A11: 4. | B11: Jawaban lain yang benar secara logika juga boleh, selama hasilnya sama.
A13: Arti warna
B14: Judul kolom data yang sudah diberikan
B15: Judul kolom hasil hitung
B16: Sel berisi rumus kunci
B17: Angka berwarna biru pada blok Parameter = nilai tetap yang boleh dirujuk
A19: Daftar soal
A20: No | B20: Soal | C20: Jawab di | D20: Rumus kunci
A21: 1 | B21: Hitung biaya admin dalam rupiah: plafon dikali persen admin, dibulatkan ke rupiah. | C21: Sheet Data, kolom F (Biaya Admin), baris 2 sampai 31 | D21: =ROUND(A2*E2;0)
A22: 2 | B22: Hitung cicilan per bulan dengan PMT (bunga per bulan = bunga tahunan / 12). Hasil PMT negatif, jadi beri tanda minus di depannya, lalu bulatkan ke rupiah. | C22: Sheet Data, kolom G (Cicilan per Bulan), baris 2 sampai 31 | D22: =ROUND(-PMT(D2/12;B2;A2);0)
A23: 3 | B23: Hitung total bayar: cicilan per bulan dikali tenor, ditambah biaya admin. | C23: Sheet Data, kolom H (Total Bayar), baris 2 sampai 31 | D23: =G2*B2+F2
A24: 4 | B24: Hitung total bunga: cicilan per bulan dikali tenor, dikurangi plafon. | C24: Sheet Data, kolom I (Total Bunga), baris 2 sampai 31 | D24: =G2*B2-A2
A25: 5 | B25: Hitung peringkat biaya tiap tawaran pada plafon yang sama (1 = total bayar terendah): banyaknya tawaran berplafon sama dengan total bayar lebih kecil, ditambah 1. | C25: Sheet Data, kolom J (Peringkat Biaya), baris 2 sampai 31 | D25: =COUNTIFS($A$2:$A$31;A2;$H$2:$H$31;"<"&H2)+1
A26: 6 | B26: Hitung selisih total bayar tawaran ini terhadap tawaran termurah pada plafon yang sama (peringkat 1). Tawaran termurah selisihnya 0. | C26: Sheet Data, kolom K (Selisih Termurah), baris 2 sampai 31 | D26: =H2-SUMIFS($H$2:$H$31;$A$2:$A$31;A2;$J$2:$J$31;1)
A27: 7 | B27: Beri rekomendasi: Terbaik untuk peringkat 1, Layak Dipertimbangkan bila selisih tidak lebih dari plafon dikali toleransi, selain itu Mahal. | C27: Sheet Data, kolom L (Rekomendasi), baris 2 sampai 31 | D27: =IF(J2=1;"Terbaik";IF(K2<=A2*$O$2;"Layak Dipertimbangkan";"Mahal"))
A28: 8 | B28: Pada sheet Acuan, hitung berapa skenario yang tawaran tiap penyedia berstatus Terbaik. | C28: Sheet Acuan, kolom B (Jumlah Terbaik), baris 2 sampai 4 | D28: =COUNTIFS(Data!$C$2:$C$31;A2;Data!$L$2:$L$31;"Terbaik")
A29: 9 | B29: Pada sheet Acuan, hitung jumlah total bunga dari seluruh tawaran tiap penyedia. | C29: Sheet Acuan, kolom C (Total Bunga Penyedia), baris 2 sampai 4 | D29: =SUMIF(Data!$C$2:$C$31;A2;Data!$I$2:$I$31)
A30: 10 | B30: Pada sheet Acuan, hitung jumlah selisih terhadap termurah dari seluruh tawaran tiap penyedia. | C30: Sheet Acuan, kolom D (Total Selisih Termurah), baris 2 sampai 4 | D30: =SUMIF(Data!$C$2:$C$31;A2;Data!$K$2:$K$31)
A31: 11 | B31: Berapa cicilan per bulan dan total bayar tawaran Bank Nusa Karya untuk plafon Rp 100.000.000? | C31: Sheet Ringkasan, sel C4 sampai C5 | D31: =SUMIFS(Data!$G$2:$G$31;Data!$A$2:$A$31;100000000;Data!$C$2:$C$31;"Bank Nusa Karya") =SUMIFS(Data!$H$2:$H$31;Data!$A$2:$A$31;100000000;Data!$C$2:$C$31;"Bank Nusa Karya")
... A36: 16 | B36: Berapa selisih terhadap termurah yang terbesar, pada plafon berapa, dan dari penyedia mana? | C36: Sheet Ringkasan, sel C16 sampai C18 | D36: =MAX(Data!$K$2:$K$31) =INDEX(Data!$A$2:$A$31;MATCH(C16;Data!$K$2:$K$31;0)) =INDEX(Data!$C$2:$C$31;MATCH(C16;Data!$K$2:$K$31;0))

Sheet Data
A1: Plafon | B1: Tenor (Bulan) | C1: Penyedia | D1: Bunga per Tahun | E1: Admin (%) | F1: Biaya Admin | G1: Cicilan per Bulan | H1: Total Bayar | I1: Total Bunga | J1: Peringkat Biaya | K1: Selisih Termurah | L1: Rekomendasi | N1: Parameter | O1: Nilai | P1: Keterangan
A2: 25000000 | B2: 12 | C2: Bank Nusa Karya | D2: 0.1 | E2: 0.02 | F2: =ROUND(A2*E2,0) -> 500000 | G2: =ROUND(-PMT(D2/12,B2,A2),0) -> 2197897 | H2: =G2*B2+F2 -> 26874764 | I2: =G2*B2-A2 -> 1374764 | J2: =COUNTIFS($A$2:$A$31,A2,$H$2:$H$31,"<"&H2)+1 -> 3 | K2: =H2-SUMIFS($H$2:$H$31,$A$2:$A$31,A2,$J$2:$J$31,1) -> 95124 | L2: =IF(J2=1,"Terbaik",IF(K2<=A2*$O$2,"Layak Dipertimbangkan","Mahal")) -> Layak Dipertimbangkan | N2: Toleransi selisih | O2: 0.02 | P2: Persen dari plafon untuk status Layak Dipertimbangkan
A3: 25000000 | B3: 12 | C3: Koperasi Maju Bersama | D3: 0.105 | E3: 0.015 | F3: =ROUND(A3*E3,0) -> 375000 | G3: =ROUND(-PMT(D3/12,B3,A3),0) -> 2203715 | H3: =G3*B3+F3 -> 26819580 | I3: =G3*B3-A3 -> 1444580 | J3: =COUNTIFS($A$2:$A$31,A3,$H$2:$H$31,"<"&H3)+1 -> 2 | K3: =H3-SUMIFS($H$2:$H$31,$A$2:$A$31,A3,$J$2:$J$31,1) -> 39940 | L3: =IF(J3=1,"Terbaik",IF(K3<=A3*$O$2,"Layak Dipertimbangkan","Mahal")) -> Layak Dipertimbangkan
A4: 25000000 | B4: 12 | C4: BPR Sinar Harapan | D4: 0.12 | E4: 0.005 | F4: =ROUND(A4*E4,0) -> 125000 | G4: =ROUND(-PMT(D4/12,B4,A4),0) -> 2221220 | H4: =G4*B4+F4 -> 26779640 | I4: =G4*B4-A4 -> 1654640 | J4: =COUNTIFS($A$2:$A$31,A4,$H$2:$H$31,"<"&H4)+1 -> 1 | K4: =H4-SUMIFS($H$2:$H$31,$A$2:$A$31,A4,$J$2:$J$31,1) -> 0 | L4: =IF(J4=1,"Terbaik",IF(K4<=A4*$O$2,"Layak Dipertimbangkan","Mahal")) -> Terbaik
A5: 40000000 | B5: 24 | C5: Bank Nusa Karya | D5: 0.105 | E5: 0.01 | F5: =ROUND(A5*E5,0) -> 400000 | G5: =ROUND(-PMT(D5/12,B5,A5),0) -> 1855042 | H5: =G5*B5+F5 -> 44921008 | I5: =G5*B5-A5 -> 4521008 | J5: =COUNTIFS($A$2:$A$31,A5,$H$2:$H$31,"<"&H5)+1 -> 1 | K5: =H5-SUMIFS($H$2:$H$31,$A$2:$A$31,A5,$J$2:$J$31,1) -> 0 | L5: =IF(J5=1,"Terbaik",IF(K5<=A5*$O$2,"Layak Dipertimbangkan","Mahal")) -> Terbaik
A6: 40000000 | B6: 24 | C6: Koperasi Maju Bersama | D6: 0.125 | E6: 0.015 | F6: =ROUND(A6*E6,0) -> 600000 | G6: =ROUND(-PMT(D6/12,B6,A6),0) -> 1892292 | H6: =G6*B6+F6 -> 46015008 | I6: =G6*B6-A6 -> 5415008 | J6: =COUNTIFS($A$2:$A$31,A6,$H$2:$H$31,"<"&H6)+1 -> 3 | K6: =H6-SUMIFS($H$2:$H$31,$A$2:$A$31,A6,$J$2:$J$31,1) -> 1094000 | L6: =IF(J6=1,"Terbaik",IF(K6<=A6*$O$2,"Layak Dipertimbangkan","Mahal")) -> Mahal
A7: 40000000 | B7: 24 | C7: BPR Sinar Harapan | D7: 0.11 | E7: 0.01 | F7: =ROUND(A7*E7,0) -> 400000 | G7: =ROUND(-PMT(D7/12,B7,A7),0) -> 1864314 | H7: =G7*B7+F7 -> 45143536 | I7: =G7*B7-A7 -> 4743536 | J7: =COUNTIFS($A$2:$A$31,A7,$H$2:$H$31,"<"&H7)+1 -> 2 | K7: =H7-SUMIFS($H$2:$H$31,$A$2:$A$31,A7,$J$2:$J$31,1) -> 222528 | L7: =IF(J7=1,"Terbaik",IF(K7<=A7*$O$2,"Layak Dipertimbangkan","Mahal")) -> Layak Dipertimbangkan
A8: 50000000 | B8: 24 | C8: Bank Nusa Karya | D8: 0.115 | E8: 0.01 | F8: =ROUND(A8*E8,0) -> 500000 | G8: =ROUND(-PMT(D8/12,B8,A8),0) -> 2342016 | H8: =G8*B8+F8 -> 56708384 | I8: =G8*B8-A8 -> 6208384 | J8: =COUNTIFS($A$2:$A$31,A8,$H$2:$H$31,"<"&H8)+1 -> 3 | K8: =H8-SUMIFS($H$2:$H$31,$A$2:$A$31,A8,$J$2:$J$31,1) -> 528976 | L8: =IF(J8=1,"Terbaik",IF(K8<=A8*$O$2,"Layak Dipertimbangkan","Mahal")) -> Layak Dipertimbangkan
A9: 50000000 | B9: 24 | C9: Koperasi Maju Bersama | D9: 0.11 | E9: 0.01 | F9: =ROUND(A9*E9,0) -> 500000 | G9: =ROUND(-PMT(D9/12,B9,A9),0) -> 2330392 | H9: =G9*B9+F9 -> 56429408 | I9: =G9*B9-A9 -> 5929408 | J9: =COUNTIFS($A$2:$A$31,A9,$H$2:$H$31,"<"&H9)+1 -> 2 | K9: =H9-SUMIFS($H$2:$H$31,$A$2:$A$31,A9,$J$2:$J$31,1) -> 250000 | L9: =IF(J9=1,"Terbaik",IF(K9<=A9*$O$2,"Layak Dipertimbangkan","Mahal")) -> Layak Dipertimbangkan
A10: 50000000 | B10: 24 | C10: BPR Sinar Harapan | D10: 0.11 | E10: 0.005 | F10: =ROUND(A10*E10,0) -> 250000 | G10: =ROUND(-PMT(D10/12,B10,A10),0) -> 2330392 | H10: =G10*B10+F10 -> 56179408 | I10: =G10*B10-A10 -> 5929408 | J10: =COUNTIFS($A$2:$A$31,A10,$H$2:$H$31,"<"&H10)+1 -> 1 | K10: =H10-SUMIFS($H$2:$H$31,$A$2:$A$31,A10,$J$2:$J$31,1) -> 0 | L10: =IF(J10=1,"Terbaik",IF(K10<=A10*$O$2,"Layak Dipertimbangkan","Mahal")) -> Terbaik
A11: 75000000 | B11: 36 | C11: Bank Nusa Karya | D11: 0.115 | E11: 0.01 | F11: =ROUND(A11*E11,0) -> 750000 | G11: =ROUND(-PMT(D11/12,B11,A11),0) -> 2473200 | H11: =G11*B11+F11 -> 89785200 | I11: =G11*B11-A11 -> 14035200 | J11: =COUNTIFS($A$2:$A$31,A11,$H$2:$H$31,"<"&H11)+1 -> 2 | K11: =H11-SUMIFS($H$2:$H$31,$A$2:$A$31,A11,$J$2:$J$31,1) -> 3802860 | L11: =IF(J11=1,"Terbaik",IF(K11<=A11*$O$2,"Layak Dipertimbangkan","Mahal")) -> Mahal
A12: 75000000 | B12: 36 | C12: Koperasi Maju Bersama | D12: 0.085 | E12: 0.01 | F12: =ROUND(A12*E12,0) -> 750000 | G12: =ROUND(-PMT(D12/12,B12,A12),0) -> 2367565 | H12: =G12*B12+F12 -> 85982340 | I12: =G12*B12-A12 -> 10232340 | J12: =COUNTIFS($A$2:$A$31,A12,$H$2:$H$31,"<"&H12)+1 -> 1 | K12: =H12-SUMIFS($H$2:$H$31,$A$2:$A$31,A12,$J$2:$J$31,1) -> 0 | L12: =IF(J12=1,"Terbaik",IF(K12<=A12*$O$2,"Layak Dipertimbangkan","Mahal")) -> Terbaik
A13: 75000000 | B13: 36 | C13: BPR Sinar Harapan | D13: 0.12 | E13: 0.01 | F13: =ROUND(A13*E13,0) -> 750000 | G13: =ROUND(-PMT(D13/12,B13,A13),0) -> 2491073 | H13: =G13*B13+F13 -> 90428628 | I13: =G13*B13-A13 -> 14678628 | J13: =COUNTIFS($A$2:$A$31,A13,$H$2:$H$31,"<"&H13)+1 -> 3 | K13: =H13-SUMIFS($H$2:$H$31,$A$2:$A$31,A13,$J$2:$J$31,1) -> 4446288 | L13: =IF(J13=1,"Terbaik",IF(K13<=A13*$O$2,"Layak Dipertimbangkan","Mahal")) -> Mahal
A14: 100000000 | B14: 36 | C14: Bank Nusa Karya | D14: 0.105 | E14: 0.02 | F14: =ROUND(A14*E14,0) -> 2000000 | G14: =ROUND(-PMT(D14/12,B14,A14),0) -> 3250244 | H14: =G14*B14+F14 -> 119008784 | I14: =G14*B14-A14 -> 17008784 | J14: =COUNTIFS($A$2:$A$31,A14,$H$2:$H$31,"<"&H14)+1 -> 1 | K14: =H14-SUMIFS($H$2:$H$31,$A$2:$A$31,A14,$J$2:$J$31,1) -> 0 | L14: =IF(J14=1,"Terbaik",IF(K14<=A14*$O$2,"Layak Dipertimbangkan","Mahal")) -> Terbaik
... A31: 300000000 | B31: 60 | C31: BPR Sinar Harapan | D31: 0.1 | E31: 0.005 | F31: =ROUND(A31*E31,0) -> 1500000 | G31: =ROUND(-PMT(D31/12,B31,A31),0) -> 6374113 | H31: =G31*B31+F31 -> 383946780 | I31: =G31*B31-A31 -> 82446780 | J31: =COUNTIFS($A$2:$A$31,A31,$H$2:$H$31,"<"&H31)+1 -> 1 | K31: =H31-SUMIFS($H$2:$H$31,$A$2:$A$31,A31,$J$2:$J$31,1) -> 0 | L31: =IF(J31=1,"Terbaik",IF(K31<=A31*$O$2,"Layak Dipertimbangkan","Mahal")) -> Terbaik

Sheet Acuan
A1: Penyedia | B1: Jumlah Terbaik | C1: Total Bunga Penyedia | D1: Total Selisih Termurah
A2: Bank Nusa Karya | B2: =COUNTIFS(Data!$C$2:$C$31,A2,Data!$L$2:$L$31,"Terbaik") -> 4 | C2: =SUMIF(Data!$C$2:$C$31,A2,Data!$I$2:$I$31) -> 304512860 | D2: =SUMIF(Data!$C$2:$C$31,A2,Data!$K$2:$K$31) -> 28687980
A3: Koperasi Maju Bersama | B3: =COUNTIFS(Data!$C$2:$C$31,A3,Data!$L$2:$L$31,"Terbaik") -> 3 | C3: =SUMIF(Data!$C$2:$C$31,A3,Data!$I$2:$I$31) -> 312253364 | D3: =SUMIF(Data!$C$2:$C$31,A3,Data!$K$2:$K$31) -> 25753484
A4: BPR Sinar Harapan | B4: =COUNTIFS(Data!$C$2:$C$31,A4,Data!$L$2:$L$31,"Terbaik") -> 3 | C4: =SUMIF(Data!$C$2:$C$31,A4,Data!$I$2:$I$31) -> 345426776 | D4: =SUMIF(Data!$C$2:$C$31,A4,Data!$K$2:$K$31) -> 54601896

Sheet Ringkasan
A1: Ringkasan: lembar jawaban soal berjenis ringkasan
A2: Sel hijau berisi rumus kunci.
A3: No | B3: Pertanyaan | C3: Jawaban | D3: Contoh format hasil
A4: 11a | B4: Cicilan Bank Nusa Karya plafon 100 juta | C4: =SUMIFS(Data!$G$2:$G$31,Data!$A$2:$A$31,100000000,Data!$C$2:$C$31,"Bank Nusa Karya") -> 3250244 | D4: Rupiah, mis. Rp 3.000.000
A5: 11b | B5: Total bayar Bank Nusa Karya plafon 100 juta | C5: =SUMIFS(Data!$H$2:$H$31,Data!$A$2:$A$31,100000000,Data!$C$2:$C$31,"Bank Nusa Karya") -> 119008784 | D5: Rupiah, mis. Rp 110.000.000
A6: 12a | B6: Total bayar termurah plafon 200 juta | C6: =SUMIFS(Data!$H$2:$H$31,Data!$A$2:$A$31,200000000,Data!$J$2:$J$31,1) -> 248792448 | D6: Rupiah, mis. Rp 230.000.000
A7: 12b | B7: Penyedia termurah plafon 200 juta | C7: =INDEX(Data!$C$2:$C$31,SUMPRODUCT((Data!$A$2:$A$31=200000000)*(Data!$J$2:$J$31=1)*(ROW(Data!$A$2:$A$31)-1))) -> Bank Nusa Karya | D7: Teks: nama penyedia
A8: 13a | B8: Penyedia paling sering Terbaik | C8: =INDEX(Acuan!$A$2:$A$4,MATCH(MAX(Acuan!$B$2:$B$4),Acuan!$B$2:$B$4,0)) -> Bank Nusa Karya | D8: Teks: nama penyedia
A9: 13b | B9: Jumlah skenario Terbaik penyedia itu | C9: =MAX(Acuan!$B$2:$B$4) -> 4 | D9: Angka bulat, mis. 5
A10: 14a | B10: Tawaran Terbaik | C10: =COUNTIF(Data!$L$2:$L$31,"Terbaik") -> 10 | D10: Angka bulat, mis. 8
A11: 14b | B11: Tawaran Layak Dipertimbangkan | C11: =COUNTIF(Data!$L$2:$L$31,"Layak Dipertimbangkan") -> 8 | D11: Angka bulat, mis. 11
A12: 14c | B12: Tawaran Mahal | C12: =COUNTIF(Data!$L$2:$L$31,"Mahal") -> 12 | D12: Angka bulat, mis. 9
A13: 15a | B13: Total bayar bila selalu Koperasi Maju Bersama | C13: =SUMIF(Data!$C$2:$C$31,"Koperasi Maju Bersama",Data!$H$2:$H$31) -> 1639603364 | D13: Rupiah, mis. Rp 1.500.000.000
A14: 15b | B14: Total bayar bila selalu Terbaik | C14: =SUMIF(Data!$L$2:$L$31,"Terbaik",Data!$H$2:$H$31) -> 1613849880 | D14: Rupiah, mis. Rp 1.400.000.000
A15: 15c | B15: Total penghematan | C15: =C13-C14 -> 25753484 | D15: Rupiah, mis. Rp 100.000.000
A16: 16a | B16: Selisih terbesar | C16: =MAX(Data!$K$2:$K$31) -> 26093760 | D16: Rupiah, mis. Rp 9.000.000
A17: 16b | B17: Plafon pada selisih terbesar | C17: =INDEX(Data!$A$2:$A$31,MATCH(C16,Data!$K$2:$K$31,0)) -> 250000000 | D17: Rupiah, mis. Rp 150.000.000
A18: 16c | B18: Penyedia pada selisih terbesar | C18: =INDEX(Data!$C$2:$C$31,MATCH(C16,Data!$K$2:$K$31,0)) -> BPR Sinar Harapan | D18: Teks: nama penyedia
