Workbook

Sheet Petunjuk
A1: Kunci Jawaban: Seleksi Penerimaan Karyawan Baru
A2: Latihan 34 dari 56 | Tingkat: Menengah | Perkiraan waktu: 55 menit | pushexcel.github.io/Pushexcel
A4: Skenario
A5: Kamu staf HRD PT Cahaya Prima yang membuka lowongan empat posisi. Ada 30 pelamar yang sudah mengikuti tes tertulis, wawancara, dan tes praktik. Nilai akhir = 30 persen tertulis + 30 persen wawancara + 40 persen praktik. Pelamar dengan nilai akhir minimal 80 dan nilai praktik minimal 70 berstatus Diterima. Pelamar dengan nilai akhir minimal 70 yang belum Diterima menjadi Cadangan, selain itu Tidak Lulus.
A7: Cara memakai kunci
A8: 1. | B8: Sel hijau berisi rumus kunci yang sudah dihitung. Klik sel untuk melihat rumusnya.
A9: 2. | B9: Kolom Rumus kunci di bawah menampilkan rumus untuk baris pertama atau tiap sel jawaban.
A10: 3. | B10: Rumus ditulis dengan titik koma (;). Ganti dengan koma (,) bila Excel kamu berbahasa Inggris.
A11: 4. | B11: Jawaban lain yang benar secara logika juga boleh, selama hasilnya sama.
A13: Arti warna
B14: Judul kolom data yang sudah diberikan
B15: Judul kolom hasil hitung
B16: Sel berisi rumus kunci
B17: Angka berwarna biru pada blok Parameter = nilai tetap yang boleh dirujuk
A19: Daftar soal
A20: No | B20: Soal | C20: Jawab di | D20: Rumus kunci
A21: 1 | B21: Hitung nilai akhir: tiap nilai dikali bobotnya, dijumlahkan, lalu dibulatkan satu desimal. | C21: Sheet Data, kolom G (Nilai Akhir), baris 2 sampai 31 | D21: =ROUND(D2*$L$2+E2*$L$3+F2*$L$4;1)
A22: 2 | B22: Beri peringkat nilai akhir, peringkat 1 untuk nilai tertinggi. | C22: Sheet Data, kolom H (Peringkat), baris 2 sampai 31 | D22: =RANK(G2;$G$2:$G$31;0)
A23: 3 | B23: Tentukan keputusan: Diterima bila nilai akhir dan nilai praktik sama-sama memenuhi batas minimal, Cadangan bila nilai akhir memenuhi batas cadangan, selain itu Tidak Lulus. | C23: Sheet Data, kolom I (Keputusan), baris 2 sampai 31 | D23: =IF(AND(G2>=$L$5;F2>=$L$6);"Diterima";IF(G2>=$L$7;"Cadangan";"Tidak Lulus"))
A24: 4 | B24: Pada sheet Acuan, hitung jumlah pelamar tiap posisi. | C24: Sheet Acuan, kolom B (Jumlah Pelamar), baris 2 sampai 5 | D24: =COUNTIF(Data!$C$2:$C$31;A2)
A25: 5 | B25: Pada sheet Acuan, hitung rata-rata nilai akhir pelamar tiap posisi. | C25: Sheet Acuan, kolom C (Rata-rata Nilai Akhir), baris 2 sampai 5 | D25: =AVERAGEIF(Data!$C$2:$C$31;A2;Data!$G$2:$G$31)
A26: 6 | B26: Pada sheet Acuan, hitung jumlah pelamar yang Diterima tiap posisi. | C26: Sheet Acuan, kolom D (Jumlah Diterima), baris 2 sampai 5 | D26: =COUNTIFS(Data!$C$2:$C$31;A2;Data!$I$2:$I$31;"Diterima")
A27: 7 | B27: Berapa pelamar yang Diterima, Cadangan, dan Tidak Lulus? | C27: Sheet Ringkasan, sel C4 sampai C6 | D27: =COUNTIF(Data!$I$2:$I$31;"Diterima") =COUNTIF(Data!$I$2:$I$31;"Cadangan") =COUNTIF(Data!$I$2:$I$31;"Tidak Lulus")
A28: 8 | B28: Siapa pelamar dengan nilai akhir tertinggi, dan berapa nilai akhir tertinggi ke-3? | C28: Sheet Ringkasan, sel C7 sampai C8 | D28: =INDEX(Data!$B$2:$B$31;MATCH(MAX(Data!$G$2:$G$31);Data!$G$2:$G$31;0)) =LARGE(Data!$G$2:$G$31;3)
A29: 9 | B29: Posisi mana yang rata-rata nilai akhirnya tertinggi, dan berapa rata-rata nilai praktik seluruh pelamar? | C29: Sheet Ringkasan, sel C9 sampai C10 | D29: =INDEX(Acuan!$A$2:$A$5;MATCH(MAX(Acuan!$C$2:$C$5);Acuan!$C$2:$C$5;0)) =AVERAGE(Data!$F$2:$F$31)
A30: 10 | B30: Berapa pelamar yang mendapat nilai 75 atau lebih pada ketiga tes, dan berapa pelamar posisi Kasir yang berstatus Diterima? | C30: Sheet Ringkasan, sel C11 sampai C12 | D30: =SUMPRODUCT((Data!$D$2:$D$31>=75)*(Data!$E$2:$E$31>=75)*(Data!$F$2:$F$31>=75)) =COUNTIFS(Data!$C$2:$C$31;"Kasir";Data!$I$2:$I$31;"Diterima")

Sheet Data
A1: No Peserta | B1: Nama Pelamar | C1: Posisi | D1: Nilai Tertulis | E1: Nilai Wawancara | F1: Nilai Praktik | G1: Nilai Akhir | H1: Peringkat | I1: Keputusan | K1: Parameter | L1: Nilai | M1: Keterangan
A2: PLM-001 | B2: Bayu Wijaya | C2: Customer Service | D2: 87 | E2: 96 | F2: 89 | G2: =ROUND(D2*$L$2+E2*$L$3+F2*$L$4,1) -> 90.5 | H2: =RANK(G2,$G$2:$G$31,0) -> 2 | I2: =IF(AND(G2>=$L$5,F2>=$L$6),"Diterima",IF(G2>=$L$7,"Cadangan","Tidak Lulus")) -> Diterima | K2: Bobot tertulis | L2: 0.3
A3: PLM-002 | B3: Yoga Sari | C3: Admin | D3: 61 | E3: 62 | F3: 70 | G3: =ROUND(D3*$L$2+E3*$L$3+F3*$L$4,1) -> 64.9 | H3: =RANK(G3,$G$2:$G$31,0) -> 25 | I3: =IF(AND(G3>=$L$5,F3>=$L$6),"Diterima",IF(G3>=$L$7,"Cadangan","Tidak Lulus")) -> Tidak Lulus | K3: Bobot wawancara | L3: 0.3
A4: PLM-003 | B4: Lina Amalia | C4: Kasir | D4: 81 | E4: 83 | F4: 85 | G4: =ROUND(D4*$L$2+E4*$L$3+F4*$L$4,1) -> 83.2 | H4: =RANK(G4,$G$2:$G$31,0) -> 6 | I4: =IF(AND(G4>=$L$5,F4>=$L$6),"Diterima",IF(G4>=$L$7,"Cadangan","Tidak Lulus")) -> Diterima | K4: Bobot praktik | L4: 0.4
A5: PLM-004 | B5: Dian Santoso | C5: Kasir | D5: 73 | E5: 84 | F5: 75 | G5: =ROUND(D5*$L$2+E5*$L$3+F5*$L$4,1) -> 77.1 | H5: =RANK(G5,$G$2:$G$31,0) -> 13 | I5: =IF(AND(G5>=$L$5,F5>=$L$6),"Diterima",IF(G5>=$L$7,"Cadangan","Tidak Lulus")) -> Cadangan | K5: Batas diterima | L5: 80 | M5: Nilai akhir minimal untuk Diterima
A6: PLM-005 | B6: Dewi Susanto | C6: Kasir | D6: 66 | E6: 90 | F6: 78 | G6: =ROUND(D6*$L$2+E6*$L$3+F6*$L$4,1) -> 78 | H6: =RANK(G6,$G$2:$G$31,0) -> 12 | I6: =IF(AND(G6>=$L$5,F6>=$L$6),"Diterima",IF(G6>=$L$7,"Cadangan","Tidak Lulus")) -> Cadangan | K6: Praktik minimal | L6: 70 | M6: Nilai praktik minimal untuk Diterima
A7: PLM-006 | B7: Bambang Sari | C7: Staf Gudang | D7: 80 | E7: 79 | F7: 69 | G7: =ROUND(D7*$L$2+E7*$L$3+F7*$L$4,1) -> 75.3 | H7: =RANK(G7,$G$2:$G$31,0) -> 14 | I7: =IF(AND(G7>=$L$5,F7>=$L$6),"Diterima",IF(G7>=$L$7,"Cadangan","Tidak Lulus")) -> Cadangan | K7: Batas cadangan | L7: 70 | M7: Nilai akhir minimal untuk Cadangan
A8: PLM-007 | B8: Farida Putra | C8: Admin | D8: 67 | E8: 77 | F8: 64 | G8: =ROUND(D8*$L$2+E8*$L$3+F8*$L$4,1) -> 68.8 | H8: =RANK(G8,$G$2:$G$31,0) -> 22 | I8: =IF(AND(G8>=$L$5,F8>=$L$6),"Diterima",IF(G8>=$L$7,"Cadangan","Tidak Lulus")) -> Tidak Lulus
A9: PLM-008 | B9: Joko Utomo | C9: Customer Service | D9: 76 | E9: 59 | F9: 68 | G9: =ROUND(D9*$L$2+E9*$L$3+F9*$L$4,1) -> 67.7 | H9: =RANK(G9,$G$2:$G$31,0) -> 23 | I9: =IF(AND(G9>=$L$5,F9>=$L$6),"Diterima",IF(G9>=$L$7,"Cadangan","Tidak Lulus")) -> Tidak Lulus
A10: PLM-009 | B10: Rina Rahayu | C10: Staf Gudang | D10: 66 | E10: 68 | F10: 58 | G10: =ROUND(D10*$L$2+E10*$L$3+F10*$L$4,1) -> 63.4 | H10: =RANK(G10,$G$2:$G$31,0) -> 27 | I10: =IF(AND(G10>=$L$5,F10>=$L$6),"Diterima",IF(G10>=$L$7,"Cadangan","Tidak Lulus")) -> Tidak Lulus
A11: PLM-010 | B11: Fajar Maharani | C11: Staf Gudang | D11: 69 | E11: 77 | F11: 88 | G11: =ROUND(D11*$L$2+E11*$L$3+F11*$L$4,1) -> 79 | H11: =RANK(G11,$G$2:$G$31,0) -> 11 | I11: =IF(AND(G11>=$L$5,F11>=$L$6),"Diterima",IF(G11>=$L$7,"Cadangan","Tidak Lulus")) -> Cadangan
A12: PLM-011 | B12: Prasetyo Santoso | C12: Staf Gudang | D12: 73 | E12: 69 | F12: 70 | G12: =ROUND(D12*$L$2+E12*$L$3+F12*$L$4,1) -> 70.6 | H12: =RANK(G12,$G$2:$G$31,0) -> 19 | I12: =IF(AND(G12>=$L$5,F12>=$L$6),"Diterima",IF(G12>=$L$7,"Cadangan","Tidak Lulus")) -> Cadangan
A13: PLM-012 | B13: Farida Suryani | C13: Customer Service | D13: 67 | E13: 67 | F13: 85 | G13: =ROUND(D13*$L$2+E13*$L$3+F13*$L$4,1) -> 74.2 | H13: =RANK(G13,$G$2:$G$31,0) -> 16 | I13: =IF(AND(G13>=$L$5,F13>=$L$6),"Diterima",IF(G13>=$L$7,"Cadangan","Tidak Lulus")) -> Cadangan
A14: PLM-013 | B14: Ahmad Hartono | C14: Admin | D14: 73 | E14: 67 | F14: 79 | G14: =ROUND(D14*$L$2+E14*$L$3+F14*$L$4,1) -> 73.6 | H14: =RANK(G14,$G$2:$G$31,0) -> 17 | I14: =IF(AND(G14>=$L$5,F14>=$L$6),"Diterima",IF(G14>=$L$7,"Cadangan","Tidak Lulus")) -> Cadangan
A15: PLM-014 | B15: Fajar Suryani | C15: Staf Gudang | D15: 75 | E15: 81 | F15: 89 | G15: =ROUND(D15*$L$2+E15*$L$3+F15*$L$4,1) -> 82.4 | H15: =RANK(G15,$G$2:$G$31,0) -> 8 | I15: =IF(AND(G15>=$L$5,F15>=$L$6),"Diterima",IF(G15>=$L$7,"Cadangan","Tidak Lulus")) -> Diterima
A16: PLM-015 | B16: Tono Utomo | C16: Kasir | D16: 83 | E16: 75 | F16: 83 | G16: =ROUND(D16*$L$2+E16*$L$3+F16*$L$4,1) -> 80.6 | H16: =RANK(G16,$G$2:$G$31,0) -> 10 | I16: =IF(AND(G16>=$L$5,F16>=$L$6),"Diterima",IF(G16>=$L$7,"Cadangan","Tidak Lulus")) -> Diterima
A17: PLM-016 | B17: Dian Ramadhan | C17: Admin | D17: 74 | E17: 65 | F17: 68 | G17: =ROUND(D17*$L$2+E17*$L$3+F17*$L$4,1) -> 68.9 | H17: =RANK(G17,$G$2:$G$31,0) -> 21 | I17: =IF(AND(G17>=$L$5,F17>=$L$6),"Diterima",IF(G17>=$L$7,"Cadangan","Tidak Lulus")) -> Tidak Lulus
A18: PLM-017 | B18: Vivi Rahayu | C18: Staf Gudang | D18: 75 | E18: 79 | F18: 66 | G18: =ROUND(D18*$L$2+E18*$L$3+F18*$L$4,1) -> 72.6 | H18: =RANK(G18,$G$2:$G$31,0) -> 18 | I18: =IF(AND(G18>=$L$5,F18>=$L$6),"Diterima",IF(G18>=$L$7,"Cadangan","Tidak Lulus")) -> Cadangan
A19: PLM-018 | B19: Maman Susanto | C19: Staf Gudang | D19: 70 | E19: 72 | F19: 68 | G19: =ROUND(D19*$L$2+E19*$L$3+F19*$L$4,1) -> 69.8 | H19: =RANK(G19,$G$2:$G$31,0) -> 20 | I19: =IF(AND(G19>=$L$5,F19>=$L$6),"Diterima",IF(G19>=$L$7,"Cadangan","Tidak Lulus")) -> Tidak Lulus
... A31: PLM-030 | B31: Sari Nugroho | C31: Kasir | D31: 67 | E31: 71 | F31: 65 | G31: =ROUND(D31*$L$2+E31*$L$3+F31*$L$4,1) -> 67.4 | H31: =RANK(G31,$G$2:$G$31,0) -> 24 | I31: =IF(AND(G31>=$L$5,F31>=$L$6),"Diterima",IF(G31>=$L$7,"Cadangan","Tidak Lulus")) -> Tidak Lulus

Sheet Acuan
A1: Posisi | B1: Jumlah Pelamar | C1: Rata-rata Nilai Akhir | D1: Jumlah Diterima
A2: Admin | B2: =COUNTIF(Data!$C$2:$C$31,A2) -> 4 | C2: =AVERAGEIF(Data!$C$2:$C$31,A2,Data!$G$2:$G$31) -> 69.05 | D2: =COUNTIFS(Data!$C$2:$C$31,A2,Data!$I$2:$I$31,"Diterima") -> 0
A3: Kasir | B3: =COUNTIF(Data!$C$2:$C$31,A3) -> 11 | C3: =AVERAGEIF(Data!$C$2:$C$31,A3,Data!$G$2:$G$31) -> 75.436364 | D3: =COUNTIFS(Data!$C$2:$C$31,A3,Data!$I$2:$I$31,"Diterima") -> 4
A4: Staf Gudang | B4: =COUNTIF(Data!$C$2:$C$31,A4) -> 10 | C4: =AVERAGEIF(Data!$C$2:$C$31,A4,Data!$G$2:$G$31) -> 75.85 | D4: =COUNTIFS(Data!$C$2:$C$31,A4,Data!$I$2:$I$31,"Diterima") -> 3
A5: Customer Service | B5: =COUNTIF(Data!$C$2:$C$31,A5) -> 5 | C5: =AVERAGEIF(Data!$C$2:$C$31,A5,Data!$G$2:$G$31) -> 79.4 | D5: =COUNTIFS(Data!$C$2:$C$31,A5,Data!$I$2:$I$31,"Diterima") -> 3

Sheet Ringkasan
A1: Ringkasan: lembar jawaban soal berjenis ringkasan
A2: Sel hijau berisi rumus kunci.
A3: No | B3: Pertanyaan | C3: Jawaban | D3: Contoh format hasil
A4: 7a | B4: Jumlah pelamar Diterima | C4: =COUNTIF(Data!$I$2:$I$31,"Diterima") -> 10 | D4: Angka bulat, mis. 9
A5: 7b | B5: Jumlah pelamar Cadangan | C5: =COUNTIF(Data!$I$2:$I$31,"Cadangan") -> 9 | D5: Angka bulat, mis. 11
A6: 7c | B6: Jumlah pelamar Tidak Lulus | C6: =COUNTIF(Data!$I$2:$I$31,"Tidak Lulus") -> 11 | D6: Angka bulat, mis. 10
A7: 8a | B7: Pelamar dengan nilai akhir tertinggi | C7: =INDEX(Data!$B$2:$B$31,MATCH(MAX(Data!$G$2:$G$31),Data!$G$2:$G$31,0)) -> Ahmad Anggraini | D7: Teks: nama pelamar
A8: 8b | B8: Nilai akhir tertinggi ke-3 | C8: =LARGE(Data!$G$2:$G$31,3) -> 89.4 | D8: Angka desimal, mis. 88,5
A9: 9a | B9: Posisi dengan rata-rata nilai akhir tertinggi | C9: =INDEX(Acuan!$A$2:$A$5,MATCH(MAX(Acuan!$C$2:$C$5),Acuan!$C$2:$C$5,0)) -> Customer Service | D9: Teks: nama posisi
A10: 9b | B10: Rata-rata nilai praktik seluruh pelamar | C10: =AVERAGE(Data!$F$2:$F$31) -> 76.033333 | D10: Angka desimal, mis. 72,5
A11: 10a | B11: Pelamar dengan ketiga nilai minimal 75 | C11: =SUMPRODUCT((Data!$D$2:$D$31>=75)*(Data!$E$2:$E$31>=75)*(Data!$F$2:$F$31>=75)) -> 10 | D11: Angka bulat, mis. 8
A12: 10b | B12: Pelamar Kasir yang Diterima | C12: =COUNTIFS(Data!$C$2:$C$31,"Kasir",Data!$I$2:$I$31,"Diterima") -> 4 | D12: Angka bulat, mis. 3
