Workbook

Sheet Petunjuk
A1: Kunci Jawaban: Pembelian Bahan Baku, Konversi Satuan, dan Diskon
A2: Latihan 79 dari 40 | Tingkat: Menengah | Perkiraan waktu: 55 menit | pushexcel.github.io/Pushexcel
A4: Skenario
A5: Kamu staf pembelian PT Roti Mentari Sejahtera yang merekap 30 pesanan bahan baku. Data pemasok mencatat jumlah yang dibeli dalam satuan beli (karung, jerigen, atau dus). Sheet Acuan memuat satuan beli, isi tiap satuan dalam satuan dasar (kg atau liter), dan harga per satuan beli. Subtotal adalah jumlah beli dikali harga per satuan beli. Diskon bertingkat dihitung dari subtotal: 3 persen bila subtotal Rp 8.000.000 atau lebih, dan 6 persen bila Rp 20.000.000 atau lebih (batas dan persennya ada di blok Parameter). Harga efektif per satuan dasar adalah total bayar dibagi total kuantitas, dibulatkan ke rupiah.
A7: Cara memakai kunci
A8: 1. | B8: Sel hijau berisi rumus kunci yang sudah dihitung. Klik sel untuk melihat rumusnya.
A9: 2. | B9: Kolom Rumus kunci di bawah menampilkan rumus untuk baris pertama atau tiap sel jawaban.
A10: 3. | B10: Rumus ditulis dengan titik koma (;). Ganti dengan koma (,) bila Excel kamu berbahasa Inggris.
A11: 4. | B11: Jawaban lain yang benar secara logika juga boleh, selama hasilnya sama.
A13: Arti warna
B14: Judul kolom data yang sudah diberikan
B15: Judul kolom hasil hitung
B16: Sel berisi rumus kunci
B17: Angka berwarna biru pada blok Parameter = nilai tetap yang boleh dirujuk
A19: Daftar soal
A20: No | B20: Soal | C20: Jawab di | D20: Rumus kunci
A21: 1 | B21: Ambil satuan beli tiap bahan dari tabel di sheet Acuan. | C21: Sheet Data, kolom E (Satuan Beli), baris 2 sampai 31 | D21: =VLOOKUP(B2;Acuan!$A$2:$E$7;2;FALSE)
A22: 2 | B22: Ambil isi per satuan beli (dalam kg atau liter) dari tabel Acuan. | C22: Sheet Data, kolom F (Isi per Satuan), baris 2 sampai 31 | D22: =VLOOKUP(B2;Acuan!$A$2:$E$7;3;FALSE)
A23: 3 | B23: Hitung total kuantitas dalam satuan dasar: jumlah beli dikali isi per satuan. | C23: Sheet Data, kolom G (Total Kuantitas), baris 2 sampai 31 | D23: =D2*F2
A24: 4 | B24: Ambil harga per satuan beli dari tabel Acuan. | C24: Sheet Data, kolom H (Harga per Satuan), baris 2 sampai 31 | D24: =VLOOKUP(B2;Acuan!$A$2:$E$7;5;FALSE)
A25: 5 | B25: Hitung subtotal sebelum diskon: jumlah beli dikali harga per satuan. | C25: Sheet Data, kolom I (Subtotal), baris 2 sampai 31 | D25: =D2*H2
A26: 6 | B26: Tentukan persen diskon bertingkat dari subtotal: Diskon 2 bila subtotal sampai batas diskon 2, Diskon 1 bila sampai batas diskon 1, selain itu 0. | C26: Sheet Data, kolom J (Persen Diskon), baris 2 sampai 31 | D26: =IF(I2>=$O$4;$O$5;IF(I2>=$O$2;$O$3;0))
A27: 7 | B27: Hitung total bayar: subtotal dikurangi diskon, dibulatkan ke rupiah. | C27: Sheet Data, kolom K (Total Bayar), baris 2 sampai 31 | D27: =ROUND(I2*(1-J2);0)
A28: 8 | B28: Hitung harga efektif per satuan dasar (per kg atau per liter): total bayar dibagi total kuantitas, dibulatkan ke rupiah. | C28: Sheet Data, kolom L (Harga Efektif Dasar), baris 2 sampai 31 | D28: =ROUND(K2/G2;0)
A29: 9 | B29: Pada sheet Acuan, hitung jumlah pesanan (PO) tiap bahan. | C29: Sheet Acuan, kolom F (Jumlah PO), baris 2 sampai 7 | D29: =COUNTIF(Data!$B$2:$B$31;A2)
A30: 10 | B30: Pada sheet Acuan, hitung total bayar seluruh pesanan tiap bahan. | C30: Sheet Acuan, kolom G (Total Pembelian), baris 2 sampai 7 | D30: =SUMIF(Data!$B$2:$B$31;A2;Data!$K$2:$K$31)
A31: 11 | B31: Berapa total subtotal, total bayar, dan total diskon yang diperoleh seluruh pesanan? | C31: Sheet Ringkasan, sel C4 sampai C6 | D31: =SUM(Data!$I$2:$I$31) =SUM(Data!$K$2:$K$31) =C4-C5
... A35: 15 | B35: Berapa rata-rata total bayar seluruh pesanan, dan berapa harga efektif per satuan dasar tertinggi? | C35: Sheet Ringkasan, sel C13 sampai C14 | D35: =AVERAGE(Data!$K$2:$K$31) =MAX(Data!$L$2:$L$31)

Sheet Data
A1: No PO | B1: Bahan | C1: Pemasok | D1: Jumlah Beli | E1: Satuan Beli | F1: Isi per Satuan | G1: Total Kuantitas | H1: Harga per Satuan | I1: Subtotal | J1: Persen Diskon | K1: Total Bayar | L1: Harga Efektif Dasar | N1: Parameter | O1: Nilai | P1: Keterangan
A2: PO-001 | B2: Cokelat Batang | C2: PT Tirta Boga | D2: 30 | E2: =VLOOKUP(B2,Acuan!$A$2:$E$7,2,FALSE()) -> Dus | F2: =VLOOKUP(B2,Acuan!$A$2:$E$7,3,FALSE()) -> 12 | G2: =D2*F2 -> 360 | H2: =VLOOKUP(B2,Acuan!$A$2:$E$7,5,FALSE()) -> 760000 | I2: =D2*H2 -> 22800000 | J2: =IF(I2>=$O$4,$O$5,IF(I2>=$O$2,$O$3,0)) -> 0.06 | K2: =ROUND(I2*(1-J2),0) -> 21432000 | L2: =ROUND(K2/G2,0) -> 59533 | N2: Batas diskon 1 | O2: 8000000 | P2: Subtotal sama dengan atau di atas batas ini mendapat Diskon 1
A3: PO-002 | B3: Tepung Terigu | C3: UD Sumber Pangan | D3: 6 | E3: =VLOOKUP(B3,Acuan!$A$2:$E$7,2,FALSE()) -> Karung | F3: =VLOOKUP(B3,Acuan!$A$2:$E$7,3,FALSE()) -> 25 | G3: =D3*F3 -> 150 | H3: =VLOOKUP(B3,Acuan!$A$2:$E$7,5,FALSE()) -> 285000 | I3: =D3*H3 -> 1710000 | J3: =IF(I3>=$O$4,$O$5,IF(I3>=$O$2,$O$3,0)) -> 0 | K3: =ROUND(I3*(1-J3),0) -> 1710000 | L3: =ROUND(K3/G3,0) -> 11400 | N3: Diskon 1 | O3: 0.03
A4: PO-003 | B4: Minyak Goreng | C4: UD Sumber Pangan | D4: 20 | E4: =VLOOKUP(B4,Acuan!$A$2:$E$7,2,FALSE()) -> Jerigen | F4: =VLOOKUP(B4,Acuan!$A$2:$E$7,3,FALSE()) -> 18 | G4: =D4*F4 -> 360 | H4: =VLOOKUP(B4,Acuan!$A$2:$E$7,5,FALSE()) -> 345000 | I4: =D4*H4 -> 6900000 | J4: =IF(I4>=$O$4,$O$5,IF(I4>=$O$2,$O$3,0)) -> 0 | K4: =ROUND(I4*(1-J4),0) -> 6900000 | L4: =ROUND(K4/G4,0) -> 19167 | N4: Batas diskon 2 | O4: 20000000 | P4: Subtotal sama dengan atau di atas batas ini mendapat Diskon 2
A5: PO-004 | B5: Susu Bubuk | C5: CV Karya Niaga | D5: 12 | E5: =VLOOKUP(B5,Acuan!$A$2:$E$7,2,FALSE()) -> Karung | F5: =VLOOKUP(B5,Acuan!$A$2:$E$7,3,FALSE()) -> 20 | G5: =D5*F5 -> 240 | H5: =VLOOKUP(B5,Acuan!$A$2:$E$7,5,FALSE()) -> 1180000 | I5: =D5*H5 -> 14160000 | J5: =IF(I5>=$O$4,$O$5,IF(I5>=$O$2,$O$3,0)) -> 0.03 | K5: =ROUND(I5*(1-J5),0) -> 13735200 | L5: =ROUND(K5/G5,0) -> 57230 | N5: Diskon 2 | O5: 0.06
A6: PO-005 | B6: Gula Pasir | C6: PT Tirta Boga | D6: 12 | E6: =VLOOKUP(B6,Acuan!$A$2:$E$7,2,FALSE()) -> Karung | F6: =VLOOKUP(B6,Acuan!$A$2:$E$7,3,FALSE()) -> 50 | G6: =D6*F6 -> 600 | H6: =VLOOKUP(B6,Acuan!$A$2:$E$7,5,FALSE()) -> 640000 | I6: =D6*H6 -> 7680000 | J6: =IF(I6>=$O$4,$O$5,IF(I6>=$O$2,$O$3,0)) -> 0 | K6: =ROUND(I6*(1-J6),0) -> 7680000 | L6: =ROUND(K6/G6,0) -> 12800
A7: PO-006 | B7: Cokelat Batang | C7: CV Karya Niaga | D7: 15 | E7: =VLOOKUP(B7,Acuan!$A$2:$E$7,2,FALSE()) -> Dus | F7: =VLOOKUP(B7,Acuan!$A$2:$E$7,3,FALSE()) -> 12 | G7: =D7*F7 -> 180 | H7: =VLOOKUP(B7,Acuan!$A$2:$E$7,5,FALSE()) -> 760000 | I7: =D7*H7 -> 11400000 | J7: =IF(I7>=$O$4,$O$5,IF(I7>=$O$2,$O$3,0)) -> 0.03 | K7: =ROUND(I7*(1-J7),0) -> 11058000 | L7: =ROUND(K7/G7,0) -> 61433
A8: PO-007 | B8: Mentega | C8: CV Karya Niaga | D8: 12 | E8: =VLOOKUP(B8,Acuan!$A$2:$E$7,2,FALSE()) -> Dus | F8: =VLOOKUP(B8,Acuan!$A$2:$E$7,3,FALSE()) -> 10 | G8: =D8*F8 -> 120 | H8: =VLOOKUP(B8,Acuan!$A$2:$E$7,5,FALSE()) -> 520000 | I8: =D8*H8 -> 6240000 | J8: =IF(I8>=$O$4,$O$5,IF(I8>=$O$2,$O$3,0)) -> 0 | K8: =ROUND(I8*(1-J8),0) -> 6240000 | L8: =ROUND(K8/G8,0) -> 52000
A9: PO-008 | B9: Gula Pasir | C9: CV Karya Niaga | D9: 20 | E9: =VLOOKUP(B9,Acuan!$A$2:$E$7,2,FALSE()) -> Karung | F9: =VLOOKUP(B9,Acuan!$A$2:$E$7,3,FALSE()) -> 50 | G9: =D9*F9 -> 1000 | H9: =VLOOKUP(B9,Acuan!$A$2:$E$7,5,FALSE()) -> 640000 | I9: =D9*H9 -> 12800000 | J9: =IF(I9>=$O$4,$O$5,IF(I9>=$O$2,$O$3,0)) -> 0.03 | K9: =ROUND(I9*(1-J9),0) -> 12416000 | L9: =ROUND(K9/G9,0) -> 12416
A10: PO-009 | B10: Tepung Terigu | C10: CV Agro Mulia | D10: 12 | E10: =VLOOKUP(B10,Acuan!$A$2:$E$7,2,FALSE()) -> Karung | F10: =VLOOKUP(B10,Acuan!$A$2:$E$7,3,FALSE()) -> 25 | G10: =D10*F10 -> 300 | H10: =VLOOKUP(B10,Acuan!$A$2:$E$7,5,FALSE()) -> 285000 | I10: =D10*H10 -> 3420000 | J10: =IF(I10>=$O$4,$O$5,IF(I10>=$O$2,$O$3,0)) -> 0 | K10: =ROUND(I10*(1-J10),0) -> 3420000 | L10: =ROUND(K10/G10,0) -> 11400
A11: PO-010 | B11: Minyak Goreng | C11: CV Agro Mulia | D11: 12 | E11: =VLOOKUP(B11,Acuan!$A$2:$E$7,2,FALSE()) -> Jerigen | F11: =VLOOKUP(B11,Acuan!$A$2:$E$7,3,FALSE()) -> 18 | G11: =D11*F11 -> 216 | H11: =VLOOKUP(B11,Acuan!$A$2:$E$7,5,FALSE()) -> 345000 | I11: =D11*H11 -> 4140000 | J11: =IF(I11>=$O$4,$O$5,IF(I11>=$O$2,$O$3,0)) -> 0 | K11: =ROUND(I11*(1-J11),0) -> 4140000 | L11: =ROUND(K11/G11,0) -> 19167
A12: PO-011 | B12: Minyak Goreng | C12: CV Agro Mulia | D12: 25 | E12: =VLOOKUP(B12,Acuan!$A$2:$E$7,2,FALSE()) -> Jerigen | F12: =VLOOKUP(B12,Acuan!$A$2:$E$7,3,FALSE()) -> 18 | G12: =D12*F12 -> 450 | H12: =VLOOKUP(B12,Acuan!$A$2:$E$7,5,FALSE()) -> 345000 | I12: =D12*H12 -> 8625000 | J12: =IF(I12>=$O$4,$O$5,IF(I12>=$O$2,$O$3,0)) -> 0.03 | K12: =ROUND(I12*(1-J12),0) -> 8366250 | L12: =ROUND(K12/G12,0) -> 18592
A13: PO-012 | B13: Tepung Terigu | C13: CV Agro Mulia | D13: 6 | E13: =VLOOKUP(B13,Acuan!$A$2:$E$7,2,FALSE()) -> Karung | F13: =VLOOKUP(B13,Acuan!$A$2:$E$7,3,FALSE()) -> 25 | G13: =D13*F13 -> 150 | H13: =VLOOKUP(B13,Acuan!$A$2:$E$7,5,FALSE()) -> 285000 | I13: =D13*H13 -> 1710000 | J13: =IF(I13>=$O$4,$O$5,IF(I13>=$O$2,$O$3,0)) -> 0 | K13: =ROUND(I13*(1-J13),0) -> 1710000 | L13: =ROUND(K13/G13,0) -> 11400
A14: PO-013 | B14: Gula Pasir | C14: PT Tirta Boga | D14: 4 | E14: =VLOOKUP(B14,Acuan!$A$2:$E$7,2,FALSE()) -> Karung | F14: =VLOOKUP(B14,Acuan!$A$2:$E$7,3,FALSE()) -> 50 | G14: =D14*F14 -> 200 | H14: =VLOOKUP(B14,Acuan!$A$2:$E$7,5,FALSE()) -> 640000 | I14: =D14*H14 -> 2560000 | J14: =IF(I14>=$O$4,$O$5,IF(I14>=$O$2,$O$3,0)) -> 0 | K14: =ROUND(I14*(1-J14),0) -> 2560000 | L14: =ROUND(K14/G14,0) -> 12800
A15: PO-014 | B15: Cokelat Batang | C15: CV Karya Niaga | D15: 25 | E15: =VLOOKUP(B15,Acuan!$A$2:$E$7,2,FALSE()) -> Dus | F15: =VLOOKUP(B15,Acuan!$A$2:$E$7,3,FALSE()) -> 12 | G15: =D15*F15 -> 300 | H15: =VLOOKUP(B15,Acuan!$A$2:$E$7,5,FALSE()) -> 760000 | I15: =D15*H15 -> 19000000 | J15: =IF(I15>=$O$4,$O$5,IF(I15>=$O$2,$O$3,0)) -> 0.03 | K15: =ROUND(I15*(1-J15),0) -> 18430000 | L15: =ROUND(K15/G15,0) -> 61433
A16: PO-015 | B16: Minyak Goreng | C16: PT Tirta Boga | D16: 8 | E16: =VLOOKUP(B16,Acuan!$A$2:$E$7,2,FALSE()) -> Jerigen | F16: =VLOOKUP(B16,Acuan!$A$2:$E$7,3,FALSE()) -> 18 | G16: =D16*F16 -> 144 | H16: =VLOOKUP(B16,Acuan!$A$2:$E$7,5,FALSE()) -> 345000 | I16: =D16*H16 -> 2760000 | J16: =IF(I16>=$O$4,$O$5,IF(I16>=$O$2,$O$3,0)) -> 0 | K16: =ROUND(I16*(1-J16),0) -> 2760000 | L16: =ROUND(K16/G16,0) -> 19167
A17: PO-016 | B17: Tepung Terigu | C17: PT Tirta Boga | D17: 12 | E17: =VLOOKUP(B17,Acuan!$A$2:$E$7,2,FALSE()) -> Karung | F17: =VLOOKUP(B17,Acuan!$A$2:$E$7,3,FALSE()) -> 25 | G17: =D17*F17 -> 300 | H17: =VLOOKUP(B17,Acuan!$A$2:$E$7,5,FALSE()) -> 285000 | I17: =D17*H17 -> 3420000 | J17: =IF(I17>=$O$4,$O$5,IF(I17>=$O$2,$O$3,0)) -> 0 | K17: =ROUND(I17*(1-J17),0) -> 3420000 | L17: =ROUND(K17/G17,0) -> 11400
... A31: PO-030 | B31: Minyak Goreng | C31: CV Agro Mulia | D31: 4 | E31: =VLOOKUP(B31,Acuan!$A$2:$E$7,2,FALSE()) -> Jerigen | F31: =VLOOKUP(B31,Acuan!$A$2:$E$7,3,FALSE()) -> 18 | G31: =D31*F31 -> 72 | H31: =VLOOKUP(B31,Acuan!$A$2:$E$7,5,FALSE()) -> 345000 | I31: =D31*H31 -> 1380000 | J31: =IF(I31>=$O$4,$O$5,IF(I31>=$O$2,$O$3,0)) -> 0 | K31: =ROUND(I31*(1-J31),0) -> 1380000 | L31: =ROUND(K31/G31,0) -> 19167

Sheet Acuan
A1: Bahan | B1: Satuan Beli | C1: Isi per Satuan | D1: Satuan Dasar | E1: Harga per Satuan Beli | F1: Jumlah PO | G1: Total Pembelian
A2: Tepung Terigu | B2: Karung | C2: 25 | D2: kg | E2: 285000 | F2: =COUNTIF(Data!$B$2:$B$31,A2) -> 5 | G2: =SUMIF(Data!$B$2:$B$31,A2,Data!$K$2:$K$31) -> 13110000
A3: Gula Pasir | B3: Karung | C3: 50 | D3: kg | E3: 640000 | F3: =COUNTIF(Data!$B$2:$B$31,A3) -> 5 | G3: =SUMIF(Data!$B$2:$B$31,A3,Data!$K$2:$K$31) -> 56032000
A4: Minyak Goreng | B4: Jerigen | C4: 18 | D4: liter | E4: 345000 | F4: =COUNTIF(Data!$B$2:$B$31,A4) -> 5 | G4: =SUMIF(Data!$B$2:$B$31,A4,Data!$K$2:$K$31) -> 23546250
A5: Mentega | B5: Dus | C5: 10 | D5: kg | E5: 520000 | F5: =COUNTIF(Data!$B$2:$B$31,A5) -> 5 | G5: =SUMIF(Data!$B$2:$B$31,A5,Data!$K$2:$K$31) -> 38298000
A6: Susu Bubuk | B6: Karung | C6: 20 | D6: kg | E6: 1180000 | F6: =COUNTIF(Data!$B$2:$B$31,A6) -> 5 | G6: =SUMIF(Data!$B$2:$B$31,A6,Data!$K$2:$K$31) -> 104005200
A7: Cokelat Batang | B7: Dus | C7: 12 | D7: kg | E7: 760000 | F7: =COUNTIF(Data!$B$2:$B$31,A7) -> 5 | G7: =SUMIF(Data!$B$2:$B$31,A7,Data!$K$2:$K$31) -> 78432000

Sheet Ringkasan
A1: Ringkasan: lembar jawaban soal berjenis ringkasan
A2: Sel hijau berisi rumus kunci.
A3: No | B3: Pertanyaan | C3: Jawaban | D3: Contoh format hasil
A4: 11a | B4: Total subtotal | C4: =SUM(Data!$I$2:$I$31) -> 325975000 | D4: Rupiah, mis. Rp 250.000.000
A5: 11b | B5: Total bayar | C5: =SUM(Data!$K$2:$K$31) -> 313423450 | D5: Rupiah, mis. Rp 240.000.000
A6: 11c | B6: Total diskon | C6: =C4-C5 -> 12551550 | D6: Rupiah, mis. Rp 10.000.000
A7: 12a | B7: Pesanan diskon 6 persen | C7: =COUNTIF(Data!$J$2:$J$31,Data!$O$5) -> 6 | D7: Angka bulat, mis. 7
A8: 12b | B8: Pesanan Gula Pasir diskon 3 persen | C8: =COUNTIFS(Data!$B$2:$B$31,"Gula Pasir",Data!$J$2:$J$31,Data!$O$3) -> 2 | D8: Angka bulat, mis. 3
A9: 13a | B9: Bahan dengan total pembelian terbesar | C9: =INDEX(Acuan!$A$2:$A$7,MATCH(MAX(Acuan!$G$2:$G$7),Acuan!$G$2:$G$7,0)) -> Susu Bubuk | D9: Teks: nama bahan
A10: 13b | B10: Pemasok pada kuantitas terbesar | C10: =INDEX(Data!$C$2:$C$31,MATCH(MAX(Data!$G$2:$G$31),Data!$G$2:$G$31,0)) -> UD Sumber Pangan | D10: Teks: nama pemasok
A11: 14a | B11: Total liter Minyak Goreng | C11: =SUMIF(Data!$B$2:$B$31,"Minyak Goreng",Data!$G$2:$G$31) -> 1242 | D11: Angka bulat, mis. 900
A12: 14b | B12: Total bayar ke CV Agro Mulia | C12: =SUMIF(Data!$C$2:$C$31,"CV Agro Mulia",Data!$K$2:$K$31) -> 59338250 | D12: Rupiah, mis. Rp 60.000.000
A13: 15a | B13: Rata-rata total bayar | C13: =AVERAGE(Data!$K$2:$K$31) -> 10447448 | D13: Rupiah, mis. Rp 8.000.000
A14: 15b | B14: Harga efektif tertinggi | C14: =MAX(Data!$L$2:$L$31) -> 63333 | D14: Rupiah, mis. Rp 70.000
