Workbook

Sheet Petunjuk
A1: Kunci Jawaban: Iuran Warga RT dan Rekap Tunggakan
A2: Latihan 57 dari 40 | Tingkat: Pemula | Perkiraan waktu: 35 menit | pushexcel.github.io/Pushexcel
A4: Skenario
A5: Kamu bendahara RT 05 Perumahan Griya Asri yang mencatat iuran warga untuk empat bulan, yaitu Juli sampai Oktober 2026. Ada 30 rumah. Iuran rumah berstatus Tetap Rp 50.000 per bulan dan Kontrak Rp 30.000 per bulan. Warga yang menunggak dikenai denda Rp 5.000 untuk setiap bulan tunggakan. Status warga: Lunas bila tidak ada tunggakan, Tunggakan Berat bila menunggak 3 bulan atau lebih, selain itu Tunggakan. Semua angka tetap ada di blok Parameter.
A7: Cara memakai kunci
A8: 1. | B8: Sel hijau berisi rumus kunci yang sudah dihitung. Klik sel untuk melihat rumusnya.
A9: 2. | B9: Kolom Rumus kunci di bawah menampilkan rumus untuk baris pertama atau tiap sel jawaban.
A10: 3. | B10: Rumus ditulis dengan titik koma (;). Ganti dengan koma (,) bila Excel kamu berbahasa Inggris.
A11: 4. | B11: Jawaban lain yang benar secara logika juga boleh, selama hasilnya sama.
A13: Arti warna
B14: Judul kolom data yang sudah diberikan
B15: Judul kolom hasil hitung
B16: Sel berisi rumus kunci
B17: Angka berwarna biru pada blok Parameter = nilai tetap yang boleh dirujuk
A19: Daftar soal
A20: No | B20: Soal | C20: Jawab di | D20: Rumus kunci
A21: 1 | B21: Tentukan iuran per bulan tiap rumah: Rp 50.000 untuk hunian Tetap dan Rp 30.000 untuk hunian Kontrak (ambil dari blok Parameter). | C21: Sheet Data, kolom H (Iuran per Bulan), baris 2 sampai 31 | D21: =IF(C2="Tetap";$P$2;$P$3)
A22: 2 | B22: Hitung berapa bulan yang berstatus Lunas pada empat kolom bulan (Juli sampai Oktober) untuk tiap rumah. | C22: Sheet Data, kolom I (Bulan Lunas), baris 2 sampai 31 | D22: =COUNTIF(D2:G2;"Lunas")
A23: 3 | B23: Hitung bulan tunggakan: jumlah bulan ditagih dikurangi bulan lunas. | C23: Sheet Data, kolom J (Bulan Tunggakan), baris 2 sampai 31 | D23: =$P$5-I2
A24: 4 | B24: Hitung total iuran yang sudah dibayar: bulan lunas dikali iuran per bulan. | C24: Sheet Data, kolom K (Total Dibayar), baris 2 sampai 31 | D24: =I2*H2
A25: 5 | B25: Hitung total tunggakan: bulan tunggakan dikali (iuran per bulan ditambah denda per bulan tunggakan). | C25: Sheet Data, kolom L (Total Tunggakan), baris 2 sampai 31 | D25: =J2*(H2+$P$4)
A26: 6 | B26: Beri status: Lunas bila bulan tunggakan 0, Tunggakan Berat bila sama dengan atau lebih dari batas tunggakan berat, selain itu Tunggakan. | C26: Sheet Data, kolom M (Status Warga), baris 2 sampai 31 | D26: =IF(J2=0;"Lunas";IF(J2>=$P$6;"Tunggakan Berat";"Tunggakan"))
A27: 7 | B27: Pada sheet Acuan, hitung jumlah rumah untuk tiap jenis hunian. | C27: Sheet Acuan, kolom B (Jumlah Rumah), baris 2 sampai 3 | D27: =COUNTIF(Data!$C$2:$C$31;A2)
A28: 8 | B28: Pada sheet Acuan, hitung total iuran yang sudah terkumpul dari tiap jenis hunian. | C28: Sheet Acuan, kolom C (Iuran Terkumpul), baris 2 sampai 3 | D28: =SUMIF(Data!$C$2:$C$31;A2;Data!$K$2:$K$31)
A29: 9 | B29: Berapa total iuran yang terkumpul pada bulan Juli, Agustus, September, dan Oktober? Jumlahkan iuran per bulan hanya untuk rumah yang berstatus Lunas pada bulan itu. | C29: Sheet Ringkasan, sel C4 sampai C7 | D29: =SUMIF(Data!$D$2:$D$31;"Lunas";Data!$H$2:$H$31) =SUMIF(Data!$E$2:$E$31;"Lunas";Data!$H$2:$H$31) =SUMIF(Data!$F$2:$F$31;"Lunas";Data!$H$2:$H$31) =SUMIF(Data!$G$2:$G$31;"Lunas";Data!$H$2:$H$31)
A30: 10 | B30: Berapa rumah yang berstatus Lunas, dan berapa yang Tunggakan Berat? | C30: Sheet Ringkasan, sel C8 sampai C9 | D30: =COUNTIF(Data!$M$2:$M$31;"Lunas") =COUNTIF(Data!$M$2:$M$31;"Tunggakan Berat")
A31: 11 | B31: Berapa total tunggakan seluruh warga, dan siapa kepala keluarga dengan total tunggakan terbesar? | C31: Sheet Ringkasan, sel C10 sampai C11 | D31: =SUM(Data!$L$2:$L$31) =INDEX(Data!$B$2:$B$31;MATCH(MAX(Data!$L$2:$L$31);Data!$L$2:$L$31;0))

Sheet Data
A1: No Rumah | B1: Nama Kepala Keluarga | C1: Jenis Hunian | D1: Juli | E1: Agustus | F1: September | G1: Oktober | H1: Iuran per Bulan | I1: Bulan Lunas | J1: Bulan Tunggakan | K1: Total Dibayar | L1: Total Tunggakan | M1: Status Warga | O1: Parameter | P1: Nilai | Q1: Keterangan
A2: A-01 | B2: Hesti Utomo | C2: Kontrak | D2: Lunas | E2: Lunas | F2: Lunas | G2: Lunas | H2: =IF(C2="Tetap",$P$2,$P$3) -> 30000 | I2: =COUNTIF(D2:G2,"Lunas") -> 4 | J2: =$P$5-I2 -> 0 | K2: =I2*H2 -> 120000 | L2: =J2*(H2+$P$4) -> 0 | M2: =IF(J2=0,"Lunas",IF(J2>=$P$6,"Tunggakan Berat","Tunggakan")) -> Lunas | O2: Iuran hunian Tetap | P2: 50000
A3: A-02 | B3: Ayu Amalia | C3: Kontrak | D3: Lunas | E3: Lunas | F3: Lunas | G3: Lunas | H3: =IF(C3="Tetap",$P$2,$P$3) -> 30000 | I3: =COUNTIF(D3:G3,"Lunas") -> 4 | J3: =$P$5-I3 -> 0 | K3: =I3*H3 -> 120000 | L3: =J3*(H3+$P$4) -> 0 | M3: =IF(J3=0,"Lunas",IF(J3>=$P$6,"Tunggakan Berat","Tunggakan")) -> Lunas | O3: Iuran hunian Kontrak | P3: 30000
A4: A-03 | B4: Siti Setiawan | C4: Tetap | D4: Lunas | E4: Lunas | F4: Belum | G4: Belum | H4: =IF(C4="Tetap",$P$2,$P$3) -> 50000 | I4: =COUNTIF(D4:G4,"Lunas") -> 2 | J4: =$P$5-I4 -> 2 | K4: =I4*H4 -> 100000 | L4: =J4*(H4+$P$4) -> 110000 | M4: =IF(J4=0,"Lunas",IF(J4>=$P$6,"Tunggakan Berat","Tunggakan")) -> Tunggakan | O4: Denda per bulan tunggakan | P4: 5000
A5: A-04 | B5: Dian Handayani | C5: Kontrak | D5: Lunas | E5: Lunas | F5: Lunas | G5: Belum | H5: =IF(C5="Tetap",$P$2,$P$3) -> 30000 | I5: =COUNTIF(D5:G5,"Lunas") -> 3 | J5: =$P$5-I5 -> 1 | K5: =I5*H5 -> 90000 | L5: =J5*(H5+$P$4) -> 35000 | M5: =IF(J5=0,"Lunas",IF(J5>=$P$6,"Tunggakan Berat","Tunggakan")) -> Tunggakan | O5: Jumlah bulan ditagih | P5: 4
A6: A-05 | B6: Utami Hidayat | C6: Tetap | D6: Belum | E6: Lunas | F6: Lunas | G6: Lunas | H6: =IF(C6="Tetap",$P$2,$P$3) -> 50000 | I6: =COUNTIF(D6:G6,"Lunas") -> 3 | J6: =$P$5-I6 -> 1 | K6: =I6*H6 -> 150000 | L6: =J6*(H6+$P$4) -> 55000 | M6: =IF(J6=0,"Lunas",IF(J6>=$P$6,"Tunggakan Berat","Tunggakan")) -> Tunggakan | O6: Batas tunggakan berat | P6: 3 | Q6: Bulan tunggakan sama dengan atau lebih dari angka ini
A7: A-06 | B7: Rizki Lestari | C7: Tetap | D7: Lunas | E7: Lunas | F7: Belum | G7: Belum | H7: =IF(C7="Tetap",$P$2,$P$3) -> 50000 | I7: =COUNTIF(D7:G7,"Lunas") -> 2 | J7: =$P$5-I7 -> 2 | K7: =I7*H7 -> 100000 | L7: =J7*(H7+$P$4) -> 110000 | M7: =IF(J7=0,"Lunas",IF(J7>=$P$6,"Tunggakan Berat","Tunggakan")) -> Tunggakan
A8: A-07 | B8: Agus Maharani | C8: Kontrak | D8: Lunas | E8: Lunas | F8: Lunas | G8: Lunas | H8: =IF(C8="Tetap",$P$2,$P$3) -> 30000 | I8: =COUNTIF(D8:G8,"Lunas") -> 4 | J8: =$P$5-I8 -> 0 | K8: =I8*H8 -> 120000 | L8: =J8*(H8+$P$4) -> 0 | M8: =IF(J8=0,"Lunas",IF(J8>=$P$6,"Tunggakan Berat","Tunggakan")) -> Lunas
A9: A-08 | B9: Mulyadi Lestari | C9: Tetap | D9: Lunas | E9: Lunas | F9: Lunas | G9: Belum | H9: =IF(C9="Tetap",$P$2,$P$3) -> 50000 | I9: =COUNTIF(D9:G9,"Lunas") -> 3 | J9: =$P$5-I9 -> 1 | K9: =I9*H9 -> 150000 | L9: =J9*(H9+$P$4) -> 55000 | M9: =IF(J9=0,"Lunas",IF(J9>=$P$6,"Tunggakan Berat","Tunggakan")) -> Tunggakan
A10: A-09 | B10: Vivi Utomo | C10: Tetap | D10: Belum | E10: Belum | F10: Lunas | G10: Belum | H10: =IF(C10="Tetap",$P$2,$P$3) -> 50000 | I10: =COUNTIF(D10:G10,"Lunas") -> 1 | J10: =$P$5-I10 -> 3 | K10: =I10*H10 -> 50000 | L10: =J10*(H10+$P$4) -> 165000 | M10: =IF(J10=0,"Lunas",IF(J10>=$P$6,"Tunggakan Berat","Tunggakan")) -> Tunggakan Berat
A11: A-10 | B11: Yoga Rahayu | C11: Tetap | D11: Lunas | E11: Lunas | F11: Belum | G11: Belum | H11: =IF(C11="Tetap",$P$2,$P$3) -> 50000 | I11: =COUNTIF(D11:G11,"Lunas") -> 2 | J11: =$P$5-I11 -> 2 | K11: =I11*H11 -> 100000 | L11: =J11*(H11+$P$4) -> 110000 | M11: =IF(J11=0,"Lunas",IF(J11>=$P$6,"Tunggakan Berat","Tunggakan")) -> Tunggakan
A12: B-01 | B12: Oki Saputra | C12: Kontrak | D12: Belum | E12: Belum | F12: Belum | G12: Belum | H12: =IF(C12="Tetap",$P$2,$P$3) -> 30000 | I12: =COUNTIF(D12:G12,"Lunas") -> 0 | J12: =$P$5-I12 -> 4 | K12: =I12*H12 -> 0 | L12: =J12*(H12+$P$4) -> 140000 | M12: =IF(J12=0,"Lunas",IF(J12>=$P$6,"Tunggakan Berat","Tunggakan")) -> Tunggakan Berat
A13: B-02 | B13: Tono Hidayat | C13: Tetap | D13: Lunas | E13: Lunas | F13: Lunas | G13: Lunas | H13: =IF(C13="Tetap",$P$2,$P$3) -> 50000 | I13: =COUNTIF(D13:G13,"Lunas") -> 4 | J13: =$P$5-I13 -> 0 | K13: =I13*H13 -> 200000 | L13: =J13*(H13+$P$4) -> 0 | M13: =IF(J13=0,"Lunas",IF(J13>=$P$6,"Tunggakan Berat","Tunggakan")) -> Lunas
A14: B-03 | B14: Gita Yulianto | C14: Kontrak | D14: Belum | E14: Belum | F14: Lunas | G14: Lunas | H14: =IF(C14="Tetap",$P$2,$P$3) -> 30000 | I14: =COUNTIF(D14:G14,"Lunas") -> 2 | J14: =$P$5-I14 -> 2 | K14: =I14*H14 -> 60000 | L14: =J14*(H14+$P$4) -> 70000 | M14: =IF(J14=0,"Lunas",IF(J14>=$P$6,"Tunggakan Berat","Tunggakan")) -> Tunggakan
A15: B-04 | B15: Bayu Hidayat | C15: Kontrak | D15: Lunas | E15: Lunas | F15: Lunas | G15: Belum | H15: =IF(C15="Tetap",$P$2,$P$3) -> 30000 | I15: =COUNTIF(D15:G15,"Lunas") -> 3 | J15: =$P$5-I15 -> 1 | K15: =I15*H15 -> 90000 | L15: =J15*(H15+$P$4) -> 35000 | M15: =IF(J15=0,"Lunas",IF(J15>=$P$6,"Tunggakan Berat","Tunggakan")) -> Tunggakan
A16: B-05 | B16: Tono Maharani | C16: Kontrak | D16: Belum | E16: Lunas | F16: Lunas | G16: Belum | H16: =IF(C16="Tetap",$P$2,$P$3) -> 30000 | I16: =COUNTIF(D16:G16,"Lunas") -> 2 | J16: =$P$5-I16 -> 2 | K16: =I16*H16 -> 60000 | L16: =J16*(H16+$P$4) -> 70000 | M16: =IF(J16=0,"Lunas",IF(J16>=$P$6,"Tunggakan Berat","Tunggakan")) -> Tunggakan
A17: B-06 | B17: Zainal Santoso | C17: Kontrak | D17: Lunas | E17: Lunas | F17: Lunas | G17: Belum | H17: =IF(C17="Tetap",$P$2,$P$3) -> 30000 | I17: =COUNTIF(D17:G17,"Lunas") -> 3 | J17: =$P$5-I17 -> 1 | K17: =I17*H17 -> 90000 | L17: =J17*(H17+$P$4) -> 35000 | M17: =IF(J17=0,"Lunas",IF(J17>=$P$6,"Tunggakan Berat","Tunggakan")) -> Tunggakan
A18: B-07 | B18: Rizki Ramadhan | C18: Kontrak | D18: Lunas | E18: Lunas | F18: Lunas | G18: Lunas | H18: =IF(C18="Tetap",$P$2,$P$3) -> 30000 | I18: =COUNTIF(D18:G18,"Lunas") -> 4 | J18: =$P$5-I18 -> 0 | K18: =I18*H18 -> 120000 | L18: =J18*(H18+$P$4) -> 0 | M18: =IF(J18=0,"Lunas",IF(J18>=$P$6,"Tunggakan Berat","Tunggakan")) -> Lunas
... A31: C-10 | B31: Dewi Fauzi | C31: Tetap | D31: Lunas | E31: Lunas | F31: Belum | G31: Belum | H31: =IF(C31="Tetap",$P$2,$P$3) -> 50000 | I31: =COUNTIF(D31:G31,"Lunas") -> 2 | J31: =$P$5-I31 -> 2 | K31: =I31*H31 -> 100000 | L31: =J31*(H31+$P$4) -> 110000 | M31: =IF(J31=0,"Lunas",IF(J31>=$P$6,"Tunggakan Berat","Tunggakan")) -> Tunggakan

Sheet Acuan
A1: Jenis Hunian | B1: Jumlah Rumah | C1: Iuran Terkumpul
A2: Tetap | B2: =COUNTIF(Data!$C$2:$C$31,A2) -> 17 | C2: =SUMIF(Data!$C$2:$C$31,A2,Data!$K$2:$K$31) -> 1750000
A3: Kontrak | B3: =COUNTIF(Data!$C$2:$C$31,A3) -> 13 | C3: =SUMIF(Data!$C$2:$C$31,A3,Data!$K$2:$K$31) -> 1170000

Sheet Ringkasan
A1: Ringkasan: lembar jawaban soal berjenis ringkasan
A2: Sel hijau berisi rumus kunci.
A3: No | B3: Pertanyaan | C3: Jawaban | D3: Contoh format hasil
A4: 9a | B4: Terkumpul bulan Juli | C4: =SUMIF(Data!$D$2:$D$31,"Lunas",Data!$H$2:$H$31) -> 920000 | D4: Rupiah, mis. Rp 900.000
A5: 9b | B5: Terkumpul bulan Agustus | C5: =SUMIF(Data!$E$2:$E$31,"Lunas",Data!$H$2:$H$31) -> 930000 | D5: Rupiah, mis. Rp 900.000
A6: 9c | B6: Terkumpul bulan September | C6: =SUMIF(Data!$F$2:$F$31,"Lunas",Data!$H$2:$H$31) -> 760000 | D6: Rupiah, mis. Rp 900.000
A7: 9d | B7: Terkumpul bulan Oktober | C7: =SUMIF(Data!$G$2:$G$31,"Lunas",Data!$H$2:$H$31) -> 310000 | D7: Rupiah, mis. Rp 900.000
A8: 10a | B8: Rumah Lunas | C8: =COUNTIF(Data!$M$2:$M$31,"Lunas") -> 6 | D8: Angka bulat, mis. 10
A9: 10b | B9: Rumah Tunggakan Berat | C9: =COUNTIF(Data!$M$2:$M$31,"Tunggakan Berat") -> 6 | D9: Angka bulat, mis. 5
A10: 11a | B10: Total tunggakan seluruh warga | C10: =SUM(Data!$L$2:$L$31) -> 2270000 | D10: Rupiah, mis. Rp 1.200.000
A11: 11b | B11: Kepala keluarga dengan tunggakan terbesar | C11: =INDEX(Data!$B$2:$B$31,MATCH(MAX(Data!$L$2:$L$31),Data!$L$2:$L$31,0)) -> Zainal Rahayu | D11: Teks: nama kepala keluarga
