Workbook

Sheet Petunjuk
A1: Kunci Jawaban: Pembersihan Data Kontak Pelanggan
A2: Latihan 12 dari 104 | Tingkat: Menengah | Perkiraan waktu: 50 menit | pushexcel.github.io/Pushexcel
A4: Skenario
A5: Kamu staf layanan pelanggan di Toko Online Nusa. Daftar 30 kontak hasil impor dari beberapa sumber sangat berantakan: huruf besar kecil acak, spasi berlebih, format nomor telepon beragam, dan ada kontak yang terdaftar dua kali. Sebelum dipakai untuk kampanye pesan, kamu harus merapikan semuanya dengan rumus.
A7: Cara memakai kunci
A8: 1. | B8: Sel hijau berisi rumus kunci yang sudah dihitung. Klik sel untuk melihat rumusnya.
A9: 2. | B9: Kolom Rumus kunci di bawah menampilkan rumus untuk baris pertama atau tiap sel jawaban.
A10: 3. | B10: Rumus ditulis dengan titik koma (;). Ganti dengan koma (,) bila Excel kamu berbahasa Inggris.
A11: 4. | B11: Jawaban lain yang benar secara logika juga boleh, selama hasilnya sama.
A13: Arti warna
B14: Judul kolom data yang sudah diberikan
B15: Judul kolom hasil hitung
B16: Sel berisi rumus kunci
B17: Angka berwarna biru pada blok Parameter = nilai tetap yang boleh dirujuk
A19: Daftar soal
A20: No | B20: Soal | C20: Jawab di | D20: Rumus kunci
A21: 1 | B21: Rapikan nama: hapus spasi berlebih, lalu huruf pertama tiap kata kapital dan sisanya kecil. | C21: Sheet Data, kolom E (Nama Rapi), baris 2 sampai 31 | D21: =PROPER(TRIM(B2))
A22: 2 | B22: Ambil nama depan dari Nama Rapi (semua teks sebelum spasi pertama). | C22: Sheet Data, kolom F (Nama Depan), baris 2 sampai 31 | D22: =LEFT(E2;FIND(" ";E2)-1)
A23: 3 | B23: Rapikan email: hapus spasi di awal atau akhir dan ubah semuanya menjadi huruf kecil. | C23: Sheet Data, kolom G (Email Rapi), baris 2 sampai 31 | D23: =LOWER(TRIM(D2))
A24: 4 | B24: Ambil domain email, yaitu teks setelah tanda @. | C24: Sheet Data, kolom H (Domain Email), baris 2 sampai 31 | D24: =MID(G2;FIND("@";G2)+1;50)
A25: 5 | B25: Hapus tanda hubung dan spasi dari nomor telepon mentah. | C25: Sheet Data, kolom I (Telepon Tanpa Tanda), baris 2 sampai 31 | D25: =SUBSTITUTE(SUBSTITUTE(C2;"-";"");" ";"")
A26: 6 | B26: Seragamkan awalan: bila nomor diawali +62, ganti +62 dengan 0. Nomor yang sudah diawali 0 tidak diubah. | C26: Sheet Data, kolom J (Telepon Standar (08...)), baris 2 sampai 31 | D26: =IF(LEFT(I2;3)="+62";"0"&MID(I2;4;20);I2)
A27: 7 | B27: Cari operator dari tiga digit setelah angka 0 di depan nomor standar, memakai tabel di sheet Acuan. | C27: Sheet Data, kolom K (Operator), baris 2 sampai 31 | D27: =VLOOKUP(VALUE(MID(J2;2;3));Acuan!$A$2:$B$13;2;FALSE)
A28: 8 | B28: Tandai Duplikat bila email rapi itu muncul lebih dari satu kali, selain itu Unik. | C28: Sheet Data, kolom L (Status Email), baris 2 sampai 31 | D28: =IF(COUNTIF($G$2:$G$31;G2)>1;"Duplikat";"Unik")
A29: 9 | B29: Berapa baris yang berstatus Duplikat? | C29: Sheet Ringkasan, sel C4 | D29: =COUNTIF(Data!$L$2:$L$31;"Duplikat")
A30: 10 | B30: Berapa jumlah kontak unik (setiap email dihitung satu kali)? | C30: Sheet Ringkasan, sel C5 | D30: =SUMPRODUCT(1/COUNTIF(Data!$G$2:$G$31;Data!$G$2:$G$31))
A31: 11 | B31: Berapa kontak yang memakai domain gmail.com? | C31: Sheet Ringkasan, sel C6 | D31: =COUNTIF(Data!$H$2:$H$31;"gmail.com")
A32: 12 | B32: Berapa kontak untuk tiap operator: Telkomsel, Indosat, XL, Smartfren, dan Tri? Jumlah kelimanya harus 30. | C32: Sheet Ringkasan, sel C7 sampai C11 | D32: =COUNTIF(Data!$K$2:$K$31;"Telkomsel") =COUNTIF(Data!$K$2:$K$31;"Indosat") =COUNTIF(Data!$K$2:$K$31;"XL") =COUNTIF(Data!$K$2:$K$31;"Smartfren") =COUNTIF(Data!$K$2:$K$31;"Tri")

Sheet Data
A1: No | B1: Nama (mentah) | C1: Telepon (mentah) | D1: Email (mentah) | E1: Nama Rapi | F1: Nama Depan | G1: Email Rapi | H1: Domain Email | I1: Telepon Tanpa Tanda | J1: Telepon Standar (08...) | K1: Operator | L1: Status Email
A2: 1 | B2: ayu nugroho | C2: +62 895-1213-3264 | D2: ayu.nugroho@cvbintang.com | E2: =PROPER(TRIM(B2)) -> Ayu Nugroho | F2: =LEFT(E2,FIND(" ",E2)-1) -> Ayu | G2: =LOWER(TRIM(D2)) -> ayu.nugroho@cvbintang.com | H2: =MID(G2,FIND("@",G2)+1,50) -> cvbintang.com | I2: =SUBSTITUTE(SUBSTITUTE(C2,"-","")," ","") -> +6289512133264 | J2: =IF(LEFT(I2,3)="+62","0"&MID(I2,4,20),I2) -> 089512133264 | K2: =VLOOKUP(VALUE(MID(J2,2,3)),Acuan!$A$2:$B$13,2,FALSE()) -> Tri | L2: =IF(COUNTIF($G$2:$G$31,G2)>1,"Duplikat","Unik") -> Unik
A3: 2 | B3: anwar hidayat | C3: 0811-1942-5144 | D3: anwar.hidayat@gmail.com | E3: =PROPER(TRIM(B3)) -> Anwar Hidayat | F3: =LEFT(E3,FIND(" ",E3)-1) -> Anwar | G3: =LOWER(TRIM(D3)) -> anwar.hidayat@gmail.com | H3: =MID(G3,FIND("@",G3)+1,50) -> gmail.com | I3: =SUBSTITUTE(SUBSTITUTE(C3,"-","")," ","") -> 081119425144 | J3: =IF(LEFT(I3,3)="+62","0"&MID(I3,4,20),I3) -> 081119425144 | K3: =VLOOKUP(VALUE(MID(J3,2,3)),Acuan!$A$2:$B$13,2,FALSE()) -> Telkomsel | L3: =IF(COUNTIF($G$2:$G$31,G3)>1,"Duplikat","Unik") -> Unik
A4: 3 | B4: arif rahayu | C4: +62818 1919 7863 | D4: arif.rahayu@ptmajujaya.co.id | E4: =PROPER(TRIM(B4)) -> Arif Rahayu | F4: =LEFT(E4,FIND(" ",E4)-1) -> Arif | G4: =LOWER(TRIM(D4)) -> arif.rahayu@ptmajujaya.co.id | H4: =MID(G4,FIND("@",G4)+1,50) -> ptmajujaya.co.id | I4: =SUBSTITUTE(SUBSTITUTE(C4,"-","")," ","") -> +6281819197863 | J4: =IF(LEFT(I4,3)="+62","0"&MID(I4,4,20),I4) -> 081819197863 | K4: =VLOOKUP(VALUE(MID(J4,2,3)),Acuan!$A$2:$B$13,2,FALSE()) -> XL | L4: =IF(COUNTIF($G$2:$G$31,G4)>1,"Duplikat","Unik") -> Unik
A5: 4 | B5: taufik anggraini | C5: 0896-9183-9455 | D5: TAUFIK.ANGGRAINI@GMAIL.COM | E5: =PROPER(TRIM(B5)) -> Taufik Anggraini | F5: =LEFT(E5,FIND(" ",E5)-1) -> Taufik | G5: =LOWER(TRIM(D5)) -> taufik.anggraini@gmail.com | H5: =MID(G5,FIND("@",G5)+1,50) -> gmail.com | I5: =SUBSTITUTE(SUBSTITUTE(C5,"-","")," ","") -> 089691839455 | J5: =IF(LEFT(I5,3)="+62","0"&MID(I5,4,20),I5) -> 089691839455 | K5: =VLOOKUP(VALUE(MID(J5,2,3)),Acuan!$A$2:$B$13,2,FALSE()) -> Tri | L5: =IF(COUNTIF($G$2:$G$31,G5)>1,"Duplikat","Unik") -> Duplikat
A6: 5 | B6: Agus Setiawan | C6: +62 813-3346-9672 | D6: Agus.Setiawan@gmail.com | E6: =PROPER(TRIM(B6)) -> Agus Setiawan | F6: =LEFT(E6,FIND(" ",E6)-1) -> Agus | G6: =LOWER(TRIM(D6)) -> agus.setiawan@gmail.com | H6: =MID(G6,FIND("@",G6)+1,50) -> gmail.com | I6: =SUBSTITUTE(SUBSTITUTE(C6,"-","")," ","") -> +6281333469672 | J6: =IF(LEFT(I6,3)="+62","0"&MID(I6,4,20),I6) -> 081333469672 | K6: =VLOOKUP(VALUE(MID(J6,2,3)),Acuan!$A$2:$B$13,2,FALSE()) -> Telkomsel | L6: =IF(COUNTIF($G$2:$G$31,G6)>1,"Duplikat","Unik") -> Unik
A7: 6 | B7: fitri utomo | C7: 0816-2585-5298 | D7: fitri.utomo@yahoo.co.id | E7: =PROPER(TRIM(B7)) -> Fitri Utomo | F7: =LEFT(E7,FIND(" ",E7)-1) -> Fitri | G7: =LOWER(TRIM(D7)) -> fitri.utomo@yahoo.co.id | H7: =MID(G7,FIND("@",G7)+1,50) -> yahoo.co.id | I7: =SUBSTITUTE(SUBSTITUTE(C7,"-","")," ","") -> 081625855298 | J7: =IF(LEFT(I7,3)="+62","0"&MID(I7,4,20),I7) -> 081625855298 | K7: =VLOOKUP(VALUE(MID(J7,2,3)),Acuan!$A$2:$B$13,2,FALSE()) -> Indosat | L7: =IF(COUNTIF($G$2:$G$31,G7)>1,"Duplikat","Unik") -> Unik
A8: 7 | B8: LIA RAHAYU | C8: +62 881-2129-4229 | D8: lia.rahayu@cvbintang.com | E8: =PROPER(TRIM(B8)) -> Lia Rahayu | F8: =LEFT(E8,FIND(" ",E8)-1) -> Lia | G8: =LOWER(TRIM(D8)) -> lia.rahayu@cvbintang.com | H8: =MID(G8,FIND("@",G8)+1,50) -> cvbintang.com | I8: =SUBSTITUTE(SUBSTITUTE(C8,"-","")," ","") -> +6288121294229 | J8: =IF(LEFT(I8,3)="+62","0"&MID(I8,4,20),I8) -> 088121294229 | K8: =VLOOKUP(VALUE(MID(J8,2,3)),Acuan!$A$2:$B$13,2,FALSE()) -> Smartfren | L8: =IF(COUNTIF($G$2:$G$31,G8)>1,"Duplikat","Unik") -> Duplikat
A9: 8 | B9: ahmad santoso | C9: +62 817-6435-9449 | D9: Ahmad.Santoso@cvbintang.com | E9: =PROPER(TRIM(B9)) -> Ahmad Santoso | F9: =LEFT(E9,FIND(" ",E9)-1) -> Ahmad | G9: =LOWER(TRIM(D9)) -> ahmad.santoso@cvbintang.com | H9: =MID(G9,FIND("@",G9)+1,50) -> cvbintang.com | I9: =SUBSTITUTE(SUBSTITUTE(C9,"-","")," ","") -> +6281764359449 | J9: =IF(LEFT(I9,3)="+62","0"&MID(I9,4,20),I9) -> 081764359449 | K9: =VLOOKUP(VALUE(MID(J9,2,3)),Acuan!$A$2:$B$13,2,FALSE()) -> XL | L9: =IF(COUNTIF($G$2:$G$31,G9)>1,"Duplikat","Unik") -> Unik
A10: 9 | B10: joko handayani | C10: 0811-4888-4645 | D10: JOKO.HANDAYANI@GMAIL.COM | E10: =PROPER(TRIM(B10)) -> Joko Handayani | F10: =LEFT(E10,FIND(" ",E10)-1) -> Joko | G10: =LOWER(TRIM(D10)) -> joko.handayani@gmail.com | H10: =MID(G10,FIND("@",G10)+1,50) -> gmail.com | I10: =SUBSTITUTE(SUBSTITUTE(C10,"-","")," ","") -> 081148884645 | J10: =IF(LEFT(I10,3)="+62","0"&MID(I10,4,20),I10) -> 081148884645 | K10: =VLOOKUP(VALUE(MID(J10,2,3)),Acuan!$A$2:$B$13,2,FALSE()) -> Telkomsel | L10: =IF(COUNTIF($G$2:$G$31,G10)>1,"Duplikat","Unik") -> Unik
A11: 10 | B11: TAUFIK ANGGRAINI | C11: 0896-9183-9455 | D11: taufik.anggraini@gmail.com | E11: =PROPER(TRIM(B11)) -> Taufik Anggraini | F11: =LEFT(E11,FIND(" ",E11)-1) -> Taufik | G11: =LOWER(TRIM(D11)) -> taufik.anggraini@gmail.com | H11: =MID(G11,FIND("@",G11)+1,50) -> gmail.com | I11: =SUBSTITUTE(SUBSTITUTE(C11,"-","")," ","") -> 089691839455 | J11: =IF(LEFT(I11,3)="+62","0"&MID(I11,4,20),I11) -> 089691839455 | K11: =VLOOKUP(VALUE(MID(J11,2,3)),Acuan!$A$2:$B$13,2,FALSE()) -> Tri | L11: =IF(COUNTIF($G$2:$G$31,G11)>1,"Duplikat","Unik") -> Duplikat
A12: 11 | B12: nurul wijaya | C12: 0877-5589-3785 | D12: nurul.wijaya@gmail.com | E12: =PROPER(TRIM(B12)) -> Nurul Wijaya | F12: =LEFT(E12,FIND(" ",E12)-1) -> Nurul | G12: =LOWER(TRIM(D12)) -> nurul.wijaya@gmail.com | H12: =MID(G12,FIND("@",G12)+1,50) -> gmail.com | I12: =SUBSTITUTE(SUBSTITUTE(C12,"-","")," ","") -> 087755893785 | J12: =IF(LEFT(I12,3)="+62","0"&MID(I12,4,20),I12) -> 087755893785 | K12: =VLOOKUP(VALUE(MID(J12,2,3)),Acuan!$A$2:$B$13,2,FALSE()) -> XL | L12: =IF(COUNTIF($G$2:$G$31,G12)>1,"Duplikat","Unik") -> Unik
A13: 12 | B13: jamal saputra | C13: +62818 6834 2721 | D13: jamal.saputra@cvbintang.com | E13: =PROPER(TRIM(B13)) -> Jamal Saputra | F13: =LEFT(E13,FIND(" ",E13)-1) -> Jamal | G13: =LOWER(TRIM(D13)) -> jamal.saputra@cvbintang.com | H13: =MID(G13,FIND("@",G13)+1,50) -> cvbintang.com | I13: =SUBSTITUTE(SUBSTITUTE(C13,"-","")," ","") -> +6281868342721 | J13: =IF(LEFT(I13,3)="+62","0"&MID(I13,4,20),I13) -> 081868342721 | K13: =VLOOKUP(VALUE(MID(J13,2,3)),Acuan!$A$2:$B$13,2,FALSE()) -> XL | L13: =IF(COUNTIF($G$2:$G$31,G13)>1,"Duplikat","Unik") -> Duplikat
... A31: 30 | B31: dimas ramadhan | C31: +62895 9966 3784 | D31: DIMAS.RAMADHAN@GMAIL.COM | E31: =PROPER(TRIM(B31)) -> Dimas Ramadhan | F31: =LEFT(E31,FIND(" ",E31)-1) -> Dimas | G31: =LOWER(TRIM(D31)) -> dimas.ramadhan@gmail.com | H31: =MID(G31,FIND("@",G31)+1,50) -> gmail.com | I31: =SUBSTITUTE(SUBSTITUTE(C31,"-","")," ","") -> +6289599663784 | J31: =IF(LEFT(I31,3)="+62","0"&MID(I31,4,20),I31) -> 089599663784 | K31: =VLOOKUP(VALUE(MID(J31,2,3)),Acuan!$A$2:$B$13,2,FALSE()) -> Tri | L31: =IF(COUNTIF($G$2:$G$31,G31)>1,"Duplikat","Unik") -> Unik

Sheet Acuan
A1: Awalan (3 digit) | B1: Operator
A2: 811 | B2: Telkomsel
A3: 812 | B3: Telkomsel
A4: 813 | B4: Telkomsel
A5: 815 | B5: Indosat
A6: 816 | B6: Indosat
A7: 817 | B7: XL
A8: 818 | B8: XL
A9: 857 | B9: Indosat
A10: 877 | B10: XL
A11: 881 | B11: Smartfren
A12: 895 | B12: Tri
A13: 896 | B13: Tri

Sheet Ringkasan
A1: Ringkasan: lembar jawaban soal berjenis ringkasan
A2: Sel hijau berisi rumus kunci.
A3: No | B3: Pertanyaan | C3: Jawaban | D3: Contoh format hasil
A4: 9 | B4: Jumlah baris berstatus Duplikat | C4: =COUNTIF(Data!$L$2:$L$31,"Duplikat") -> 6 | D4: Angka bulat, mis. 6
A5: 10 | B5: Jumlah kontak unik | C5: =SUMPRODUCT(1/COUNTIF(Data!$G$2:$G$31,Data!$G$2:$G$31)) -> 27 | D5: Angka bulat, mis. 27
A6: 11 | B6: Jumlah kontak berdomain gmail.com | C6: =COUNTIF(Data!$H$2:$H$31,"gmail.com") -> 15 | D6: Angka bulat, mis. 14
A7: 12a | B7: Jumlah kontak operator Telkomsel | C7: =COUNTIF(Data!$K$2:$K$31,"Telkomsel") -> 7 | D7: Angka bulat, mis. 8
A8: 12b | B8: Jumlah kontak operator Indosat | C8: =COUNTIF(Data!$K$2:$K$31,"Indosat") -> 7 | D8: Angka bulat, mis. 8
A9: 12c | B9: Jumlah kontak operator XL | C9: =COUNTIF(Data!$K$2:$K$31,"XL") -> 8 | D9: Angka bulat, mis. 8
A10: 12d | B10: Jumlah kontak operator Smartfren | C10: =COUNTIF(Data!$K$2:$K$31,"Smartfren") -> 4 | D10: Angka bulat, mis. 8
A11: 12e | B11: Jumlah kontak operator Tri | C11: =COUNTIF(Data!$K$2:$K$31,"Tri") -> 4 | D11: Angka bulat, mis. 8
