Workbook

Sheet Petunjuk
A1: Kunci Jawaban: Anggaran Bulanan Rumah Tangga dan Status Hemat atau Boros
A2: Latihan 66 dari 40 | Tingkat: Pemula | Perkiraan waktu: 35 menit | pushexcel.github.io/Pushexcel
A4: Skenario
A5: Kamu relawan penyuluh keuangan keluarga di sebuah kelurahan fiktif. Kamu mencatat penghasilan dan pengeluaran bulanan 30 keluarga yang terbagi dalam lima kategori: makanan, transportasi, tagihan rumah, pendidikan, dan lain-lain. Persen pengeluaran adalah total pengeluaran dibagi penghasilan. Status Hemat bila persen pengeluaran sama dengan atau di bawah 70 persen, Wajar bila sama dengan atau di bawah 90 persen, selain itu Boros (kedua batas ada di blok Parameter). Sisa uang adalah penghasilan dikurangi total pengeluaran.
A7: Cara memakai kunci
A8: 1. | B8: Sel hijau berisi rumus kunci yang sudah dihitung. Klik sel untuk melihat rumusnya.
A9: 2. | B9: Kolom Rumus kunci di bawah menampilkan rumus untuk baris pertama atau tiap sel jawaban.
A10: 3. | B10: Rumus ditulis dengan titik koma (;). Ganti dengan koma (,) bila Excel kamu berbahasa Inggris.
A11: 4. | B11: Jawaban lain yang benar secara logika juga boleh, selama hasilnya sama.
A13: Arti warna
B14: Judul kolom data yang sudah diberikan
B15: Judul kolom hasil hitung
B16: Sel berisi rumus kunci
B17: Angka berwarna biru pada blok Parameter = nilai tetap yang boleh dirujuk
A19: Daftar soal
A20: No | B20: Soal | C20: Jawab di | D20: Rumus kunci
A21: 1 | B21: Hitung total pengeluaran tiap keluarga dari kelima kategori. | C21: Sheet Data, kolom I (Total Pengeluaran), baris 2 sampai 31 | D21: =SUM(D2;E2;F2;G2;H2)
A22: 2 | B22: Hitung persen pengeluaran: total pengeluaran dibagi penghasilan. | C22: Sheet Data, kolom J (Persen Pengeluaran), baris 2 sampai 31 | D22: =I2/C2
A23: 3 | B23: Hitung sisa uang: penghasilan dikurangi total pengeluaran. | C23: Sheet Data, kolom K (Sisa Uang), baris 2 sampai 31 | D23: =C2-I2
A24: 4 | B24: Beri status: Hemat bila persen pengeluaran sama dengan atau di bawah batas hemat, Wajar bila sama dengan atau di bawah batas wajar, selain itu Boros. | C24: Sheet Data, kolom L (Status Anggaran), baris 2 sampai 31 | D24: =IF(J2<=$O$2;"Hemat";IF(J2<=$O$3;"Wajar";"Boros"))
A25: 5 | B25: Pada sheet Acuan, hitung jumlah keluarga untuk tiap pekerjaan. | C25: Sheet Acuan, kolom B (Jumlah Keluarga), baris 2 sampai 5 | D25: =COUNTIF(Data!$B$2:$B$31;A2)
A26: 6 | B26: Pada sheet Acuan, hitung rata-rata penghasilan tiap pekerjaan. | C26: Sheet Acuan, kolom C (Rata-rata Penghasilan), baris 2 sampai 5 | D26: =AVERAGEIF(Data!$B$2:$B$31;A2;Data!$C$2:$C$31)
A27: 7 | B27: Pada sheet Acuan, hitung rata-rata persen pengeluaran tiap pekerjaan. | C27: Sheet Acuan, kolom D (Rata-rata Persen Pengeluaran), baris 2 sampai 5 | D27: =AVERAGEIF(Data!$B$2:$B$31;A2;Data!$J$2:$J$31)
A28: 8 | B28: Berapa total penghasilan dan total pengeluaran seluruh keluarga, dan berapa persen pengeluaran terhadap penghasilan secara keseluruhan? | C28: Sheet Ringkasan, sel C4 sampai C6 | D28: =SUM(Data!$C$2:$C$31) =SUM(Data!$I$2:$I$31) =C5/C4
A29: 9 | B29: Berapa keluarga yang berstatus Hemat, Wajar, dan Boros? | C29: Sheet Ringkasan, sel C7 sampai C9 | D29: =COUNTIF(Data!$L$2:$L$31;"Hemat") =COUNTIF(Data!$L$2:$L$31;"Wajar") =COUNTIF(Data!$L$2:$L$31;"Boros")
A30: 10 | B30: Siapa kepala keluarga dengan persen pengeluaran terbesar, dan pekerjaan apa yang rata-rata persen pengeluarannya terbesar? | C30: Sheet Ringkasan, sel C10 sampai C11 | D30: =INDEX(Data!$A$2:$A$31;MATCH(MAX(Data!$J$2:$J$31);Data!$J$2:$J$31;0)) =INDEX(Acuan!$A$2:$A$5;MATCH(MAX(Acuan!$D$2:$D$5);Acuan!$D$2:$D$5;0))
A31: 11 | B31: Berapa total pengeluaran makanan keluarga Petani, dan berapa keluarga Wiraswasta yang berstatus Hemat? | C31: Sheet Ringkasan, sel C12 sampai C13 | D31: =SUMIF(Data!$B$2:$B$31;"Petani";Data!$D$2:$D$31) =COUNTIFS(Data!$B$2:$B$31;"Wiraswasta";Data!$L$2:$L$31;"Hemat")

Sheet Data
A1: Kepala Keluarga | B1: Pekerjaan | C1: Penghasilan | D1: Makanan | E1: Transportasi | F1: Tagihan Rumah | G1: Pendidikan | H1: Lain-lain | I1: Total Pengeluaran | J1: Persen Pengeluaran | K1: Sisa Uang | L1: Status Anggaran | N1: Parameter | O1: Nilai | P1: Keterangan
A2: Siti Sari | B2: Karyawan Swasta | C2: 6500000 | D2: 2010000 | E2: 470000 | F2: 370000 | G2: 830000 | H2: 610000 | I2: =SUM(D2,E2,F2,G2,H2) -> 4290000 | J2: =I2/C2 -> 0.66 | K2: =C2-I2 -> 2210000 | L2: =IF(J2<=$O$2,"Hemat",IF(J2<=$O$3,"Wajar","Boros")) -> Hemat | N2: Batas hemat | O2: 0.7 | P2: Persen pengeluaran maksimal untuk status Hemat
A3: Agus Hidayat | B3: Wiraswasta | C3: 10000000 | D3: 2190000 | E3: 760000 | F3: 810000 | G3: 1170000 | H3: 1290000 | I3: =SUM(D3,E3,F3,G3,H3) -> 6220000 | J3: =I3/C3 -> 0.622 | K3: =C3-I3 -> 3780000 | L3: =IF(J3<=$O$2,"Hemat",IF(J3<=$O$3,"Wajar","Boros")) -> Hemat | N3: Batas wajar | O3: 0.9 | P3: Persen pengeluaran maksimal untuk status Wajar
A4: Agus Kusuma | B4: Guru | C4: 8000000 | D4: 2980000 | E4: 830000 | F4: 670000 | G4: 1130000 | H4: 720000 | I4: =SUM(D4,E4,F4,G4,H4) -> 6330000 | J4: =I4/C4 -> 0.79125 | K4: =C4-I4 -> 1670000 | L4: =IF(J4<=$O$2,"Hemat",IF(J4<=$O$3,"Wajar","Boros")) -> Wajar
A5: Kartika Yulianto | B5: Petani | C5: 4500000 | D5: 1580000 | E5: 350000 | F5: 460000 | G5: 670000 | H5: 790000 | I5: =SUM(D5,E5,F5,G5,H5) -> 3850000 | J5: =I5/C5 -> 0.85555556 | K5: =C5-I5 -> 650000 | L5: =IF(J5<=$O$2,"Hemat",IF(J5<=$O$3,"Wajar","Boros")) -> Wajar
A6: Tika Handayani | B6: Karyawan Swasta | C6: 7500000 | D6: 2270000 | E6: 400000 | F6: 580000 | G6: 850000 | H6: 540000 | I6: =SUM(D6,E6,F6,G6,H6) -> 4640000 | J6: =I6/C6 -> 0.61866667 | K6: =C6-I6 -> 2860000 | L6: =IF(J6<=$O$2,"Hemat",IF(J6<=$O$3,"Wajar","Boros")) -> Hemat
A7: Utami Syahputra | B7: Wiraswasta | C7: 12000000 | D7: 2590000 | E7: 980000 | F7: 840000 | G7: 1440000 | H7: 1720000 | I7: =SUM(D7,E7,F7,G7,H7) -> 7570000 | J7: =I7/C7 -> 0.63083333 | K7: =C7-I7 -> 4430000 | L7: =IF(J7<=$O$2,"Hemat",IF(J7<=$O$3,"Wajar","Boros")) -> Hemat
A8: Irfan Saputra | B8: Guru | C8: 5000000 | D8: 1980000 | E8: 560000 | F8: 350000 | G8: 620000 | H8: 940000 | I8: =SUM(D8,E8,F8,G8,H8) -> 4450000 | J8: =I8/C8 -> 0.89 | K8: =C8-I8 -> 550000 | L8: =IF(J8<=$O$2,"Hemat",IF(J8<=$O$3,"Wajar","Boros")) -> Wajar
A9: Rahmat Saputra | B9: Petani | C9: 4500000 | D9: 1600000 | E9: 540000 | F9: 380000 | G9: 790000 | H9: 970000 | I9: =SUM(D9,E9,F9,G9,H9) -> 4280000 | J9: =I9/C9 -> 0.95111111 | K9: =C9-I9 -> 220000 | L9: =IF(J9<=$O$2,"Hemat",IF(J9<=$O$3,"Wajar","Boros")) -> Boros
A10: Tono Anggraini | B10: Karyawan Swasta | C10: 6500000 | D10: 1870000 | E10: 610000 | F10: 700000 | G10: 760000 | H10: 1750000 | I10: =SUM(D10,E10,F10,G10,H10) -> 5690000 | J10: =I10/C10 -> 0.87538462 | K10: =C10-I10 -> 810000 | L10: =IF(J10<=$O$2,"Hemat",IF(J10<=$O$3,"Wajar","Boros")) -> Wajar
A11: Maman Kusuma | B11: Wiraswasta | C11: 8000000 | D11: 1580000 | E11: 630000 | F11: 390000 | G11: 660000 | H11: 1690000 | I11: =SUM(D11,E11,F11,G11,H11) -> 4950000 | J11: =I11/C11 -> 0.61875 | K11: =C11-I11 -> 3050000 | L11: =IF(J11<=$O$2,"Hemat",IF(J11<=$O$3,"Wajar","Boros")) -> Hemat
A12: Budi Putra | B12: Guru | C12: 8000000 | D12: 2300000 | E12: 660000 | F12: 800000 | G12: 860000 | H12: 2740000 | I12: =SUM(D12,E12,F12,G12,H12) -> 7360000 | J12: =I12/C12 -> 0.92 | K12: =C12-I12 -> 640000 | L12: =IF(J12<=$O$2,"Hemat",IF(J12<=$O$3,"Wajar","Boros")) -> Boros
A13: Rahmat Pangestu | B13: Petani | C13: 4500000 | D13: 1470000 | E13: 650000 | F13: 540000 | G13: 710000 | H13: 1020000 | I13: =SUM(D13,E13,F13,G13,H13) -> 4390000 | J13: =I13/C13 -> 0.97555556 | K13: =C13-I13 -> 110000 | L13: =IF(J13<=$O$2,"Hemat",IF(J13<=$O$3,"Wajar","Boros")) -> Boros
A14: Dewi Putra | B14: Karyawan Swasta | C14: 6500000 | D14: 1040000 | E14: 290000 | F14: 380000 | G14: 520000 | H14: 1110000 | I14: =SUM(D14,E14,F14,G14,H14) -> 3340000 | J14: =I14/C14 -> 0.51384615 | K14: =C14-I14 -> 3160000 | L14: =IF(J14<=$O$2,"Hemat",IF(J14<=$O$3,"Wajar","Boros")) -> Hemat
A15: Bambang Susanto | B15: Wiraswasta | C15: 8000000 | D15: 2240000 | E15: 610000 | F15: 380000 | G15: 870000 | H15: 1040000 | I15: =SUM(D15,E15,F15,G15,H15) -> 5140000 | J15: =I15/C15 -> 0.6425 | K15: =C15-I15 -> 2860000 | L15: =IF(J15<=$O$2,"Hemat",IF(J15<=$O$3,"Wajar","Boros")) -> Hemat
... A31: Edi Saputra | B31: Guru | C31: 8000000 | D31: 1180000 | E31: 450000 | F31: 480000 | G31: 780000 | H31: 1250000 | I31: =SUM(D31,E31,F31,G31,H31) -> 4140000 | J31: =I31/C31 -> 0.5175 | K31: =C31-I31 -> 3860000 | L31: =IF(J31<=$O$2,"Hemat",IF(J31<=$O$3,"Wajar","Boros")) -> Hemat

Sheet Acuan
A1: Pekerjaan | B1: Jumlah Keluarga | C1: Rata-rata Penghasilan | D1: Rata-rata Persen Pengeluaran
A2: Karyawan Swasta | B2: =COUNTIF(Data!$B$2:$B$31,A2) -> 7 | C2: =AVERAGEIF(Data!$B$2:$B$31,A2,Data!$C$2:$C$31) -> 6714285.7 | D2: =AVERAGEIF(Data!$B$2:$B$31,A2,Data!$J$2:$J$31) -> 0.67796581
A3: Wiraswasta | B3: =COUNTIF(Data!$B$2:$B$31,A3) -> 7 | C3: =AVERAGEIF(Data!$B$2:$B$31,A3,Data!$C$2:$C$31) -> 10285714 | D3: =AVERAGEIF(Data!$B$2:$B$31,A3,Data!$J$2:$J$31) -> 0.70546429
A4: Guru | B4: =COUNTIF(Data!$B$2:$B$31,A4) -> 9 | C4: =AVERAGEIF(Data!$B$2:$B$31,A4,Data!$C$2:$C$31) -> 6777777.8 | D4: =AVERAGEIF(Data!$B$2:$B$31,A4,Data!$J$2:$J$31) -> 0.79813889
A5: Petani | B5: =COUNTIF(Data!$B$2:$B$31,A5) -> 7 | C5: =AVERAGEIF(Data!$B$2:$B$31,A5,Data!$C$2:$C$31) -> 3928571.4 | D5: =AVERAGEIF(Data!$B$2:$B$31,A5,Data!$J$2:$J$31) -> 0.87176871

Sheet Ringkasan
A1: Ringkasan: lembar jawaban soal berjenis ringkasan
A2: Sel hijau berisi rumus kunci.
A3: No | B3: Pertanyaan | C3: Jawaban | D3: Contoh format hasil
A4: 8a | B4: Total penghasilan | C4: =SUM(Data!$C$2:$C$31) -> 207500000 | D4: Rupiah, mis. Rp 180.000.000
A5: 8b | B5: Total pengeluaran | C5: =SUM(Data!$I$2:$I$31) -> 154740000 | D5: Rupiah, mis. Rp 130.000.000
A6: 8c | B6: Persen pengeluaran keseluruhan | C6: =C5/C4 -> 0.74573494 | D6: Persen, mis. 70,5%
A7: 9a | B7: Keluarga Hemat | C7: =COUNTIF(Data!$L$2:$L$31,"Hemat") -> 12 | D7: Angka bulat, mis. 8
A8: 9b | B8: Keluarga Wajar | C8: =COUNTIF(Data!$L$2:$L$31,"Wajar") -> 10 | D8: Angka bulat, mis. 12
A9: 9c | B9: Keluarga Boros | C9: =COUNTIF(Data!$L$2:$L$31,"Boros") -> 8 | D9: Angka bulat, mis. 10
A10: 10a | B10: Keluarga dengan persen pengeluaran terbesar | C10: =INDEX(Data!$A$2:$A$31,MATCH(MAX(Data!$J$2:$J$31),Data!$J$2:$J$31,0)) -> Joko Kusuma | D10: Teks: nama kepala keluarga
A11: 10b | B11: Pekerjaan dengan rata-rata persen terbesar | C11: =INDEX(Acuan!$A$2:$A$5,MATCH(MAX(Acuan!$D$2:$D$5),Acuan!$D$2:$D$5,0)) -> Petani | D11: Teks: nama pekerjaan
A12: 11a | B12: Total makanan keluarga Petani | C12: =SUMIF(Data!$B$2:$B$31,"Petani",Data!$D$2:$D$31) -> 9080000 | D12: Rupiah, mis. Rp 9.000.000
A13: 11b | B13: Keluarga Wiraswasta berstatus Hemat | C13: =COUNTIFS(Data!$B$2:$B$31,"Wiraswasta",Data!$L$2:$L$31,"Hemat") -> 5 | D13: Angka bulat, mis. 3
