Workbook

Sheet Petunjuk
A1: Kunci Jawaban: Umur Piutang dan Cadangan Kerugian
A2: Latihan 20 dari 104 | Tingkat: Lanjutan | Perkiraan waktu: 65 menit | pushexcel.github.io/Pushexcel
A4: Skenario
A5: Kamu staf penagihan di PT Prima Distribusi. Per 15 Oktober 2026 ada 32 faktur penjualan kredit. Kamu mengelompokkan faktur berdasarkan berapa hari lewat jatuh tempo (aging) dan menghitung cadangan kerugian piutang dengan persentase tiap kelompok (sheet Acuan). Jatuh tempo = tanggal faktur ditambah tempo bayar.
A7: Cara memakai kunci
A8: 1. | B8: Sel hijau berisi rumus kunci yang sudah dihitung. Klik sel untuk melihat rumusnya.
A9: 2. | B9: Kolom Rumus kunci di bawah menampilkan rumus untuk baris pertama atau tiap sel jawaban.
A10: 3. | B10: Rumus ditulis dengan titik koma (;). Ganti dengan koma (,) bila Excel kamu berbahasa Inggris.
A11: 4. | B11: Jawaban lain yang benar secara logika juga boleh, selama hasilnya sama.
A13: Arti warna
B14: Judul kolom data yang sudah diberikan
B15: Judul kolom hasil hitung
B16: Sel berisi rumus kunci
B17: Angka berwarna biru pada blok Parameter = nilai tetap yang boleh dirujuk
A19: Daftar soal
A20: No | B20: Soal | C20: Jawab di | D20: Rumus kunci
A21: 1 | B21: Hitung tanggal jatuh tempo: tanggal faktur ditambah tempo (hari). | C21: Sheet Data, kolom H (Jatuh Tempo), baris 2 sampai 33 | D21: =D2+E2
A22: 2 | B22: Hitung sisa piutang: nilai faktur dikurangi yang sudah dibayar. | C22: Sheet Data, kolom I (Sisa Piutang), baris 2 sampai 33 | D22: =F2-G2
A23: 3 | B23: Hitung hari lewat jatuh tempo: tanggal acuan dikurangi jatuh tempo. Hasil dibuat 0 bila belum jatuh tempo, atau bila fakturnya sudah lunas (sisa 0). | C23: Sheet Data, kolom J (Hari Lewat Tempo), baris 2 sampai 33 | D23: =IF(I2=0;0;MAX(0;$O$2-H2))
A24: 4 | B24: Kelompokkan: sisa 0 = Lunas; belum lewat tempo (umur 0) = Belum Jatuh Tempo; umur sampai 30 = 1-30 Hari; sampai 60 = 31-60 Hari; selain itu Lebih dari 60 Hari. | C24: Sheet Data, kolom K (Kelompok Umur), baris 2 sampai 33 | D24: =IF(I2=0;"Lunas";IF(J2=0;"Belum Jatuh Tempo";IF(J2<=30;"1-30 Hari";IF(J2<=60;"31-60 Hari";"Lebih dari 60 Hari"))))
A25: 5 | B25: Hitung cadangan kerugian: sisa piutang dikali persentase cadangan kelompok umurnya (sheet Acuan). | C25: Sheet Data, kolom L (Cadangan Kerugian), baris 2 sampai 33 | D25: =ROUND(I2*VLOOKUP(K2;Acuan!$A$2:$B$6;2;FALSE);0)
A26: 6 | B26: Berapa total sisa piutang, dan berapa total cadangan kerugian? | C26: Sheet Ringkasan, sel C4 sampai C5 | D26: =SUM(Data!$I$2:$I$33) =SUM(Data!$L$2:$L$33)
A27: 7 | B27: Berapa persen piutang yang sudah lewat jatuh tempo dari total sisa piutang? | C27: Sheet Ringkasan, sel C6 | D27: =SUMIF(Data!$J$2:$J$33;">0";Data!$I$2:$I$33)/SUM(Data!$I$2:$I$33)
A28: 8 | B28: Berapa faktur yang sudah Lunas? | C28: Sheet Ringkasan, sel C7 | D28: =COUNTIF(Data!$K$2:$K$33;"Lunas")
A29: 9 | B29: Faktur mana yang paling lama lewat jatuh tempo? | C29: Sheet Ringkasan, sel C8 | D29: =INDEX(Data!$B$2:$B$33;MATCH(MAX(Data!$J$2:$J$33);Data!$J$2:$J$33;0))
A30: 10 | B30: Pada sheet Acuan, hitung jumlah faktur tiap kelompok umur. | C30: Sheet Acuan, kolom C (Jumlah Faktur), baris 2 sampai 6 | D30: =COUNTIF(Data!$K$2:$K$33;A2)
A31: 11 | B31: Pada sheet Acuan, hitung total sisa piutang tiap kelompok umur. | C31: Sheet Acuan, kolom D (Total Sisa Piutang), baris 2 sampai 6 | D31: =SUMIF(Data!$K$2:$K$33;A2;Data!$I$2:$I$33)
... A33: 13 | B33: Kelompok umur mana yang memegang sisa piutang terbesar? | C33: Sheet Ringkasan, sel C9 | D33: =INDEX(Acuan!$A$2:$A$6;MATCH(MAX(Acuan!$D$2:$D$6);Acuan!$D$2:$D$6;0))

Sheet Data
A1: No | B1: No. Faktur | C1: Pelanggan | D1: Tanggal Faktur | E1: Tempo (hari) | F1: Nilai Faktur | G1: Sudah Dibayar | H1: Jatuh Tempo | I1: Sisa Piutang | J1: Hari Lewat Tempo | K1: Kelompok Umur | L1: Cadangan Kerugian | N1: Parameter | O1: Nilai | P1: Keterangan
A2: 1 | B2: INV-2026-001 | C2: Koperasi Bina Warga | D2: 46113 | E2: 45 | F2: 32800000 | G2: 32800000 | H2: =D2+E2 -> 46158 | I2: =F2-G2 -> 0 | J2: =IF(I2=0,0,MAX(0,$O$2-H2)) -> 0 | K2: =IF(I2=0,"Lunas",IF(J2=0,"Belum Jatuh Tempo",IF(J2<=30,"1-30 Hari",IF(J2<=60,"31-60 Hari","Lebih dari 60 Hari")))) -> Lunas | L2: =ROUND(I2*VLOOKUP(K2,Acuan!$A$2:$B$6,2,FALSE()),0) -> 0 | N2: Tanggal acuan | O2: 46310 | P2: Umur piutang dihitung sampai tanggal ini
A3: 2 | B3: INV-2026-002 | C3: CV Dinamika Printing | D3: 46116 | E3: 30 | F3: 59400000 | G3: 0 | H3: =D3+E3 -> 46146 | I3: =F3-G3 -> 59400000 | J3: =IF(I3=0,0,MAX(0,$O$2-H3)) -> 164 | K3: =IF(I3=0,"Lunas",IF(J3=0,"Belum Jatuh Tempo",IF(J3<=30,"1-30 Hari",IF(J3<=60,"31-60 Hari","Lebih dari 60 Hari")))) -> Lebih dari 60 Hari | L3: =ROUND(I3*VLOOKUP(K3,Acuan!$A$2:$B$6,2,FALSE()),0) -> 14850000
A4: 3 | B4: INV-2026-003 | C4: PT Anugerah Tekstil | D4: 46118 | E4: 30 | F4: 19500000 | G4: 16500000 | H4: =D4+E4 -> 46148 | I4: =F4-G4 -> 3000000 | J4: =IF(I4=0,0,MAX(0,$O$2-H4)) -> 162 | K4: =IF(I4=0,"Lunas",IF(J4=0,"Belum Jatuh Tempo",IF(J4<=30,"1-30 Hari",IF(J4<=60,"31-60 Hari","Lebih dari 60 Hari")))) -> Lebih dari 60 Hari | L4: =ROUND(I4*VLOOKUP(K4,Acuan!$A$2:$B$6,2,FALSE()),0) -> 750000
A5: 4 | B5: INV-2026-004 | C5: CV Berkah Mandiri | D5: 46119 | E5: 14 | F5: 68100000 | G5: 64500000 | H5: =D5+E5 -> 46133 | I5: =F5-G5 -> 3600000 | J5: =IF(I5=0,0,MAX(0,$O$2-H5)) -> 177 | K5: =IF(I5=0,"Lunas",IF(J5=0,"Belum Jatuh Tempo",IF(J5<=30,"1-30 Hari",IF(J5<=60,"31-60 Hari","Lebih dari 60 Hari")))) -> Lebih dari 60 Hari | L5: =ROUND(I5*VLOOKUP(K5,Acuan!$A$2:$B$6,2,FALSE()),0) -> 900000
A6: 5 | B6: INV-2026-005 | C6: CV Dinamika Printing | D6: 46129 | E6: 45 | F6: 89900000 | G6: 37500000 | H6: =D6+E6 -> 46174 | I6: =F6-G6 -> 52400000 | J6: =IF(I6=0,0,MAX(0,$O$2-H6)) -> 136 | K6: =IF(I6=0,"Lunas",IF(J6=0,"Belum Jatuh Tempo",IF(J6<=30,"1-30 Hari",IF(J6<=60,"31-60 Hari","Lebih dari 60 Hari")))) -> Lebih dari 60 Hari | L6: =ROUND(I6*VLOOKUP(K6,Acuan!$A$2:$B$6,2,FALSE()),0) -> 13100000
A7: 6 | B7: INV-2026-006 | C7: CV Dinamika Printing | D7: 46130 | E7: 30 | F7: 59400000 | G7: 20700000 | H7: =D7+E7 -> 46160 | I7: =F7-G7 -> 38700000 | J7: =IF(I7=0,0,MAX(0,$O$2-H7)) -> 150 | K7: =IF(I7=0,"Lunas",IF(J7=0,"Belum Jatuh Tempo",IF(J7<=30,"1-30 Hari",IF(J7<=60,"31-60 Hari","Lebih dari 60 Hari")))) -> Lebih dari 60 Hari | L7: =ROUND(I7*VLOOKUP(K7,Acuan!$A$2:$B$6,2,FALSE()),0) -> 9675000
A8: 7 | B8: INV-2026-007 | C8: PT Anugerah Tekstil | D8: 46138 | E8: 45 | F8: 41000000 | G8: 0 | H8: =D8+E8 -> 46183 | I8: =F8-G8 -> 41000000 | J8: =IF(I8=0,0,MAX(0,$O$2-H8)) -> 127 | K8: =IF(I8=0,"Lunas",IF(J8=0,"Belum Jatuh Tempo",IF(J8<=30,"1-30 Hari",IF(J8<=60,"31-60 Hari","Lebih dari 60 Hari")))) -> Lebih dari 60 Hari | L8: =ROUND(I8*VLOOKUP(K8,Acuan!$A$2:$B$6,2,FALSE()),0) -> 10250000
A9: 8 | B9: INV-2026-008 | C9: PT Cahaya Logistik | D9: 46143 | E9: 14 | F9: 15600000 | G9: 0 | H9: =D9+E9 -> 46157 | I9: =F9-G9 -> 15600000 | J9: =IF(I9=0,0,MAX(0,$O$2-H9)) -> 153 | K9: =IF(I9=0,"Lunas",IF(J9=0,"Belum Jatuh Tempo",IF(J9<=30,"1-30 Hari",IF(J9<=60,"31-60 Hari","Lebih dari 60 Hari")))) -> Lebih dari 60 Hari | L9: =ROUND(I9*VLOOKUP(K9,Acuan!$A$2:$B$6,2,FALSE()),0) -> 3900000
A10: 9 | B10: INV-2026-009 | C10: PT Cahaya Logistik | D10: 46159 | E10: 30 | F10: 36800000 | G10: 1200000 | H10: =D10+E10 -> 46189 | I10: =F10-G10 -> 35600000 | J10: =IF(I10=0,0,MAX(0,$O$2-H10)) -> 121 | K10: =IF(I10=0,"Lunas",IF(J10=0,"Belum Jatuh Tempo",IF(J10<=30,"1-30 Hari",IF(J10<=60,"31-60 Hari","Lebih dari 60 Hari")))) -> Lebih dari 60 Hari | L10: =ROUND(I10*VLOOKUP(K10,Acuan!$A$2:$B$6,2,FALSE()),0) -> 8900000
A11: 10 | B11: INV-2026-010 | C11: UD Tani Jaya | D11: 46171 | E11: 14 | F11: 10300000 | G11: 10300000 | H11: =D11+E11 -> 46185 | I11: =F11-G11 -> 0 | J11: =IF(I11=0,0,MAX(0,$O$2-H11)) -> 0 | K11: =IF(I11=0,"Lunas",IF(J11=0,"Belum Jatuh Tempo",IF(J11<=30,"1-30 Hari",IF(J11<=60,"31-60 Hari","Lebih dari 60 Hari")))) -> Lunas | L11: =ROUND(I11*VLOOKUP(K11,Acuan!$A$2:$B$6,2,FALSE()),0) -> 0
A12: 11 | B12: INV-2026-011 | C12: Toko Sentosa Abadi | D12: 46178 | E12: 14 | F12: 60000000 | G12: 54600000 | H12: =D12+E12 -> 46192 | I12: =F12-G12 -> 5400000 | J12: =IF(I12=0,0,MAX(0,$O$2-H12)) -> 118 | K12: =IF(I12=0,"Lunas",IF(J12=0,"Belum Jatuh Tempo",IF(J12<=30,"1-30 Hari",IF(J12<=60,"31-60 Hari","Lebih dari 60 Hari")))) -> Lebih dari 60 Hari | L12: =ROUND(I12*VLOOKUP(K12,Acuan!$A$2:$B$6,2,FALSE()),0) -> 1350000
A13: 12 | B13: INV-2026-012 | C13: PT Eka Konstruksi | D13: 46186 | E13: 45 | F13: 43300000 | G13: 30300000 | H13: =D13+E13 -> 46231 | I13: =F13-G13 -> 13000000 | J13: =IF(I13=0,0,MAX(0,$O$2-H13)) -> 79 | K13: =IF(I13=0,"Lunas",IF(J13=0,"Belum Jatuh Tempo",IF(J13<=30,"1-30 Hari",IF(J13<=60,"31-60 Hari","Lebih dari 60 Hari")))) -> Lebih dari 60 Hari | L13: =ROUND(I13*VLOOKUP(K13,Acuan!$A$2:$B$6,2,FALSE()),0) -> 3250000
A14: 13 | B14: INV-2026-013 | C14: Koperasi Bina Warga | D14: 46191 | E14: 14 | F14: 50400000 | G14: 50400000 | H14: =D14+E14 -> 46205 | I14: =F14-G14 -> 0 | J14: =IF(I14=0,0,MAX(0,$O$2-H14)) -> 0 | K14: =IF(I14=0,"Lunas",IF(J14=0,"Belum Jatuh Tempo",IF(J14<=30,"1-30 Hari",IF(J14<=60,"31-60 Hari","Lebih dari 60 Hari")))) -> Lunas | L14: =ROUND(I14*VLOOKUP(K14,Acuan!$A$2:$B$6,2,FALSE()),0) -> 0
... A33: 32 | B33: INV-2026-032 | C33: PT Eka Konstruksi | D33: 46294 | E33: 14 | F33: 25800000 | G33: 0 | H33: =D33+E33 -> 46308 | I33: =F33-G33 -> 25800000 | J33: =IF(I33=0,0,MAX(0,$O$2-H33)) -> 2 | K33: =IF(I33=0,"Lunas",IF(J33=0,"Belum Jatuh Tempo",IF(J33<=30,"1-30 Hari",IF(J33<=60,"31-60 Hari","Lebih dari 60 Hari")))) -> 1-30 Hari | L33: =ROUND(I33*VLOOKUP(K33,Acuan!$A$2:$B$6,2,FALSE()),0) -> 1290000

Sheet Acuan
A1: Kelompok Umur | B1: Cadangan | C1: Jumlah Faktur | D1: Total Sisa Piutang | E1: Total Cadangan
A2: Lunas | B2: 0 | C2: =COUNTIF(Data!$K$2:$K$33,A2) -> 10 | D2: =SUMIF(Data!$K$2:$K$33,A2,Data!$I$2:$I$33) -> 0 | E2: =SUMIF(Data!$K$2:$K$33,A2,Data!$L$2:$L$33) -> 0
A3: Belum Jatuh Tempo | B3: 0.01 | C3: =COUNTIF(Data!$K$2:$K$33,A3) -> 3 | D3: =SUMIF(Data!$K$2:$K$33,A3,Data!$I$2:$I$33) -> 117900000 | E3: =SUMIF(Data!$K$2:$K$33,A3,Data!$L$2:$L$33) -> 1179000
A4: 1-30 Hari | B4: 0.05 | C4: =COUNTIF(Data!$K$2:$K$33,A4) -> 3 | D4: =SUMIF(Data!$K$2:$K$33,A4,Data!$I$2:$I$33) -> 100000000 | E4: =SUMIF(Data!$K$2:$K$33,A4,Data!$L$2:$L$33) -> 5000000
A5: 31-60 Hari | B5: 0.1 | C5: =COUNTIF(Data!$K$2:$K$33,A5) -> 5 | D5: =SUMIF(Data!$K$2:$K$33,A5,Data!$I$2:$I$33) -> 135800000 | E5: =SUMIF(Data!$K$2:$K$33,A5,Data!$L$2:$L$33) -> 13580000
A6: Lebih dari 60 Hari | B6: 0.25 | C6: =COUNTIF(Data!$K$2:$K$33,A6) -> 11 | D6: =SUMIF(Data!$K$2:$K$33,A6,Data!$I$2:$I$33) -> 293100000 | E6: =SUMIF(Data!$K$2:$K$33,A6,Data!$L$2:$L$33) -> 73275000

Sheet Ringkasan
A1: Ringkasan: lembar jawaban soal berjenis ringkasan
A2: Sel hijau berisi rumus kunci.
A3: No | B3: Pertanyaan | C3: Jawaban | D3: Contoh format hasil
A4: 6a | B4: Total sisa piutang | C4: =SUM(Data!$I$2:$I$33) -> 646800000 | D4: Rupiah, mis. Rp 1.200.000.000
A5: 6b | B5: Total cadangan kerugian | C5: =SUM(Data!$L$2:$L$33) -> 93034000 | D5: Rupiah, mis. Rp 1.200.000.000
A6: 7 | B6: Persentase piutang lewat jatuh tempo | C6: =SUMIF(Data!$J$2:$J$33,">0",Data!$I$2:$I$33)/SUM(Data!$I$2:$I$33) -> 0.817718 | D6: Persen, mis. 72,4%
A7: 8 | B7: Jumlah faktur lunas | C7: =COUNTIF(Data!$K$2:$K$33,"Lunas") -> 10 | D7: Angka bulat, mis. 11
A8: 9 | B8: Nomor faktur dengan umur lewat tempo terlama | C8: =INDEX(Data!$B$2:$B$33,MATCH(MAX(Data!$J$2:$J$33),Data!$J$2:$J$33,0)) -> INV-2026-004 | D8: Teks: nomor faktur
A9: 13 | B9: Kelompok umur dengan sisa piutang terbesar | C9: =INDEX(Acuan!$A$2:$A$6,MATCH(MAX(Acuan!$D$2:$D$6),Acuan!$D$2:$D$6,0)) -> Lebih dari 60 Hari | D9: Teks: kelompok umur
