Workbook

Sheet Petunjuk
A1: Kunci Jawaban: Rekap Nilai Tugas dan Ujian Satu Kelas
A2: Latihan 44 dari 56 | Tingkat: Pemula | Perkiraan waktu: 40 menit | pushexcel.github.io/Pushexcel
A4: Skenario
A5: Kamu guru mata pelajaran Informatika di SMP Cahaya Bangsa. Nilai 28 siswa terdiri dari tugas, ulangan harian, UTS, dan UAS. Bobotnya (20, 20, 25, dan 35 persen) dan KKM 75 ada di blok Parameter. Nilai akhir dibulatkan ke bilangan bulat. Predikat A untuk nilai akhir 85 ke atas, B untuk 75 sampai 84, C untuk 65 sampai 74, dan D untuk di bawah 65. Siswa tuntas bila nilai akhir sama dengan atau di atas KKM.
A7: Cara memakai kunci
A8: 1. | B8: Sel hijau berisi rumus kunci yang sudah dihitung. Klik sel untuk melihat rumusnya.
A9: 2. | B9: Kolom Rumus kunci di bawah menampilkan rumus untuk baris pertama atau tiap sel jawaban.
A10: 3. | B10: Rumus ditulis dengan titik koma (;). Ganti dengan koma (,) bila Excel kamu berbahasa Inggris.
A11: 4. | B11: Jawaban lain yang benar secara logika juga boleh, selama hasilnya sama.
A13: Arti warna
B14: Judul kolom data yang sudah diberikan
B15: Judul kolom hasil hitung
B16: Sel berisi rumus kunci
B17: Angka berwarna biru pada blok Parameter = nilai tetap yang boleh dirujuk
A19: Daftar soal
A20: No | B20: Soal | C20: Jawab di | D20: Rumus kunci
A21: 1 | B21: Hitung nilai akhir berbobot: tiap nilai dikali bobotnya, dijumlahkan, lalu dibulatkan ke bilangan bulat. | C21: Sheet Data, kolom G (Nilai Akhir), baris 2 sampai 29 | D21: =ROUND(C2*$N$2+D2*$N$3+E2*$N$4+F2*$N$5;0)
A22: 2 | B22: Beri predikat: A bila nilai akhir 85 ke atas, B bila 75 ke atas, C bila 65 ke atas, selain itu D. | C22: Sheet Data, kolom H (Predikat), baris 2 sampai 29 | D22: =IF(G2>=85;"A";IF(G2>=75;"B";IF(G2>=65;"C";"D")))
A23: 3 | B23: Beri status Tuntas bila nilai akhir sama dengan atau di atas KKM. Selain itu Remedial. | C23: Sheet Data, kolom I (Status), baris 2 sampai 29 | D23: =IF(G2>=$N$6;"Tuntas";"Remedial")
A24: 4 | B24: Beri peringkat siswa menurut nilai akhir, peringkat 1 untuk nilai tertinggi. | C24: Sheet Data, kolom J (Peringkat), baris 2 sampai 29 | D24: =RANK(G2;$G$2:$G$29;0)
A25: 5 | B25: Tulis Di atas rata-rata bila nilai akhir lebih besar dari rata-rata nilai akhir seluruh kelas. Selain itu Di bawah rata-rata. | C25: Sheet Data, kolom K (Posisi), baris 2 sampai 29 | D25: =IF(G2>AVERAGE($G$2:$G$29);"Di atas rata-rata";"Di bawah rata-rata")
A26: 6 | B26: Berapa rata-rata, nilai tertinggi, dan nilai terendah dari nilai akhir kelas? | C26: Sheet Ringkasan, sel C4 sampai C6 | D26: =AVERAGE(Data!$G$2:$G$29) =MAX(Data!$G$2:$G$29) =MIN(Data!$G$2:$G$29)
A27: 7 | B27: Berapa siswa yang Tuntas, berapa yang Remedial, dan berapa persen siswa yang tuntas? | C27: Sheet Ringkasan, sel C7 sampai C9 | D27: =COUNTIF(Data!$I$2:$I$29;"Tuntas") =COUNTIF(Data!$I$2:$I$29;"Remedial") =C7/COUNT(Data!$A$2:$A$29)
A28: 8 | B28: Siapa siswa dengan nilai akhir tertinggi, dan siapa yang nilai UAS-nya tertinggi? | C28: Sheet Ringkasan, sel C10 sampai C11 | D28: =INDEX(Data!$B$2:$B$29;MATCH(MAX(Data!$G$2:$G$29);Data!$G$2:$G$29;0)) =INDEX(Data!$B$2:$B$29;MATCH(MAX(Data!$F$2:$F$29);Data!$F$2:$F$29;0))
A29: 9 | B29: Berapa siswa yang berpredikat A, dan berapa rata-rata nilai UTS siswa yang harus remedial? | C29: Sheet Ringkasan, sel C12 sampai C13 | D29: =COUNTIF(Data!$H$2:$H$29;"A") =AVERAGEIF(Data!$I$2:$I$29;"Remedial";Data!$E$2:$E$29)
A30: 10 | B30: Berapa nilai akhir tertinggi kedua dan terendah kedua, dan siapa siswa peringkat 3? | C30: Sheet Ringkasan, sel C14 sampai C16 | D30: =LARGE(Data!$G$2:$G$29;2) =SMALL(Data!$G$2:$G$29;2) =INDEX(Data!$B$2:$B$29;MATCH(3;Data!$J$2:$J$29;0))
A31: 11 | B31: Berapa siswa yang nilai akhirnya di atas rata-rata kelas, dan berapa total nilai UAS seluruh siswa Tuntas? | C31: Sheet Ringkasan, sel C17 sampai C18 | D31: =COUNTIF(Data!$K$2:$K$29;"Di atas rata-rata") =SUMIF(Data!$I$2:$I$29;"Tuntas";Data!$F$2:$F$29)

Sheet Data
A1: No | B1: Nama Siswa | C1: Tugas | D1: Ulangan Harian | E1: UTS | F1: UAS | G1: Nilai Akhir | H1: Predikat | I1: Status | J1: Peringkat | K1: Posisi | M1: Parameter | N1: Nilai | O1: Keterangan
A2: 1 | B2: Utami Sari | C2: 86 | D2: 89 | E2: 79 | F2: 95 | G2: =ROUND(C2*$N$2+D2*$N$3+E2*$N$4+F2*$N$5,0) -> 88 | H2: =IF(G2>=85,"A",IF(G2>=75,"B",IF(G2>=65,"C","D"))) -> A | I2: =IF(G2>=$N$6,"Tuntas","Remedial") -> Tuntas | J2: =RANK(G2,$G$2:$G$29,0) -> 3 | K2: =IF(G2>AVERAGE($G$2:$G$29),"Di atas rata-rata","Di bawah rata-rata") -> Di atas rata-rata | M2: Bobot Tugas | N2: 0.2
A3: 2 | B3: Putri Hartono | C3: 70 | D3: 55 | E3: 71 | F3: 62 | G3: =ROUND(C3*$N$2+D3*$N$3+E3*$N$4+F3*$N$5,0) -> 64 | H3: =IF(G3>=85,"A",IF(G3>=75,"B",IF(G3>=65,"C","D"))) -> D | I3: =IF(G3>=$N$6,"Tuntas","Remedial") -> Remedial | J3: =RANK(G3,$G$2:$G$29,0) -> 22 | K3: =IF(G3>AVERAGE($G$2:$G$29),"Di atas rata-rata","Di bawah rata-rata") -> Di bawah rata-rata | M3: Bobot Ulangan Harian | N3: 0.2
A4: 3 | B4: Tika Kurniawan | C4: 64 | D4: 75 | E4: 60 | F4: 58 | G4: =ROUND(C4*$N$2+D4*$N$3+E4*$N$4+F4*$N$5,0) -> 63 | H4: =IF(G4>=85,"A",IF(G4>=75,"B",IF(G4>=65,"C","D"))) -> D | I4: =IF(G4>=$N$6,"Tuntas","Remedial") -> Remedial | J4: =RANK(G4,$G$2:$G$29,0) -> 23 | K4: =IF(G4>AVERAGE($G$2:$G$29),"Di atas rata-rata","Di bawah rata-rata") -> Di bawah rata-rata | M4: Bobot UTS | N4: 0.25
A5: 4 | B5: Maman Purnomo | C5: 63 | D5: 50 | E5: 64 | F5: 50 | G5: =ROUND(C5*$N$2+D5*$N$3+E5*$N$4+F5*$N$5,0) -> 56 | H5: =IF(G5>=85,"A",IF(G5>=75,"B",IF(G5>=65,"C","D"))) -> D | I5: =IF(G5>=$N$6,"Tuntas","Remedial") -> Remedial | J5: =RANK(G5,$G$2:$G$29,0) -> 28 | K5: =IF(G5>AVERAGE($G$2:$G$29),"Di atas rata-rata","Di bawah rata-rata") -> Di bawah rata-rata | M5: Bobot UAS | N5: 0.35
A6: 5 | B6: Budi Hartono | C6: 59 | D6: 48 | E6: 59 | F6: 62 | G6: =ROUND(C6*$N$2+D6*$N$3+E6*$N$4+F6*$N$5,0) -> 58 | H6: =IF(G6>=85,"A",IF(G6>=75,"B",IF(G6>=65,"C","D"))) -> D | I6: =IF(G6>=$N$6,"Tuntas","Remedial") -> Remedial | J6: =RANK(G6,$G$2:$G$29,0) -> 26 | K6: =IF(G6>AVERAGE($G$2:$G$29),"Di atas rata-rata","Di bawah rata-rata") -> Di bawah rata-rata | M6: KKM | N6: 75
A7: 6 | B7: Lina Hidayat | C7: 87 | D7: 67 | E7: 88 | F7: 95 | G7: =ROUND(C7*$N$2+D7*$N$3+E7*$N$4+F7*$N$5,0) -> 86 | H7: =IF(G7>=85,"A",IF(G7>=75,"B",IF(G7>=65,"C","D"))) -> A | I7: =IF(G7>=$N$6,"Tuntas","Remedial") -> Tuntas | J7: =RANK(G7,$G$2:$G$29,0) -> 5 | K7: =IF(G7>AVERAGE($G$2:$G$29),"Di atas rata-rata","Di bawah rata-rata") -> Di atas rata-rata
A8: 7 | B8: Dewi Santoso | C8: 47 | D8: 78 | E8: 63 | F8: 58 | G8: =ROUND(C8*$N$2+D8*$N$3+E8*$N$4+F8*$N$5,0) -> 61 | H8: =IF(G8>=85,"A",IF(G8>=75,"B",IF(G8>=65,"C","D"))) -> D | I8: =IF(G8>=$N$6,"Tuntas","Remedial") -> Remedial | J8: =RANK(G8,$G$2:$G$29,0) -> 24 | K8: =IF(G8>AVERAGE($G$2:$G$29),"Di atas rata-rata","Di bawah rata-rata") -> Di bawah rata-rata
A9: 8 | B9: Gita Wijaya | C9: 90 | D9: 94 | E9: 97 | F9: 89 | G9: =ROUND(C9*$N$2+D9*$N$3+E9*$N$4+F9*$N$5,0) -> 92 | H9: =IF(G9>=85,"A",IF(G9>=75,"B",IF(G9>=65,"C","D"))) -> A | I9: =IF(G9>=$N$6,"Tuntas","Remedial") -> Tuntas | J9: =RANK(G9,$G$2:$G$29,0) -> 2 | K9: =IF(G9>AVERAGE($G$2:$G$29),"Di atas rata-rata","Di bawah rata-rata") -> Di atas rata-rata
A10: 9 | B10: Indah Pratama | C10: 87 | D10: 74 | E10: 96 | F10: 80 | G10: =ROUND(C10*$N$2+D10*$N$3+E10*$N$4+F10*$N$5,0) -> 84 | H10: =IF(G10>=85,"A",IF(G10>=75,"B",IF(G10>=65,"C","D"))) -> B | I10: =IF(G10>=$N$6,"Tuntas","Remedial") -> Tuntas | J10: =RANK(G10,$G$2:$G$29,0) -> 6 | K10: =IF(G10>AVERAGE($G$2:$G$29),"Di atas rata-rata","Di bawah rata-rata") -> Di atas rata-rata
A11: 10 | B11: Prasetyo Utomo | C11: 87 | D11: 70 | E11: 80 | F11: 78 | G11: =ROUND(C11*$N$2+D11*$N$3+E11*$N$4+F11*$N$5,0) -> 79 | H11: =IF(G11>=85,"A",IF(G11>=75,"B",IF(G11>=65,"C","D"))) -> B | I11: =IF(G11>=$N$6,"Tuntas","Remedial") -> Tuntas | J11: =RANK(G11,$G$2:$G$29,0) -> 10 | K11: =IF(G11>AVERAGE($G$2:$G$29),"Di atas rata-rata","Di bawah rata-rata") -> Di atas rata-rata
A12: 11 | B12: Rahmat Utomo | C12: 63 | D12: 77 | E12: 61 | F12: 88 | G12: =ROUND(C12*$N$2+D12*$N$3+E12*$N$4+F12*$N$5,0) -> 74 | H12: =IF(G12>=85,"A",IF(G12>=75,"B",IF(G12>=65,"C","D"))) -> C | I12: =IF(G12>=$N$6,"Tuntas","Remedial") -> Remedial | J12: =RANK(G12,$G$2:$G$29,0) -> 15 | K12: =IF(G12>AVERAGE($G$2:$G$29),"Di atas rata-rata","Di bawah rata-rata") -> Di atas rata-rata
A13: 12 | B13: Bambang Nugroho | C13: 66 | D13: 65 | E13: 64 | F13: 75 | G13: =ROUND(C13*$N$2+D13*$N$3+E13*$N$4+F13*$N$5,0) -> 68 | H13: =IF(G13>=85,"A",IF(G13>=75,"B",IF(G13>=65,"C","D"))) -> C | I13: =IF(G13>=$N$6,"Tuntas","Remedial") -> Remedial | J13: =RANK(G13,$G$2:$G$29,0) -> 18 | K13: =IF(G13>AVERAGE($G$2:$G$29),"Di atas rata-rata","Di bawah rata-rata") -> Di bawah rata-rata
A14: 13 | B14: Prasetyo Lestari | C14: 100 | D14: 100 | E14: 100 | F14: 100 | G14: =ROUND(C14*$N$2+D14*$N$3+E14*$N$4+F14*$N$5,0) -> 100 | H14: =IF(G14>=85,"A",IF(G14>=75,"B",IF(G14>=65,"C","D"))) -> A | I14: =IF(G14>=$N$6,"Tuntas","Remedial") -> Tuntas | J14: =RANK(G14,$G$2:$G$29,0) -> 1 | K14: =IF(G14>AVERAGE($G$2:$G$29),"Di atas rata-rata","Di bawah rata-rata") -> Di atas rata-rata
A15: 14 | B15: Gita Syahputra | C15: 54 | D15: 47 | E15: 70 | F15: 54 | G15: =ROUND(C15*$N$2+D15*$N$3+E15*$N$4+F15*$N$5,0) -> 57 | H15: =IF(G15>=85,"A",IF(G15>=75,"B",IF(G15>=65,"C","D"))) -> D | I15: =IF(G15>=$N$6,"Tuntas","Remedial") -> Remedial | J15: =RANK(G15,$G$2:$G$29,0) -> 27 | K15: =IF(G15>AVERAGE($G$2:$G$29),"Di atas rata-rata","Di bawah rata-rata") -> Di bawah rata-rata
A16: 15 | B16: Fitri Pangestu | C16: 66 | D16: 87 | E16: 86 | F16: 67 | G16: =ROUND(C16*$N$2+D16*$N$3+E16*$N$4+F16*$N$5,0) -> 76 | H16: =IF(G16>=85,"A",IF(G16>=75,"B",IF(G16>=65,"C","D"))) -> B | I16: =IF(G16>=$N$6,"Tuntas","Remedial") -> Tuntas | J16: =RANK(G16,$G$2:$G$29,0) -> 13 | K16: =IF(G16>AVERAGE($G$2:$G$29),"Di atas rata-rata","Di bawah rata-rata") -> Di atas rata-rata
A17: 16 | B17: Agus Amalia | C17: 66 | D17: 72 | E17: 60 | F17: 66 | G17: =ROUND(C17*$N$2+D17*$N$3+E17*$N$4+F17*$N$5,0) -> 66 | H17: =IF(G17>=85,"A",IF(G17>=75,"B",IF(G17>=65,"C","D"))) -> C | I17: =IF(G17>=$N$6,"Tuntas","Remedial") -> Remedial | J17: =RANK(G17,$G$2:$G$29,0) -> 20 | K17: =IF(G17>AVERAGE($G$2:$G$29),"Di atas rata-rata","Di bawah rata-rata") -> Di bawah rata-rata
A18: 17 | B18: Farida Wibowo | C18: 94 | D18: 67 | E18: 77 | F18: 67 | G18: =ROUND(C18*$N$2+D18*$N$3+E18*$N$4+F18*$N$5,0) -> 75 | H18: =IF(G18>=85,"A",IF(G18>=75,"B",IF(G18>=65,"C","D"))) -> B | I18: =IF(G18>=$N$6,"Tuntas","Remedial") -> Tuntas | J18: =RANK(G18,$G$2:$G$29,0) -> 14 | K18: =IF(G18>AVERAGE($G$2:$G$29),"Di atas rata-rata","Di bawah rata-rata") -> Di atas rata-rata
... A29: 28 | B29: Oki Lestari | C29: 74 | D29: 72 | E29: 76 | F29: 60 | G29: =ROUND(C29*$N$2+D29*$N$3+E29*$N$4+F29*$N$5,0) -> 69 | H29: =IF(G29>=85,"A",IF(G29>=75,"B",IF(G29>=65,"C","D"))) -> C | I29: =IF(G29>=$N$6,"Tuntas","Remedial") -> Remedial | J29: =RANK(G29,$G$2:$G$29,0) -> 17 | K29: =IF(G29>AVERAGE($G$2:$G$29),"Di atas rata-rata","Di bawah rata-rata") -> Di bawah rata-rata

Sheet Ringkasan
A1: Ringkasan: lembar jawaban soal berjenis ringkasan
A2: Sel hijau berisi rumus kunci.
A3: No | B3: Pertanyaan | C3: Jawaban | D3: Contoh format hasil
A4: 6a | B4: Rata-rata nilai akhir | C4: =AVERAGE(Data!$G$2:$G$29) -> 73.75 | D4: Angka desimal, mis. 72,50
A5: 6b | B5: Nilai akhir tertinggi | C5: =MAX(Data!$G$2:$G$29) -> 100 | D5: Angka bulat, mis. 95
A6: 6c | B6: Nilai akhir terendah | C6: =MIN(Data!$G$2:$G$29) -> 56 | D6: Angka bulat, mis. 40
A7: 7a | B7: Jumlah siswa Tuntas | C7: =COUNTIF(Data!$I$2:$I$29,"Tuntas") -> 14 | D7: Angka bulat, mis. 15
A8: 7b | B8: Jumlah siswa Remedial | C8: =COUNTIF(Data!$I$2:$I$29,"Remedial") -> 14 | D8: Angka bulat, mis. 13
A9: 7c | B9: Persen siswa tuntas | C9: =C7/COUNT(Data!$A$2:$A$29) -> 0.5 | D9: Persen, mis. 55,5%
A10: 8a | B10: Siswa dengan nilai akhir tertinggi | C10: =INDEX(Data!$B$2:$B$29,MATCH(MAX(Data!$G$2:$G$29),Data!$G$2:$G$29,0)) -> Prasetyo Lestari | D10: Teks: nama siswa
A11: 8b | B11: Siswa dengan nilai UAS tertinggi | C11: =INDEX(Data!$B$2:$B$29,MATCH(MAX(Data!$F$2:$F$29),Data!$F$2:$F$29,0)) -> Prasetyo Lestari | D11: Teks: nama siswa
A12: 9a | B12: Jumlah siswa predikat A | C12: =COUNTIF(Data!$H$2:$H$29,"A") -> 5 | D12: Angka bulat, mis. 7
A13: 9b | B13: Rata-rata UTS siswa remedial | C13: =AVERAGEIF(Data!$I$2:$I$29,"Remedial",Data!$E$2:$E$29) -> 65.285714 | D13: Angka desimal, mis. 62,40
A14: 10a | B14: Nilai akhir tertinggi kedua | C14: =LARGE(Data!$G$2:$G$29,2) -> 92 | D14: Angka bulat, mis. 88
A15: 10b | B15: Nilai akhir terendah kedua | C15: =SMALL(Data!$G$2:$G$29,2) -> 57 | D15: Angka bulat, mis. 45
A16: 10c | B16: Siswa peringkat 3 | C16: =INDEX(Data!$B$2:$B$29,MATCH(3,Data!$J$2:$J$29,0)) -> Utami Sari | D16: Teks: nama siswa
A17: 11a | B17: Jumlah siswa di atas rata-rata | C17: =COUNTIF(Data!$K$2:$K$29,"Di atas rata-rata") -> 15 | D17: Angka bulat, mis. 12
A18: 11b | B18: Total nilai UAS siswa Tuntas | C18: =SUMIF(Data!$I$2:$I$29,"Tuntas",Data!$F$2:$F$29) -> 1174 | D18: Angka bulat, mis. 1200
