Workbook

Sheet Petunjuk
A1: Kunci Jawaban: Jadwal dan Biaya Proyek Renovasi
A2: Latihan 56 dari 56 | Tingkat: Lanjutan | Perkiraan waktu: 70 menit | pushexcel.github.io/Pushexcel
A4: Skenario
A5: Kamu pengendali proyek CV Bangun Karya yang merenovasi sebuah gedung dalam tiga fase. Setiap tugas punya tanggal mulai rencana, durasi rencana (hari kerja), tanggal mulai dan selesai aktual, serta biaya rencana dan aktual. Hari kerja adalah Senin sampai Jumat tanpa libur nasional. Selisih durasi adalah durasi aktual (hari kerja) dikurangi durasi rencana. Status jadwal: Lebih Cepat bila selisih negatif, Tepat Waktu bila 0, Terlambat Ringan bila selisih tidak lebih dari toleransi, dan Terlambat Berat bila lebih dari toleransi. Status biaya Overbudget bila selisih biaya sama dengan atau lebih dari 10 persen biaya rencana, selain itu Terkendali (toleransi dan batas ada di blok Parameter).
A7: Cara memakai kunci
A8: 1. | B8: Sel hijau berisi rumus kunci yang sudah dihitung. Klik sel untuk melihat rumusnya.
A9: 2. | B9: Kolom Rumus kunci di bawah menampilkan rumus untuk baris pertama atau tiap sel jawaban.
A10: 3. | B10: Rumus ditulis dengan titik koma (;). Ganti dengan koma (,) bila Excel kamu berbahasa Inggris.
A11: 4. | B11: Jawaban lain yang benar secara logika juga boleh, selama hasilnya sama.
A13: Arti warna
B14: Judul kolom data yang sudah diberikan
B15: Judul kolom hasil hitung
B16: Sel berisi rumus kunci
B17: Angka berwarna biru pada blok Parameter = nilai tetap yang boleh dirujuk
A19: Daftar soal
A20: No | B20: Soal | C20: Jawab di | D20: Rumus kunci
A21: 1 | B21: Hitung tanggal selesai rencana: tanggal mulai rencana ditambah durasi rencana dalam hari kerja (hari mulai ikut dihitung, jadi durasi dikurangi 1). | C21: Sheet Data, kolom K (Selesai Rencana), baris 2 sampai 21 | D21: =WORKDAY(E2;F2-1)
A22: 2 | B22: Hitung durasi aktual dalam hari kerja dari mulai aktual sampai selesai aktual (kedua hari dihitung). | C22: Sheet Data, kolom L (Durasi Aktual), baris 2 sampai 21 | D22: =NETWORKDAYS(G2;H2)
A23: 3 | B23: Hitung selisih durasi: durasi aktual dikurangi durasi rencana. Boleh negatif. | C23: Sheet Data, kolom M (Selisih Durasi), baris 2 sampai 21 | D23: =L2-F2
A24: 4 | B24: Beri status: Lebih Cepat bila selisih negatif, Tepat Waktu bila 0, Terlambat Ringan bila tidak lebih dari toleransi, selain itu Terlambat Berat. | C24: Sheet Data, kolom N (Status Jadwal), baris 2 sampai 21 | D24: =IF(M2<0;"Lebih Cepat";IF(M2=0;"Tepat Waktu";IF(M2<=$T$2;"Terlambat Ringan";"Terlambat Berat")))
A25: 5 | B25: Hitung selisih biaya: biaya aktual dikurangi biaya rencana. Boleh negatif. | C25: Sheet Data, kolom O (Selisih Biaya), baris 2 sampai 21 | D25: =J2-I2
A26: 6 | B26: Hitung persen selisih biaya terhadap biaya rencana. | C26: Sheet Data, kolom P (Persen Selisih Biaya), baris 2 sampai 21 | D26: =O2/I2
A27: 7 | B27: Beri status Overbudget bila persen selisih biaya sama dengan atau lebih dari batas overbudget. Selain itu Terkendali. | C27: Sheet Data, kolom Q (Status Biaya), baris 2 sampai 21 | D27: =IF(P2>=$T$3;"Overbudget";"Terkendali")
A28: 8 | B28: Pada sheet Acuan, hitung jumlah tugas tiap fase. | C28: Sheet Acuan, kolom B (Jumlah Tugas), baris 2 sampai 4 | D28: =COUNTIF(Data!$D$2:$D$21;A2)
A29: 9 | B29: Pada sheet Acuan, hitung total biaya rencana tiap fase. | C29: Sheet Acuan, kolom C (Total Biaya Rencana), baris 2 sampai 4 | D29: =SUMIF(Data!$D$2:$D$21;A2;Data!$I$2:$I$21)
A30: 10 | B30: Pada sheet Acuan, hitung total biaya aktual tiap fase. | C30: Sheet Acuan, kolom D (Total Biaya Aktual), baris 2 sampai 4 | D30: =SUMIF(Data!$D$2:$D$21;A2;Data!$J$2:$J$21)
A31: 11 | B31: Pada sheet Acuan, hitung persen selisih biaya tiap fase: (aktual dikurangi rencana) dibagi rencana. | C31: Sheet Acuan, kolom E (Persen Selisih Fase), baris 2 sampai 4 | D31: =(D2-C2)/C2
... A36: 16 | B36: Berapa tugas fase Pelaksanaan yang Overbudget, dan berapa total selisih durasi tugas yang dipegang Dimas Kurniawan? | C36: Sheet Ringkasan, sel C16 sampai C17 | D36: =COUNTIFS(Data!$D$2:$D$21;"Pelaksanaan";Data!$Q$2:$Q$21;"Overbudget") =SUMIF(Data!$C$2:$C$21;"Dimas Kurniawan";Data!$M$2:$M$21)

Sheet Data
A1: ID | B1: Tugas | C1: Penanggung Jawab | D1: Fase | E1: Mulai Rencana | F1: Durasi Rencana | G1: Mulai Aktual | H1: Selesai Aktual | I1: Biaya Rencana | J1: Biaya Aktual | K1: Selesai Rencana | L1: Durasi Aktual | M1: Selisih Durasi | N1: Status Jadwal | O1: Selisih Biaya | P1: Persen Selisih Biaya | Q1: Status Biaya | S1: Parameter | T1: Nilai | U1: Keterangan
A2: T-01 | B2: Survei lokasi | C2: Dimas Kurniawan | D2: Persiapan | E2: 46330 | F2: 10 | G2: 46332 | H2: 46343 | I2: 80000000 | J2: 96500000 | K2: =WORKDAY(E2,F2-1) -> 46343 | L2: =NETWORKDAYS(G2,H2) -> 8 | M2: =L2-F2 -> -2 | N2: =IF(M2<0,"Lebih Cepat",IF(M2=0,"Tepat Waktu",IF(M2<=$T$2,"Terlambat Ringan","Terlambat Berat"))) -> Lebih Cepat | O2: =J2-I2 -> 16500000 | P2: =O2/I2 -> 0.20625 | Q2: =IF(P2>=$T$3,"Overbudget","Terkendali") -> Overbudget | S2: Toleransi keterlambatan (hari kerja) | T2: 3
A3: T-02 | B3: Perizinan | C3: Wahyu Syahputra | D3: Persiapan | E3: 46337 | F3: 15 | G3: 46344 | H3: 46367 | I3: 60000000 | J3: 73500000 | K3: =WORKDAY(E3,F3-1) -> 46357 | L3: =NETWORKDAYS(G3,H3) -> 18 | M3: =L3-F3 -> 3 | N3: =IF(M3<0,"Lebih Cepat",IF(M3=0,"Tepat Waktu",IF(M3<=$T$2,"Terlambat Ringan","Terlambat Berat"))) -> Terlambat Ringan | O3: =J3-I3 -> 13500000 | P3: =O3/I3 -> 0.225 | Q3: =IF(P3>=$T$3,"Overbudget","Terkendali") -> Overbudget | S3: Batas overbudget | T3: 0.1 | U3: Persen selisih biaya terhadap biaya rencana
A4: T-03 | B4: Desain gambar kerja | C4: Wahyu Syahputra | D4: Persiapan | E4: 46346 | F4: 5 | G4: 46351 | H4: 46365 | I4: 30000000 | J4: 35500000 | K4: =WORKDAY(E4,F4-1) -> 46352 | L4: =NETWORKDAYS(G4,H4) -> 11 | M4: =L4-F4 -> 6 | N4: =IF(M4<0,"Lebih Cepat",IF(M4=0,"Tepat Waktu",IF(M4<=$T$2,"Terlambat Ringan","Terlambat Berat"))) -> Terlambat Berat | O4: =J4-I4 -> 5500000 | P4: =O4/I4 -> 0.18333333 | Q4: =IF(P4>=$T$3,"Overbudget","Terkendali") -> Overbudget
A5: T-04 | B5: Pengadaan material | C5: Dimas Kurniawan | D5: Persiapan | E5: 46350 | F5: 10 | G5: 46350 | H5: 46363 | I5: 45000000 | J5: 51500000 | K5: =WORKDAY(E5,F5-1) -> 46363 | L5: =NETWORKDAYS(G5,H5) -> 10 | M5: =L5-F5 -> 0 | N5: =IF(M5<0,"Lebih Cepat",IF(M5=0,"Tepat Waktu",IF(M5<=$T$2,"Terlambat Ringan","Terlambat Berat"))) -> Tepat Waktu | O5: =J5-I5 -> 6500000 | P5: =O5/I5 -> 0.14444444 | Q5: =IF(P5>=$T$3,"Overbudget","Terkendali") -> Overbudget
A6: T-05 | B6: Rekrut tenaga kerja | C6: Wahyu Syahputra | D6: Persiapan | E6: 46357 | F6: 6 | G6: 46360 | H6: 46372 | I6: 15000000 | J6: 18000000 | K6: =WORKDAY(E6,F6-1) -> 46364 | L6: =NETWORKDAYS(G6,H6) -> 9 | M6: =L6-F6 -> 3 | N6: =IF(M6<0,"Lebih Cepat",IF(M6=0,"Tepat Waktu",IF(M6<=$T$2,"Terlambat Ringan","Terlambat Berat"))) -> Terlambat Ringan | O6: =J6-I6 -> 3000000 | P6: =O6/I6 -> 0.2 | Q6: =IF(P6>=$T$3,"Overbudget","Terkendali") -> Overbudget
A7: T-06 | B7: Pondasi | C7: Dian Fauzi | D7: Pelaksanaan | E7: 46360 | F7: 3 | G7: 46365 | H7: 46371 | I7: 12000000 | J7: 12500000 | K7: =WORKDAY(E7,F7-1) -> 46364 | L7: =NETWORKDAYS(G7,H7) -> 5 | M7: =L7-F7 -> 2 | N7: =IF(M7<0,"Lebih Cepat",IF(M7=0,"Tepat Waktu",IF(M7<=$T$2,"Terlambat Ringan","Terlambat Berat"))) -> Terlambat Ringan | O7: =J7-I7 -> 500000 | P7: =O7/I7 -> 0.041666667 | Q7: =IF(P7>=$T$3,"Overbudget","Terkendali") -> Terkendali
A8: T-07 | B8: Struktur lantai 1 | C8: Maman Purnomo | D8: Pelaksanaan | E8: 46365 | F8: 12 | G8: 46370 | H8: 46388 | I8: 80000000 | J8: 84000000 | K8: =WORKDAY(E8,F8-1) -> 46380 | L8: =NETWORKDAYS(G8,H8) -> 15 | M8: =L8-F8 -> 3 | N8: =IF(M8<0,"Lebih Cepat",IF(M8=0,"Tepat Waktu",IF(M8<=$T$2,"Terlambat Ringan","Terlambat Berat"))) -> Terlambat Ringan | O8: =J8-I8 -> 4000000 | P8: =O8/I8 -> 0.05 | Q8: =IF(P8>=$T$3,"Overbudget","Terkendali") -> Terkendali
A9: T-08 | B9: Struktur lantai 2 | C9: Wahyu Syahputra | D9: Pelaksanaan | E9: 46377 | F9: 15 | G9: 46377 | H9: 46400 | I9: 80000000 | J9: 88500000 | K9: =WORKDAY(E9,F9-1) -> 46395 | L9: =NETWORKDAYS(G9,H9) -> 18 | M9: =L9-F9 -> 3 | N9: =IF(M9<0,"Lebih Cepat",IF(M9=0,"Tepat Waktu",IF(M9<=$T$2,"Terlambat Ringan","Terlambat Berat"))) -> Terlambat Ringan | O9: =J9-I9 -> 8500000 | P9: =O9/I9 -> 0.10625 | Q9: =IF(P9>=$T$3,"Overbudget","Terkendali") -> Overbudget
A10: T-09 | B10: Dinding dan plesteran | C10: Dimas Kurniawan | D10: Pelaksanaan | E10: 46388 | F10: 4 | G10: 46388 | H10: 46401 | I10: 80000000 | J10: 85000000 | K10: =WORKDAY(E10,F10-1) -> 46393 | L10: =NETWORKDAYS(G10,H10) -> 10 | M10: =L10-F10 -> 6 | N10: =IF(M10<0,"Lebih Cepat",IF(M10=0,"Tepat Waktu",IF(M10<=$T$2,"Terlambat Ringan","Terlambat Berat"))) -> Terlambat Berat | O10: =J10-I10 -> 5000000 | P10: =O10/I10 -> 0.0625 | Q10: =IF(P10>=$T$3,"Overbudget","Terkendali") -> Terkendali
A11: T-10 | B11: Atap | C11: Mulyadi Nugroho | D11: Pelaksanaan | E11: 46394 | F11: 5 | G11: 46399 | H11: 46408 | I11: 20000000 | J11: 19500000 | K11: =WORKDAY(E11,F11-1) -> 46400 | L11: =NETWORKDAYS(G11,H11) -> 8 | M11: =L11-F11 -> 3 | N11: =IF(M11<0,"Lebih Cepat",IF(M11=0,"Tepat Waktu",IF(M11<=$T$2,"Terlambat Ringan","Terlambat Berat"))) -> Terlambat Ringan | O11: =J11-I11 -> -500000 | P11: =O11/I11 -> -0.025 | Q11: =IF(P11>=$T$3,"Overbudget","Terkendali") -> Terkendali
A12: T-11 | B12: Instalasi listrik | C12: Dian Fauzi | D12: Pelaksanaan | E12: 46398 | F12: 3 | G12: 46405 | H12: 46407 | I12: 20000000 | J12: 22500000 | K12: =WORKDAY(E12,F12-1) -> 46400 | L12: =NETWORKDAYS(G12,H12) -> 3 | M12: =L12-F12 -> 0 | N12: =IF(M12<0,"Lebih Cepat",IF(M12=0,"Tepat Waktu",IF(M12<=$T$2,"Terlambat Ringan","Terlambat Berat"))) -> Tepat Waktu | O12: =J12-I12 -> 2500000 | P12: =O12/I12 -> 0.125 | Q12: =IF(P12>=$T$3,"Overbudget","Terkendali") -> Overbudget
A13: T-12 | B13: Instalasi air | C13: Dimas Kurniawan | D13: Pelaksanaan | E13: 46399 | F13: 4 | G13: 46400 | H13: 46405 | I13: 80000000 | J13: 77000000 | K13: =WORKDAY(E13,F13-1) -> 46402 | L13: =NETWORKDAYS(G13,H13) -> 4 | M13: =L13-F13 -> 0 | N13: =IF(M13<0,"Lebih Cepat",IF(M13=0,"Tepat Waktu",IF(M13<=$T$2,"Terlambat Ringan","Terlambat Berat"))) -> Tepat Waktu | O13: =J13-I13 -> -3000000 | P13: =O13/I13 -> -0.0375 | Q13: =IF(P13>=$T$3,"Overbudget","Terkendali") -> Terkendali
A14: T-13 | B14: Plafon | C14: Dimas Kurniawan | D14: Pelaksanaan | E14: 46401 | F14: 3 | G14: 46405 | H14: 46409 | I14: 45000000 | J14: 53500000 | K14: =WORKDAY(E14,F14-1) -> 46405 | L14: =NETWORKDAYS(G14,H14) -> 5 | M14: =L14-F14 -> 2 | N14: =IF(M14<0,"Lebih Cepat",IF(M14=0,"Tepat Waktu",IF(M14<=$T$2,"Terlambat Ringan","Terlambat Berat"))) -> Terlambat Ringan | O14: =J14-I14 -> 8500000 | P14: =O14/I14 -> 0.18888889 | Q14: =IF(P14>=$T$3,"Overbudget","Terkendali") -> Overbudget
A15: T-14 | B15: Keramik lantai | C15: Maman Purnomo | D15: Pelaksanaan | E15: 46402 | F15: 3 | G15: 46402 | H15: 46406 | I15: 15000000 | J15: 18500000 | K15: =WORKDAY(E15,F15-1) -> 46406 | L15: =NETWORKDAYS(G15,H15) -> 3 | M15: =L15-F15 -> 0 | N15: =IF(M15<0,"Lebih Cepat",IF(M15=0,"Tepat Waktu",IF(M15<=$T$2,"Terlambat Ringan","Terlambat Berat"))) -> Tepat Waktu | O15: =J15-I15 -> 3500000 | P15: =O15/I15 -> 0.23333333 | Q15: =IF(P15>=$T$3,"Overbudget","Terkendali") -> Overbudget
... A21: T-20 | B21: Serah terima | C21: Wahyu Syahputra | D21: Penutupan | E21: 46440 | F21: 12 | G21: 46442 | H21: 46458 | I21: 60000000 | J21: 69500000 | K21: =WORKDAY(E21,F21-1) -> 46455 | L21: =NETWORKDAYS(G21,H21) -> 13 | M21: =L21-F21 -> 1 | N21: =IF(M21<0,"Lebih Cepat",IF(M21=0,"Tepat Waktu",IF(M21<=$T$2,"Terlambat Ringan","Terlambat Berat"))) -> Terlambat Ringan | O21: =J21-I21 -> 9500000 | P21: =O21/I21 -> 0.15833333 | Q21: =IF(P21>=$T$3,"Overbudget","Terkendali") -> Overbudget

Sheet Acuan
A1: Fase | B1: Jumlah Tugas | C1: Total Biaya Rencana | D1: Total Biaya Aktual | E1: Persen Selisih Fase
A2: Persiapan | B2: =COUNTIF(Data!$D$2:$D$21,A2) -> 5 | C2: =SUMIF(Data!$D$2:$D$21,A2,Data!$I$2:$I$21) -> 230000000 | D2: =SUMIF(Data!$D$2:$D$21,A2,Data!$J$2:$J$21) -> 275000000 | E2: =(D2-C2)/C2 -> 0.19565217
A3: Pelaksanaan | B3: =COUNTIF(Data!$D$2:$D$21,A3) -> 10 | C3: =SUMIF(Data!$D$2:$D$21,A3,Data!$I$2:$I$21) -> 477000000 | D3: =SUMIF(Data!$D$2:$D$21,A3,Data!$J$2:$J$21) -> 512000000 | E3: =(D3-C3)/C3 -> 0.073375262
A4: Penutupan | B4: =COUNTIF(Data!$D$2:$D$21,A4) -> 5 | C4: =SUMIF(Data!$D$2:$D$21,A4,Data!$I$2:$I$21) -> 137000000 | D4: =SUMIF(Data!$D$2:$D$21,A4,Data!$J$2:$J$21) -> 153000000 | E4: =(D4-C4)/C4 -> 0.11678832

Sheet Ringkasan
A1: Ringkasan: lembar jawaban soal berjenis ringkasan
A2: Sel hijau berisi rumus kunci.
A3: No | B3: Pertanyaan | C3: Jawaban | D3: Contoh format hasil
A4: 12a | B4: Total biaya rencana | C4: =SUM(Data!$I$2:$I$21) -> 844000000 | D4: Rupiah, mis. Rp 500.000.000
A5: 12b | B5: Total biaya aktual | C5: =SUM(Data!$J$2:$J$21) -> 940000000 | D5: Rupiah, mis. Rp 520.000.000
A6: 12c | B6: Selisih total biaya | C6: =C5-C4 -> 96000000 | D6: Rupiah, mis. Rp 20.000.000
A7: 12d | B7: Persen selisih total biaya | C7: =(C5-C4)/C4 -> 0.11374408 | D7: Persen, mis. 4,5%
A8: 13a | B8: Tugas Lebih Cepat | C8: =COUNTIF(Data!$N$2:$N$21,"Lebih Cepat") -> 3 | D8: Angka bulat, mis. 4
A9: 13b | B9: Tugas Tepat Waktu | C9: =COUNTIF(Data!$N$2:$N$21,"Tepat Waktu") -> 5 | D9: Angka bulat, mis. 8
A10: 13c | B10: Tugas terlambat (ringan dan berat) | C10: =COUNTIF(Data!$N$2:$N$21,"Terlambat Ringan")+COUNTIF(Data!$N$2:$N$21,"Terlambat Berat") -> 12 | D10: Angka bulat, mis. 11
A11: 14a | B11: Tugas dengan selisih durasi terbesar | C11: =INDEX(Data!$B$2:$B$21,MATCH(MAX(Data!$M$2:$M$21),Data!$M$2:$M$21,0)) -> Pemeriksaan akhir | D11: Teks: nama tugas
A12: 14b | B12: Fase dengan persen selisih biaya terbesar | C12: =INDEX(Acuan!$A$2:$A$4,MATCH(MAX(Acuan!$E$2:$E$4),Acuan!$E$2:$E$4,0)) -> Persiapan | D12: Teks: nama fase
A13: 15a | B13: Mulai aktual paling awal | C13: =MIN(Data!$G$2:$G$21) -> 46332 | D13: Tanggal, mis. 14/10/2026
A14: 15b | B14: Selesai aktual paling akhir | C14: =MAX(Data!$H$2:$H$21) -> 46458 | D14: Tanggal, mis. 14/10/2026
A15: 15c | B15: Total hari kerja aktual | C15: =SUM(Data!$L$2:$L$21) -> 195 | D15: Angka bulat, mis. 250
A16: 16a | B16: Tugas Pelaksanaan yang Overbudget | C16: =COUNTIFS(Data!$D$2:$D$21,"Pelaksanaan",Data!$Q$2:$Q$21,"Overbudget") -> 5 | D16: Angka bulat, mis. 4
A17: 16b | B17: Total selisih durasi tugas Dimas Kurniawan | C17: =SUMIF(Data!$C$2:$C$21,"Dimas Kurniawan",Data!$M$2:$M$21) -> 6 | D17: Angka bulat, mis. 9
