Workbook

Sheet Petunjuk
A1: Kunci Jawaban: Rekap Donasi Kegiatan Sosial
A2: Latihan 42 dari 56 | Tingkat: Pemula | Perkiraan waktu: 35 menit | pushexcel.github.io/Pushexcel
A4: Skenario
A5: Kamu bendahara panitia bakti sosial Warga Peduli. Selama September sampai Oktober 2026 masuk 28 donasi dari perorangan. perusahaan. dan komunitas lewat transfer. tunai. atau QRIS. Donasi lewat QRIS dikenai biaya admin 0.7 persen. Donasi sama dengan atau di atas Rp 1.000.000 masuk kategori Besar. di atas atau sama dengan Rp 250.000 kategori Sedang. selain itu Kecil. Perusahaan dan donasi kategori Besar mendapat piagam. donatur lain mendapat ucapan terima kasih. Target dana kegiatan Rp 29.000.000.
A7: Cara memakai kunci
A8: 1. | B8: Sel hijau berisi rumus kunci yang sudah dihitung. Klik sel untuk melihat rumusnya.
A9: 2. | B9: Kolom Rumus kunci di bawah menampilkan rumus untuk baris pertama atau tiap sel jawaban.
A10: 3. | B10: Rumus ditulis dengan titik koma (;). Ganti dengan koma (,) bila Excel kamu berbahasa Inggris.
A11: 4. | B11: Jawaban lain yang benar secara logika juga boleh, selama hasilnya sama.
A13: Arti warna
B14: Judul kolom data yang sudah diberikan
B15: Judul kolom hasil hitung
B16: Sel berisi rumus kunci
B17: Angka berwarna biru pada blok Parameter = nilai tetap yang boleh dirujuk
A19: Daftar soal
A20: No | B20: Soal | C20: Jawab di | D20: Rumus kunci
A21: 1 | B21: Hitung biaya admin: donasi lewat QRIS dikenai persen biaya QRIS dari jumlah donasi, dibulatkan ke rupiah. Metode lain 0. | C21: Sheet Data, kolom G (Biaya Admin), baris 2 sampai 29 | D21: =IF(E2="QRIS";ROUND(F2*$M$2;0);0)
A22: 2 | B22: Hitung donasi bersih: jumlah donasi dikurangi biaya admin. | C22: Sheet Data, kolom H (Donasi Bersih), baris 2 sampai 29 | D22: =F2-G2
A23: 3 | B23: Tentukan kategori: Besar bila sama dengan atau di atas batas Besar, Sedang bila sama dengan atau di atas batas Sedang, selain itu Kecil. | C23: Sheet Data, kolom I (Kategori Donasi), baris 2 sampai 29 | D23: =IF(F2>=$M$3;"Besar";IF(F2>=$M$4;"Sedang";"Kecil"))
A24: 4 | B24: Beri Piagam bila donatur berjenis Perusahaan atau kategori donasinya Besar. Selain itu Ucapan. | C24: Sheet Data, kolom J (Penghargaan), baris 2 sampai 29 | D24: =IF(OR(D2="Perusahaan";I2="Besar");"Piagam";"Ucapan")
A25: 5 | B25: Pada sheet Acuan, hitung jumlah donasi (baris) untuk tiap jenis donatur. | C25: Sheet Acuan, kolom B (Jumlah Donatur), baris 2 sampai 4 | D25: =COUNTIF(Data!$D$2:$D$29;A2)
A26: 6 | B26: Pada sheet Acuan, hitung total donasi bersih tiap jenis donatur. | C26: Sheet Acuan, kolom C (Total Donasi Bersih), baris 2 sampai 4 | D26: =SUMIF(Data!$D$2:$D$29;A2;Data!$H$2:$H$29)
A27: 7 | B27: Pada sheet Acuan, hitung rata-rata jumlah donasi tiap jenis donatur. | C27: Sheet Acuan, kolom D (Rata-rata Donasi), baris 2 sampai 4 | D27: =AVERAGEIF(Data!$D$2:$D$29;A2;Data!$F$2:$F$29)
A28: 8 | B28: Berapa total jumlah donasi, total biaya admin, dan total donasi bersih? | C28: Sheet Ringkasan, sel C4 sampai C6 | D28: =SUM(Data!$F$2:$F$29) =SUM(Data!$G$2:$G$29) =SUM(Data!$H$2:$H$29)
A29: 9 | B29: Berapa persen dana yang terkumpul (donasi bersih) terhadap target dana, dan berapa kekurangannya? | C29: Sheet Ringkasan, sel C7 sampai C8 | D29: =C6/Data!$M$5 =Data!$M$5-C6
A30: 10 | B30: Berapa donasi yang masuk lewat QRIS, dan berapa penerima piagam? | C30: Sheet Ringkasan, sel C9 sampai C10 | D30: =COUNTIF(Data!$E$2:$E$29;"QRIS") =COUNTIF(Data!$J$2:$J$29;"Piagam")
A31: 11 | B31: Siapa donatur dengan donasi terbesar, dan jenis donatur mana yang total donasi bersihnya terbesar? | C31: Sheet Ringkasan, sel C11 sampai C12 | D31: =INDEX(Data!$C$2:$C$29;MATCH(MAX(Data!$F$2:$F$29);Data!$F$2:$F$29;0)) =INDEX(Acuan!$A$2:$A$4;MATCH(MAX(Acuan!$C$2:$C$4);Acuan!$C$2:$C$4;0))
A32: 12 | B32: Berapa total donasi tunai, dan berapa donasi perorangan yang masuk kategori Kecil? | C32: Sheet Ringkasan, sel C13 sampai C14 | D32: =SUMIF(Data!$E$2:$E$29;"Tunai";Data!$F$2:$F$29) =COUNTIFS(Data!$D$2:$D$29;"Perorangan";Data!$I$2:$I$29;"Kecil")

Sheet Data
A1: No | B1: Tanggal | C1: Donatur | D1: Jenis Donatur | E1: Metode | F1: Jumlah Donasi | G1: Biaya Admin | H1: Donasi Bersih | I1: Kategori Donasi | J1: Penghargaan | L1: Parameter | M1: Nilai | N1: Keterangan
A2: 1 | B2: 46266 | C2: CV Maju Bersama | D2: Perusahaan | E2: Tunai | F2: 2500000 | G2: =IF(E2="QRIS",ROUND(F2*$M$2,0),0) -> 0 | H2: =F2-G2 -> 2500000 | I2: =IF(F2>=$M$3,"Besar",IF(F2>=$M$4,"Sedang","Kecil")) -> Besar | J2: =IF(OR(D2="Perusahaan",I2="Besar"),"Piagam","Ucapan") -> Piagam | L2: Biaya QRIS | M2: 0.007
A3: 2 | B3: 46269 | C3: Joko Handayani | D3: Perorangan | E3: Tunai | F3: 300000 | G3: =IF(E3="QRIS",ROUND(F3*$M$2,0),0) -> 0 | H3: =F3-G3 -> 300000 | I3: =IF(F3>=$M$3,"Besar",IF(F3>=$M$4,"Sedang","Kecil")) -> Sedang | J3: =IF(OR(D3="Perusahaan",I3="Besar"),"Piagam","Ucapan") -> Ucapan | L3: Batas Besar | M3: 1000000
A4: 3 | B4: 46270 | C4: Vina Susanto | D4: Perorangan | E4: Tunai | F4: 150000 | G4: =IF(E4="QRIS",ROUND(F4*$M$2,0),0) -> 0 | H4: =F4-G4 -> 150000 | I4: =IF(F4>=$M$3,"Besar",IF(F4>=$M$4,"Sedang","Kecil")) -> Kecil | J4: =IF(OR(D4="Perusahaan",I4="Besar"),"Piagam","Ucapan") -> Ucapan | L4: Batas Sedang | M4: 250000
A5: 4 | B5: 46271 | C5: CV Maju Bersama | D5: Perusahaan | E5: Tunai | F5: 2500000 | G5: =IF(E5="QRIS",ROUND(F5*$M$2,0),0) -> 0 | H5: =F5-G5 -> 2500000 | I5: =IF(F5>=$M$3,"Besar",IF(F5>=$M$4,"Sedang","Kecil")) -> Besar | J5: =IF(OR(D5="Perusahaan",I5="Besar"),"Piagam","Ucapan") -> Piagam | L5: Target dana | M5: 29000000
A6: 5 | B6: 46272 | C6: Tika Hartono | D6: Perorangan | E6: QRIS | F6: 150000 | G6: =IF(E6="QRIS",ROUND(F6*$M$2,0),0) -> 1050 | H6: =F6-G6 -> 148950 | I6: =IF(F6>=$M$3,"Besar",IF(F6>=$M$4,"Sedang","Kecil")) -> Kecil | J6: =IF(OR(D6="Perusahaan",I6="Besar"),"Piagam","Ucapan") -> Ucapan
A7: 6 | B7: 46276 | C7: PT Karya Sentosa | D7: Perusahaan | E7: Transfer | F7: 1500000 | G7: =IF(E7="QRIS",ROUND(F7*$M$2,0),0) -> 0 | H7: =F7-G7 -> 1500000 | I7: =IF(F7>=$M$3,"Besar",IF(F7>=$M$4,"Sedang","Kecil")) -> Besar | J7: =IF(OR(D7="Perusahaan",I7="Besar"),"Piagam","Ucapan") -> Piagam
A8: 7 | B8: 46278 | C8: Vivi Wibowo | D8: Perorangan | E8: Transfer | F8: 50000 | G8: =IF(E8="QRIS",ROUND(F8*$M$2,0),0) -> 0 | H8: =F8-G8 -> 50000 | I8: =IF(F8>=$M$3,"Besar",IF(F8>=$M$4,"Sedang","Kecil")) -> Kecil | J8: =IF(OR(D8="Perusahaan",I8="Besar"),"Piagam","Ucapan") -> Ucapan
A9: 8 | B9: 46278 | C9: Ayu Kusuma | D9: Perorangan | E9: Tunai | F9: 500000 | G9: =IF(E9="QRIS",ROUND(F9*$M$2,0),0) -> 0 | H9: =F9-G9 -> 500000 | I9: =IF(F9>=$M$3,"Besar",IF(F9>=$M$4,"Sedang","Kecil")) -> Sedang | J9: =IF(OR(D9="Perusahaan",I9="Besar"),"Piagam","Ucapan") -> Ucapan
A10: 9 | B10: 46278 | C10: Sari Permana | D10: Perorangan | E10: Tunai | F10: 500000 | G10: =IF(E10="QRIS",ROUND(F10*$M$2,0),0) -> 0 | H10: =F10-G10 -> 500000 | I10: =IF(F10>=$M$3,"Besar",IF(F10>=$M$4,"Sedang","Kecil")) -> Sedang | J10: =IF(OR(D10="Perusahaan",I10="Besar"),"Piagam","Ucapan") -> Ucapan
A11: 10 | B11: 46280 | C11: Edi Santoso | D11: Perorangan | E11: Tunai | F11: 150000 | G11: =IF(E11="QRIS",ROUND(F11*$M$2,0),0) -> 0 | H11: =F11-G11 -> 150000 | I11: =IF(F11>=$M$3,"Besar",IF(F11>=$M$4,"Sedang","Kecil")) -> Kecil | J11: =IF(OR(D11="Perusahaan",I11="Besar"),"Piagam","Ucapan") -> Ucapan
A12: 11 | B12: 46281 | C12: PT Karya Sentosa | D12: Perusahaan | E12: Tunai | F12: 3000000 | G12: =IF(E12="QRIS",ROUND(F12*$M$2,0),0) -> 0 | H12: =F12-G12 -> 3000000 | I12: =IF(F12>=$M$3,"Besar",IF(F12>=$M$4,"Sedang","Kecil")) -> Besar | J12: =IF(OR(D12="Perusahaan",I12="Besar"),"Piagam","Ucapan") -> Piagam
A13: 12 | B13: 46281 | C13: Karang Taruna Tunas | D13: Komunitas | E13: Transfer | F13: 1250000 | G13: =IF(E13="QRIS",ROUND(F13*$M$2,0),0) -> 0 | H13: =F13-G13 -> 1250000 | I13: =IF(F13>=$M$3,"Besar",IF(F13>=$M$4,"Sedang","Kecil")) -> Besar | J13: =IF(OR(D13="Perusahaan",I13="Besar"),"Piagam","Ucapan") -> Piagam
A14: 13 | B14: 46282 | C14: PT Nusa Pangan | D14: Perusahaan | E14: QRIS | F14: 1000000 | G14: =IF(E14="QRIS",ROUND(F14*$M$2,0),0) -> 7000 | H14: =F14-G14 -> 993000 | I14: =IF(F14>=$M$3,"Besar",IF(F14>=$M$4,"Sedang","Kecil")) -> Besar | J14: =IF(OR(D14="Perusahaan",I14="Besar"),"Piagam","Ucapan") -> Piagam
A15: 14 | B15: 46283 | C15: Fajar Syahputra | D15: Perorangan | E15: Transfer | F15: 50000 | G15: =IF(E15="QRIS",ROUND(F15*$M$2,0),0) -> 0 | H15: =F15-G15 -> 50000 | I15: =IF(F15>=$M$3,"Besar",IF(F15>=$M$4,"Sedang","Kecil")) -> Kecil | J15: =IF(OR(D15="Perusahaan",I15="Besar"),"Piagam","Ucapan") -> Ucapan
A16: 15 | B16: 46284 | C16: Yuni Syahputra | D16: Perorangan | E16: Tunai | F16: 250000 | G16: =IF(E16="QRIS",ROUND(F16*$M$2,0),0) -> 0 | H16: =F16-G16 -> 250000 | I16: =IF(F16>=$M$3,"Besar",IF(F16>=$M$4,"Sedang","Kecil")) -> Sedang | J16: =IF(OR(D16="Perusahaan",I16="Besar"),"Piagam","Ucapan") -> Ucapan
A17: 16 | B17: 46284 | C17: Vina Setiawan | D17: Perorangan | E17: QRIS | F17: 250000 | G17: =IF(E17="QRIS",ROUND(F17*$M$2,0),0) -> 1750 | H17: =F17-G17 -> 248250 | I17: =IF(F17>=$M$3,"Besar",IF(F17>=$M$4,"Sedang","Kecil")) -> Sedang | J17: =IF(OR(D17="Perusahaan",I17="Besar"),"Piagam","Ucapan") -> Ucapan
... A29: 28 | B29: 46306 | C29: Toko Sumber Rejeki | D29: Perusahaan | E29: Tunai | F29: 2000000 | G29: =IF(E29="QRIS",ROUND(F29*$M$2,0),0) -> 0 | H29: =F29-G29 -> 2000000 | I29: =IF(F29>=$M$3,"Besar",IF(F29>=$M$4,"Sedang","Kecil")) -> Besar | J29: =IF(OR(D29="Perusahaan",I29="Besar"),"Piagam","Ucapan") -> Piagam

Sheet Acuan
A1: Jenis Donatur | B1: Jumlah Donatur | C1: Total Donasi Bersih | D1: Rata-rata Donasi
A2: Perorangan | B2: =COUNTIF(Data!$D$2:$D$29,A2) -> 15 | C2: =SUMIF(Data!$D$2:$D$29,A2,Data!$H$2:$H$29) -> 3395100 | D2: =AVERAGEIF(Data!$D$2:$D$29,A2,Data!$F$2:$F$29) -> 226666.67
A3: Perusahaan | B3: =COUNTIF(Data!$D$2:$D$29,A3) -> 8 | C3: =SUMIF(Data!$D$2:$D$29,A3,Data!$H$2:$H$29) -> 16493000 | D3: =AVERAGEIF(Data!$D$2:$D$29,A3,Data!$F$2:$F$29) -> 2062500
A4: Komunitas | B4: =COUNTIF(Data!$D$2:$D$29,A4) -> 5 | C4: =SUMIF(Data!$D$2:$D$29,A4,Data!$H$2:$H$29) -> 5234250 | D4: =AVERAGEIF(Data!$D$2:$D$29,A4,Data!$F$2:$F$29) -> 1050000

Sheet Ringkasan
A1: Ringkasan: lembar jawaban soal berjenis ringkasan
A2: Sel hijau berisi rumus kunci.
A3: No | B3: Pertanyaan | C3: Jawaban | D3: Contoh format hasil
A4: 8a | B4: Total jumlah donasi | C4: =SUM(Data!$F$2:$F$29) -> 25150000 | D4: Rupiah, mis. Rp 20.000.000
A5: 8b | B5: Total biaya admin | C5: =SUM(Data!$G$2:$G$29) -> 27650 | D5: Rupiah, mis. Rp 50.000
A6: 8c | B6: Total donasi bersih | C6: =SUM(Data!$H$2:$H$29) -> 25122350 | D6: Rupiah, mis. Rp 19.950.000
A7: 9a | B7: Persen capaian target | C7: =C6/Data!$M$5 -> 0.86628793 | D7: Persen, mis. 75,5%
A8: 9b | B8: Kekurangan dana | C8: =Data!$M$5-C6 -> 3877650 | D8: Rupiah, mis. Rp 5.000.000
A9: 10a | B9: Jumlah donasi lewat QRIS | C9: =COUNTIF(Data!$E$2:$E$29,"QRIS") -> 7 | D9: Angka bulat, mis. 8
A10: 10b | B10: Jumlah penerima piagam | C10: =COUNTIF(Data!$J$2:$J$29,"Piagam") -> 11 | D10: Angka bulat, mis. 9
A11: 11a | B11: Donatur dengan donasi terbesar | C11: =INDEX(Data!$C$2:$C$29,MATCH(MAX(Data!$F$2:$F$29),Data!$F$2:$F$29,0)) -> PT Karya Sentosa | D11: Teks: nama donatur
A12: 11b | B12: Jenis donatur dengan total bersih terbesar | C12: =INDEX(Acuan!$A$2:$A$4,MATCH(MAX(Acuan!$C$2:$C$4),Acuan!$C$2:$C$4,0)) -> Perusahaan | D12: Teks: jenis donatur
A13: 12a | B13: Total donasi tunai | C13: =SUMIF(Data!$E$2:$E$29,"Tunai",Data!$F$2:$F$29) -> 14850000 | D13: Rupiah, mis. Rp 3.000.000
A14: 12b | B14: Donasi perorangan kategori Kecil | C14: =COUNTIFS(Data!$D$2:$D$29,"Perorangan",Data!$I$2:$I$29,"Kecil") -> 9 | D14: Angka bulat, mis. 6
