Workbook

Sheet Petunjuk
A1: Kunci Jawaban: Rekap Tagihan Listrik, Air, dan Internet Kantor
A2: Latihan 27 dari 56 | Tingkat: Pemula | Perkiraan waktu: 35 menit | pushexcel.github.io/Pushexcel
A4: Skenario
A5: Kamu admin umum di kantor CV Mitra Sejahtera. Setiap bulan kantor membayar tagihan listrik, air, dan internet. Data tagihan 12 bulan terakhir sudah dicatat. Anggaran utilitas kantor adalah Rp 4.300.000 per bulan. Bulan yang tagihannya melebihi anggaran dianggap Boros. Kamu menyusun rekap untuk manajer keuangan.
A7: Cara memakai kunci
A8: 1. | B8: Sel hijau berisi rumus kunci yang sudah dihitung. Klik sel untuk melihat rumusnya.
A9: 2. | B9: Kolom Rumus kunci di bawah menampilkan rumus untuk baris pertama atau tiap sel jawaban.
A10: 3. | B10: Rumus ditulis dengan titik koma (;). Ganti dengan koma (,) bila Excel kamu berbahasa Inggris.
A11: 4. | B11: Jawaban lain yang benar secara logika juga boleh, selama hasilnya sama.
A13: Arti warna
B14: Judul kolom data yang sudah diberikan
B15: Judul kolom hasil hitung
B16: Sel berisi rumus kunci
B17: Angka berwarna biru pada blok Parameter = nilai tetap yang boleh dirujuk
A19: Daftar soal
A20: No | B20: Soal | C20: Jawab di | D20: Rumus kunci
A21: 1 | B21: Hitung total tagihan tiap bulan: listrik ditambah air ditambah internet. | C21: Sheet Data, kolom F (Total Tagihan), baris 2 sampai 13 | D21: =C2+D2+E2
A22: 2 | B22: Hitung berapa persen total tagihan terhadap anggaran bulanan. | C22: Sheet Data, kolom G (Persen Anggaran), baris 2 sampai 13 | D22: =F2/$L$2
A23: 3 | B23: Beri status Boros bila total tagihan lebih besar dari anggaran. Selain itu Hemat. | C23: Sheet Data, kolom H (Status), baris 2 sampai 13 | D23: =IF(F2>$L$2;"Boros";"Hemat")
A24: 4 | B24: Beri peringkat tagihan, peringkat 1 untuk tagihan terbesar. | C24: Sheet Data, kolom I (Peringkat), baris 2 sampai 13 | D24: =RANK(F2;$F$2:$F$13;0)
A25: 5 | B25: Berapa total tagihan listrik, air, dan internet selama 12 bulan? | C25: Sheet Ringkasan, sel C4 sampai C6 | D25: =SUM(Data!$C$2:$C$13) =SUM(Data!$D$2:$D$13) =SUM(Data!$E$2:$E$13)
A26: 6 | B26: Berapa total seluruh tagihan, dan berapa rata-rata tagihan per bulan? | C26: Sheet Ringkasan, sel C7 sampai C8 | D26: =SUM(Data!$F$2:$F$13) =AVERAGE(Data!$F$2:$F$13)
A27: 7 | B27: Berapa tagihan bulanan tertinggi dan terendah? | C27: Sheet Ringkasan, sel C9 sampai C10 | D27: =MAX(Data!$F$2:$F$13) =MIN(Data!$F$2:$F$13)
A28: 8 | B28: Pada bulan apa tagihan paling mahal, dan bulan apa paling murah? | C28: Sheet Ringkasan, sel C11 sampai C12 | D28: =INDEX(Data!$B$2:$B$13;MATCH(MAX(Data!$F$2:$F$13);Data!$F$2:$F$13;0)) =INDEX(Data!$B$2:$B$13;MATCH(MIN(Data!$F$2:$F$13);Data!$F$2:$F$13;0))
A29: 9 | B29: Berapa bulan yang berstatus Boros, dan berapa yang Hemat? | C29: Sheet Ringkasan, sel C13 sampai C14 | D29: =COUNTIF(Data!$H$2:$H$13;"Boros") =COUNTIF(Data!$H$2:$H$13;"Hemat")
A30: 10 | B30: Berapa persen tagihan listrik terhadap seluruh tagihan selama 12 bulan? | C30: Sheet Ringkasan, sel C15 | D30: =SUM(Data!$C$2:$C$13)/SUM(Data!$F$2:$F$13)
A31: 11 | B31: Berapa total tagihan pada bulan-bulan yang Boros, dan berapa kelebihannya dari anggaran secara keseluruhan? | C31: Sheet Ringkasan, sel C16 sampai C17 | D31: =SUMIF(Data!$H$2:$H$13;"Boros";Data!$F$2:$F$13) =C16-COUNTIF(Data!$H$2:$H$13;"Boros")*Data!$L$2

Sheet Data
A1: No | B1: Bulan | C1: Listrik | D1: Air | E1: Internet | F1: Total Tagihan | G1: Persen Anggaran | H1: Status | I1: Peringkat | K1: Parameter | L1: Nilai | M1: Keterangan
A2: 1 | B2: Oktober 2025 | C2: 2824000 | D2: 397000 | E2: 725000 | F2: =C2+D2+E2 -> 3946000 | G2: =F2/$L$2 -> 0.91767442 | H2: =IF(F2>$L$2,"Boros","Hemat") -> Hemat | I2: =RANK(F2,$F$2:$F$13,0) -> 8 | K2: Anggaran bulanan | L2: 4300000 | M2: Total tagihan di atas angka ini = Boros
A3: 2 | B3: November 2025 | C3: 3017000 | D3: 416000 | E3: 650000 | F3: =C3+D3+E3 -> 4083000 | G3: =F3/$L$2 -> 0.94953488 | H3: =IF(F3>$L$2,"Boros","Hemat") -> Hemat | I3: =RANK(F3,$F$2:$F$13,0) -> 7
A4: 3 | B4: Desember 2025 | C4: 3138000 | D4: 310000 | E4: 725000 | F4: =C4+D4+E4 -> 4173000 | G4: =F4/$L$2 -> 0.97046512 | H4: =IF(F4>$L$2,"Boros","Hemat") -> Hemat | I4: =RANK(F4,$F$2:$F$13,0) -> 5
A5: 4 | B5: Januari 2026 | C5: 3579000 | D5: 359000 | E5: 725000 | F5: =C5+D5+E5 -> 4663000 | G5: =F5/$L$2 -> 1.0844186 | H5: =IF(F5>$L$2,"Boros","Hemat") -> Boros | I5: =RANK(F5,$F$2:$F$13,0) -> 1
A6: 5 | B6: Februari 2026 | C6: 2741000 | D6: 409000 | E6: 650000 | F6: =C6+D6+E6 -> 3800000 | G6: =F6/$L$2 -> 0.88372093 | H6: =IF(F6>$L$2,"Boros","Hemat") -> Hemat | I6: =RANK(F6,$F$2:$F$13,0) -> 11
A7: 6 | B7: Maret 2026 | C7: 2857000 | D7: 338000 | E7: 725000 | F7: =C7+D7+E7 -> 3920000 | G7: =F7/$L$2 -> 0.91162791 | H7: =IF(F7>$L$2,"Boros","Hemat") -> Hemat | I7: =RANK(F7,$F$2:$F$13,0) -> 9
A8: 7 | B8: April 2026 | C8: 2758000 | D8: 386000 | E8: 650000 | F8: =C8+D8+E8 -> 3794000 | G8: =F8/$L$2 -> 0.88232558 | H8: =IF(F8>$L$2,"Boros","Hemat") -> Hemat | I8: =RANK(F8,$F$2:$F$13,0) -> 12
A9: 8 | B9: Mei 2026 | C9: 3373000 | D9: 335000 | E9: 650000 | F9: =C9+D9+E9 -> 4358000 | G9: =F9/$L$2 -> 1.0134884 | H9: =IF(F9>$L$2,"Boros","Hemat") -> Boros | I9: =RANK(F9,$F$2:$F$13,0) -> 4
A10: 9 | B10: Juni 2026 | C10: 2960000 | D10: 447000 | E10: 725000 | F10: =C10+D10+E10 -> 4132000 | G10: =F10/$L$2 -> 0.96093023 | H10: =IF(F10>$L$2,"Boros","Hemat") -> Hemat | I10: =RANK(F10,$F$2:$F$13,0) -> 6
A11: 10 | B11: Juli 2026 | C11: 3351000 | D11: 422000 | E11: 800000 | F11: =C11+D11+E11 -> 4573000 | G11: =F11/$L$2 -> 1.0634884 | H11: =IF(F11>$L$2,"Boros","Hemat") -> Boros | I11: =RANK(F11,$F$2:$F$13,0) -> 2
A12: 11 | B12: Agustus 2026 | C12: 2802000 | D12: 417000 | E12: 650000 | F12: =C12+D12+E12 -> 3869000 | G12: =F12/$L$2 -> 0.89976744 | H12: =IF(F12>$L$2,"Boros","Hemat") -> Hemat | I12: =RANK(F12,$F$2:$F$13,0) -> 10
A13: 12 | B13: September 2026 | C13: 3425000 | D13: 340000 | E13: 650000 | F13: =C13+D13+E13 -> 4415000 | G13: =F13/$L$2 -> 1.0267442 | H13: =IF(F13>$L$2,"Boros","Hemat") -> Boros | I13: =RANK(F13,$F$2:$F$13,0) -> 3

Sheet Ringkasan
A1: Ringkasan: lembar jawaban soal berjenis ringkasan
A2: Sel hijau berisi rumus kunci.
A3: No | B3: Pertanyaan | C3: Jawaban | D3: Contoh format hasil
A4: 5a | B4: Total tagihan listrik | C4: =SUM(Data!$C$2:$C$13) -> 36825000 | D4: Rupiah, mis. Rp 36.000.000
A5: 5b | B5: Total tagihan air | C5: =SUM(Data!$D$2:$D$13) -> 4576000 | D5: Rupiah, mis. Rp 4.500.000
A6: 5c | B6: Total tagihan internet | C6: =SUM(Data!$E$2:$E$13) -> 8325000 | D6: Rupiah, mis. Rp 8.000.000
A7: 6a | B7: Total seluruh tagihan 12 bulan | C7: =SUM(Data!$F$2:$F$13) -> 49726000 | D7: Rupiah, mis. Rp 48.000.000
A8: 6b | B8: Rata-rata tagihan per bulan | C8: =AVERAGE(Data!$F$2:$F$13) -> 4143833.3 | D8: Rupiah, mis. Rp 4.000.000
A9: 7a | B9: Tagihan bulanan tertinggi | C9: =MAX(Data!$F$2:$F$13) -> 4663000 | D9: Rupiah, mis. Rp 4.900.000
A10: 7b | B10: Tagihan bulanan terendah | C10: =MIN(Data!$F$2:$F$13) -> 3794000 | D10: Rupiah, mis. Rp 3.600.000
A11: 8a | B11: Bulan dengan tagihan termahal | C11: =INDEX(Data!$B$2:$B$13,MATCH(MAX(Data!$F$2:$F$13),Data!$F$2:$F$13,0)) -> Januari 2026 | D11: Teks: nama bulan dan tahun
A12: 8b | B12: Bulan dengan tagihan termurah | C12: =INDEX(Data!$B$2:$B$13,MATCH(MIN(Data!$F$2:$F$13),Data!$F$2:$F$13,0)) -> April 2026 | D12: Teks: nama bulan dan tahun
A13: 9a | B13: Jumlah bulan Boros | C13: =COUNTIF(Data!$H$2:$H$13,"Boros") -> 4 | D13: Angka bulat, mis. 6
A14: 9b | B14: Jumlah bulan Hemat | C14: =COUNTIF(Data!$H$2:$H$13,"Hemat") -> 8 | D14: Angka bulat, mis. 6
A15: 10 | B15: Persentase listrik terhadap total tagihan | C15: =SUM(Data!$C$2:$C$13)/SUM(Data!$F$2:$F$13) -> 0.74055826 | D15: Persen, mis. 75,5%
A16: 11a | B16: Total tagihan pada bulan Boros | C16: =SUMIF(Data!$H$2:$H$13,"Boros",Data!$F$2:$F$13) -> 18009000 | D16: Rupiah, mis. Rp 20.000.000
A17: 11b | B17: Total kelebihan dari anggaran | C17: =C16-COUNTIF(Data!$H$2:$H$13,"Boros")*Data!$L$2 -> 809000 | D17: Rupiah, mis. Rp 1.500.000
