Workbook

Sheet Petunjuk
A1: Kunci Jawaban: Rekap Pendaftaran dan Kehadiran Peserta Seminar
A2: Latihan 25 dari 56 | Tingkat: Pemula | Perkiraan waktu: 35 menit | pushexcel.github.io/Pushexcel
A4: Skenario
A5: Kamu admin panitia Seminar Literasi Digital UMKM yang diadakan 24 Oktober 2026. Ada 24 pendaftar. Tiket umum berharga Rp 150.000, mahasiswa mendapat potongan 50 persen, dan siapa pun yang mendaftar sampai 20 September 2026 mendapat diskon early bird 10 persen. Setelah acara, peserta yang hadir berhak atas sertifikat. Kamu menyusun rekap untuk ketua panitia.
A7: Cara memakai kunci
A8: 1. | B8: Sel hijau berisi rumus kunci yang sudah dihitung. Klik sel untuk melihat rumusnya.
A9: 2. | B9: Kolom Rumus kunci di bawah menampilkan rumus untuk baris pertama atau tiap sel jawaban.
A10: 3. | B10: Rumus ditulis dengan titik koma (;). Ganti dengan koma (,) bila Excel kamu berbahasa Inggris.
A11: 4. | B11: Jawaban lain yang benar secara logika juga boleh, selama hasilnya sama.
A13: Arti warna
B14: Judul kolom data yang sudah diberikan
B15: Judul kolom hasil hitung
B16: Sel berisi rumus kunci
B17: Angka berwarna biru pada blok Parameter = nilai tetap yang boleh dirujuk
A19: Daftar soal
A20: No | B20: Soal | C20: Jawab di | D20: Rumus kunci
A21: 1 | B21: Tentukan harga per tiket: mahasiswa membayar harga umum dikurangi diskon mahasiswa, kategori lain membayar harga umum. | C21: Sheet Data, kolom G (Harga per Tiket), baris 2 sampai 25 | D21: =IF(C2="Mahasiswa";$M$2*(1-$M$3);$M$2)
A22: 2 | B22: Beri label Early Bird bila Tanggal Daftar sama dengan atau sebelum batas early bird. Selain itu Reguler. | C22: Sheet Data, kolom H (Jenis Pendaftaran), baris 2 sampai 25 | D22: =IF(D2<=$M$4;"Early Bird";"Reguler")
A23: 3 | B23: Hitung total bayar: jumlah tiket dikali harga per tiket, lalu kurangi diskon early bird bila pendaftarnya Early Bird. Bulatkan ke rupiah. | C23: Sheet Data, kolom I (Total Bayar), baris 2 sampai 25 | D23: =ROUND(E2*G2*IF(H2="Early Bird";1-$M$5;1);0)
A24: 4 | B24: Peserta yang Hadir mendapat sertifikat (tulis Dapat), selain itu Tidak. | C24: Sheet Data, kolom J (Sertifikat), baris 2 sampai 25 | D24: =IF(F2="Hadir";"Dapat";"Tidak")
A25: 5 | B25: Berapa jumlah pendaftar, dan berapa total tiket yang terjual? | C25: Sheet Ringkasan, sel C4 sampai C5 | D25: =COUNTA(Data!$B$2:$B$25) =SUM(Data!$E$2:$E$25)
A26: 6 | B26: Berapa total pendapatan panitia dari seluruh pendaftar? | C26: Sheet Ringkasan, sel C6 | D26: =SUM(Data!$I$2:$I$25)
A27: 7 | B27: Berapa pendaftar yang Hadir, dan berapa yang Tidak Hadir? | C27: Sheet Ringkasan, sel C7 sampai C8 | D27: =COUNTIF(Data!$F$2:$F$25;"Hadir") =COUNTIF(Data!$F$2:$F$25;"Tidak Hadir")
A28: 8 | B28: Berapa persen pendaftar yang hadir? | C28: Sheet Ringkasan, sel C9 | D28: =COUNTIF(Data!$F$2:$F$25;"Hadir")/COUNTA(Data!$B$2:$B$25)
A29: 9 | B29: Pada sheet Acuan, hitung jumlah pendaftar untuk tiap kategori. | C29: Sheet Acuan, kolom B (Jumlah Peserta), baris 2 sampai 4 | D29: =COUNTIF(Data!$C$2:$C$25;A2)
A30: 10 | B30: Pada sheet Acuan, hitung total pendapatan dari tiap kategori. | C30: Sheet Acuan, kolom C (Total Pendapatan), baris 2 sampai 4 | D30: =SUMIF(Data!$C$2:$C$25;A2;Data!$I$2:$I$25)
A31: 11 | B31: Kategori mana yang menyumbang pendapatan terbesar? | C31: Sheet Ringkasan, sel C10 | D31: =INDEX(Acuan!$A$2:$A$4;MATCH(MAX(Acuan!$C$2:$C$4);Acuan!$C$2:$C$4;0))
A32: 12 | B32: Siapa pendaftar yang membayar paling besar, dan berapa rata-rata total bayar per pendaftar? | C32: Sheet Ringkasan, sel C11 sampai C12 | D32: =INDEX(Data!$B$2:$B$25;MATCH(MAX(Data!$I$2:$I$25);Data!$I$2:$I$25;0)) =AVERAGE(Data!$I$2:$I$25)

Sheet Data
A1: No | B1: Nama Peserta | C1: Kategori | D1: Tanggal Daftar | E1: Jumlah Tiket | F1: Kehadiran | G1: Harga per Tiket | H1: Jenis Pendaftaran | I1: Total Bayar | J1: Sertifikat | L1: Parameter | M1: Nilai | N1: Keterangan
A2: 1 | B2: Novi Santoso | C2: Mahasiswa | D2: 46268 | E2: 3 | F2: Hadir | G2: =IF(C2="Mahasiswa",$M$2*(1-$M$3),$M$2) -> 75000 | H2: =IF(D2<=$M$4,"Early Bird","Reguler") -> Early Bird | I2: =ROUND(E2*G2*IF(H2="Early Bird",1-$M$5,1),0) -> 202500 | J2: =IF(F2="Hadir","Dapat","Tidak") -> Dapat | L2: Harga tiket umum | M2: 150000
A3: 2 | B3: Utami Kusuma | C3: Mahasiswa | D3: 46271 | E3: 2 | F3: Hadir | G3: =IF(C3="Mahasiswa",$M$2*(1-$M$3),$M$2) -> 75000 | H3: =IF(D3<=$M$4,"Early Bird","Reguler") -> Early Bird | I3: =ROUND(E3*G3*IF(H3="Early Bird",1-$M$5,1),0) -> 135000 | J3: =IF(F3="Hadir","Dapat","Tidak") -> Dapat | L3: Diskon mahasiswa | M3: 0.5
A4: 3 | B4: Irfan Saputra | C4: Umum | D4: 46273 | E4: 2 | F4: Tidak Hadir | G4: =IF(C4="Mahasiswa",$M$2*(1-$M$3),$M$2) -> 150000 | H4: =IF(D4<=$M$4,"Early Bird","Reguler") -> Early Bird | I4: =ROUND(E4*G4*IF(H4="Early Bird",1-$M$5,1),0) -> 270000 | J4: =IF(F4="Hadir","Dapat","Tidak") -> Tidak | L4: Batas early bird | M4: 46285 | N4: Mendaftar pada tanggal ini atau sebelumnya = Early Bird
A5: 4 | B5: Lina Pratama | C5: Umum | D5: 46273 | E5: 2 | F5: Hadir | G5: =IF(C5="Mahasiswa",$M$2*(1-$M$3),$M$2) -> 150000 | H5: =IF(D5<=$M$4,"Early Bird","Reguler") -> Early Bird | I5: =ROUND(E5*G5*IF(H5="Early Bird",1-$M$5,1),0) -> 270000 | J5: =IF(F5="Hadir","Dapat","Tidak") -> Dapat | L5: Diskon early bird | M5: 0.1
A6: 5 | B6: Agus Handayani | C6: Umum | D6: 46274 | E6: 1 | F6: Tidak Hadir | G6: =IF(C6="Mahasiswa",$M$2*(1-$M$3),$M$2) -> 150000 | H6: =IF(D6<=$M$4,"Early Bird","Reguler") -> Early Bird | I6: =ROUND(E6*G6*IF(H6="Early Bird",1-$M$5,1),0) -> 135000 | J6: =IF(F6="Hadir","Dapat","Tidak") -> Tidak
A7: 6 | B7: Oki Kurniawan | C7: Umum | D7: 46277 | E7: 1 | F7: Hadir | G7: =IF(C7="Mahasiswa",$M$2*(1-$M$3),$M$2) -> 150000 | H7: =IF(D7<=$M$4,"Early Bird","Reguler") -> Early Bird | I7: =ROUND(E7*G7*IF(H7="Early Bird",1-$M$5,1),0) -> 135000 | J7: =IF(F7="Hadir","Dapat","Tidak") -> Dapat
A8: 7 | B8: Eko Handayani | C8: Mahasiswa | D8: 46278 | E8: 1 | F8: Hadir | G8: =IF(C8="Mahasiswa",$M$2*(1-$M$3),$M$2) -> 75000 | H8: =IF(D8<=$M$4,"Early Bird","Reguler") -> Early Bird | I8: =ROUND(E8*G8*IF(H8="Early Bird",1-$M$5,1),0) -> 67500 | J8: =IF(F8="Hadir","Dapat","Tidak") -> Dapat
A9: 8 | B9: Dian Lestari | C9: Mahasiswa | D9: 46279 | E9: 1 | F9: Hadir | G9: =IF(C9="Mahasiswa",$M$2*(1-$M$3),$M$2) -> 75000 | H9: =IF(D9<=$M$4,"Early Bird","Reguler") -> Early Bird | I9: =ROUND(E9*G9*IF(H9="Early Bird",1-$M$5,1),0) -> 67500 | J9: =IF(F9="Hadir","Dapat","Tidak") -> Dapat
A10: 9 | B10: Citra Lestari | C10: Pegawai | D10: 46281 | E10: 2 | F10: Hadir | G10: =IF(C10="Mahasiswa",$M$2*(1-$M$3),$M$2) -> 150000 | H10: =IF(D10<=$M$4,"Early Bird","Reguler") -> Early Bird | I10: =ROUND(E10*G10*IF(H10="Early Bird",1-$M$5,1),0) -> 270000 | J10: =IF(F10="Hadir","Dapat","Tidak") -> Dapat
A11: 10 | B11: Rizki Nugroho | C11: Mahasiswa | D11: 46283 | E11: 2 | F11: Hadir | G11: =IF(C11="Mahasiswa",$M$2*(1-$M$3),$M$2) -> 75000 | H11: =IF(D11<=$M$4,"Early Bird","Reguler") -> Early Bird | I11: =ROUND(E11*G11*IF(H11="Early Bird",1-$M$5,1),0) -> 135000 | J11: =IF(F11="Hadir","Dapat","Tidak") -> Dapat
A12: 11 | B12: Bambang Lestari | C12: Mahasiswa | D12: 46286 | E12: 2 | F12: Tidak Hadir | G12: =IF(C12="Mahasiswa",$M$2*(1-$M$3),$M$2) -> 75000 | H12: =IF(D12<=$M$4,"Early Bird","Reguler") -> Reguler | I12: =ROUND(E12*G12*IF(H12="Early Bird",1-$M$5,1),0) -> 150000 | J12: =IF(F12="Hadir","Dapat","Tidak") -> Tidak
A13: 12 | B13: Edi Wijaya | C13: Mahasiswa | D13: 46289 | E13: 1 | F13: Hadir | G13: =IF(C13="Mahasiswa",$M$2*(1-$M$3),$M$2) -> 75000 | H13: =IF(D13<=$M$4,"Early Bird","Reguler") -> Reguler | I13: =ROUND(E13*G13*IF(H13="Early Bird",1-$M$5,1),0) -> 75000 | J13: =IF(F13="Hadir","Dapat","Tidak") -> Dapat
A14: 13 | B14: Sari Pratama | C14: Mahasiswa | D14: 46291 | E14: 2 | F14: Hadir | G14: =IF(C14="Mahasiswa",$M$2*(1-$M$3),$M$2) -> 75000 | H14: =IF(D14<=$M$4,"Early Bird","Reguler") -> Reguler | I14: =ROUND(E14*G14*IF(H14="Early Bird",1-$M$5,1),0) -> 150000 | J14: =IF(F14="Hadir","Dapat","Tidak") -> Dapat
A15: 14 | B15: Novi Permana | C15: Umum | D15: 46294 | E15: 1 | F15: Hadir | G15: =IF(C15="Mahasiswa",$M$2*(1-$M$3),$M$2) -> 150000 | H15: =IF(D15<=$M$4,"Early Bird","Reguler") -> Reguler | I15: =ROUND(E15*G15*IF(H15="Early Bird",1-$M$5,1),0) -> 150000 | J15: =IF(F15="Hadir","Dapat","Tidak") -> Dapat
A16: 15 | B16: Eko Fauzi | C16: Umum | D16: 46294 | E16: 2 | F16: Tidak Hadir | G16: =IF(C16="Mahasiswa",$M$2*(1-$M$3),$M$2) -> 150000 | H16: =IF(D16<=$M$4,"Early Bird","Reguler") -> Reguler | I16: =ROUND(E16*G16*IF(H16="Early Bird",1-$M$5,1),0) -> 300000 | J16: =IF(F16="Hadir","Dapat","Tidak") -> Tidak
A17: 16 | B17: Mulyadi Fauzi | C17: Pegawai | D17: 46295 | E17: 1 | F17: Hadir | G17: =IF(C17="Mahasiswa",$M$2*(1-$M$3),$M$2) -> 150000 | H17: =IF(D17<=$M$4,"Early Bird","Reguler") -> Reguler | I17: =ROUND(E17*G17*IF(H17="Early Bird",1-$M$5,1),0) -> 150000 | J17: =IF(F17="Hadir","Dapat","Tidak") -> Dapat
... A25: 24 | B25: Hadi Syahputra | C25: Mahasiswa | D25: 46312 | E25: 1 | F25: Hadir | G25: =IF(C25="Mahasiswa",$M$2*(1-$M$3),$M$2) -> 75000 | H25: =IF(D25<=$M$4,"Early Bird","Reguler") -> Reguler | I25: =ROUND(E25*G25*IF(H25="Early Bird",1-$M$5,1),0) -> 75000 | J25: =IF(F25="Hadir","Dapat","Tidak") -> Dapat

Sheet Acuan
A1: Kategori | B1: Jumlah Peserta | C1: Total Pendapatan
A2: Umum | B2: =COUNTIF(Data!$C$2:$C$25,A2) -> 9 | C2: =SUMIF(Data!$C$2:$C$25,A2,Data!$I$2:$I$25) -> 1860000
A3: Mahasiswa | B3: =COUNTIF(Data!$C$2:$C$25,A3) -> 10 | C3: =SUMIF(Data!$C$2:$C$25,A3,Data!$I$2:$I$25) -> 1132500
A4: Pegawai | B4: =COUNTIF(Data!$C$2:$C$25,A4) -> 5 | C4: =SUMIF(Data!$C$2:$C$25,A4,Data!$I$2:$I$25) -> 870000

Sheet Ringkasan
A1: Ringkasan: lembar jawaban soal berjenis ringkasan
A2: Sel hijau berisi rumus kunci.
A3: No | B3: Pertanyaan | C3: Jawaban | D3: Contoh format hasil
A4: 5a | B4: Jumlah pendaftar | C4: =COUNTA(Data!$B$2:$B$25) -> 24 | D4: Angka bulat, mis. 30
A5: 5b | B5: Total tiket terjual | C5: =SUM(Data!$E$2:$E$25) -> 35 | D5: Angka bulat, mis. 40
A6: 6 | B6: Total pendapatan panitia | C6: =SUM(Data!$I$2:$I$25) -> 3862500 | D6: Rupiah, mis. Rp 4.500.000
A7: 7a | B7: Jumlah peserta hadir | C7: =COUNTIF(Data!$F$2:$F$25,"Hadir") -> 19 | D7: Angka bulat, mis. 17
A8: 7b | B8: Jumlah peserta tidak hadir | C8: =COUNTIF(Data!$F$2:$F$25,"Tidak Hadir") -> 5 | D8: Angka bulat, mis. 3
A9: 8 | B9: Persentase kehadiran | C9: =COUNTIF(Data!$F$2:$F$25,"Hadir")/COUNTA(Data!$B$2:$B$25) -> 0.79166667 | D9: Persen, mis. 85,5%
A10: 11 | B10: Kategori dengan pendapatan terbesar | C10: =INDEX(Acuan!$A$2:$A$4,MATCH(MAX(Acuan!$C$2:$C$4),Acuan!$C$2:$C$4,0)) -> Umum | D10: Teks: nama kategori
A11: 12a | B11: Pendaftar dengan total bayar terbesar | C11: =INDEX(Data!$B$2:$B$25,MATCH(MAX(Data!$I$2:$I$25),Data!$I$2:$I$25,0)) -> Eko Fauzi | D11: Teks: nama peserta
A12: 12b | B12: Rata-rata total bayar per pendaftar | C12: =AVERAGE(Data!$I$2:$I$25) -> 160937.5 | D12: Rupiah, mis. Rp 185.000
