Workbook

Sheet Petunjuk
A1: Kunci Jawaban: Tabungan Siswa: Setoran, Penarikan, dan Saldo
A2: Latihan 61 dari 40 | Tingkat: Pemula | Perkiraan waktu: 35 menit | pushexcel.github.io/Pushexcel
A4: Skenario
A5: Kamu pengurus koperasi sekolah SMP Harapan Bangsa yang mengelola tabungan 30 siswa kelas 7A, 7B, dan 7C. Tiap siswa punya saldo awal bulan Oktober 2026, setoran empat minggu, dan total penarikan sepanjang bulan. Saldo akhir adalah saldo awal ditambah total setoran dikurangi penarikan. Kategori saldo: Tinggi bila saldo akhir sama dengan atau lebih dari Rp 300.000, Sedang bila sama dengan atau lebih dari Rp 150.000, selain itu Rendah. Koperasi memberi bunga 0,5 persen dari saldo akhir. Angka tetap ada di blok Parameter.
A7: Cara memakai kunci
A8: 1. | B8: Sel hijau berisi rumus kunci yang sudah dihitung. Klik sel untuk melihat rumusnya.
A9: 2. | B9: Kolom Rumus kunci di bawah menampilkan rumus untuk baris pertama atau tiap sel jawaban.
A10: 3. | B10: Rumus ditulis dengan titik koma (;). Ganti dengan koma (,) bila Excel kamu berbahasa Inggris.
A11: 4. | B11: Jawaban lain yang benar secara logika juga boleh, selama hasilnya sama.
A13: Arti warna
B14: Judul kolom data yang sudah diberikan
B15: Judul kolom hasil hitung
B16: Sel berisi rumus kunci
B17: Angka berwarna biru pada blok Parameter = nilai tetap yang boleh dirujuk
A19: Daftar soal
A20: No | B20: Soal | C20: Jawab di | D20: Rumus kunci
A21: 1 | B21: Hitung total setoran empat minggu tiap siswa. | C21: Sheet Data, kolom J (Total Setoran), baris 2 sampai 31 | D21: =SUM(E2:H2)
A22: 2 | B22: Hitung berapa minggu siswa menabung, yaitu minggu yang setorannya lebih dari 0. | C22: Sheet Data, kolom K (Minggu Menabung), baris 2 sampai 31 | D22: =COUNTIF(E2:H2;">0")
A23: 3 | B23: Hitung saldo akhir: saldo awal ditambah total setoran, dikurangi penarikan. | C23: Sheet Data, kolom L (Saldo Akhir), baris 2 sampai 31 | D23: =D2+J2-I2
A24: 4 | B24: Beri kategori: Tinggi bila saldo akhir sama dengan atau lebih dari batas Tinggi, Sedang bila sama dengan atau lebih dari batas Sedang, selain itu Rendah. | C24: Sheet Data, kolom M (Kategori Saldo), baris 2 sampai 31 | D24: =IF(L2>=$Q$2;"Tinggi";IF(L2>=$Q$3;"Sedang";"Rendah"))
A25: 5 | B25: Hitung bunga tabungan: saldo akhir dikali persen bunga, dibulatkan ke rupiah. | C25: Sheet Data, kolom N (Bunga), baris 2 sampai 31 | D25: =ROUND(L2*$Q$4;0)
A26: 6 | B26: Pada sheet Acuan, hitung jumlah siswa tiap kelas. | C26: Sheet Acuan, kolom B (Jumlah Siswa), baris 2 sampai 4 | D26: =COUNTIF(Data!$C$2:$C$31;A2)
A27: 7 | B27: Pada sheet Acuan, hitung total saldo akhir tiap kelas. | C27: Sheet Acuan, kolom C (Total Saldo), baris 2 sampai 4 | D27: =SUMIF(Data!$C$2:$C$31;A2;Data!$L$2:$L$31)
A28: 8 | B28: Pada sheet Acuan, hitung rata-rata saldo akhir per siswa di tiap kelas. | C28: Sheet Acuan, kolom D (Rata-rata Saldo), baris 2 sampai 4 | D28: =AVERAGEIF(Data!$C$2:$C$31;A2;Data!$L$2:$L$31)
A29: 9 | B29: Berapa total setoran dan total penarikan seluruh siswa, dan berapa saldo akhir seluruh tabungan? | C29: Sheet Ringkasan, sel C4 sampai C6 | D29: =SUM(Data!$J$2:$J$31) =SUM(Data!$I$2:$I$31) =SUM(Data!$L$2:$L$31)
A30: 10 | B30: Berapa siswa berkategori Tinggi, Sedang, dan Rendah? | C30: Sheet Ringkasan, sel C7 sampai C9 | D30: =COUNTIF(Data!$M$2:$M$31;"Tinggi") =COUNTIF(Data!$M$2:$M$31;"Sedang") =COUNTIF(Data!$M$2:$M$31;"Rendah")
A31: 11 | B31: Siapa siswa dengan saldo akhir terbesar, dan kelas mana yang total saldonya terbesar? | C31: Sheet Ringkasan, sel C10 sampai C11 | D31: =INDEX(Data!$B$2:$B$31;MATCH(MAX(Data!$L$2:$L$31);Data!$L$2:$L$31;0)) =INDEX(Acuan!$A$2:$A$4;MATCH(MAX(Acuan!$C$2:$C$4);Acuan!$C$2:$C$4;0))

Sheet Data
A1: No | B1: Nama Siswa | C1: Kelas | D1: Saldo Awal | E1: Setoran Minggu 1 | F1: Setoran Minggu 2 | G1: Setoran Minggu 3 | H1: Setoran Minggu 4 | I1: Penarikan | J1: Total Setoran | K1: Minggu Menabung | L1: Saldo Akhir | M1: Kategori Saldo | N1: Bunga | P1: Parameter | Q1: Nilai | R1: Keterangan
A2: 1 | B2: Dimas Pratama | C2: 7A | D2: 250000 | E2: 50000 | F2: 15000 | G2: 10000 | H2: 10000 | I2: 25000 | J2: =SUM(E2:H2) -> 85000 | K2: =COUNTIF(E2:H2,">0") -> 4 | L2: =D2+J2-I2 -> 310000 | M2: =IF(L2>=$Q$2,"Tinggi",IF(L2>=$Q$3,"Sedang","Rendah")) -> Tinggi | N2: =ROUND(L2*$Q$4,0) -> 1550 | P2: Batas saldo Tinggi | Q2: 300000
A3: 2 | B3: Andi Amalia | C3: 7B | D3: 250000 | E3: 20000 | F3: 50000 | G3: 25000 | H3: 0 | I3: 10000 | J3: =SUM(E3:H3) -> 95000 | K3: =COUNTIF(E3:H3,">0") -> 3 | L3: =D3+J3-I3 -> 335000 | M3: =IF(L3>=$Q$2,"Tinggi",IF(L3>=$Q$3,"Sedang","Rendah")) -> Tinggi | N3: =ROUND(L3*$Q$4,0) -> 1675 | P3: Batas saldo Sedang | Q3: 150000
A4: 3 | B4: Tono Purnomo | C4: 7C | D4: 300000 | E4: 5000 | F4: 50000 | G4: 0 | H4: 0 | I4: 0 | J4: =SUM(E4:H4) -> 55000 | K4: =COUNTIF(E4:H4,">0") -> 2 | L4: =D4+J4-I4 -> 355000 | M4: =IF(L4>=$Q$2,"Tinggi",IF(L4>=$Q$3,"Sedang","Rendah")) -> Tinggi | N4: =ROUND(L4*$Q$4,0) -> 1775 | P4: Persen bunga | Q4: 0.005 | R4: Dari saldo akhir
A5: 4 | B5: Siti Setiawan | C5: 7A | D5: 20000 | E5: 10000 | F5: 25000 | G5: 20000 | H5: 25000 | I5: 0 | J5: =SUM(E5:H5) -> 80000 | K5: =COUNTIF(E5:H5,">0") -> 4 | L5: =D5+J5-I5 -> 100000 | M5: =IF(L5>=$Q$2,"Tinggi",IF(L5>=$Q$3,"Sedang","Rendah")) -> Rendah | N5: =ROUND(L5*$Q$4,0) -> 500
A6: 5 | B6: Vivi Syahputra | C6: 7B | D6: 300000 | E6: 10000 | F6: 0 | G6: 20000 | H6: 25000 | I6: 100000 | J6: =SUM(E6:H6) -> 55000 | K6: =COUNTIF(E6:H6,">0") -> 3 | L6: =D6+J6-I6 -> 255000 | M6: =IF(L6>=$Q$2,"Tinggi",IF(L6>=$Q$3,"Sedang","Rendah")) -> Sedang | N6: =ROUND(L6*$Q$4,0) -> 1275
A7: 6 | B7: Bayu Pratama | C7: 7C | D7: 100000 | E7: 15000 | F7: 30000 | G7: 25000 | H7: 15000 | I7: 20000 | J7: =SUM(E7:H7) -> 85000 | K7: =COUNTIF(E7:H7,">0") -> 4 | L7: =D7+J7-I7 -> 165000 | M7: =IF(L7>=$Q$2,"Tinggi",IF(L7>=$Q$3,"Sedang","Rendah")) -> Sedang | N7: =ROUND(L7*$Q$4,0) -> 825
A8: 7 | B8: Agus Hartono | C8: 7A | D8: 100000 | E8: 30000 | F8: 0 | G8: 0 | H8: 0 | I8: 25000 | J8: =SUM(E8:H8) -> 30000 | K8: =COUNTIF(E8:H8,">0") -> 1 | L8: =D8+J8-I8 -> 105000 | M8: =IF(L8>=$Q$2,"Tinggi",IF(L8>=$Q$3,"Sedang","Rendah")) -> Rendah | N8: =ROUND(L8*$Q$4,0) -> 525
A9: 8 | B9: Wawan Purnomo | C9: 7B | D9: 150000 | E9: 0 | F9: 0 | G9: 50000 | H9: 25000 | I9: 0 | J9: =SUM(E9:H9) -> 75000 | K9: =COUNTIF(E9:H9,">0") -> 2 | L9: =D9+J9-I9 -> 225000 | M9: =IF(L9>=$Q$2,"Tinggi",IF(L9>=$Q$3,"Sedang","Rendah")) -> Sedang | N9: =ROUND(L9*$Q$4,0) -> 1125
A10: 9 | B10: Prasetyo Permana | C10: 7C | D10: 300000 | E10: 30000 | F10: 30000 | G10: 10000 | H10: 25000 | I10: 20000 | J10: =SUM(E10:H10) -> 95000 | K10: =COUNTIF(E10:H10,">0") -> 4 | L10: =D10+J10-I10 -> 375000 | M10: =IF(L10>=$Q$2,"Tinggi",IF(L10>=$Q$3,"Sedang","Rendah")) -> Tinggi | N10: =ROUND(L10*$Q$4,0) -> 1875
A11: 10 | B11: Citra Suryani | C11: 7A | D11: 50000 | E11: 10000 | F11: 10000 | G11: 10000 | H11: 25000 | I11: 75000 | J11: =SUM(E11:H11) -> 55000 | K11: =COUNTIF(E11:H11,">0") -> 4 | L11: =D11+J11-I11 -> 30000 | M11: =IF(L11>=$Q$2,"Tinggi",IF(L11>=$Q$3,"Sedang","Rendah")) -> Rendah | N11: =ROUND(L11*$Q$4,0) -> 150
A12: 11 | B12: Intan Hartono | C12: 7B | D12: 300000 | E12: 30000 | F12: 20000 | G12: 50000 | H12: 50000 | I12: 20000 | J12: =SUM(E12:H12) -> 150000 | K12: =COUNTIF(E12:H12,">0") -> 4 | L12: =D12+J12-I12 -> 430000 | M12: =IF(L12>=$Q$2,"Tinggi",IF(L12>=$Q$3,"Sedang","Rendah")) -> Tinggi | N12: =ROUND(L12*$Q$4,0) -> 2150
A13: 12 | B13: Putri Anggraini | C13: 7C | D13: 200000 | E13: 50000 | F13: 0 | G13: 0 | H13: 20000 | I13: 20000 | J13: =SUM(E13:H13) -> 70000 | K13: =COUNTIF(E13:H13,">0") -> 2 | L13: =D13+J13-I13 -> 250000 | M13: =IF(L13>=$Q$2,"Tinggi",IF(L13>=$Q$3,"Sedang","Rendah")) -> Sedang | N13: =ROUND(L13*$Q$4,0) -> 1250
A14: 13 | B14: Wawan Suryani | C14: 7A | D14: 250000 | E14: 25000 | F14: 10000 | G14: 0 | H14: 15000 | I14: 50000 | J14: =SUM(E14:H14) -> 50000 | K14: =COUNTIF(E14:H14,">0") -> 3 | L14: =D14+J14-I14 -> 250000 | M14: =IF(L14>=$Q$2,"Tinggi",IF(L14>=$Q$3,"Sedang","Rendah")) -> Sedang | N14: =ROUND(L14*$Q$4,0) -> 1250
A15: 14 | B15: Lina Rahayu | C15: 7B | D15: 250000 | E15: 20000 | F15: 25000 | G15: 30000 | H15: 0 | I15: 25000 | J15: =SUM(E15:H15) -> 75000 | K15: =COUNTIF(E15:H15,">0") -> 3 | L15: =D15+J15-I15 -> 300000 | M15: =IF(L15>=$Q$2,"Tinggi",IF(L15>=$Q$3,"Sedang","Rendah")) -> Tinggi | N15: =ROUND(L15*$Q$4,0) -> 1500
A16: 15 | B16: Eka Hartono | C16: 7C | D16: 50000 | E16: 20000 | F16: 10000 | G16: 20000 | H16: 25000 | I16: 10000 | J16: =SUM(E16:H16) -> 75000 | K16: =COUNTIF(E16:H16,">0") -> 4 | L16: =D16+J16-I16 -> 115000 | M16: =IF(L16>=$Q$2,"Tinggi",IF(L16>=$Q$3,"Sedang","Rendah")) -> Rendah | N16: =ROUND(L16*$Q$4,0) -> 575
... A31: 30 | B31: Ahmad Wijaya | C31: 7C | D31: 300000 | E31: 5000 | F31: 5000 | G31: 0 | H31: 10000 | I31: 25000 | J31: =SUM(E31:H31) -> 20000 | K31: =COUNTIF(E31:H31,">0") -> 3 | L31: =D31+J31-I31 -> 295000 | M31: =IF(L31>=$Q$2,"Tinggi",IF(L31>=$Q$3,"Sedang","Rendah")) -> Sedang | N31: =ROUND(L31*$Q$4,0) -> 1475

Sheet Acuan
A1: Kelas | B1: Jumlah Siswa | C1: Total Saldo | D1: Rata-rata Saldo
A2: 7A | B2: =COUNTIF(Data!$C$2:$C$31,A2) -> 10 | C2: =SUMIF(Data!$C$2:$C$31,A2,Data!$L$2:$L$31) -> 1505000 | D2: =AVERAGEIF(Data!$C$2:$C$31,A2,Data!$L$2:$L$31) -> 150500
A3: 7B | B3: =COUNTIF(Data!$C$2:$C$31,A3) -> 10 | C3: =SUMIF(Data!$C$2:$C$31,A3,Data!$L$2:$L$31) -> 2560000 | D3: =AVERAGEIF(Data!$C$2:$C$31,A3,Data!$L$2:$L$31) -> 256000
A4: 7C | B4: =COUNTIF(Data!$C$2:$C$31,A4) -> 10 | C4: =SUMIF(Data!$C$2:$C$31,A4,Data!$L$2:$L$31) -> 2205000 | D4: =AVERAGEIF(Data!$C$2:$C$31,A4,Data!$L$2:$L$31) -> 220500

Sheet Ringkasan
A1: Ringkasan: lembar jawaban soal berjenis ringkasan
A2: Sel hijau berisi rumus kunci.
A3: No | B3: Pertanyaan | C3: Jawaban | D3: Contoh format hasil
A4: 9a | B4: Total setoran seluruh siswa | C4: =SUM(Data!$J$2:$J$31) -> 1905000 | D4: Rupiah, mis. Rp 1.500.000
A5: 9b | B5: Total penarikan seluruh siswa | C5: =SUM(Data!$I$2:$I$31) -> 915000 | D5: Rupiah, mis. Rp 500.000
A6: 9c | B6: Total saldo akhir seluruh siswa | C6: =SUM(Data!$L$2:$L$31) -> 6270000 | D6: Rupiah, mis. Rp 6.000.000
A7: 10a | B7: Siswa kategori Tinggi | C7: =COUNTIF(Data!$M$2:$M$31,"Tinggi") -> 6 | D7: Angka bulat, mis. 8
A8: 10b | B8: Siswa kategori Sedang | C8: =COUNTIF(Data!$M$2:$M$31,"Sedang") -> 15 | D8: Angka bulat, mis. 12
A9: 10c | B9: Siswa kategori Rendah | C9: =COUNTIF(Data!$M$2:$M$31,"Rendah") -> 9 | D9: Angka bulat, mis. 10
A10: 11a | B10: Siswa dengan saldo terbesar | C10: =INDEX(Data!$B$2:$B$31,MATCH(MAX(Data!$L$2:$L$31),Data!$L$2:$L$31,0)) -> Intan Hartono | D10: Teks: nama siswa
A11: 11b | B11: Kelas dengan total saldo terbesar | C11: =INDEX(Acuan!$A$2:$A$4,MATCH(MAX(Acuan!$C$2:$C$4),Acuan!$C$2:$C$4,0)) -> 7B | D11: Teks: nama kelas
