Workbook

Sheet Petunjuk
A1: Kunci Jawaban: Rekap Kunjungan dan Biaya Klinik Pratama
A2: Latihan 32 dari 56 | Tingkat: Menengah | Perkiraan waktu: 50 menit | pushexcel.github.io/Pushexcel
A4: Skenario
A5: Kamu petugas administrasi Klinik Pratama Sehat Sentosa. Data kunjungan Oktober 2026 sudah dicatat (hanya data administrasi, tanpa data medis). Umur dihitung sampai tanggal acuan 31 Oktober 2026. Tarif periksa tiap poli ada di sheet Acuan. Pasien berjenis Asuransi mendapat potongan 25 persen dari tarif periksa, sedangkan biaya obat dibayar penuh. Kelompok usia: di bawah 13 tahun Anak, 60 tahun ke atas Lansia, selain itu Dewasa.
A7: Cara memakai kunci
A8: 1. | B8: Sel hijau berisi rumus kunci yang sudah dihitung. Klik sel untuk melihat rumusnya.
A9: 2. | B9: Kolom Rumus kunci di bawah menampilkan rumus untuk baris pertama atau tiap sel jawaban.
A10: 3. | B10: Rumus ditulis dengan titik koma (;). Ganti dengan koma (,) bila Excel kamu berbahasa Inggris.
A11: 4. | B11: Jawaban lain yang benar secara logika juga boleh, selama hasilnya sama.
A13: Arti warna
B14: Judul kolom data yang sudah diberikan
B15: Judul kolom hasil hitung
B16: Sel berisi rumus kunci
B17: Angka berwarna biru pada blok Parameter = nilai tetap yang boleh dirujuk
A19: Daftar soal
A20: No | B20: Soal | C20: Jawab di | D20: Rumus kunci
A21: 1 | B21: Hitung umur pasien dalam tahun penuh sampai tanggal acuan umur. | C21: Sheet Data, kolom I (Umur), baris 2 sampai 37 | D21: =DATEDIF(E2;$P$2;"y")
A22: 2 | B22: Tentukan kelompok usia: di bawah batas anak = Anak, sama dengan atau di atas batas lansia = Lansia, selain itu Dewasa. | C22: Sheet Data, kolom J (Kelompok Usia), baris 2 sampai 37 | D22: =IF(I2<$P$3;"Anak";IF(I2>=$P$4;"Lansia";"Dewasa"))
A23: 3 | B23: Ambil tarif periksa dari sheet Acuan berdasarkan Poli. | C23: Sheet Data, kolom K (Tarif Periksa), baris 2 sampai 37 | D23: =VLOOKUP(F2;Acuan!$A$2:$B$5;2;FALSE)
A24: 4 | B24: Hitung potongan: pasien Asuransi mendapat potongan dari tarif periksa, dibulatkan ke rupiah. Selain itu 0. | C24: Sheet Data, kolom L (Potongan), baris 2 sampai 37 | D24: =IF(G2="Asuransi";ROUND(K2*$P$5;0);0)
A25: 5 | B25: Hitung total biaya: tarif periksa dikurangi potongan, ditambah biaya obat. | C25: Sheet Data, kolom M (Total Biaya), baris 2 sampai 37 | D25: =K2-L2+H2
A26: 6 | B26: Pada sheet Acuan, hitung jumlah kunjungan tiap poli. | C26: Sheet Acuan, kolom C (Jumlah Kunjungan), baris 2 sampai 5 | D26: =COUNTIF(Data!$F$2:$F$37;A2)
A27: 7 | B27: Pada sheet Acuan, hitung rata-rata umur pasien tiap poli. | C27: Sheet Acuan, kolom D (Rata-rata Umur), baris 2 sampai 5 | D27: =AVERAGEIF(Data!$F$2:$F$37;A2;Data!$I$2:$I$37)
A28: 8 | B28: Pada sheet Acuan, hitung total pendapatan (Total Biaya) tiap poli. | C28: Sheet Acuan, kolom E (Total Pendapatan), baris 2 sampai 5 | D28: =SUMIF(Data!$F$2:$F$37;A2;Data!$M$2:$M$37)
A29: 9 | B29: Berapa total pendapatan klinik, total potongan asuransi, dan total biaya obat? | C29: Sheet Ringkasan, sel C4 sampai C6 | D29: =SUM(Data!$M$2:$M$37) =SUM(Data!$L$2:$L$37) =SUM(Data!$H$2:$H$37)
A30: 10 | B30: Berapa kunjungan pasien Perempuan (P) di poli Umum, dan berapa pasien yang termasuk Lansia? | C30: Sheet Ringkasan, sel C7 sampai C8 | D30: =COUNTIFS(Data!$D$2:$D$37;"P";Data!$F$2:$F$37;"Umum") =COUNTIF(Data!$J$2:$J$37;"Lansia")
A31: 11 | B31: Berapa rata-rata umur seluruh pasien, dan berapa rata-rata total biaya pasien Asuransi? | C31: Sheet Ringkasan, sel C9 sampai C10 | D31: =AVERAGE(Data!$I$2:$I$37) =AVERAGEIF(Data!$G$2:$G$37;"Asuransi";Data!$M$2:$M$37)
A32: 12 | B32: Poli mana yang paling padat kunjungannya, dan siapa pasien tertua? | C32: Sheet Ringkasan, sel C11 sampai C12 | D32: =INDEX(Acuan!$A$2:$A$5;MATCH(MAX(Acuan!$C$2:$C$5);Acuan!$C$2:$C$5;0)) =INDEX(Data!$C$2:$C$37;MATCH(MAX(Data!$I$2:$I$37);Data!$I$2:$I$37;0))

Sheet Data
A1: No Kunjungan | B1: Tanggal Kunjungan | C1: Nama Pasien | D1: JK | E1: Tanggal Lahir | F1: Poli | G1: Jenis Pasien | H1: Biaya Obat | I1: Umur | J1: Kelompok Usia | K1: Tarif Periksa | L1: Potongan | M1: Total Biaya | O1: Parameter | P1: Nilai | Q1: Keterangan
A2: KJ-001 | B2: 46296 | C2: Hesti Kusuma | D2: P | E2: 36012 | F2: Gigi | G2: Umum | H2: 48000 | I2: =DATEDIF(E2,$P$2,"y") -> 28 | J2: =IF(I2<$P$3,"Anak",IF(I2>=$P$4,"Lansia","Dewasa")) -> Dewasa | K2: =VLOOKUP(F2,Acuan!$A$2:$B$5,2,FALSE()) -> 90000 | L2: =IF(G2="Asuransi",ROUND(K2*$P$5,0),0) -> 0 | M2: =K2-L2+H2 -> 138000 | O2: Tanggal acuan umur | P2: 46326 | Q2: Umur dihitung sampai tanggal ini
A3: KJ-002 | B3: 46296 | C3: Citra Rahayu | D3: P | E3: 38993 | F3: Gigi | G3: Asuransi | H3: 15000 | I3: =DATEDIF(E3,$P$2,"y") -> 20 | J3: =IF(I3<$P$3,"Anak",IF(I3>=$P$4,"Lansia","Dewasa")) -> Dewasa | K3: =VLOOKUP(F3,Acuan!$A$2:$B$5,2,FALSE()) -> 90000 | L3: =IF(G3="Asuransi",ROUND(K3*$P$5,0),0) -> 22500 | M3: =K3-L3+H3 -> 82500 | O3: Batas anak | P3: 13 | Q3: Umur di bawah angka ini = Anak
A4: KJ-003 | B4: 46296 | C4: Yoga Syahputra | D4: L | E4: 37348 | F4: Gigi | G4: Asuransi | H4: 35000 | I4: =DATEDIF(E4,$P$2,"y") -> 24 | J4: =IF(I4<$P$3,"Anak",IF(I4>=$P$4,"Lansia","Dewasa")) -> Dewasa | K4: =VLOOKUP(F4,Acuan!$A$2:$B$5,2,FALSE()) -> 90000 | L4: =IF(G4="Asuransi",ROUND(K4*$P$5,0),0) -> 22500 | M4: =K4-L4+H4 -> 102500 | O4: Batas lansia | P4: 60 | Q4: Umur sama dengan atau di atas angka ini = Lansia
A5: KJ-004 | B5: 46299 | C5: Intan Hidayat | D5: P | E5: 37485 | F5: Gigi | G5: Asuransi | H5: 0 | I5: =DATEDIF(E5,$P$2,"y") -> 24 | J5: =IF(I5<$P$3,"Anak",IF(I5>=$P$4,"Lansia","Dewasa")) -> Dewasa | K5: =VLOOKUP(F5,Acuan!$A$2:$B$5,2,FALSE()) -> 90000 | L5: =IF(G5="Asuransi",ROUND(K5*$P$5,0),0) -> 22500 | M5: =K5-L5+H5 -> 67500 | O5: Potongan asuransi | P5: 0.25 | Q5: Dari tarif periksa
A6: KJ-005 | B6: 46299 | C6: Oki Ramadhan | D6: L | E6: 27573 | F6: Umum | G6: Asuransi | H6: 35000 | I6: =DATEDIF(E6,$P$2,"y") -> 51 | J6: =IF(I6<$P$3,"Anak",IF(I6>=$P$4,"Lansia","Dewasa")) -> Dewasa | K6: =VLOOKUP(F6,Acuan!$A$2:$B$5,2,FALSE()) -> 60000 | L6: =IF(G6="Asuransi",ROUND(K6*$P$5,0),0) -> 15000 | M6: =K6-L6+H6 -> 80000
A7: KJ-006 | B7: 46299 | C7: Bayu Wijaya | D7: L | E7: 44264 | F7: Anak | G7: Umum | H7: 35000 | I7: =DATEDIF(E7,$P$2,"y") -> 5 | J7: =IF(I7<$P$3,"Anak",IF(I7>=$P$4,"Lansia","Dewasa")) -> Anak | K7: =VLOOKUP(F7,Acuan!$A$2:$B$5,2,FALSE()) -> 70000 | L7: =IF(G7="Asuransi",ROUND(K7*$P$5,0),0) -> 0 | M7: =K7-L7+H7 -> 105000
A8: KJ-007 | B8: 46303 | C8: Andi Yulianto | D8: L | E8: 37084 | F8: Umum | G8: Umum | H8: 110000 | I8: =DATEDIF(E8,$P$2,"y") -> 25 | J8: =IF(I8<$P$3,"Anak",IF(I8>=$P$4,"Lansia","Dewasa")) -> Dewasa | K8: =VLOOKUP(F8,Acuan!$A$2:$B$5,2,FALSE()) -> 60000 | L8: =IF(G8="Asuransi",ROUND(K8*$P$5,0),0) -> 0 | M8: =K8-L8+H8 -> 170000
A9: KJ-008 | B9: 46304 | C9: Farida Saputra | D9: P | E9: 35308 | F9: Gigi | G9: Umum | H9: 22000 | I9: =DATEDIF(E9,$P$2,"y") -> 30 | J9: =IF(I9<$P$3,"Anak",IF(I9>=$P$4,"Lansia","Dewasa")) -> Dewasa | K9: =VLOOKUP(F9,Acuan!$A$2:$B$5,2,FALSE()) -> 90000 | L9: =IF(G9="Asuransi",ROUND(K9*$P$5,0),0) -> 0 | M9: =K9-L9+H9 -> 112000
A10: KJ-009 | B10: 46304 | C10: Rahmat Wijaya | D10: L | E10: 31490 | F10: Umum | G10: Umum | H10: 85000 | I10: =DATEDIF(E10,$P$2,"y") -> 40 | J10: =IF(I10<$P$3,"Anak",IF(I10>=$P$4,"Lansia","Dewasa")) -> Dewasa | K10: =VLOOKUP(F10,Acuan!$A$2:$B$5,2,FALSE()) -> 60000 | L10: =IF(G10="Asuransi",ROUND(K10*$P$5,0),0) -> 0 | M10: =K10-L10+H10 -> 145000
A11: KJ-010 | B11: 46304 | C11: Tono Permana | D11: L | E11: 36196 | F11: Umum | G11: Umum | H11: 22000 | I11: =DATEDIF(E11,$P$2,"y") -> 27 | J11: =IF(I11<$P$3,"Anak",IF(I11>=$P$4,"Lansia","Dewasa")) -> Dewasa | K11: =VLOOKUP(F11,Acuan!$A$2:$B$5,2,FALSE()) -> 60000 | L11: =IF(G11="Asuransi",ROUND(K11*$P$5,0),0) -> 0 | M11: =K11-L11+H11 -> 82000
A12: KJ-011 | B12: 46305 | C12: Vina Purnomo | D12: P | E12: 40413 | F12: Umum | G12: Umum | H12: 85000 | I12: =DATEDIF(E12,$P$2,"y") -> 16 | J12: =IF(I12<$P$3,"Anak",IF(I12>=$P$4,"Lansia","Dewasa")) -> Dewasa | K12: =VLOOKUP(F12,Acuan!$A$2:$B$5,2,FALSE()) -> 60000 | L12: =IF(G12="Asuransi",ROUND(K12*$P$5,0),0) -> 0 | M12: =K12-L12+H12 -> 145000
A13: KJ-012 | B13: 46305 | C13: Citra Permana | D13: P | E13: 16448 | F13: Lansia | G13: Asuransi | H13: 0 | I13: =DATEDIF(E13,$P$2,"y") -> 81 | J13: =IF(I13<$P$3,"Anak",IF(I13>=$P$4,"Lansia","Dewasa")) -> Lansia | K13: =VLOOKUP(F13,Acuan!$A$2:$B$5,2,FALSE()) -> 65000 | L13: =IF(G13="Asuransi",ROUND(K13*$P$5,0),0) -> 16250 | M13: =K13-L13+H13 -> 48750
A14: KJ-013 | B14: 46308 | C14: Sari Rahayu | D14: P | E14: 32185 | F14: Umum | G14: Asuransi | H14: 15000 | I14: =DATEDIF(E14,$P$2,"y") -> 38 | J14: =IF(I14<$P$3,"Anak",IF(I14>=$P$4,"Lansia","Dewasa")) -> Dewasa | K14: =VLOOKUP(F14,Acuan!$A$2:$B$5,2,FALSE()) -> 60000 | L14: =IF(G14="Asuransi",ROUND(K14*$P$5,0),0) -> 15000 | M14: =K14-L14+H14 -> 60000
A15: KJ-014 | B15: 46308 | C15: Ayu Handayani | D15: P | E15: 41136 | F15: Gigi | G15: Umum | H15: 85000 | I15: =DATEDIF(E15,$P$2,"y") -> 14 | J15: =IF(I15<$P$3,"Anak",IF(I15>=$P$4,"Lansia","Dewasa")) -> Dewasa | K15: =VLOOKUP(F15,Acuan!$A$2:$B$5,2,FALSE()) -> 90000 | L15: =IF(G15="Asuransi",ROUND(K15*$P$5,0),0) -> 0 | M15: =K15-L15+H15 -> 175000
A16: KJ-015 | B16: 46309 | C16: Fitri Wijaya | D16: P | E16: 30567 | F16: Umum | G16: Asuransi | H16: 22000 | I16: =DATEDIF(E16,$P$2,"y") -> 43 | J16: =IF(I16<$P$3,"Anak",IF(I16>=$P$4,"Lansia","Dewasa")) -> Dewasa | K16: =VLOOKUP(F16,Acuan!$A$2:$B$5,2,FALSE()) -> 60000 | L16: =IF(G16="Asuransi",ROUND(K16*$P$5,0),0) -> 15000 | M16: =K16-L16+H16 -> 67000
A17: KJ-016 | B17: 46309 | C17: Khoirul Fauzi | D17: L | E17: 39828 | F17: Umum | G17: Asuransi | H17: 0 | I17: =DATEDIF(E17,$P$2,"y") -> 17 | J17: =IF(I17<$P$3,"Anak",IF(I17>=$P$4,"Lansia","Dewasa")) -> Dewasa | K17: =VLOOKUP(F17,Acuan!$A$2:$B$5,2,FALSE()) -> 60000 | L17: =IF(G17="Asuransi",ROUND(K17*$P$5,0),0) -> 15000 | M17: =K17-L17+H17 -> 45000
... A37: KJ-036 | B37: 46325 | C37: Fitri Rahayu | D37: P | E37: 28998 | F37: Umum | G37: Umum | H37: 15000 | I37: =DATEDIF(E37,$P$2,"y") -> 47 | J37: =IF(I37<$P$3,"Anak",IF(I37>=$P$4,"Lansia","Dewasa")) -> Dewasa | K37: =VLOOKUP(F37,Acuan!$A$2:$B$5,2,FALSE()) -> 60000 | L37: =IF(G37="Asuransi",ROUND(K37*$P$5,0),0) -> 0 | M37: =K37-L37+H37 -> 75000

Sheet Acuan
A1: Poli | B1: Tarif Periksa | C1: Jumlah Kunjungan | D1: Rata-rata Umur | E1: Total Pendapatan
A2: Umum | B2: 60000 | C2: =COUNTIF(Data!$F$2:$F$37,A2) -> 16 | D2: =AVERAGEIF(Data!$F$2:$F$37,A2,Data!$I$2:$I$37) -> 37.6875 | E2: =SUMIF(Data!$F$2:$F$37,A2,Data!$M$2:$M$37) -> 1456000
A3: Gigi | B3: 90000 | C3: =COUNTIF(Data!$F$2:$F$37,A3) -> 12 | D3: =AVERAGEIF(Data!$F$2:$F$37,A3,Data!$I$2:$I$37) -> 29.583333 | E3: =SUMIF(Data!$F$2:$F$37,A3,Data!$M$2:$M$37) -> 1219500
A4: Anak | B4: 70000 | C4: =COUNTIF(Data!$F$2:$F$37,A4) -> 5 | D4: =AVERAGEIF(Data!$F$2:$F$37,A4,Data!$I$2:$I$37) -> 5.6 | E4: =SUMIF(Data!$F$2:$F$37,A4,Data!$M$2:$M$37) -> 568000
A5: Lansia | B5: 65000 | C5: =COUNTIF(Data!$F$2:$F$37,A5) -> 3 | D5: =AVERAGEIF(Data!$F$2:$F$37,A5,Data!$I$2:$I$37) -> 76.666667 | E5: =SUMIF(Data!$F$2:$F$37,A5,Data!$M$2:$M$37) -> 228750

Sheet Ringkasan
A1: Ringkasan: lembar jawaban soal berjenis ringkasan
A2: Sel hijau berisi rumus kunci.
A3: No | B3: Pertanyaan | C3: Jawaban | D3: Contoh format hasil
A4: 9a | B4: Total pendapatan klinik | C4: =SUM(Data!$M$2:$M$37) -> 3472250 | D4: Rupiah, mis. Rp 4.000.000
A5: 9b | B5: Total potongan asuransi | C5: =SUM(Data!$L$2:$L$37) -> 328750 | D5: Rupiah, mis. Rp 500.000
A6: 9c | B6: Total biaya obat | C6: =SUM(Data!$H$2:$H$37) -> 1216000 | D6: Rupiah, mis. Rp 1.500.000
A7: 10a | B7: Kunjungan pasien P di poli Umum | C7: =COUNTIFS(Data!$D$2:$D$37,"P",Data!$F$2:$F$37,"Umum") -> 6 | D7: Angka bulat, mis. 5
A8: 10b | B8: Jumlah pasien Lansia | C8: =COUNTIF(Data!$J$2:$J$37,"Lansia") -> 5 | D8: Angka bulat, mis. 6
A9: 11a | B9: Rata-rata umur seluruh pasien | C9: =AVERAGE(Data!$I$2:$I$37) -> 33.777778 | D9: Angka desimal, mis. 31,5
A10: 11b | B10: Rata-rata total biaya pasien Asuransi | C10: =AVERAGEIF(Data!$G$2:$G$37,"Asuransi",Data!$M$2:$M$37) -> 72125 | D10: Rupiah, mis. Rp 90.000
A11: 12a | B11: Poli paling padat | C11: =INDEX(Acuan!$A$2:$A$5,MATCH(MAX(Acuan!$C$2:$C$5),Acuan!$C$2:$C$5,0)) -> Umum | D11: Teks: nama poli
A12: 12b | B12: Pasien tertua | C12: =INDEX(Data!$C$2:$C$37,MATCH(MAX(Data!$I$2:$I$37),Data!$I$2:$I$37,0)) -> Citra Permana | D12: Teks: nama pasien
