Workbook

Sheet Petunjuk
A1: Kunci Jawaban: Rekap Penjualan Toko Online Harian
A2: Latihan 59 dari 40 | Tingkat: Pemula | Perkiraan waktu: 40 menit | pushexcel.github.io/Pushexcel
A4: Skenario
A5: Kamu pemilik toko online Lapak Nusantara yang mencatat 32 pesanan pada 5 sampai 18 Oktober 2026. Pembeli yang belanja minimal Rp 250.000 mendapat diskon 10 persen. Bila belanja setelah diskon minimal Rp 300.000, ongkir gratis (ditanggung toko dan tidak ditagihkan ke pembeli). Setiap platform memotong biaya persen tertentu dari belanja setelah diskon, daftarnya ada di sheet Acuan. Pendapatan bersih toko adalah belanja setelah diskon dikurangi biaya platform. Angka tetap ada di blok Parameter.
A7: Cara memakai kunci
A8: 1. | B8: Sel hijau berisi rumus kunci yang sudah dihitung. Klik sel untuk melihat rumusnya.
A9: 2. | B9: Kolom Rumus kunci di bawah menampilkan rumus untuk baris pertama atau tiap sel jawaban.
A10: 3. | B10: Rumus ditulis dengan titik koma (;). Ganti dengan koma (,) bila Excel kamu berbahasa Inggris.
A11: 4. | B11: Jawaban lain yang benar secara logika juga boleh, selama hasilnya sama.
A13: Arti warna
B14: Judul kolom data yang sudah diberikan
B15: Judul kolom hasil hitung
B16: Sel berisi rumus kunci
B17: Angka berwarna biru pada blok Parameter = nilai tetap yang boleh dirujuk
A19: Daftar soal
A20: No | B20: Soal | C20: Jawab di | D20: Rumus kunci
A21: 1 | B21: Hitung subtotal tiap pesanan: harga satuan dikali jumlah. | C21: Sheet Data, kolom H (Subtotal), baris 2 sampai 33 | D21: =E2*F2
A22: 2 | B22: Beri diskon sebesar persen diskon dari subtotal bila subtotal sama dengan atau lebih dari minimal belanja diskon. Selain itu 0. | C22: Sheet Data, kolom I (Diskon), baris 2 sampai 33 | D22: =IF(H2>=$P$2;ROUND(H2*$P$3;0);0)
A23: 3 | B23: Tentukan ongkir yang ditagihkan: 0 bila belanja setelah diskon sama dengan atau lebih dari minimal gratis ongkir, selain itu sebesar kolom Ongkir. | C23: Sheet Data, kolom J (Ongkir Ditagih), baris 2 sampai 33 | D23: =IF(H2-I2>=$P$4;0;G2)
A24: 4 | B24: Hitung total bayar pembeli: subtotal dikurangi diskon, ditambah ongkir ditagih. | C24: Sheet Data, kolom K (Total Bayar), baris 2 sampai 33 | D24: =H2-I2+J2
A25: 5 | B25: Hitung biaya platform: persen biaya platform (dari sheet Acuan) dikali belanja setelah diskon, dibulatkan ke rupiah. | C25: Sheet Data, kolom L (Biaya Platform), baris 2 sampai 33 | D25: =ROUND((H2-I2)*VLOOKUP(D2;Acuan!$A$2:$B$4;2;FALSE);0)
A26: 6 | B26: Hitung pendapatan bersih toko: subtotal dikurangi diskon dan biaya platform. | C26: Sheet Data, kolom M (Pendapatan Bersih), baris 2 sampai 33 | D26: =H2-I2-L2
A27: 7 | B27: Pada sheet Acuan, hitung jumlah pesanan tiap platform. | C27: Sheet Acuan, kolom C (Jumlah Pesanan), baris 2 sampai 4 | D27: =COUNTIF(Data!$D$2:$D$33;A2)
A28: 8 | B28: Pada sheet Acuan, hitung total bayar dari tiap platform. | C28: Sheet Acuan, kolom D (Total Penjualan), baris 2 sampai 4 | D28: =SUMIF(Data!$D$2:$D$33;A2;Data!$K$2:$K$33)
A29: 9 | B29: Berapa total bayar seluruh pesanan, dan berapa total pendapatan bersih toko? | C29: Sheet Ringkasan, sel C4 sampai C5 | D29: =SUM(Data!$K$2:$K$33) =SUM(Data!$M$2:$M$33)
A30: 10 | B30: Berapa pesanan yang mendapat diskon, dan berapa yang mendapat gratis ongkir? | C30: Sheet Ringkasan, sel C6 sampai C7 | D30: =COUNTIF(Data!$I$2:$I$33;">0") =COUNTIF(Data!$J$2:$J$33;0)
A31: 11 | B31: Platform mana yang total penjualannya terbesar, dan berapa rata-rata total bayar per pesanan? | C31: Sheet Ringkasan, sel C8 sampai C9 | D31: =INDEX(Acuan!$A$2:$A$4;MATCH(MAX(Acuan!$D$2:$D$4);Acuan!$D$2:$D$4;0)) =AVERAGE(Data!$K$2:$K$33)
A32: 12 | B32: Produk apa pada pesanan dengan total bayar terbesar, dan berapa total bayar terbesar itu? | C32: Sheet Ringkasan, sel C10 sampai C11 | D32: =INDEX(Data!$C$2:$C$33;MATCH(MAX(Data!$K$2:$K$33);Data!$K$2:$K$33;0)) =MAX(Data!$K$2:$K$33)

Sheet Data
A1: No Pesanan | B1: Tanggal | C1: Produk | D1: Platform | E1: Harga Satuan | F1: Jumlah | G1: Ongkir | H1: Subtotal | I1: Diskon | J1: Ongkir Ditagih | K1: Total Bayar | L1: Biaya Platform | M1: Pendapatan Bersih | O1: Parameter | P1: Nilai | Q1: Keterangan
A2: PS-001 | B2: 46300 | C2: Botol Minum | D2: Pasar Digital | E2: 55000 | F2: 1 | G2: 12000 | H2: =E2*F2 -> 55000 | I2: =IF(H2>=$P$2,ROUND(H2*$P$3,0),0) -> 0 | J2: =IF(H2-I2>=$P$4,0,G2) -> 12000 | K2: =H2-I2+J2 -> 67000 | L2: =ROUND((H2-I2)*VLOOKUP(D2,Acuan!$A$2:$B$4,2,FALSE()),0) -> 2750 | M2: =H2-I2-L2 -> 52250 | O2: Minimal belanja diskon | P2: 250000
A3: PS-002 | B3: 46300 | C3: Dompet Kulit | D3: Pasar Digital | E3: 85000 | F3: 4 | G3: 15000 | H3: =E3*F3 -> 340000 | I3: =IF(H3>=$P$2,ROUND(H3*$P$3,0),0) -> 34000 | J3: =IF(H3-I3>=$P$4,0,G3) -> 0 | K3: =H3-I3+J3 -> 306000 | L3: =ROUND((H3-I3)*VLOOKUP(D3,Acuan!$A$2:$B$4,2,FALSE()),0) -> 15300 | M3: =H3-I3-L3 -> 290700 | O3: Persen diskon | P3: 0.1
A4: PS-003 | B4: 46300 | C4: Tas Kanvas | D4: Pasar Digital | E4: 120000 | F4: 3 | G4: 15000 | H4: =E4*F4 -> 360000 | I4: =IF(H4>=$P$2,ROUND(H4*$P$3,0),0) -> 36000 | J4: =IF(H4-I4>=$P$4,0,G4) -> 0 | K4: =H4-I4+J4 -> 324000 | L4: =ROUND((H4-I4)*VLOOKUP(D4,Acuan!$A$2:$B$4,2,FALSE()),0) -> 16200 | M4: =H4-I4-L4 -> 307800 | O4: Minimal gratis ongkir | P4: 300000 | Q4: Dihitung dari belanja setelah diskon
A5: PS-004 | B5: 46301 | C5: Kaos Polos | D5: Situs Sendiri | E5: 65000 | F5: 1 | G5: 15000 | H5: =E5*F5 -> 65000 | I5: =IF(H5>=$P$2,ROUND(H5*$P$3,0),0) -> 0 | J5: =IF(H5-I5>=$P$4,0,G5) -> 15000 | K5: =H5-I5+J5 -> 80000 | L5: =ROUND((H5-I5)*VLOOKUP(D5,Acuan!$A$2:$B$4,2,FALSE()),0) -> 1300 | M5: =H5-I5-L5 -> 63700
A6: PS-005 | B6: 46301 | C6: Jaket Hoodie | D6: Pasar Digital | E6: 180000 | F6: 1 | G6: 18000 | H6: =E6*F6 -> 180000 | I6: =IF(H6>=$P$2,ROUND(H6*$P$3,0),0) -> 0 | J6: =IF(H6-I6>=$P$4,0,G6) -> 18000 | K6: =H6-I6+J6 -> 198000 | L6: =ROUND((H6-I6)*VLOOKUP(D6,Acuan!$A$2:$B$4,2,FALSE()),0) -> 9000 | M6: =H6-I6-L6 -> 171000
A7: PS-006 | B7: 46302 | C7: Topi Rajut | D7: Situs Sendiri | E7: 45000 | F7: 2 | G7: 15000 | H7: =E7*F7 -> 90000 | I7: =IF(H7>=$P$2,ROUND(H7*$P$3,0),0) -> 0 | J7: =IF(H7-I7>=$P$4,0,G7) -> 15000 | K7: =H7-I7+J7 -> 105000 | L7: =ROUND((H7-I7)*VLOOKUP(D7,Acuan!$A$2:$B$4,2,FALSE()),0) -> 1800 | M7: =H7-I7-L7 -> 88200
A8: PS-007 | B8: 46302 | C8: Sepatu Kets | D8: Pasar Digital | E8: 235000 | F8: 2 | G8: 9000 | H8: =E8*F8 -> 470000 | I8: =IF(H8>=$P$2,ROUND(H8*$P$3,0),0) -> 47000 | J8: =IF(H8-I8>=$P$4,0,G8) -> 0 | K8: =H8-I8+J8 -> 423000 | L8: =ROUND((H8-I8)*VLOOKUP(D8,Acuan!$A$2:$B$4,2,FALSE()),0) -> 21150 | M8: =H8-I8-L8 -> 401850
A9: PS-008 | B9: 46303 | C9: Casing Ponsel | D9: Toko Sosial | E9: 30000 | F9: 1 | G9: 15000 | H9: =E9*F9 -> 30000 | I9: =IF(H9>=$P$2,ROUND(H9*$P$3,0),0) -> 0 | J9: =IF(H9-I9>=$P$4,0,G9) -> 15000 | K9: =H9-I9+J9 -> 45000 | L9: =ROUND((H9-I9)*VLOOKUP(D9,Acuan!$A$2:$B$4,2,FALSE()),0) -> 900 | M9: =H9-I9-L9 -> 29100
A10: PS-009 | B10: 46303 | C10: Kaos Polos | D10: Situs Sendiri | E10: 65000 | F10: 3 | G10: 15000 | H10: =E10*F10 -> 195000 | I10: =IF(H10>=$P$2,ROUND(H10*$P$3,0),0) -> 0 | J10: =IF(H10-I10>=$P$4,0,G10) -> 15000 | K10: =H10-I10+J10 -> 210000 | L10: =ROUND((H10-I10)*VLOOKUP(D10,Acuan!$A$2:$B$4,2,FALSE()),0) -> 3900 | M10: =H10-I10-L10 -> 191100
A11: PS-010 | B11: 46303 | C11: Tas Kanvas | D11: Pasar Digital | E11: 120000 | F11: 2 | G11: 22000 | H11: =E11*F11 -> 240000 | I11: =IF(H11>=$P$2,ROUND(H11*$P$3,0),0) -> 0 | J11: =IF(H11-I11>=$P$4,0,G11) -> 22000 | K11: =H11-I11+J11 -> 262000 | L11: =ROUND((H11-I11)*VLOOKUP(D11,Acuan!$A$2:$B$4,2,FALSE()),0) -> 12000 | M11: =H11-I11-L11 -> 228000
A12: PS-011 | B12: 46304 | C12: Dompet Kulit | D12: Toko Sosial | E12: 85000 | F12: 3 | G12: 18000 | H12: =E12*F12 -> 255000 | I12: =IF(H12>=$P$2,ROUND(H12*$P$3,0),0) -> 25500 | J12: =IF(H12-I12>=$P$4,0,G12) -> 18000 | K12: =H12-I12+J12 -> 247500 | L12: =ROUND((H12-I12)*VLOOKUP(D12,Acuan!$A$2:$B$4,2,FALSE()),0) -> 6885 | M12: =H12-I12-L12 -> 222615
A13: PS-012 | B13: 46304 | C13: Topi Rajut | D13: Toko Sosial | E13: 45000 | F13: 3 | G13: 9000 | H13: =E13*F13 -> 135000 | I13: =IF(H13>=$P$2,ROUND(H13*$P$3,0),0) -> 0 | J13: =IF(H13-I13>=$P$4,0,G13) -> 9000 | K13: =H13-I13+J13 -> 144000 | L13: =ROUND((H13-I13)*VLOOKUP(D13,Acuan!$A$2:$B$4,2,FALSE()),0) -> 4050 | M13: =H13-I13-L13 -> 130950
A14: PS-013 | B14: 46305 | C14: Dompet Kulit | D14: Pasar Digital | E14: 85000 | F14: 3 | G14: 12000 | H14: =E14*F14 -> 255000 | I14: =IF(H14>=$P$2,ROUND(H14*$P$3,0),0) -> 25500 | J14: =IF(H14-I14>=$P$4,0,G14) -> 12000 | K14: =H14-I14+J14 -> 241500 | L14: =ROUND((H14-I14)*VLOOKUP(D14,Acuan!$A$2:$B$4,2,FALSE()),0) -> 11475 | M14: =H14-I14-L14 -> 218025
A15: PS-014 | B15: 46305 | C15: Dompet Kulit | D15: Pasar Digital | E15: 85000 | F15: 2 | G15: 15000 | H15: =E15*F15 -> 170000 | I15: =IF(H15>=$P$2,ROUND(H15*$P$3,0),0) -> 0 | J15: =IF(H15-I15>=$P$4,0,G15) -> 15000 | K15: =H15-I15+J15 -> 185000 | L15: =ROUND((H15-I15)*VLOOKUP(D15,Acuan!$A$2:$B$4,2,FALSE()),0) -> 8500 | M15: =H15-I15-L15 -> 161500
A16: PS-015 | B16: 46306 | C16: Topi Rajut | D16: Situs Sendiri | E16: 45000 | F16: 3 | G16: 22000 | H16: =E16*F16 -> 135000 | I16: =IF(H16>=$P$2,ROUND(H16*$P$3,0),0) -> 0 | J16: =IF(H16-I16>=$P$4,0,G16) -> 22000 | K16: =H16-I16+J16 -> 157000 | L16: =ROUND((H16-I16)*VLOOKUP(D16,Acuan!$A$2:$B$4,2,FALSE()),0) -> 2700 | M16: =H16-I16-L16 -> 132300
... A33: PS-032 | B33: 46313 | C33: Sepatu Kets | D33: Pasar Digital | E33: 235000 | F33: 3 | G33: 9000 | H33: =E33*F33 -> 705000 | I33: =IF(H33>=$P$2,ROUND(H33*$P$3,0),0) -> 70500 | J33: =IF(H33-I33>=$P$4,0,G33) -> 0 | K33: =H33-I33+J33 -> 634500 | L33: =ROUND((H33-I33)*VLOOKUP(D33,Acuan!$A$2:$B$4,2,FALSE()),0) -> 31725 | M33: =H33-I33-L33 -> 602775

Sheet Acuan
A1: Platform | B1: Persen Biaya | C1: Jumlah Pesanan | D1: Total Penjualan
A2: Pasar Digital | B2: 0.05 | C2: =COUNTIF(Data!$D$2:$D$33,A2) -> 13 | D2: =SUMIF(Data!$D$2:$D$33,A2,Data!$K$2:$K$33) -> 3218000
A3: Toko Sosial | B3: 0.03 | C3: =COUNTIF(Data!$D$2:$D$33,A3) -> 10 | D3: =SUMIF(Data!$D$2:$D$33,A3,Data!$K$2:$K$33) -> 1277500
A4: Situs Sendiri | B4: 0.02 | C4: =COUNTIF(Data!$D$2:$D$33,A4) -> 9 | D4: =SUMIF(Data!$D$2:$D$33,A4,Data!$K$2:$K$33) -> 1808000

Sheet Ringkasan
A1: Ringkasan: lembar jawaban soal berjenis ringkasan
A2: Sel hijau berisi rumus kunci.
A3: No | B3: Pertanyaan | C3: Jawaban | D3: Contoh format hasil
A4: 9a | B4: Total bayar seluruh pesanan | C4: =SUM(Data!$K$2:$K$33) -> 6303500 | D4: Rupiah, mis. Rp 8.000.000
A5: 9b | B5: Total pendapatan bersih | C5: =SUM(Data!$M$2:$M$33) -> 5663105 | D5: Rupiah, mis. Rp 7.000.000
A6: 10a | B6: Pesanan mendapat diskon | C6: =COUNTIF(Data!$I$2:$I$33,">0") -> 7 | D6: Angka bulat, mis. 12
A7: 10b | B7: Pesanan gratis ongkir | C7: =COUNTIF(Data!$J$2:$J$33,0) -> 5 | D7: Angka bulat, mis. 9
A8: 11a | B8: Platform dengan penjualan terbesar | C8: =INDEX(Acuan!$A$2:$A$4,MATCH(MAX(Acuan!$D$2:$D$4),Acuan!$D$2:$D$4,0)) -> Pasar Digital | D8: Teks: nama platform
A9: 11b | B9: Rata-rata total bayar per pesanan | C9: =AVERAGE(Data!$K$2:$K$33) -> 196984.38 | D9: Rupiah, mis. Rp 250.000
A10: 12a | B10: Produk pada pesanan terbesar | C10: =INDEX(Data!$C$2:$C$33,MATCH(MAX(Data!$K$2:$K$33),Data!$K$2:$K$33,0)) -> Sepatu Kets | D10: Teks: nama produk
A11: 12b | B11: Total bayar terbesar | C11: =MAX(Data!$K$2:$K$33) -> 634500 | D11: Rupiah, mis. Rp 600.000
