Workbook

Sheet Petunjuk
A1: Kunci Jawaban: Rencana Produksi dan Kebutuhan Bahan Minuman
A2: Latihan 95 dari 40 | Tingkat: Lanjutan | Perkiraan waktu: 65 menit | pushexcel.github.io/Pushexcel
A4: Skenario
A5: Kamu staf produksi Dapur Segar Nusantara yang membuat 9 minuman botolan. Sheet Data berisi 32 baris komposisi (resep): tiap baris menyebut satu bahan yang dipakai satu produk dan jumlahnya per botol. Sheet Acuan berisi dua tabel berdampingan: rencana produksi bulan depan (jumlah botol per produk) di kolom kiri, dan daftar bahan (satuan, harga per satuan, stok gudang) di kolom kanan. Kebutuhan bahan satu baris adalah jumlah produksi produknya dikali komposisi. Bahan yang stoknya kurang harus dibeli mendadak dengan harga naik 10 persen dari harga biasa (angka ini ada di blok Parameter).
A7: Cara memakai kunci
A8: 1. | B8: Sel hijau berisi rumus kunci yang sudah dihitung. Klik sel untuk melihat rumusnya.
A9: 2. | B9: Kolom Rumus kunci di bawah menampilkan rumus untuk baris pertama atau tiap sel jawaban.
A10: 3. | B10: Rumus ditulis dengan titik koma (;). Ganti dengan koma (,) bila Excel kamu berbahasa Inggris.
A11: 4. | B11: Jawaban lain yang benar secara logika juga boleh, selama hasilnya sama.
A13: Arti warna
B14: Judul kolom data yang sudah diberikan
B15: Judul kolom hasil hitung
B16: Sel berisi rumus kunci
B17: Angka berwarna biru pada blok Parameter = nilai tetap yang boleh dirujuk
A19: Daftar soal
A20: No | B20: Soal | C20: Jawab di | D20: Rumus kunci
A21: 1 | B21: Ambil jumlah produksi tiap produk dari tabel rencana produksi di sheet Acuan, dengan pencocokan persis. | C21: Sheet Data, kolom D (Jumlah Produksi), baris 2 sampai 33 | D21: =VLOOKUP(A2;Acuan!$A$2:$B$10;2;FALSE)
A22: 2 | B22: Ambil harga per satuan tiap bahan dari tabel bahan di sheet Acuan, dengan pencocokan persis. | C22: Sheet Data, kolom E (Harga Bahan), baris 2 sampai 33 | D22: =VLOOKUP(B2;Acuan!$C$2:$E$10;3;FALSE)
A23: 3 | B23: Hitung kebutuhan bahan tiap baris: jumlah produksi dikali komposisi per botol. | C23: Sheet Data, kolom F (Kebutuhan Bahan), baris 2 sampai 33 | D23: =D2*C2
A24: 4 | B24: Hitung biaya bahan tiap baris: kebutuhan bahan dikali harga bahan. | C24: Sheet Data, kolom G (Biaya Bahan), baris 2 sampai 33 | D24: =F2*E2
A25: 5 | B25: Pada sheet Acuan, hitung total kebutuhan tiap bahan dari seluruh produk. | C25: Sheet Acuan, kolom G (Total Kebutuhan), baris 2 sampai 10 | D25: =SUMIF(Data!$B$2:$B$33;C2;Data!$F$2:$F$33)
A26: 6 | B26: Pada sheet Acuan, hitung total biaya tiap bahan dari seluruh produk. | C26: Sheet Acuan, kolom H (Total Biaya Bahan), baris 2 sampai 10 | D26: =SUMIF(Data!$B$2:$B$33;C2;Data!$G$2:$G$33)
A27: 7 | B27: Pada sheet Acuan, hitung kekurangan stok: total kebutuhan dikurangi stok gudang. Bila stok cukup, isi 0. | C27: Sheet Acuan, kolom I (Kekurangan Stok), baris 2 sampai 10 | D27: =MAX(0;G2-F2)
A28: 8 | B28: Beri status Kurang bila kekurangan stok lebih dari 0. Selain itu Cukup. | C28: Sheet Acuan, kolom J (Status Stok), baris 2 sampai 10 | D28: =IF(I2>0;"Kurang";"Cukup")
A29: 9 | B29: Pada sheet Acuan, hitung biaya membeli kekurangan stok dengan harga naik: kekurangan dikali harga per satuan dikali (1 + kenaikan harga), dibulatkan ke rupiah. | C29: Sheet Acuan, kolom K (Biaya Pembelian Mendadak), baris 2 sampai 10 | D29: =ROUND(I2*E2*(1+Data!$J$2);0)
A30: 10 | B30: Berapa total biaya bahan seluruh produksi, dan berapa jumlah botol yang direncanakan seluruhnya? | C30: Sheet Ringkasan, sel C4 sampai C5 | D30: =SUM(Data!$G$2:$G$33) =SUM(Acuan!$B$2:$B$10)
A31: 11 | B31: Hitung total biaya bahan memakai SUMPRODUCT dari tabel bahan (total kebutuhan dikali harga per satuan), dan total biaya pembelian mendadak seluruh bahan. | C31: Sheet Ringkasan, sel C6 sampai C7 | D31: =SUMPRODUCT(Acuan!$G$2:$G$10;Acuan!$E$2:$E$10) =SUM(Acuan!$K$2:$K$10)
... A35: 15 | B35: Berapa biaya bahan per botol produk Kopi Aren, dan berapa kebutuhan susu cair seluruhnya dalam liter? | C35: Sheet Ringkasan, sel C14 sampai C15 | D35: =SUMIF(Data!$A$2:$A$33;"Kopi Aren";Data!$G$2:$G$33)/INDEX(Acuan!$B$2:$B$10;MATCH("Kopi Aren";Acuan!$A$2:$A$10;0)) =INDEX(Acuan!$G$2:$G$10;MATCH("Susu cair";Acuan!$C$2:$C$10;0))/1000

Sheet Data
A1: Produk | B1: Bahan | C1: Komposisi per Botol | D1: Jumlah Produksi | E1: Harga Bahan | F1: Kebutuhan Bahan | G1: Biaya Bahan | I1: Parameter | J1: Nilai | K1: Keterangan
A2: Teh Lemon | B2: Daun teh | C2: 5 | D2: =VLOOKUP(A2,Acuan!$A$2:$B$10,2,FALSE()) -> 500 | E2: =VLOOKUP(B2,Acuan!$C$2:$E$10,3,FALSE()) -> 120 | F2: =D2*C2 -> 2500 | G2: =F2*E2 -> 300000 | I2: Kenaikan harga beli mendadak | J2: 0.1 | K2: Tambahan harga untuk bahan yang harus dibeli karena stok kurang
A3: Teh Lemon | B3: Gula pasir | C3: 28 | D3: =VLOOKUP(A3,Acuan!$A$2:$B$10,2,FALSE()) -> 500 | E3: =VLOOKUP(B3,Acuan!$C$2:$E$10,3,FALSE()) -> 20 | F3: =D3*C3 -> 14000 | G3: =F3*E3 -> 280000
A4: Teh Lemon | B4: Jeruk peras | C4: 26 | D4: =VLOOKUP(A4,Acuan!$A$2:$B$10,2,FALSE()) -> 500 | E4: =VLOOKUP(B4,Acuan!$C$2:$E$10,3,FALSE()) -> 20 | F4: =D4*C4 -> 13000 | G4: =F4*E4 -> 260000
A5: Teh Lemon | B5: Botol dan tutup | C5: 1 | D5: =VLOOKUP(A5,Acuan!$A$2:$B$10,2,FALSE()) -> 500 | E5: =VLOOKUP(B5,Acuan!$C$2:$E$10,3,FALSE()) -> 1200 | F5: =D5*C5 -> 500 | G5: =F5*E5 -> 600000
A6: Teh Manis | B6: Daun teh | C6: 6 | D6: =VLOOKUP(A6,Acuan!$A$2:$B$10,2,FALSE()) -> 1850 | E6: =VLOOKUP(B6,Acuan!$C$2:$E$10,3,FALSE()) -> 120 | F6: =D6*C6 -> 11100 | G6: =F6*E6 -> 1332000
A7: Teh Manis | B7: Gula pasir | C7: 34 | D7: =VLOOKUP(A7,Acuan!$A$2:$B$10,2,FALSE()) -> 1850 | E7: =VLOOKUP(B7,Acuan!$C$2:$E$10,3,FALSE()) -> 20 | F7: =D7*C7 -> 62900 | G7: =F7*E7 -> 1258000
A8: Teh Manis | B8: Botol dan tutup | C8: 1 | D8: =VLOOKUP(A8,Acuan!$A$2:$B$10,2,FALSE()) -> 1850 | E8: =VLOOKUP(B8,Acuan!$C$2:$E$10,3,FALSE()) -> 1200 | F8: =D8*C8 -> 1850 | G8: =F8*E8 -> 2220000
A9: Teh Susu | B9: Daun teh | C9: 5 | D9: =VLOOKUP(A9,Acuan!$A$2:$B$10,2,FALSE()) -> 1400 | E9: =VLOOKUP(B9,Acuan!$C$2:$E$10,3,FALSE()) -> 120 | F9: =D9*C9 -> 7000 | G9: =F9*E9 -> 840000
A10: Teh Susu | B10: Susu cair | C10: 77 | D10: =VLOOKUP(A10,Acuan!$A$2:$B$10,2,FALSE()) -> 1400 | E10: =VLOOKUP(B10,Acuan!$C$2:$E$10,3,FALSE()) -> 20 | F10: =D10*C10 -> 107800 | G10: =F10*E10 -> 2156000
A11: Teh Susu | B11: Gula pasir | C11: 23 | D11: =VLOOKUP(A11,Acuan!$A$2:$B$10,2,FALSE()) -> 1400 | E11: =VLOOKUP(B11,Acuan!$C$2:$E$10,3,FALSE()) -> 20 | F11: =D11*C11 -> 32200 | G11: =F11*E11 -> 644000
A12: Teh Susu | B12: Botol dan tutup | C12: 1 | D12: =VLOOKUP(A12,Acuan!$A$2:$B$10,2,FALSE()) -> 1400 | E12: =VLOOKUP(B12,Acuan!$C$2:$E$10,3,FALSE()) -> 1200 | F12: =D12*C12 -> 1400 | G12: =F12*E12 -> 1680000
A13: Kopi Susu | B13: Biji kopi | C13: 16 | D13: =VLOOKUP(A13,Acuan!$A$2:$B$10,2,FALSE()) -> 700 | E13: =VLOOKUP(B13,Acuan!$C$2:$E$10,3,FALSE()) -> 180 | F13: =D13*C13 -> 11200 | G13: =F13*E13 -> 2016000
A14: Kopi Susu | B14: Susu cair | C14: 134 | D14: =VLOOKUP(A14,Acuan!$A$2:$B$10,2,FALSE()) -> 700 | E14: =VLOOKUP(B14,Acuan!$C$2:$E$10,3,FALSE()) -> 20 | F14: =D14*C14 -> 93800 | G14: =F14*E14 -> 1876000
... A33: Susu Jahe | B33: Botol dan tutup | C33: 1 | D33: =VLOOKUP(A33,Acuan!$A$2:$B$10,2,FALSE()) -> 1450 | E33: =VLOOKUP(B33,Acuan!$C$2:$E$10,3,FALSE()) -> 1200 | F33: =D33*C33 -> 1450 | G33: =F33*E33 -> 1740000

Sheet Acuan
A1: Produk | B1: Jumlah Produksi | C1: Bahan | D1: Satuan | E1: Harga per Satuan | F1: Stok Gudang | G1: Total Kebutuhan | H1: Total Biaya Bahan | I1: Kekurangan Stok | J1: Status Stok | K1: Biaya Pembelian Mendadak
A2: Teh Lemon | B2: 500 | C2: Gula pasir | D2: gram | E2: 20 | F2: 187000 | G2: =SUMIF(Data!$B$2:$B$33,C2,Data!$F$2:$F$33) -> 175000 | H2: =SUMIF(Data!$B$2:$B$33,C2,Data!$G$2:$G$33) -> 3500000 | I2: =MAX(0,G2-F2) -> 0 | J2: =IF(I2>0,"Kurang","Cukup") -> Cukup | K2: =ROUND(I2*E2*(1+Data!$J$2),0) -> 0
A3: Teh Manis | B3: 1850 | C3: Gula aren | D3: gram | E3: 30 | F3: 49000 | G3: =SUMIF(Data!$B$2:$B$33,C3,Data!$F$2:$F$33) -> 35050 | H3: =SUMIF(Data!$B$2:$B$33,C3,Data!$G$2:$G$33) -> 1051500 | I3: =MAX(0,G3-F3) -> 0 | J3: =IF(I3>0,"Kurang","Cukup") -> Cukup | K3: =ROUND(I3*E3*(1+Data!$J$2),0) -> 0
A4: Teh Susu | B4: 1400 | C4: Daun teh | D4: gram | E4: 120 | F4: 24000 | G4: =SUMIF(Data!$B$2:$B$33,C4,Data!$F$2:$F$33) -> 20600 | H4: =SUMIF(Data!$B$2:$B$33,C4,Data!$G$2:$G$33) -> 2472000 | I4: =MAX(0,G4-F4) -> 0 | J4: =IF(I4>0,"Kurang","Cukup") -> Cukup | K4: =ROUND(I4*E4*(1+Data!$J$2),0) -> 0
A5: Kopi Susu | B5: 700 | C5: Biji kopi | D5: gram | E5: 180 | F5: 21000 | G5: =SUMIF(Data!$B$2:$B$33,C5,Data!$F$2:$F$33) -> 21100 | H5: =SUMIF(Data!$B$2:$B$33,C5,Data!$G$2:$G$33) -> 3798000 | I5: =MAX(0,G5-F5) -> 100 | J5: =IF(I5>0,"Kurang","Cukup") -> Kurang | K5: =ROUND(I5*E5*(1+Data!$J$2),0) -> 19800
A6: Kopi Aren | B6: 550 | C6: Susu cair | D6: ml | E6: 20 | F6: 1024000 | G6: =SUMIF(Data!$B$2:$B$33,C6,Data!$F$2:$F$33) -> 980700 | H6: =SUMIF(Data!$B$2:$B$33,C6,Data!$G$2:$G$33) -> 19614000 | I6: =MAX(0,G6-F6) -> 0 | J6: =IF(I6>0,"Kurang","Cukup") -> Cukup | K6: =ROUND(I6*E6*(1+Data!$J$2),0) -> 0
A7: Jus Jeruk | B7: 400 | C7: Jeruk peras | D7: gram | E7: 20 | F7: 94000 | G7: =SUMIF(Data!$B$2:$B$33,C7,Data!$F$2:$F$33) -> 101000 | H7: =SUMIF(Data!$B$2:$B$33,C7,Data!$G$2:$G$33) -> 2020000 | I7: =MAX(0,G7-F7) -> 7000 | J7: =IF(I7>0,"Kurang","Cukup") -> Kurang | K7: =ROUND(I7*E7*(1+Data!$J$2),0) -> 154000
A8: Cokelat Dingin | B8: 1050 | C8: Bubuk cokelat | D8: gram | E8: 90 | F8: 66000 | G8: =SUMIF(Data!$B$2:$B$33,C8,Data!$F$2:$F$33) -> 73650 | H8: =SUMIF(Data!$B$2:$B$33,C8,Data!$G$2:$G$33) -> 6628500 | I8: =MAX(0,G8-F8) -> 7650 | J8: =IF(I8>0,"Kurang","Cukup") -> Kurang | K8: =ROUND(I8*E8*(1+Data!$J$2),0) -> 757350
A9: Susu Cokelat | B9: 1650 | C9: Jahe segar | D9: gram | E9: 30 | F9: 22000 | G9: =SUMIF(Data!$B$2:$B$33,C9,Data!$F$2:$F$33) -> 17400 | H9: =SUMIF(Data!$B$2:$B$33,C9,Data!$G$2:$G$33) -> 522000 | I9: =MAX(0,G9-F9) -> 0 | J9: =IF(I9>0,"Kurang","Cukup") -> Cukup | K9: =ROUND(I9*E9*(1+Data!$J$2),0) -> 0
A10: Susu Jahe | B10: 1450 | C10: Botol dan tutup | D10: pcs | E10: 1200 | F10: 11000 | G10: =SUMIF(Data!$B$2:$B$33,C10,Data!$F$2:$F$33) -> 9550 | H10: =SUMIF(Data!$B$2:$B$33,C10,Data!$G$2:$G$33) -> 11460000 | I10: =MAX(0,G10-F10) -> 0 | J10: =IF(I10>0,"Kurang","Cukup") -> Cukup | K10: =ROUND(I10*E10*(1+Data!$J$2),0) -> 0

Sheet Ringkasan
A1: Ringkasan: lembar jawaban soal berjenis ringkasan
A2: Sel hijau berisi rumus kunci.
A3: No | B3: Pertanyaan | C3: Jawaban | D3: Contoh format hasil
A4: 10a | B4: Total biaya bahan seluruh produksi | C4: =SUM(Data!$G$2:$G$33) -> 51066000 | D4: Rupiah, mis. Rp 250.000.000
A5: 10b | B5: Total botol yang direncanakan | C5: =SUM(Acuan!$B$2:$B$10) -> 9550 | D5: Angka bulat, mis. 9.000
A6: 11a | B6: Total biaya bahan (SUMPRODUCT) | C6: =SUMPRODUCT(Acuan!$G$2:$G$10,Acuan!$E$2:$E$10) -> 51066000 | D6: Rupiah, mis. Rp 260.000.000
A7: 11b | B7: Total biaya pembelian mendadak | C7: =SUM(Acuan!$K$2:$K$10) -> 931150 | D7: Rupiah, mis. Rp 12.000.000
A8: 12a | B8: Bahan dengan total biaya terbesar | C8: =INDEX(Acuan!$C$2:$C$10,MATCH(MAX(Acuan!$H$2:$H$10),Acuan!$H$2:$H$10,0)) -> Susu cair | D8: Teks: nama bahan
A9: 12b | B9: Bahan dengan kekurangan stok terbesar | C9: =INDEX(Acuan!$C$2:$C$10,MATCH(MAX(Acuan!$I$2:$I$10),Acuan!$I$2:$I$10,0)) -> Bubuk cokelat | D9: Teks: nama bahan
A10: 13a | B10: Bahan berstatus Kurang | C10: =COUNTIF(Acuan!$J$2:$J$10,"Kurang") -> 3 | D10: Angka bulat, mis. 2
A11: 13b | B11: Jumlah bahan produk Kopi Susu | C11: =COUNTIF(Data!$A$2:$A$33,"Kopi Susu") -> 4 | D11: Angka bulat, mis. 3
A12: 14a | B12: Total biaya bahan Teh Susu | C12: =SUMIF(Data!$A$2:$A$33,"Teh Susu",Data!$G$2:$G$33) -> 5320000 | D12: Rupiah, mis. Rp 15.000.000
A13: 14b | B13: Rata-rata biaya bahan per baris | C13: =AVERAGE(Data!$G$2:$G$33) -> 1595812.5 | D13: Rupiah, mis. Rp 4.500.000
A14: 15a | B14: Biaya bahan per botol Kopi Aren | C14: =SUMIF(Data!$A$2:$A$33,"Kopi Aren",Data!$G$2:$G$33)/INDEX(Acuan!$B$2:$B$10,MATCH("Kopi Aren",Acuan!$A$2:$A$10,0)) -> 5550 | D14: Rupiah, mis. Rp 2.500
A15: 15b | B15: Kebutuhan susu cair (liter) | C15: =INDEX(Acuan!$G$2:$G$10,MATCH("Susu cair",Acuan!$C$2:$C$10,0))/1000 -> 980.7 | D15: Angka desimal, mis. 850,5
