Workbook

Sheet Petunjuk
A1: Kunci Jawaban: Rekap Data Pegawai (HRD)
A2: Latihan 4 dari 104 | Tingkat: Menengah | Perkiraan waktu: 45 menit | pushexcel.github.io/Pushexcel
A4: Skenario
A5: Kamu staf HRD di PT Cahaya Nusantara. Direktur meminta rekap data 30 pegawai per 1 Oktober 2026: umur, masa kerja, kategori masa kerja, jumlah pegawai tiap departemen, sampai calon pegawai yang mendekati masa pensiun. Semua perhitungan memakai tanggal acuan 1 Oktober 2026.
A7: Cara memakai kunci
A8: 1. | B8: Sel hijau berisi rumus kunci yang sudah dihitung. Klik sel untuk melihat rumusnya.
A9: 2. | B9: Kolom Rumus kunci di bawah menampilkan rumus untuk baris pertama atau tiap sel jawaban.
A10: 3. | B10: Rumus ditulis dengan titik koma (;). Ganti dengan koma (,) bila Excel kamu berbahasa Inggris.
A11: 4. | B11: Jawaban lain yang benar secara logika juga boleh, selama hasilnya sama.
A13: Arti warna
B14: Judul kolom data yang sudah diberikan
B15: Judul kolom hasil hitung
B16: Sel berisi rumus kunci
B17: Angka berwarna biru pada blok Parameter = nilai tetap yang boleh dirujuk
A19: Daftar soal
A20: No | B20: Soal | C20: Jawab di | D20: Rumus kunci
A21: 1 | B21: Hitung umur setiap pegawai dalam tahun penuh, dihitung sampai tanggal acuan. | C21: Sheet Data, kolom J (Umur (tahun)), baris 2 sampai 31 | D21: =DATEDIF(E2;$O$2;"Y")
A22: 2 | B22: Hitung masa kerja setiap pegawai dalam tahun penuh, dari tanggal masuk sampai tanggal acuan. | C22: Sheet Data, kolom K (Masa Kerja (tahun)), baris 2 sampai 31 | D22: =DATEDIF(F2;$O$2;"Y")
A23: 3 | B23: Kelompokkan masa kerja: di bawah batas Baru = Baru, di bawah batas Senior = Menengah, selain itu Senior. | C23: Sheet Data, kolom L (Kategori Masa Kerja), baris 2 sampai 31 | D23: =IF(K2<$O$3;"Baru";IF(K2<$O$4;"Menengah";"Senior"))
A24: 4 | B24: Berapa jumlah pegawai di masing-masing departemen: Keuangan, Pemasaran, Produksi, Gudang, dan Umum? | C24: Sheet Ringkasan, sel C4 sampai C8 | D24: =COUNTIF(Data!$G$2:$G$31;"Keuangan") =COUNTIF(Data!$G$2:$G$31;"Pemasaran") =COUNTIF(Data!$G$2:$G$31;"Produksi") =COUNTIF(Data!$G$2:$G$31;"Gudang") =COUNTIF(Data!$G$2:$G$31;"Umum")
A25: 5 | B25: Berapa rata-rata gaji pokok pegawai departemen Produksi? | C25: Sheet Ringkasan, sel C9 | D25: =AVERAGEIF(Data!$G$2:$G$31;"Produksi";Data!$I$2:$I$31)
A26: 6 | B26: Berapa total gaji pokok seluruh pegawai per bulan? | C26: Sheet Ringkasan, sel C10 | D26: =SUM(Data!$I$2:$I$31)
A27: 7 | B27: Siapa pegawai dengan gaji pokok tertinggi? | C27: Sheet Ringkasan, sel C11 | D27: =INDEX(Data!$C$2:$C$31;MATCH(MAX(Data!$I$2:$I$31);Data!$I$2:$I$31;0))
A28: 8 | B28: Berapa pegawai perempuan (P) yang berjabatan Supervisor atau Manajer? | C28: Sheet Ringkasan, sel C12 | D28: =COUNTIFS(Data!$D$2:$D$31;"P";Data!$H$2:$H$31;"Supervisor")+COUNTIFS(Data!$D$2:$D$31;"P";Data!$H$2:$H$31;"Manajer")
A29: 9 | B29: Berapa pegawai yang berumur 50 tahun atau lebih (mendekati masa pensiun)? | C29: Sheet Ringkasan, sel C13 | D29: =COUNTIF(Data!$J$2:$J$31;">=50")
A30: 10 | B30: Berapa pegawai departemen Keuangan yang berkategori Senior? | C30: Sheet Ringkasan, sel C14 | D30: =COUNTIFS(Data!$G$2:$G$31;"Keuangan";Data!$L$2:$L$31;"Senior")

Sheet Data
A1: No | B1: NIP | C1: Nama Pegawai | D1: JK | E1: Tanggal Lahir | F1: Tanggal Masuk | G1: Departemen | H1: Jabatan | I1: Gaji Pokok | J1: Umur (tahun) | K1: Masa Kerja (tahun) | L1: Kategori Masa Kerja | N1: Parameter | O1: Nilai | P1: Keterangan
A2: 1 | B2: P-001 | C2: Bagas Handayani | D2: L | E2: 24500 | F2: 45715 | G2: Pemasaran | H2: Manajer | I2: 11300000 | J2: =DATEDIF(E2,$O$2,"Y") -> 59 | K2: =DATEDIF(F2,$O$2,"Y") -> 1 | L2: =IF(K2<$O$3,"Baru",IF(K2<$O$4,"Menengah","Senior")) -> Baru | N2: Tanggal acuan perhitungan | O2: 46296 | P2: Semua umur dan masa kerja dihitung sampai tanggal ini
A3: 2 | B3: P-002 | C3: Ratna Hidayat | D3: P | E3: 34232 | F3: 42271 | G3: Produksi | H3: Staf | I3: 5300000 | J3: =DATEDIF(E3,$O$2,"Y") -> 33 | K3: =DATEDIF(F3,$O$2,"Y") -> 11 | L3: =IF(K3<$O$3,"Baru",IF(K3<$O$4,"Menengah","Senior")) -> Senior | N3: Batas kategori Baru (tahun) | O3: 2 | P3: Masa kerja di bawah nilai ini = Baru
A4: 3 | B4: P-003 | C4: Mulyadi Handayani | D4: L | E4: 34561 | F4: 46222 | G4: Produksi | H4: Staf | I4: 3800000 | J4: =DATEDIF(E4,$O$2,"Y") -> 32 | K4: =DATEDIF(F4,$O$2,"Y") -> 0 | L4: =IF(K4<$O$3,"Baru",IF(K4<$O$4,"Menengah","Senior")) -> Baru | N4: Batas kategori Senior (tahun) | O4: 5 | P4: Masa kerja sama dengan atau di atas nilai ini = Senior
A5: 4 | B5: P-004 | C5: Budi Purnomo | D5: L | E5: 32870 | F5: 41913 | G5: Keuangan | H5: Supervisor | I5: 9000000 | J5: =DATEDIF(E5,$O$2,"Y") -> 36 | K5: =DATEDIF(F5,$O$2,"Y") -> 12 | L5: =IF(K5<$O$3,"Baru",IF(K5<$O$4,"Menengah","Senior")) -> Senior
A6: 5 | B6: P-005 | C6: Dewi Firmansyah | D6: P | E6: 26009 | F6: 38657 | G6: Produksi | H6: Manajer | I6: 14700000 | J6: =DATEDIF(E6,$O$2,"Y") -> 55 | K6: =DATEDIF(F6,$O$2,"Y") -> 20 | L6: =IF(K6<$O$3,"Baru",IF(K6<$O$4,"Menengah","Senior")) -> Senior
A7: 6 | B7: P-006 | C7: Zainal Handayani | D7: L | E7: 31311 | F7: 44296 | G7: Keuangan | H7: Staf | I7: 4550000 | J7: =DATEDIF(E7,$O$2,"Y") -> 41 | K7: =DATEDIF(F7,$O$2,"Y") -> 5 | L7: =IF(K7<$O$3,"Baru",IF(K7<$O$4,"Menengah","Senior")) -> Senior
A8: 7 | B8: P-007 | C8: Vivi Utomo | D8: P | E8: 31372 | F8: 40713 | G8: Produksi | H8: Supervisor | I8: 9050000 | J8: =DATEDIF(E8,$O$2,"Y") -> 40 | K8: =DATEDIF(F8,$O$2,"Y") -> 15 | L8: =IF(K8<$O$3,"Baru",IF(K8<$O$4,"Menengah","Senior")) -> Senior
A9: 8 | B9: P-008 | C9: Lukman Wibowo | D9: L | E9: 34430 | F9: 45673 | G9: Produksi | H9: Staf | I9: 4000000 | J9: =DATEDIF(E9,$O$2,"Y") -> 32 | K9: =DATEDIF(F9,$O$2,"Y") -> 1 | L9: =IF(K9<$O$3,"Baru",IF(K9<$O$4,"Menengah","Senior")) -> Baru
A10: 9 | B10: P-009 | C10: Indah Utomo | D10: P | E10: 37724 | F10: 46160 | G10: Pemasaran | H10: Staf | I10: 3900000 | J10: =DATEDIF(E10,$O$2,"Y") -> 23 | K10: =DATEDIF(F10,$O$2,"Y") -> 0 | L10: =IF(K10<$O$3,"Baru",IF(K10<$O$4,"Menengah","Senior")) -> Baru
A11: 10 | B11: P-010 | C11: Indra Maulana | D11: L | E11: 33873 | F11: 44566 | G11: Gudang | H11: Staf | I11: 4500000 | J11: =DATEDIF(E11,$O$2,"Y") -> 34 | K11: =DATEDIF(F11,$O$2,"Y") -> 4 | L11: =IF(K11<$O$3,"Baru",IF(K11<$O$4,"Menengah","Senior")) -> Menengah
A12: 11 | B12: P-011 | C12: Joko Firmansyah | D12: L | E12: 37140 | F12: 46183 | G12: Gudang | H12: Staf | I12: 3900000 | J12: =DATEDIF(E12,$O$2,"Y") -> 25 | K12: =DATEDIF(F12,$O$2,"Y") -> 0 | L12: =IF(K12<$O$3,"Baru",IF(K12<$O$4,"Menengah","Senior")) -> Baru
A13: 12 | B13: P-012 | C13: Lukman Utomo | D13: L | E13: 34591 | F13: 43869 | G13: Produksi | H13: Staf | I13: 4750000 | J13: =DATEDIF(E13,$O$2,"Y") -> 32 | K13: =DATEDIF(F13,$O$2,"Y") -> 6 | L13: =IF(K13<$O$3,"Baru",IF(K13<$O$4,"Menengah","Senior")) -> Senior
A14: 13 | B14: P-013 | C14: Indra Utomo | D14: L | E14: 26520 | F14: 40047 | G14: Pemasaran | H14: Manajer | I14: 14600000 | J14: =DATEDIF(E14,$O$2,"Y") -> 54 | K14: =DATEDIF(F14,$O$2,"Y") -> 17 | L14: =IF(K14<$O$3,"Baru",IF(K14<$O$4,"Menengah","Senior")) -> Senior
A15: 14 | B15: P-014 | C15: Bayu Santoso | D15: L | E15: 32794 | F15: 44356 | G15: Keuangan | H15: Staf | I15: 4600000 | J15: =DATEDIF(E15,$O$2,"Y") -> 36 | K15: =DATEDIF(F15,$O$2,"Y") -> 5 | L15: =IF(K15<$O$3,"Baru",IF(K15<$O$4,"Menengah","Senior")) -> Senior
A16: 15 | B16: P-015 | C16: Edi Hidayat | D16: L | E16: 32973 | F16: 45711 | G16: Pemasaran | H16: Staf | I16: 4050000 | J16: =DATEDIF(E16,$O$2,"Y") -> 36 | K16: =DATEDIF(F16,$O$2,"Y") -> 1 | L16: =IF(K16<$O$3,"Baru",IF(K16<$O$4,"Menengah","Senior")) -> Baru
... A31: 30 | B31: P-030 | C31: Anwar Purnomo | D31: L | E31: 33528 | F31: 42339 | G31: Pemasaran | H31: Staf | I31: 5300000 | J31: =DATEDIF(E31,$O$2,"Y") -> 34 | K31: =DATEDIF(F31,$O$2,"Y") -> 10 | L31: =IF(K31<$O$3,"Baru",IF(K31<$O$4,"Menengah","Senior")) -> Senior

Sheet Ringkasan
A1: Ringkasan: lembar jawaban soal berjenis ringkasan
A2: Sel hijau berisi rumus kunci.
A3: No | B3: Pertanyaan | C3: Jawaban | D3: Contoh format hasil
A4: 4a | B4: Jumlah pegawai departemen Keuangan | C4: =COUNTIF(Data!$G$2:$G$31,"Keuangan") -> 5 | D4: Angka bulat, mis. 7
A5: 4b | B5: Jumlah pegawai departemen Pemasaran | C5: =COUNTIF(Data!$G$2:$G$31,"Pemasaran") -> 7 | D5: Angka bulat, mis. 7
A6: 4c | B6: Jumlah pegawai departemen Produksi | C6: =COUNTIF(Data!$G$2:$G$31,"Produksi") -> 9 | D6: Angka bulat, mis. 7
A7: 4d | B7: Jumlah pegawai departemen Gudang | C7: =COUNTIF(Data!$G$2:$G$31,"Gudang") -> 5 | D7: Angka bulat, mis. 7
A8: 4e | B8: Jumlah pegawai departemen Umum | C8: =COUNTIF(Data!$G$2:$G$31,"Umum") -> 4 | D8: Angka bulat, mis. 7
A9: 5 | B9: Rata-rata gaji pokok departemen Produksi | C9: =AVERAGEIF(Data!$G$2:$G$31,"Produksi",Data!$I$2:$I$31) -> 6077777.8 | D9: Rupiah, mis. Rp 5.450.000
A10: 6 | B10: Total gaji pokok seluruh pegawai | C10: =SUM(Data!$I$2:$I$31) -> 185450000 | D10: Rupiah, mis. Rp 210.000.000
A11: 7 | B11: Nama pegawai bergaji pokok tertinggi | C11: =INDEX(Data!$C$2:$C$31,MATCH(MAX(Data!$I$2:$I$31),Data!$I$2:$I$31,0)) -> Dewi Firmansyah | D11: Teks: nama pegawai
A12: 8 | B12: Jumlah pegawai perempuan berjabatan Supervisor atau Manajer | C12: =COUNTIFS(Data!$D$2:$D$31,"P",Data!$H$2:$H$31,"Supervisor")+COUNTIFS(Data!$D$2:$D$31,"P",Data!$H$2:$H$31,"Manajer") -> 4 | D12: Angka bulat, mis. 5
A13: 9 | B13: Jumlah pegawai berumur 50 tahun atau lebih | C13: =COUNTIF(Data!$J$2:$J$31,">=50") -> 5 | D13: Angka bulat, mis. 4
A14: 10 | B14: Jumlah pegawai Keuangan berkategori Senior | C14: =COUNTIFS(Data!$G$2:$G$31,"Keuangan",Data!$L$2:$L$31,"Senior") -> 4 | D14: Angka bulat, mis. 2
