Workbook

Sheet Petunjuk
A1: Kunci Jawaban: Biaya Perjalanan Dinas Pegawai
A2: Latihan 45 dari 56 | Tingkat: Menengah | Perkiraan waktu: 50 menit | pushexcel.github.io/Pushexcel
A4: Skenario
A5: Kamu staf keuangan PT Wira Nusantara. Selama September sampai November 2026 ada 24 perjalanan dinas. Uang saku per hari dan tarif hotel per malam tiap kota tujuan ada di sheet Acuan. Lama dinas dihitung dari tanggal berangkat sampai kembali (kedua hari dihitung), sedangkan hotel hanya dibayar untuk malam menginap, yaitu lama dinas dikurangi satu. Perjalanan dengan total biaya sama dengan atau di atas Rp 6.000.000 harus disetujui direktur, sisanya cukup disetujui manajer.
A7: Cara memakai kunci
A8: 1. | B8: Sel hijau berisi rumus kunci yang sudah dihitung. Klik sel untuk melihat rumusnya.
A9: 2. | B9: Kolom Rumus kunci di bawah menampilkan rumus untuk baris pertama atau tiap sel jawaban.
A10: 3. | B10: Rumus ditulis dengan titik koma (;). Ganti dengan koma (,) bila Excel kamu berbahasa Inggris.
A11: 4. | B11: Jawaban lain yang benar secara logika juga boleh, selama hasilnya sama.
A13: Arti warna
B14: Judul kolom data yang sudah diberikan
B15: Judul kolom hasil hitung
B16: Sel berisi rumus kunci
B17: Angka berwarna biru pada blok Parameter = nilai tetap yang boleh dirujuk
A19: Daftar soal
A20: No | B20: Soal | C20: Jawab di | D20: Rumus kunci
A21: 1 | B21: Hitung lama dinas dalam hari: tanggal kembali dikurangi tanggal berangkat, ditambah 1. | C21: Sheet Data, kolom G (Lama Dinas), baris 2 sampai 25 | D21: =D2-C2+1
A22: 2 | B22: Hitung uang saku: lama dinas dikali uang saku per hari kota tujuan (ambil dari sheet Acuan). | C22: Sheet Data, kolom H (Uang Saku), baris 2 sampai 25 | D22: =G2*VLOOKUP(B2;Acuan!$A$2:$C$7;2;FALSE)
A23: 3 | B23: Hitung biaya hotel: jumlah malam (lama dinas dikurangi 1) dikali tarif hotel kota tujuan. | C23: Sheet Data, kolom I (Biaya Hotel), baris 2 sampai 25 | D23: =(G2-1)*VLOOKUP(B2;Acuan!$A$2:$C$7;3;FALSE)
A24: 4 | B24: Hitung total biaya perjalanan: biaya transport ditambah uang saku dan biaya hotel. | C24: Sheet Data, kolom J (Total Biaya), baris 2 sampai 25 | D24: =F2+H2+I2
A25: 5 | B25: Tentukan pihak yang menyetujui: Direktur bila total biaya sama dengan atau di atas batas, selain itu Manajer. | C25: Sheet Data, kolom K (Persetujuan), baris 2 sampai 25 | D25: =IF(J2>=$O$2;"Direktur";"Manajer")
A26: 6 | B26: Tulis Ya bila tanggal berangkat jatuh pada Sabtu atau Minggu, selain itu Tidak. | C26: Sheet Data, kolom L (Akhir Pekan), baris 2 sampai 25 | D26: =IF(WEEKDAY(C2;2)>5;"Ya";"Tidak")
A27: 7 | B27: Pada sheet Acuan, hitung jumlah perjalanan ke tiap kota tujuan. | C27: Sheet Acuan, kolom D (Jumlah Perjalanan), baris 2 sampai 7 | D27: =COUNTIF(Data!$B$2:$B$25;A2)
A28: 8 | B28: Pada sheet Acuan, hitung total biaya perjalanan ke tiap kota. | C28: Sheet Acuan, kolom E (Total Biaya Kota), baris 2 sampai 7 | D28: =SUMIF(Data!$B$2:$B$25;A2;Data!$J$2:$J$25)
A29: 9 | B29: Berapa total biaya seluruh perjalanan, dan berapa rata-rata biaya per perjalanan? | C29: Sheet Ringkasan, sel C4 sampai C5 | D29: =SUM(Data!$J$2:$J$25) =AVERAGE(Data!$J$2:$J$25)
A30: 10 | B30: Berapa perjalanan yang harus disetujui direktur, dan berapa total biayanya? | C30: Sheet Ringkasan, sel C6 sampai C7 | D30: =COUNTIF(Data!$K$2:$K$25;"Direktur") =SUMIF(Data!$K$2:$K$25;"Direktur";Data!$J$2:$J$25)
A31: 11 | B31: Kota mana yang paling sering dituju, dan kota mana yang total biayanya terbesar? | C31: Sheet Ringkasan, sel C8 sampai C9 | D31: =INDEX(Acuan!$A$2:$A$7;MATCH(MAX(Acuan!$D$2:$D$7);Acuan!$D$2:$D$7;0)) =INDEX(Acuan!$A$2:$A$7;MATCH(MAX(Acuan!$E$2:$E$7);Acuan!$E$2:$E$7;0))
... A33: 13 | B33: Berapa total hari dinas yang memakai pesawat, dan berapa perjalanan berpesawat yang berangkat pada akhir pekan? | C33: Sheet Ringkasan, sel C12 sampai C13 | D33: =SUMIF(Data!$E$2:$E$25;"Pesawat";Data!$G$2:$G$25) =COUNTIFS(Data!$E$2:$E$25;"Pesawat";Data!$L$2:$L$25;"Ya")

Sheet Data
A1: Pegawai | B1: Tujuan | C1: Berangkat | D1: Kembali | E1: Moda | F1: Biaya Transport | G1: Lama Dinas | H1: Uang Saku | I1: Biaya Hotel | J1: Total Biaya | K1: Persetujuan | L1: Akhir Pekan | N1: Parameter | O1: Nilai | P1: Keterangan
A2: Dimas Fauzi | B2: Yogyakarta | C2: 46276 | D2: 46277 | E2: Bus | F2: 250000 | G2: =D2-C2+1 -> 2 | H2: =G2*VLOOKUP(B2,Acuan!$A$2:$C$7,2,FALSE()) -> 700000 | I2: =(G2-1)*VLOOKUP(B2,Acuan!$A$2:$C$7,3,FALSE()) -> 500000 | J2: =F2+H2+I2 -> 1450000 | K2: =IF(J2>=$O$2,"Direktur","Manajer") -> Manajer | L2: =IF(WEEKDAY(C2,2)>5,"Ya","Tidak") -> Tidak | N2: Batas persetujuan direktur | O2: 6000000 | P2: Total biaya sama dengan atau di atas batas = Direktur
A3: Intan Pangestu | B3: Medan | C3: 46278 | D3: 46279 | E3: Pesawat | F3: 1800000 | G3: =D3-C3+1 -> 2 | H3: =G3*VLOOKUP(B3,Acuan!$A$2:$C$7,2,FALSE()) -> 900000 | I3: =(G3-1)*VLOOKUP(B3,Acuan!$A$2:$C$7,3,FALSE()) -> 550000 | J3: =F3+H3+I3 -> 3250000 | K3: =IF(J3>=$O$2,"Direktur","Manajer") -> Manajer | L3: =IF(WEEKDAY(C3,2)>5,"Ya","Tidak") -> Ya
A4: Rina Hidayat | B4: Surabaya | C4: 46281 | D4: 46282 | E4: Kereta | F4: 650000 | G4: =D4-C4+1 -> 2 | H4: =G4*VLOOKUP(B4,Acuan!$A$2:$C$7,2,FALSE()) -> 800000 | I4: =(G4-1)*VLOOKUP(B4,Acuan!$A$2:$C$7,3,FALSE()) -> 600000 | J4: =F4+H4+I4 -> 2050000 | K4: =IF(J4>=$O$2,"Direktur","Manajer") -> Manajer | L4: =IF(WEEKDAY(C4,2)>5,"Ya","Tidak") -> Tidak
A5: Dimas Fauzi | B5: Jakarta | C5: 46281 | D5: 46282 | E5: Pesawat | F5: 1800000 | G5: =D5-C5+1 -> 2 | H5: =G5*VLOOKUP(B5,Acuan!$A$2:$C$7,2,FALSE()) -> 900000 | I5: =(G5-1)*VLOOKUP(B5,Acuan!$A$2:$C$7,3,FALSE()) -> 700000 | J5: =F5+H5+I5 -> 3400000 | K5: =IF(J5>=$O$2,"Direktur","Manajer") -> Manajer | L5: =IF(WEEKDAY(C5,2)>5,"Ya","Tidak") -> Tidak
A6: Joko Purnomo | B6: Jakarta | C6: 46282 | D6: 46283 | E6: Bus | F6: 350000 | G6: =D6-C6+1 -> 2 | H6: =G6*VLOOKUP(B6,Acuan!$A$2:$C$7,2,FALSE()) -> 900000 | I6: =(G6-1)*VLOOKUP(B6,Acuan!$A$2:$C$7,3,FALSE()) -> 700000 | J6: =F6+H6+I6 -> 1950000 | K6: =IF(J6>=$O$2,"Direktur","Manajer") -> Manajer | L6: =IF(WEEKDAY(C6,2)>5,"Ya","Tidak") -> Tidak
A7: Novi Pangestu | B7: Makassar | C7: 46283 | D7: 46286 | E7: Bus | F7: 350000 | G7: =D7-C7+1 -> 4 | H7: =G7*VLOOKUP(B7,Acuan!$A$2:$C$7,2,FALSE()) -> 1700000 | I7: =(G7-1)*VLOOKUP(B7,Acuan!$A$2:$C$7,3,FALSE()) -> 1650000 | J7: =F7+H7+I7 -> 3700000 | K7: =IF(J7>=$O$2,"Direktur","Manajer") -> Manajer | L7: =IF(WEEKDAY(C7,2)>5,"Ya","Tidak") -> Tidak
A8: Dimas Fauzi | B8: Yogyakarta | C8: 46283 | D8: 46288 | E8: Pesawat | F8: 2600000 | G8: =D8-C8+1 -> 6 | H8: =G8*VLOOKUP(B8,Acuan!$A$2:$C$7,2,FALSE()) -> 2100000 | I8: =(G8-1)*VLOOKUP(B8,Acuan!$A$2:$C$7,3,FALSE()) -> 2500000 | J8: =F8+H8+I8 -> 7200000 | K8: =IF(J8>=$O$2,"Direktur","Manajer") -> Direktur | L8: =IF(WEEKDAY(C8,2)>5,"Ya","Tidak") -> Tidak
A9: Rina Hidayat | B9: Surabaya | C9: 46284 | D9: 46287 | E9: Bus | F9: 450000 | G9: =D9-C9+1 -> 4 | H9: =G9*VLOOKUP(B9,Acuan!$A$2:$C$7,2,FALSE()) -> 1600000 | I9: =(G9-1)*VLOOKUP(B9,Acuan!$A$2:$C$7,3,FALSE()) -> 1800000 | J9: =F9+H9+I9 -> 3850000 | K9: =IF(J9>=$O$2,"Direktur","Manajer") -> Manajer | L9: =IF(WEEKDAY(C9,2)>5,"Ya","Tidak") -> Ya
A10: Novi Pangestu | B10: Jakarta | C10: 46285 | D10: 46288 | E10: Pesawat | F10: 1450000 | G10: =D10-C10+1 -> 4 | H10: =G10*VLOOKUP(B10,Acuan!$A$2:$C$7,2,FALSE()) -> 1800000 | I10: =(G10-1)*VLOOKUP(B10,Acuan!$A$2:$C$7,3,FALSE()) -> 2100000 | J10: =F10+H10+I10 -> 5350000 | K10: =IF(J10>=$O$2,"Direktur","Manajer") -> Manajer | L10: =IF(WEEKDAY(C10,2)>5,"Ya","Tidak") -> Ya
A11: Tika Hartono | B11: Denpasar | C11: 46293 | D11: 46296 | E11: Pesawat | F11: 2600000 | G11: =D11-C11+1 -> 4 | H11: =G11*VLOOKUP(B11,Acuan!$A$2:$C$7,2,FALSE()) -> 1700000 | I11: =(G11-1)*VLOOKUP(B11,Acuan!$A$2:$C$7,3,FALSE()) -> 2400000 | J11: =F11+H11+I11 -> 6700000 | K11: =IF(J11>=$O$2,"Direktur","Manajer") -> Direktur | L11: =IF(WEEKDAY(C11,2)>5,"Ya","Tidak") -> Tidak
A12: Intan Pangestu | B12: Jakarta | C12: 46293 | D12: 46294 | E12: Kereta | F12: 850000 | G12: =D12-C12+1 -> 2 | H12: =G12*VLOOKUP(B12,Acuan!$A$2:$C$7,2,FALSE()) -> 900000 | I12: =(G12-1)*VLOOKUP(B12,Acuan!$A$2:$C$7,3,FALSE()) -> 700000 | J12: =F12+H12+I12 -> 2450000 | K12: =IF(J12>=$O$2,"Direktur","Manajer") -> Manajer | L12: =IF(WEEKDAY(C12,2)>5,"Ya","Tidak") -> Tidak
A13: Intan Pangestu | B13: Medan | C13: 46296 | D13: 46299 | E13: Bus | F13: 450000 | G13: =D13-C13+1 -> 4 | H13: =G13*VLOOKUP(B13,Acuan!$A$2:$C$7,2,FALSE()) -> 1800000 | I13: =(G13-1)*VLOOKUP(B13,Acuan!$A$2:$C$7,3,FALSE()) -> 1650000 | J13: =F13+H13+I13 -> 3900000 | K13: =IF(J13>=$O$2,"Direktur","Manajer") -> Manajer | L13: =IF(WEEKDAY(C13,2)>5,"Ya","Tidak") -> Tidak
A14: Vina Pangestu | B14: Makassar | C14: 46299 | D14: 46301 | E14: Pesawat | F14: 2100000 | G14: =D14-C14+1 -> 3 | H14: =G14*VLOOKUP(B14,Acuan!$A$2:$C$7,2,FALSE()) -> 1275000 | I14: =(G14-1)*VLOOKUP(B14,Acuan!$A$2:$C$7,3,FALSE()) -> 1100000 | J14: =F14+H14+I14 -> 4475000 | K14: =IF(J14>=$O$2,"Direktur","Manajer") -> Manajer | L14: =IF(WEEKDAY(C14,2)>5,"Ya","Tidak") -> Ya
... A25: Joko Purnomo | B25: Surabaya | C25: 46338 | D25: 46339 | E25: Pesawat | F25: 1800000 | G25: =D25-C25+1 -> 2 | H25: =G25*VLOOKUP(B25,Acuan!$A$2:$C$7,2,FALSE()) -> 800000 | I25: =(G25-1)*VLOOKUP(B25,Acuan!$A$2:$C$7,3,FALSE()) -> 600000 | J25: =F25+H25+I25 -> 3200000 | K25: =IF(J25>=$O$2,"Direktur","Manajer") -> Manajer | L25: =IF(WEEKDAY(C25,2)>5,"Ya","Tidak") -> Tidak

Sheet Acuan
A1: Tujuan | B1: Uang Saku per Hari | C1: Tarif Hotel | D1: Jumlah Perjalanan | E1: Total Biaya Kota
A2: Jakarta | B2: 450000 | C2: 700000 | D2: =COUNTIF(Data!$B$2:$B$25,A2) -> 6 | E2: =SUMIF(Data!$B$2:$B$25,A2,Data!$J$2:$J$25) -> 26150000
A3: Surabaya | B3: 400000 | C3: 600000 | D3: =COUNTIF(Data!$B$2:$B$25,A3) -> 4 | E3: =SUMIF(Data!$B$2:$B$25,A3,Data!$J$2:$J$25) -> 11750000
A4: Medan | B4: 450000 | C4: 550000 | D4: =COUNTIF(Data!$B$2:$B$25,A4) -> 3 | E4: =SUMIF(Data!$B$2:$B$25,A4,Data!$J$2:$J$25) -> 13700000
A5: Makassar | B5: 425000 | C5: 550000 | D5: =COUNTIF(Data!$B$2:$B$25,A5) -> 4 | E5: =SUMIF(Data!$B$2:$B$25,A5,Data!$J$2:$J$25) -> 15700000
A6: Denpasar | B6: 425000 | C6: 800000 | D6: =COUNTIF(Data!$B$2:$B$25,A6) -> 4 | E6: =SUMIF(Data!$B$2:$B$25,A6,Data!$J$2:$J$25) -> 15550000
A7: Yogyakarta | B7: 350000 | C7: 500000 | D7: =COUNTIF(Data!$B$2:$B$25,A7) -> 3 | E7: =SUMIF(Data!$B$2:$B$25,A7,Data!$J$2:$J$25) -> 11550000

Sheet Ringkasan
A1: Ringkasan: lembar jawaban soal berjenis ringkasan
A2: Sel hijau berisi rumus kunci.
A3: No | B3: Pertanyaan | C3: Jawaban | D3: Contoh format hasil
A4: 9a | B4: Total biaya seluruh perjalanan | C4: =SUM(Data!$J$2:$J$25) -> 94400000 | D4: Rupiah, mis. Rp 100.000.000
A5: 9b | B5: Rata-rata biaya per perjalanan | C5: =AVERAGE(Data!$J$2:$J$25) -> 3933333.3 | D5: Rupiah, mis. Rp 4.500.000
A6: 10a | B6: Jumlah perjalanan disetujui direktur | C6: =COUNTIF(Data!$K$2:$K$25,"Direktur") -> 4 | D6: Angka bulat, mis. 8
A7: 10b | B7: Total biaya perjalanan disetujui direktur | C7: =SUMIF(Data!$K$2:$K$25,"Direktur",Data!$J$2:$J$25) -> 28100000 | D7: Rupiah, mis. Rp 60.000.000
A8: 11a | B8: Kota paling sering dituju | C8: =INDEX(Acuan!$A$2:$A$7,MATCH(MAX(Acuan!$D$2:$D$7),Acuan!$D$2:$D$7,0)) -> Jakarta | D8: Teks: nama kota
A9: 11b | B9: Kota dengan total biaya terbesar | C9: =INDEX(Acuan!$A$2:$A$7,MATCH(MAX(Acuan!$E$2:$E$7),Acuan!$E$2:$E$7,0)) -> Jakarta | D9: Teks: nama kota
A10: 12a | B10: Lama dinas terlama (hari) | C10: =MAX(Data!$G$2:$G$25) -> 6 | D10: Angka bulat, mis. 8
A11: 12b | B11: Pegawai dengan dinas terlama | C11: =INDEX(Data!$A$2:$A$25,MATCH(MAX(Data!$G$2:$G$25),Data!$G$2:$G$25,0)) -> Dimas Fauzi | D11: Teks: nama pegawai
A12: 13a | B12: Total hari dinas dengan pesawat | C12: =SUMIF(Data!$E$2:$E$25,"Pesawat",Data!$G$2:$G$25) -> 42 | D12: Angka bulat, mis. 40
A13: 13b | B13: Perjalanan berpesawat berangkat akhir pekan | C13: =COUNTIFS(Data!$E$2:$E$25,"Pesawat",Data!$L$2:$L$25,"Ya") -> 4 | D13: Angka bulat, mis. 3
