Workbook

Sheet Petunjuk
A1: Kunci Jawaban: Penjualan Toko Kelontong per Produk dan Kasir
A2: Latihan 47 dari 56 | Tingkat: Menengah | Perkiraan waktu: 50 menit | pushexcel.github.io/Pushexcel
A4: Skenario
A5: Kamu pengelola Toko Kelontong Berkah Jaya yang punya empat kasir. Daftar 12 produk beserta kategori, harga jual, dan harga modal ada di sheet Acuan. Selama dua minggu tercatat 36 transaksi penjualan. Transaksi dengan nilai penjualan sama dengan atau di atas Rp 100.000 masuk kelompok Besar, sama dengan atau di atas Rp 40.000 kelompok Sedang, dan selain itu Kecil. Margin adalah laba dibagi nilai penjualan.
A7: Cara memakai kunci
A8: 1. | B8: Sel hijau berisi rumus kunci yang sudah dihitung. Klik sel untuk melihat rumusnya.
A9: 2. | B9: Kolom Rumus kunci di bawah menampilkan rumus untuk baris pertama atau tiap sel jawaban.
A10: 3. | B10: Rumus ditulis dengan titik koma (;). Ganti dengan koma (,) bila Excel kamu berbahasa Inggris.
A11: 4. | B11: Jawaban lain yang benar secara logika juga boleh, selama hasilnya sama.
A13: Arti warna
B14: Judul kolom data yang sudah diberikan
B15: Judul kolom hasil hitung
B16: Sel berisi rumus kunci
A18: Daftar soal
A19: No | B19: Soal | C19: Jawab di | D19: Rumus kunci
A20: 1 | B20: Ambil kategori produk dari sheet Acuan berdasarkan nama produk. | C20: Sheet Data, kolom F (Kategori), baris 2 sampai 37 | D20: =VLOOKUP(C2;Acuan!$A$2:$D$13;2;FALSE)
A21: 2 | B21: Ambil harga jual produk dari sheet Acuan. | C21: Sheet Data, kolom G (Harga Jual), baris 2 sampai 37 | D21: =VLOOKUP(C2;Acuan!$A$2:$D$13;3;FALSE)
A22: 3 | B22: Hitung nilai penjualan: jumlah dikali harga jual. | C22: Sheet Data, kolom H (Penjualan), baris 2 sampai 37 | D22: =D2*G2
A23: 4 | B23: Hitung laba transaksi: jumlah dikali selisih harga jual dan harga modal (harga modal diambil dari Acuan). | C23: Sheet Data, kolom I (Laba), baris 2 sampai 37 | D23: =D2*(G2-VLOOKUP(C2;Acuan!$A$2:$D$13;4;FALSE))
A24: 5 | B24: Hitung margin: laba dibagi nilai penjualan. | C24: Sheet Data, kolom J (Margin), baris 2 sampai 37 | D24: =I2/H2
A25: 6 | B25: Tentukan kelompok: Besar bila penjualan sama dengan atau di atas Rp 100.000, Sedang bila sama dengan atau di atas Rp 40.000, selain itu Kecil. | C25: Sheet Data, kolom K (Kelompok Belanja), baris 2 sampai 37 | D25: =IF(H2>=100000;"Besar";IF(H2>=40000;"Sedang";"Kecil"))
A26: 7 | B26: Pada sheet Acuan, hitung total jumlah terjual tiap produk. | C26: Sheet Acuan, kolom E (Jumlah Terjual), baris 2 sampai 13 | D26: =SUMIF(Data!$C$2:$C$37;A2;Data!$D$2:$D$37)
A27: 8 | B27: Pada sheet Acuan, hitung total laba tiap produk. | C27: Sheet Acuan, kolom F (Total Laba), baris 2 sampai 13 | D27: =SUMIF(Data!$C$2:$C$37;A2;Data!$I$2:$I$37)
A28: 9 | B28: Berapa total penjualan, total laba, dan margin keseluruhan? | C28: Sheet Ringkasan, sel C4 sampai C6 | D28: =SUM(Data!$H$2:$H$37) =SUM(Data!$I$2:$I$37) =C5/C4
A29: 10 | B29: Produk apa yang paling banyak terjual, dan produk apa yang labanya terbesar? | C29: Sheet Ringkasan, sel C7 sampai C8 | D29: =INDEX(Acuan!$A$2:$A$13;MATCH(MAX(Acuan!$E$2:$E$13);Acuan!$E$2:$E$13;0)) =INDEX(Acuan!$A$2:$A$13;MATCH(MAX(Acuan!$F$2:$F$13);Acuan!$F$2:$F$13;0))
A30: 11 | B30: Berapa total penjualan kategori Sembako, dan berapa rata-rata margin kategori Minuman? | C30: Sheet Ringkasan, sel C9 sampai C10 | D30: =SUMIF(Data!$F$2:$F$37;"Sembako";Data!$H$2:$H$37) =AVERAGEIF(Data!$F$2:$F$37;"Minuman";Data!$J$2:$J$37)
... A32: 13 | B32: Berapa transaksi kelompok Besar, dan berapa transaksi QRIS yang dilayani kasir Rina? | C32: Sheet Ringkasan, sel C13 sampai C14 | D32: =COUNTIF(Data!$K$2:$K$37;"Besar") =COUNTIFS(Data!$B$2:$B$37;"Rina";Data!$E$2:$E$37;"QRIS")

Sheet Data
A1: Tanggal | B1: Kasir | C1: Produk | D1: Jumlah | E1: Metode Bayar | F1: Kategori | G1: Harga Jual | H1: Penjualan | I1: Laba | J1: Margin | K1: Kelompok Belanja
A2: 46286 | B2: Dedi | C2: Biskuit | D2: 1 | E2: Tunai | F2: =VLOOKUP(C2,Acuan!$A$2:$D$13,2,FALSE()) -> Makanan | G2: =VLOOKUP(C2,Acuan!$A$2:$D$13,3,FALSE()) -> 12000 | H2: =D2*G2 -> 12000 | I2: =D2*(G2-VLOOKUP(C2,Acuan!$A$2:$D$13,4,FALSE())) -> 2500 | J2: =I2/H2 -> 0.20833333 | K2: =IF(H2>=100000,"Besar",IF(H2>=40000,"Sedang","Kecil")) -> Kecil
A3: 46286 | B3: Dedi | C3: Gula 1 kg | D3: 3 | E3: Tunai | F3: =VLOOKUP(C3,Acuan!$A$2:$D$13,2,FALSE()) -> Sembako | G3: =VLOOKUP(C3,Acuan!$A$2:$D$13,3,FALSE()) -> 17000 | H3: =D3*G3 -> 51000 | I3: =D3*(G3-VLOOKUP(C3,Acuan!$A$2:$D$13,4,FALSE())) -> 4500 | J3: =I3/H3 -> 0.088235294 | K3: =IF(H3>=100000,"Besar",IF(H3>=40000,"Sedang","Kecil")) -> Sedang
A4: 46287 | B4: Agus | C4: Beras 5 kg | D4: 3 | E4: QRIS | F4: =VLOOKUP(C4,Acuan!$A$2:$D$13,2,FALSE()) -> Sembako | G4: =VLOOKUP(C4,Acuan!$A$2:$D$13,3,FALSE()) -> 68000 | H4: =D4*G4 -> 204000 | I4: =D4*(G4-VLOOKUP(C4,Acuan!$A$2:$D$13,4,FALSE())) -> 18000 | J4: =I4/H4 -> 0.088235294 | K4: =IF(H4>=100000,"Besar",IF(H4>=40000,"Sedang","Kecil")) -> Besar
A5: 46287 | B5: Agus | C5: Deterjen 1 kg | D5: 5 | E5: Tunai | F5: =VLOOKUP(C5,Acuan!$A$2:$D$13,2,FALSE()) -> Kebersihan | G5: =VLOOKUP(C5,Acuan!$A$2:$D$13,3,FALSE()) -> 28000 | H5: =D5*G5 -> 140000 | I5: =D5*(G5-VLOOKUP(C5,Acuan!$A$2:$D$13,4,FALSE())) -> 22500 | J5: =I5/H5 -> 0.16071429 | K5: =IF(H5>=100000,"Besar",IF(H5>=40000,"Sedang","Kecil")) -> Besar
A6: 46287 | B6: Dedi | C6: Gula 1 kg | D6: 2 | E6: QRIS | F6: =VLOOKUP(C6,Acuan!$A$2:$D$13,2,FALSE()) -> Sembako | G6: =VLOOKUP(C6,Acuan!$A$2:$D$13,3,FALSE()) -> 17000 | H6: =D6*G6 -> 34000 | I6: =D6*(G6-VLOOKUP(C6,Acuan!$A$2:$D$13,4,FALSE())) -> 3000 | J6: =I6/H6 -> 0.088235294 | K6: =IF(H6>=100000,"Besar",IF(H6>=40000,"Sedang","Kecil")) -> Kecil
A7: 46288 | B7: Rina | C7: Gula 1 kg | D7: 5 | E7: QRIS | F7: =VLOOKUP(C7,Acuan!$A$2:$D$13,2,FALSE()) -> Sembako | G7: =VLOOKUP(C7,Acuan!$A$2:$D$13,3,FALSE()) -> 17000 | H7: =D7*G7 -> 85000 | I7: =D7*(G7-VLOOKUP(C7,Acuan!$A$2:$D$13,4,FALSE())) -> 7500 | J7: =I7/H7 -> 0.088235294 | K7: =IF(H7>=100000,"Besar",IF(H7>=40000,"Sedang","Kecil")) -> Sedang
A8: 46288 | B8: Agus | C8: Teh Kotak (dus) | D8: 2 | E8: QRIS | F8: =VLOOKUP(C8,Acuan!$A$2:$D$13,2,FALSE()) -> Minuman | G8: =VLOOKUP(C8,Acuan!$A$2:$D$13,3,FALSE()) -> 55000 | H8: =D8*G8 -> 110000 | I8: =D8*(G8-VLOOKUP(C8,Acuan!$A$2:$D$13,4,FALSE())) -> 12000 | J8: =I8/H8 -> 0.10909091 | K8: =IF(H8>=100000,"Besar",IF(H8>=40000,"Sedang","Kecil")) -> Besar
A9: 46289 | B9: Dedi | C9: Minyak Goreng 2 L | D9: 3 | E9: Tunai | F9: =VLOOKUP(C9,Acuan!$A$2:$D$13,2,FALSE()) -> Sembako | G9: =VLOOKUP(C9,Acuan!$A$2:$D$13,3,FALSE()) -> 36000 | H9: =D9*G9 -> 108000 | I9: =D9*(G9-VLOOKUP(C9,Acuan!$A$2:$D$13,4,FALSE())) -> 9000 | J9: =I9/H9 -> 0.083333333 | K9: =IF(H9>=100000,"Besar",IF(H9>=40000,"Sedang","Kecil")) -> Besar
A10: 46289 | B10: Dedi | C10: Sabun Cuci | D10: 6 | E10: Tunai | F10: =VLOOKUP(C10,Acuan!$A$2:$D$13,2,FALSE()) -> Kebersihan | G10: =VLOOKUP(C10,Acuan!$A$2:$D$13,3,FALSE()) -> 14000 | H10: =D10*G10 -> 84000 | I10: =D10*(G10-VLOOKUP(C10,Acuan!$A$2:$D$13,4,FALSE())) -> 15000 | J10: =I10/H10 -> 0.17857143 | K10: =IF(H10>=100000,"Besar",IF(H10>=40000,"Sedang","Kecil")) -> Sedang
A11: 46289 | B11: Agus | C11: Mi Instan (dus) | D11: 1 | E11: Tunai | F11: =VLOOKUP(C11,Acuan!$A$2:$D$13,2,FALSE()) -> Makanan | G11: =VLOOKUP(C11,Acuan!$A$2:$D$13,3,FALSE()) -> 108000 | H11: =D11*G11 -> 108000 | I11: =D11*(G11-VLOOKUP(C11,Acuan!$A$2:$D$13,4,FALSE())) -> 9000 | J11: =I11/H11 -> 0.083333333 | K11: =IF(H11>=100000,"Besar",IF(H11>=40000,"Sedang","Kecil")) -> Besar
A12: 46289 | B12: Rina | C12: Air Mineral (dus) | D12: 1 | E12: Tunai | F12: =VLOOKUP(C12,Acuan!$A$2:$D$13,2,FALSE()) -> Minuman | G12: =VLOOKUP(C12,Acuan!$A$2:$D$13,3,FALSE()) -> 40000 | H12: =D12*G12 -> 40000 | I12: =D12*(G12-VLOOKUP(C12,Acuan!$A$2:$D$13,4,FALSE())) -> 4000 | J12: =I12/H12 -> 0.1 | K12: =IF(H12>=100000,"Besar",IF(H12>=40000,"Sedang","Kecil")) -> Sedang
A13: 46290 | B13: Agus | C13: Gula 1 kg | D13: 4 | E13: QRIS | F13: =VLOOKUP(C13,Acuan!$A$2:$D$13,2,FALSE()) -> Sembako | G13: =VLOOKUP(C13,Acuan!$A$2:$D$13,3,FALSE()) -> 17000 | H13: =D13*G13 -> 68000 | I13: =D13*(G13-VLOOKUP(C13,Acuan!$A$2:$D$13,4,FALSE())) -> 6000 | J13: =I13/H13 -> 0.088235294 | K13: =IF(H13>=100000,"Besar",IF(H13>=40000,"Sedang","Kecil")) -> Sedang
... A37: 46299 | B37: Agus | C37: Keripik | D37: 2 | E37: QRIS | F37: =VLOOKUP(C37,Acuan!$A$2:$D$13,2,FALSE()) -> Makanan | G37: =VLOOKUP(C37,Acuan!$A$2:$D$13,3,FALSE()) -> 9000 | H37: =D37*G37 -> 18000 | I37: =D37*(G37-VLOOKUP(C37,Acuan!$A$2:$D$13,4,FALSE())) -> 5000 | J37: =I37/H37 -> 0.27777778 | K37: =IF(H37>=100000,"Besar",IF(H37>=40000,"Sedang","Kecil")) -> Kecil

Sheet Acuan
A1: Produk | B1: Kategori | C1: Harga Jual | D1: Harga Modal | E1: Jumlah Terjual | F1: Total Laba
A2: Beras 5 kg | B2: Sembako | C2: 68000 | D2: 62000 | E2: =SUMIF(Data!$C$2:$C$37,A2,Data!$D$2:$D$37) -> 6 | F2: =SUMIF(Data!$C$2:$C$37,A2,Data!$I$2:$I$37) -> 36000
A3: Minyak Goreng 2 L | B3: Sembako | C3: 36000 | D3: 33000 | E3: =SUMIF(Data!$C$2:$C$37,A3,Data!$D$2:$D$37) -> 12 | F3: =SUMIF(Data!$C$2:$C$37,A3,Data!$I$2:$I$37) -> 36000
A4: Gula 1 kg | B4: Sembako | C4: 17000 | D4: 15500 | E4: =SUMIF(Data!$C$2:$C$37,A4,Data!$D$2:$D$37) -> 17 | F4: =SUMIF(Data!$C$2:$C$37,A4,Data!$I$2:$I$37) -> 25500
A5: Telur 1 kg | B5: Sembako | C5: 29000 | D5: 26500 | E5: =SUMIF(Data!$C$2:$C$37,A5,Data!$D$2:$D$37) -> 9 | F5: =SUMIF(Data!$C$2:$C$37,A5,Data!$I$2:$I$37) -> 22500
A6: Air Mineral (dus) | B6: Minuman | C6: 40000 | D6: 36000 | E6: =SUMIF(Data!$C$2:$C$37,A6,Data!$D$2:$D$37) -> 6 | F6: =SUMIF(Data!$C$2:$C$37,A6,Data!$I$2:$I$37) -> 24000
A7: Teh Kotak (dus) | B7: Minuman | C7: 55000 | D7: 49000 | E7: =SUMIF(Data!$C$2:$C$37,A7,Data!$D$2:$D$37) -> 10 | F7: =SUMIF(Data!$C$2:$C$37,A7,Data!$I$2:$I$37) -> 60000
A8: Kopi Sachet (renceng) | B8: Minuman | C8: 16000 | D8: 13500 | E8: =SUMIF(Data!$C$2:$C$37,A8,Data!$D$2:$D$37) -> 10 | F8: =SUMIF(Data!$C$2:$C$37,A8,Data!$I$2:$I$37) -> 25000
A9: Mi Instan (dus) | B9: Makanan | C9: 108000 | D9: 99000 | E9: =SUMIF(Data!$C$2:$C$37,A9,Data!$D$2:$D$37) -> 6 | F9: =SUMIF(Data!$C$2:$C$37,A9,Data!$I$2:$I$37) -> 54000
A10: Biskuit | B10: Makanan | C10: 12000 | D10: 9500 | E10: =SUMIF(Data!$C$2:$C$37,A10,Data!$D$2:$D$37) -> 6 | F10: =SUMIF(Data!$C$2:$C$37,A10,Data!$I$2:$I$37) -> 15000
A11: Keripik | B11: Makanan | C11: 9000 | D11: 6500 | E11: =SUMIF(Data!$C$2:$C$37,A11,Data!$D$2:$D$37) -> 4 | F11: =SUMIF(Data!$C$2:$C$37,A11,Data!$I$2:$I$37) -> 10000
A12: Sabun Cuci | B12: Kebersihan | C12: 14000 | D12: 11500 | E12: =SUMIF(Data!$C$2:$C$37,A12,Data!$D$2:$D$37) -> 7 | F12: =SUMIF(Data!$C$2:$C$37,A12,Data!$I$2:$I$37) -> 17500
A13: Deterjen 1 kg | B13: Kebersihan | C13: 28000 | D13: 23500 | E13: =SUMIF(Data!$C$2:$C$37,A13,Data!$D$2:$D$37) -> 11 | F13: =SUMIF(Data!$C$2:$C$37,A13,Data!$I$2:$I$37) -> 49500

Sheet Ringkasan
A1: Ringkasan: lembar jawaban soal berjenis ringkasan
A2: Sel hijau berisi rumus kunci.
A3: No | B3: Pertanyaan | C3: Jawaban | D3: Contoh format hasil
A4: 9a | B4: Total penjualan | C4: =SUM(Data!$H$2:$H$37) -> 3502000 | D4: Rupiah, mis. Rp 3.000.000
A5: 9b | B5: Total laba | C5: =SUM(Data!$I$2:$I$37) -> 375000 | D5: Rupiah, mis. Rp 250.000
A6: 9c | B6: Margin keseluruhan | C6: =C5/C4 -> 0.10708167 | D6: Persen, mis. 11,5%
A7: 10a | B7: Produk paling banyak terjual | C7: =INDEX(Acuan!$A$2:$A$13,MATCH(MAX(Acuan!$E$2:$E$13),Acuan!$E$2:$E$13,0)) -> Gula 1 kg | D7: Teks: nama produk
A8: 10b | B8: Produk dengan laba terbesar | C8: =INDEX(Acuan!$A$2:$A$13,MATCH(MAX(Acuan!$F$2:$F$13),Acuan!$F$2:$F$13,0)) -> Teh Kotak (dus) | D8: Teks: nama produk
A9: 11a | B9: Total penjualan kategori Sembako | C9: =SUMIF(Data!$F$2:$F$37,"Sembako",Data!$H$2:$H$37) -> 1390000 | D9: Rupiah, mis. Rp 1.200.000
A10: 11b | B10: Rata-rata margin kategori Minuman | C10: =AVERAGEIF(Data!$F$2:$F$37,"Minuman",Data!$J$2:$J$37) -> 0.1165404 | D10: Persen, mis. 9,5%
A11: 12a | B11: Total penjualan kasir Rina | C11: =SUMIF(Data!$B$2:$B$37,"Rina",Data!$H$2:$H$37) -> 1207000 | D11: Rupiah, mis. Rp 800.000
A12: 12b | B12: Total penjualan kasir Dedi | C12: =SUMIF(Data!$B$2:$B$37,"Dedi",Data!$H$2:$H$37) -> 1019000 | D12: Rupiah, mis. Rp 700.000
A13: 13a | B13: Jumlah transaksi kelompok Besar | C13: =COUNTIF(Data!$K$2:$K$37,"Besar") -> 17 | D13: Angka bulat, mis. 8
A14: 13b | B14: Transaksi QRIS kasir Rina | C14: =COUNTIFS(Data!$B$2:$B$37,"Rina",Data!$E$2:$E$37,"QRIS") -> 4 | D14: Angka bulat, mis. 3
