Workbook

Sheet Petunjuk
A1: Kunci Jawaban: Pengiriman Paket dan Biaya Ekspedisi
A2: Latihan 29 dari 56 | Tingkat: Menengah | Perkiraan waktu: 50 menit | pushexcel.github.io/Pushexcel
A4: Skenario
A5: Kamu admin gudang Toko Nusantara Craft yang mengirim paket lewat ekspedisi PX Kurir. Ada 36 resi pada September sampai Oktober 2026. Tarif per kilogram dan estimasi lama kirim tiap kota tujuan ada di sheet Acuan. Berat ditagih per kilogram penuh (dibulatkan ke atas). Barang dengan nilai di atas Rp 1.000.000 wajib diasuransikan sebesar 0,5 persen dari nilai barang. Paket dianggap Tepat Waktu bila tanggal diterima sama dengan atau sebelum estimasi tiba.
A7: Cara memakai kunci
A8: 1. | B8: Sel hijau berisi rumus kunci yang sudah dihitung. Klik sel untuk melihat rumusnya.
A9: 2. | B9: Kolom Rumus kunci di bawah menampilkan rumus untuk baris pertama atau tiap sel jawaban.
A10: 3. | B10: Rumus ditulis dengan titik koma (;). Ganti dengan koma (,) bila Excel kamu berbahasa Inggris.
A11: 4. | B11: Jawaban lain yang benar secara logika juga boleh, selama hasilnya sama.
A13: Arti warna
B14: Judul kolom data yang sudah diberikan
B15: Judul kolom hasil hitung
B16: Sel berisi rumus kunci
B17: Angka berwarna biru pada blok Parameter = nilai tetap yang boleh dirujuk
A19: Daftar soal
A20: No | B20: Soal | C20: Jawab di | D20: Rumus kunci
A21: 1 | B21: Tentukan berat tagih: berat paket dibulatkan ke atas ke kilogram penuh. | C21: Sheet Data, kolom H (Berat Tagih (kg)), baris 2 sampai 37 | D21: =ROUNDUP(E2;0)
A22: 2 | B22: Ambil tarif per kilogram tiap resi dari sheet Acuan berdasarkan kota tujuan. | C22: Sheet Data, kolom I (Tarif per Kg), baris 2 sampai 37 | D22: =VLOOKUP(D2;Acuan!$A$2:$B$9;2;FALSE)
A23: 3 | B23: Hitung ongkos kirim: berat tagih dikali tarif per kilogram. | C23: Sheet Data, kolom J (Ongkir), baris 2 sampai 37 | D23: =H2*I2
A24: 4 | B24: Hitung asuransi: bila nilai barang di atas batas, 0,5 persen dari nilai barang dibulatkan ke rupiah. Selain itu 0. | C24: Sheet Data, kolom K (Asuransi), baris 2 sampai 37 | D24: =IF(F2>$Q$2;ROUND(F2*$Q$3;0);0)
A25: 5 | B25: Hitung total biaya kirim: ongkir ditambah asuransi. | C25: Sheet Data, kolom L (Total Biaya), baris 2 sampai 37 | D25: =J2+K2
A26: 6 | B26: Hitung estimasi tanggal tiba: tanggal kirim ditambah estimasi lama kirim kota tujuan (hari). | C26: Sheet Data, kolom M (Estimasi Tiba), baris 2 sampai 37 | D26: =B2+VLOOKUP(D2;Acuan!$A$2:$C$9;3;FALSE)
A27: 7 | B27: Beri status Tepat Waktu bila Tanggal Diterima sama dengan atau sebelum Estimasi Tiba. Selain itu Terlambat. | C27: Sheet Data, kolom N (Status Kirim), baris 2 sampai 37 | D27: =IF(G2<=M2;"Tepat Waktu";"Terlambat")
A28: 8 | B28: Pada sheet Acuan, hitung jumlah resi untuk tiap kota tujuan. | C28: Sheet Acuan, kolom D (Jumlah Kiriman), baris 2 sampai 9 | D28: =COUNTIF(Data!$D$2:$D$37;A2)
A29: 9 | B29: Pada sheet Acuan, hitung total ongkir untuk tiap kota tujuan. | C29: Sheet Acuan, kolom E (Total Ongkir), baris 2 sampai 9 | D29: =SUMIF(Data!$D$2:$D$37;A2;Data!$J$2:$J$37)
A30: 10 | B30: Berapa total ongkir, total asuransi, dan total biaya kirim seluruh resi? | C30: Sheet Ringkasan, sel C4 sampai C6 | D30: =SUM(Data!$J$2:$J$37) =SUM(Data!$K$2:$K$37) =SUM(Data!$L$2:$L$37)
A31: 11 | B31: Berapa paket yang Tepat Waktu, berapa yang Terlambat, dan berapa persen ketepatan waktunya? | C31: Sheet Ringkasan, sel C7 sampai C9 | D31: =COUNTIF(Data!$N$2:$N$37;"Tepat Waktu") =COUNTIF(Data!$N$2:$N$37;"Terlambat") =C7/COUNTA(Data!$A$2:$A$37)
... A34: 14 | B34: Berapa rata-rata berat paket, dan berapa jumlah paket yang kena asuransi? | C34: Sheet Ringkasan, sel C14 sampai C15 | D34: =AVERAGE(Data!$E$2:$E$37) =COUNTIF(Data!$K$2:$K$37;">0")

Sheet Data
A1: No Resi | B1: Tanggal Kirim | C1: Penerima | D1: Kota Tujuan | E1: Berat (kg) | F1: Nilai Barang | G1: Tanggal Diterima | H1: Berat Tagih (kg) | I1: Tarif per Kg | J1: Ongkir | K1: Asuransi | L1: Total Biaya | M1: Estimasi Tiba | N1: Status Kirim | P1: Parameter | Q1: Nilai | R1: Keterangan
A2: PX-26090001 | B2: 46267 | C2: Dimas Amalia | D2: Jakarta | E2: 6.5 | F2: 3200000 | G2: 46269 | H2: =ROUNDUP(E2,0) -> 7 | I2: =VLOOKUP(D2,Acuan!$A$2:$B$9,2,FALSE()) -> 9000 | J2: =H2*I2 -> 63000 | K2: =IF(F2>$Q$2,ROUND(F2*$Q$3,0),0) -> 16000 | L2: =J2+K2 -> 79000 | M2: =B2+VLOOKUP(D2,Acuan!$A$2:$C$9,3,FALSE()) -> 46269 | N2: =IF(G2<=M2,"Tepat Waktu","Terlambat") -> Tepat Waktu | P2: Batas nilai asuransi | Q2: 1000000 | R2: Nilai barang di atas angka ini wajib asuransi
A3: PX-26090002 | B3: 46268 | C3: Putri Purnomo | D3: Bandung | E3: 2.4 | F3: 150000 | G3: 46269 | H3: =ROUNDUP(E3,0) -> 3 | I3: =VLOOKUP(D3,Acuan!$A$2:$B$9,2,FALSE()) -> 10000 | J3: =H3*I3 -> 30000 | K3: =IF(F3>$Q$2,ROUND(F3*$Q$3,0),0) -> 0 | L3: =J3+K3 -> 30000 | M3: =B3+VLOOKUP(D3,Acuan!$A$2:$C$9,3,FALSE()) -> 46270 | N3: =IF(G3<=M3,"Tepat Waktu","Terlambat") -> Tepat Waktu | P3: Tarif asuransi | Q3: 0.005 | R3: Persen dari nilai barang
A4: PX-26090003 | B4: 46269 | C4: Edi Yulianto | D4: Semarang | E4: 3.6 | F4: 250000 | G4: 46272 | H4: =ROUNDUP(E4,0) -> 4 | I4: =VLOOKUP(D4,Acuan!$A$2:$B$9,2,FALSE()) -> 11000 | J4: =H4*I4 -> 44000 | K4: =IF(F4>$Q$2,ROUND(F4*$Q$3,0),0) -> 0 | L4: =J4+K4 -> 44000 | M4: =B4+VLOOKUP(D4,Acuan!$A$2:$C$9,3,FALSE()) -> 46272 | N4: =IF(G4<=M4,"Tepat Waktu","Terlambat") -> Tepat Waktu
A5: PX-26090004 | B5: 46270 | C5: Prasetyo Utomo | D5: Semarang | E5: 0.9 | F5: 250000 | G5: 46276 | H5: =ROUNDUP(E5,0) -> 1 | I5: =VLOOKUP(D5,Acuan!$A$2:$B$9,2,FALSE()) -> 11000 | J5: =H5*I5 -> 11000 | K5: =IF(F5>$Q$2,ROUND(F5*$Q$3,0),0) -> 0 | L5: =J5+K5 -> 11000 | M5: =B5+VLOOKUP(D5,Acuan!$A$2:$C$9,3,FALSE()) -> 46273 | N5: =IF(G5<=M5,"Tepat Waktu","Terlambat") -> Terlambat
A6: PX-26090005 | B6: 46270 | C6: Rahmat Lestari | D6: Bandung | E6: 3 | F6: 250000 | G6: 46274 | H6: =ROUNDUP(E6,0) -> 3 | I6: =VLOOKUP(D6,Acuan!$A$2:$B$9,2,FALSE()) -> 10000 | J6: =H6*I6 -> 30000 | K6: =IF(F6>$Q$2,ROUND(F6*$Q$3,0),0) -> 0 | L6: =J6+K6 -> 30000 | M6: =B6+VLOOKUP(D6,Acuan!$A$2:$C$9,3,FALSE()) -> 46272 | N6: =IF(G6<=M6,"Tepat Waktu","Terlambat") -> Terlambat
A7: PX-26090006 | B7: 46272 | C7: Irfan Ramadhan | D7: Jakarta | E7: 1.3 | F7: 600000 | G7: 46274 | H7: =ROUNDUP(E7,0) -> 2 | I7: =VLOOKUP(D7,Acuan!$A$2:$B$9,2,FALSE()) -> 9000 | J7: =H7*I7 -> 18000 | K7: =IF(F7>$Q$2,ROUND(F7*$Q$3,0),0) -> 0 | L7: =J7+K7 -> 18000 | M7: =B7+VLOOKUP(D7,Acuan!$A$2:$C$9,3,FALSE()) -> 46274 | N7: =IF(G7<=M7,"Tepat Waktu","Terlambat") -> Tepat Waktu
A8: PX-26090007 | B8: 46274 | C8: Rina Kurniawan | D8: Bandung | E8: 2.3 | F8: 150000 | G8: 46276 | H8: =ROUNDUP(E8,0) -> 3 | I8: =VLOOKUP(D8,Acuan!$A$2:$B$9,2,FALSE()) -> 10000 | J8: =H8*I8 -> 30000 | K8: =IF(F8>$Q$2,ROUND(F8*$Q$3,0),0) -> 0 | L8: =J8+K8 -> 30000 | M8: =B8+VLOOKUP(D8,Acuan!$A$2:$C$9,3,FALSE()) -> 46276 | N8: =IF(G8<=M8,"Tepat Waktu","Terlambat") -> Tepat Waktu
A9: PX-26090008 | B9: 46274 | C9: Yuni Wijaya | D9: Yogyakarta | E9: 1.6 | F9: 1500000 | G9: 46277 | H9: =ROUNDUP(E9,0) -> 2 | I9: =VLOOKUP(D9,Acuan!$A$2:$B$9,2,FALSE()) -> 11000 | J9: =H9*I9 -> 22000 | K9: =IF(F9>$Q$2,ROUND(F9*$Q$3,0),0) -> 7500 | L9: =J9+K9 -> 29500 | M9: =B9+VLOOKUP(D9,Acuan!$A$2:$C$9,3,FALSE()) -> 46277 | N9: =IF(G9<=M9,"Tepat Waktu","Terlambat") -> Tepat Waktu
A10: PX-26090009 | B10: 46282 | C10: Indah Nugroho | D10: Bandung | E10: 1 | F10: 350000 | G10: 46286 | H10: =ROUNDUP(E10,0) -> 1 | I10: =VLOOKUP(D10,Acuan!$A$2:$B$9,2,FALSE()) -> 10000 | J10: =H10*I10 -> 10000 | K10: =IF(F10>$Q$2,ROUND(F10*$Q$3,0),0) -> 0 | L10: =J10+K10 -> 10000 | M10: =B10+VLOOKUP(D10,Acuan!$A$2:$C$9,3,FALSE()) -> 46284 | N10: =IF(G10<=M10,"Tepat Waktu","Terlambat") -> Terlambat
A11: PX-26090010 | B11: 46284 | C11: Nurul Syahputra | D11: Yogyakarta | E11: 1.3 | F11: 350000 | G11: 46287 | H11: =ROUNDUP(E11,0) -> 2 | I11: =VLOOKUP(D11,Acuan!$A$2:$B$9,2,FALSE()) -> 11000 | J11: =H11*I11 -> 22000 | K11: =IF(F11>$Q$2,ROUND(F11*$Q$3,0),0) -> 0 | L11: =J11+K11 -> 22000 | M11: =B11+VLOOKUP(D11,Acuan!$A$2:$C$9,3,FALSE()) -> 46287 | N11: =IF(G11<=M11,"Tepat Waktu","Terlambat") -> Tepat Waktu
A12: PX-26090011 | B12: 46286 | C12: Rahmat Fauzi | D12: Yogyakarta | E12: 3.7 | F12: 150000 | G12: 46289 | H12: =ROUNDUP(E12,0) -> 4 | I12: =VLOOKUP(D12,Acuan!$A$2:$B$9,2,FALSE()) -> 11000 | J12: =H12*I12 -> 44000 | K12: =IF(F12>$Q$2,ROUND(F12*$Q$3,0),0) -> 0 | L12: =J12+K12 -> 44000 | M12: =B12+VLOOKUP(D12,Acuan!$A$2:$C$9,3,FALSE()) -> 46289 | N12: =IF(G12<=M12,"Tepat Waktu","Terlambat") -> Tepat Waktu
A13: PX-26090012 | B13: 46286 | C13: Zainal Wijaya | D13: Bandung | E13: 1.2 | F13: 600000 | G13: 46287 | H13: =ROUNDUP(E13,0) -> 2 | I13: =VLOOKUP(D13,Acuan!$A$2:$B$9,2,FALSE()) -> 10000 | J13: =H13*I13 -> 20000 | K13: =IF(F13>$Q$2,ROUND(F13*$Q$3,0),0) -> 0 | L13: =J13+K13 -> 20000 | M13: =B13+VLOOKUP(D13,Acuan!$A$2:$C$9,3,FALSE()) -> 46288 | N13: =IF(G13<=M13,"Tepat Waktu","Terlambat") -> Tepat Waktu
A14: PX-26090013 | B14: 46286 | C14: Gita Utomo | D14: Bandung | E14: 0.5 | F14: 850000 | G14: 46288 | H14: =ROUNDUP(E14,0) -> 1 | I14: =VLOOKUP(D14,Acuan!$A$2:$B$9,2,FALSE()) -> 10000 | J14: =H14*I14 -> 10000 | K14: =IF(F14>$Q$2,ROUND(F14*$Q$3,0),0) -> 0 | L14: =J14+K14 -> 10000 | M14: =B14+VLOOKUP(D14,Acuan!$A$2:$C$9,3,FALSE()) -> 46288 | N14: =IF(G14<=M14,"Tepat Waktu","Terlambat") -> Tepat Waktu
A15: PX-26090014 | B15: 46287 | C15: Jihan Fauzi | D15: Jakarta | E15: 1.2 | F15: 1200000 | G15: 46289 | H15: =ROUNDUP(E15,0) -> 2 | I15: =VLOOKUP(D15,Acuan!$A$2:$B$9,2,FALSE()) -> 9000 | J15: =H15*I15 -> 18000 | K15: =IF(F15>$Q$2,ROUND(F15*$Q$3,0),0) -> 6000 | L15: =J15+K15 -> 24000 | M15: =B15+VLOOKUP(D15,Acuan!$A$2:$C$9,3,FALSE()) -> 46289 | N15: =IF(G15<=M15,"Tepat Waktu","Terlambat") -> Tepat Waktu
... A37: PX-26090036 | B37: 46306 | C37: Hesti Sari | D37: Jakarta | E37: 1.3 | F37: 250000 | G37: 46307 | H37: =ROUNDUP(E37,0) -> 2 | I37: =VLOOKUP(D37,Acuan!$A$2:$B$9,2,FALSE()) -> 9000 | J37: =H37*I37 -> 18000 | K37: =IF(F37>$Q$2,ROUND(F37*$Q$3,0),0) -> 0 | L37: =J37+K37 -> 18000 | M37: =B37+VLOOKUP(D37,Acuan!$A$2:$C$9,3,FALSE()) -> 46308 | N37: =IF(G37<=M37,"Tepat Waktu","Terlambat") -> Tepat Waktu

Sheet Acuan
A1: Kota | B1: Tarif per Kg | C1: Estimasi (hari) | D1: Jumlah Kiriman | E1: Total Ongkir
A2: Jakarta | B2: 9000 | C2: 2 | D2: =COUNTIF(Data!$D$2:$D$37,A2) -> 8 | E2: =SUMIF(Data!$D$2:$D$37,A2,Data!$J$2:$J$37) -> 216000
A3: Bandung | B3: 10000 | C3: 2 | D3: =COUNTIF(Data!$D$2:$D$37,A3) -> 9 | E3: =SUMIF(Data!$D$2:$D$37,A3,Data!$J$2:$J$37) -> 220000
A4: Semarang | B4: 11000 | C4: 3 | D4: =COUNTIF(Data!$D$2:$D$37,A4) -> 2 | E4: =SUMIF(Data!$D$2:$D$37,A4,Data!$J$2:$J$37) -> 55000
A5: Surabaya | B5: 13000 | C5: 3 | D5: =COUNTIF(Data!$D$2:$D$37,A5) -> 5 | E5: =SUMIF(Data!$D$2:$D$37,A5,Data!$J$2:$J$37) -> 234000
A6: Yogyakarta | B6: 11000 | C6: 3 | D6: =COUNTIF(Data!$D$2:$D$37,A6) -> 6 | E6: =SUMIF(Data!$D$2:$D$37,A6,Data!$J$2:$J$37) -> 209000
A7: Medan | B7: 22000 | C7: 5 | D7: =COUNTIF(Data!$D$2:$D$37,A7) -> 2 | E7: =SUMIF(Data!$D$2:$D$37,A7,Data!$J$2:$J$37) -> 66000
A8: Makassar | B8: 25000 | C8: 6 | D8: =COUNTIF(Data!$D$2:$D$37,A8) -> 1 | E8: =SUMIF(Data!$D$2:$D$37,A8,Data!$J$2:$J$37) -> 50000
A9: Denpasar | B9: 19000 | C9: 4 | D9: =COUNTIF(Data!$D$2:$D$37,A9) -> 3 | E9: =SUMIF(Data!$D$2:$D$37,A9,Data!$J$2:$J$37) -> 133000

Sheet Ringkasan
A1: Ringkasan: lembar jawaban soal berjenis ringkasan
A2: Sel hijau berisi rumus kunci.
A3: No | B3: Pertanyaan | C3: Jawaban | D3: Contoh format hasil
A4: 10a | B4: Total ongkir | C4: =SUM(Data!$J$2:$J$37) -> 1183000 | D4: Rupiah, mis. Rp 1.000.000
A5: 10b | B5: Total asuransi | C5: =SUM(Data!$K$2:$K$37) -> 78500 | D5: Rupiah, mis. Rp 100.000
A6: 10c | B6: Total biaya kirim | C6: =SUM(Data!$L$2:$L$37) -> 1261500 | D6: Rupiah, mis. Rp 1.200.000
A7: 11a | B7: Jumlah paket tepat waktu | C7: =COUNTIF(Data!$N$2:$N$37,"Tepat Waktu") -> 29 | D7: Angka bulat, mis. 20
A8: 11b | B8: Jumlah paket terlambat | C8: =COUNTIF(Data!$N$2:$N$37,"Terlambat") -> 7 | D8: Angka bulat, mis. 6
A9: 11c | B9: Persentase ketepatan waktu | C9: =C7/COUNTA(Data!$A$2:$A$37) -> 0.80555556 | D9: Persen, mis. 80,5%
A10: 12a | B10: Paket ke Jakarta yang terlambat | C10: =COUNTIFS(Data!$D$2:$D$37,"Jakarta",Data!$N$2:$N$37,"Terlambat") -> 1 | D10: Angka bulat, mis. 4
A11: 12b | B11: Total biaya kirim ke Jakarta | C11: =SUMIF(Data!$D$2:$D$37,"Jakarta",Data!$L$2:$L$37) -> 266000 | D11: Rupiah, mis. Rp 300.000
A12: 13a | B12: Kota paling sering dituju | C12: =INDEX(Acuan!$A$2:$A$9,MATCH(MAX(Acuan!$D$2:$D$9),Acuan!$D$2:$D$9,0)) -> Bandung | D12: Teks: nama kota
A13: 13b | B13: Penerima paket terberat | C13: =INDEX(Data!$C$2:$C$37,MATCH(MAX(Data!$E$2:$E$37),Data!$E$2:$E$37,0)) -> Dimas Amalia | D13: Teks: nama penerima
A14: 14a | B14: Rata-rata berat paket (kg) | C14: =AVERAGE(Data!$E$2:$E$37) -> 2.2722222 | D14: Angka desimal, mis. 2,50
A15: 14b | B15: Jumlah paket yang kena asuransi | C15: =COUNTIF(Data!$K$2:$K$37,">0") -> 8 | D15: Angka bulat, mis. 12
