Workbook

Sheet Petunjuk
A1: Kunci Jawaban: Penyusutan Aset Tetap Metode Garis Lurus
A2: Latihan 90 dari 40 | Tingkat: Lanjutan | Perkiraan waktu: 65 menit | pushexcel.github.io/Pushexcel
A4: Skenario
A5: Kamu staf akuntansi CV Prima Garmen yang menutup pembukuan pada tanggal laporan 31 Desember 2026 (ada di blok Parameter). Setiap aset tetap punya tanggal perolehan, harga perolehan, umur ekonomis (tahun), dan nilai sisa. Penyusutan per tahun memakai metode garis lurus: harga perolehan dikurangi nilai sisa, dibagi umur. Usia pakai dihitung dalam tahun penuh dari tanggal perolehan sampai tanggal laporan. Akumulasi penyusutan adalah penyusutan per tahun dikali usia pakai, tetapi tidak boleh melebihi harga perolehan dikurangi nilai sisa. Nilai buku adalah harga perolehan dikurangi akumulasi. Aset berstatus Habis Disusutkan bila usia pakai sudah mencapai umur ekonomis.
A7: Cara memakai kunci
A8: 1. | B8: Sel hijau berisi rumus kunci yang sudah dihitung. Klik sel untuk melihat rumusnya.
A9: 2. | B9: Kolom Rumus kunci di bawah menampilkan rumus untuk baris pertama atau tiap sel jawaban.
A10: 3. | B10: Rumus ditulis dengan titik koma (;). Ganti dengan koma (,) bila Excel kamu berbahasa Inggris.
A11: 4. | B11: Jawaban lain yang benar secara logika juga boleh, selama hasilnya sama.
A13: Arti warna
B14: Judul kolom data yang sudah diberikan
B15: Judul kolom hasil hitung
B16: Sel berisi rumus kunci
B17: Angka berwarna biru pada blok Parameter = nilai tetap yang boleh dirujuk
A19: Daftar soal
A20: No | B20: Soal | C20: Jawab di | D20: Rumus kunci
A21: 1 | B21: Hitung penyusutan per tahun dengan metode garis lurus: harga perolehan dikurangi nilai sisa, lalu dibagi umur ekonomis. | C21: Sheet Data, kolom H (Penyusutan per Tahun), baris 2 sampai 29 | D21: =(E2-G2)/F2
A22: 2 | B22: Hitung usia pakai dalam tahun penuh dari tanggal perolehan sampai tanggal laporan di sel Parameter. | C22: Sheet Data, kolom I (Usia Pakai (Tahun)), baris 2 sampai 29 | D22: =DATEDIF(D2;$P$2;"Y")
A23: 3 | B23: Hitung akumulasi penyusutan: penyusutan per tahun dikali usia pakai, tetapi tidak boleh melebihi harga perolehan dikurangi nilai sisa. | C23: Sheet Data, kolom J (Akumulasi Penyusutan), baris 2 sampai 29 | D23: =MIN(H2*I2;E2-G2)
A24: 4 | B24: Hitung nilai buku: harga perolehan dikurangi akumulasi penyusutan. | C24: Sheet Data, kolom K (Nilai Buku), baris 2 sampai 29 | D24: =E2-J2
A25: 5 | B25: Hitung persen harga perolehan yang sudah tersusutkan: akumulasi dibagi harga perolehan. | C25: Sheet Data, kolom L (Persen Tersusut), baris 2 sampai 29 | D25: =J2/E2
A26: 6 | B26: Beri status Habis Disusutkan bila usia pakai sama dengan atau lebih dari umur ekonomis. Selain itu Masih Disusutkan. | C26: Sheet Data, kolom M (Status Aset), baris 2 sampai 29 | D26: =IF(I2>=F2;"Habis Disusutkan";"Masih Disusutkan")
A27: 7 | B27: Pada sheet Acuan, hitung jumlah aset tiap kategori. | C27: Sheet Acuan, kolom B (Jumlah Aset), baris 2 sampai 5 | D27: =COUNTIF(Data!$C$2:$C$29;A2)
A28: 8 | B28: Pada sheet Acuan, hitung total harga perolehan tiap kategori. | C28: Sheet Acuan, kolom C (Total Harga Perolehan), baris 2 sampai 5 | D28: =SUMIF(Data!$C$2:$C$29;A2;Data!$E$2:$E$29)
A29: 9 | B29: Pada sheet Acuan, hitung total akumulasi penyusutan tiap kategori. | C29: Sheet Acuan, kolom D (Total Akumulasi), baris 2 sampai 5 | D29: =SUMIF(Data!$C$2:$C$29;A2;Data!$J$2:$J$29)
A30: 10 | B30: Pada sheet Acuan, hitung total nilai buku tiap kategori. | C30: Sheet Acuan, kolom E (Total Nilai Buku), baris 2 sampai 5 | D30: =SUMIF(Data!$C$2:$C$29;A2;Data!$K$2:$K$29)
A31: 11 | B31: Berapa total harga perolehan, total akumulasi penyusutan, dan total nilai buku seluruh aset? | C31: Sheet Ringkasan, sel C4 sampai C6 | D31: =SUM(Data!$E$2:$E$29) =SUM(Data!$J$2:$J$29) =C4-C5
... A35: 15 | B35: Berapa total penyusutan per tahun dari seluruh aset yang Masih Disusutkan, dan kapan tanggal perolehan aset paling awal? | C35: Sheet Ringkasan, sel C13 sampai C14 | D35: =SUMIF(Data!$M$2:$M$29;"Masih Disusutkan";Data!$H$2:$H$29) =MIN(Data!$D$2:$D$29)

Sheet Data
A1: Kode | B1: Nama Aset | C1: Kategori | D1: Tanggal Perolehan | E1: Harga Perolehan | F1: Umur (Tahun) | G1: Nilai Sisa | H1: Penyusutan per Tahun | I1: Usia Pakai (Tahun) | J1: Akumulasi Penyusutan | K1: Nilai Buku | L1: Persen Tersusut | M1: Status Aset | O1: Parameter | P1: Nilai | Q1: Keterangan
A2: AST-01 | B2: Pendingin ruangan | C2: Peralatan Kantor | D2: 44964 | E2: 14000000 | F2: 4 | G2: 8000000 | H2: =(E2-G2)/F2 -> 1500000 | I2: =DATEDIF(D2,$P$2,"Y") -> 3 | J2: =MIN(H2*I2,E2-G2) -> 4500000 | K2: =E2-J2 -> 9500000 | L2: =J2/E2 -> 0.32142857 | M2: =IF(I2>=F2,"Habis Disusutkan","Masih Disusutkan") -> Masih Disusutkan | O2: Tanggal laporan | P2: 46387 | Q2: Tanggal penutupan pembukuan
A3: AST-02 | B3: Komputer kasir | C3: Peralatan Kantor | D3: 45445 | E3: 25000000 | F3: 5 | G3: 10000000 | H3: =(E3-G3)/F3 -> 3000000 | I3: =DATEDIF(D3,$P$2,"Y") -> 2 | J3: =MIN(H3*I3,E3-G3) -> 6000000 | K3: =E3-J3 -> 19000000 | L3: =J3/E3 -> 0.24 | M3: =IF(I3>=F3,"Habis Disusutkan","Masih Disusutkan") -> Masih Disusutkan
A4: AST-03 | B4: Printer warna | C4: Peralatan Kantor | D4: 45665 | E4: 15000000 | F4: 5 | G4: 10000000 | H4: =(E4-G4)/F4 -> 1000000 | I4: =DATEDIF(D4,$P$2,"Y") -> 1 | J4: =MIN(H4*I4,E4-G4) -> 1000000 | K4: =E4-J4 -> 14000000 | L4: =J4/E4 -> 0.066666667 | M4: =IF(I4>=F4,"Habis Disusutkan","Masih Disusutkan") -> Masih Disusutkan
A5: AST-04 | B5: Mesin press label | C5: Mesin Produksi | D5: 44765 | E5: 33500000 | F5: 5 | G5: 1000000 | H5: =(E5-G5)/F5 -> 6500000 | I5: =DATEDIF(D5,$P$2,"Y") -> 4 | J5: =MIN(H5*I5,E5-G5) -> 26000000 | K5: =E5-J5 -> 7500000 | L5: =J5/E5 -> 0.7761194 | M5: =IF(I5>=F5,"Habis Disusutkan","Masih Disusutkan") -> Masih Disusutkan
A6: AST-05 | B6: Timbangan digital | C6: Peralatan Gudang | D6: 44891 | E6: 34000000 | F6: 4 | G6: 4000000 | H6: =(E6-G6)/F6 -> 7500000 | I6: =DATEDIF(D6,$P$2,"Y") -> 4 | J6: =MIN(H6*I6,E6-G6) -> 30000000 | K6: =E6-J6 -> 4000000 | L6: =J6/E6 -> 0.88235294 | M6: =IF(I6>=F6,"Habis Disusutkan","Masih Disusutkan") -> Habis Disusutkan
A7: AST-06 | B7: Generator listrik | C7: Mesin Produksi | D7: 43569 | E7: 78500000 | F7: 5 | G7: 6000000 | H7: =(E7-G7)/F7 -> 14500000 | I7: =DATEDIF(D7,$P$2,"Y") -> 7 | J7: =MIN(H7*I7,E7-G7) -> 72500000 | K7: =E7-J7 -> 6000000 | L7: =J7/E7 -> 0.92356688 | M7: =IF(I7>=F7,"Habis Disusutkan","Masih Disusutkan") -> Habis Disusutkan
A8: AST-07 | B8: Mesin jahit industri | C8: Mesin Produksi | D8: 44728 | E8: 74000000 | F8: 10 | G8: 4000000 | H8: =(E8-G8)/F8 -> 7000000 | I8: =DATEDIF(D8,$P$2,"Y") -> 4 | J8: =MIN(H8*I8,E8-G8) -> 28000000 | K8: =E8-J8 -> 46000000 | L8: =J8/E8 -> 0.37837838 | M8: =IF(I8>=F8,"Habis Disusutkan","Masih Disusutkan") -> Masih Disusutkan
A9: AST-08 | B9: Pallet plastik | C9: Peralatan Gudang | D9: 44358 | E9: 19000000 | F9: 4 | G9: 9000000 | H9: =(E9-G9)/F9 -> 2500000 | I9: =DATEDIF(D9,$P$2,"Y") -> 5 | J9: =MIN(H9*I9,E9-G9) -> 10000000 | K9: =E9-J9 -> 9000000 | L9: =J9/E9 -> 0.52631579 | M9: =IF(I9>=F9,"Habis Disusutkan","Masih Disusutkan") -> Habis Disusutkan
A10: AST-09 | B10: Kompresor angin | C10: Mesin Produksi | D10: 43983 | E10: 116000000 | F10: 5 | G10: 1000000 | H10: =(E10-G10)/F10 -> 23000000 | I10: =DATEDIF(D10,$P$2,"Y") -> 6 | J10: =MIN(H10*I10,E10-G10) -> 115000000 | K10: =E10-J10 -> 1000000 | L10: =J10/E10 -> 0.99137931 | M10: =IF(I10>=F10,"Habis Disusutkan","Masih Disusutkan") -> Habis Disusutkan
A11: AST-10 | B11: Forklift mini | C11: Peralatan Gudang | D11: 44844 | E11: 57000000 | F11: 4 | G11: 5000000 | H11: =(E11-G11)/F11 -> 13000000 | I11: =DATEDIF(D11,$P$2,"Y") -> 4 | J11: =MIN(H11*I11,E11-G11) -> 52000000 | K11: =E11-J11 -> 5000000 | L11: =J11/E11 -> 0.9122807 | M11: =IF(I11>=F11,"Habis Disusutkan","Masih Disusutkan") -> Habis Disusutkan
A12: AST-11 | B12: Troli angkut | C12: Peralatan Gudang | D12: 45580 | E12: 21000000 | F12: 5 | G12: 6000000 | H12: =(E12-G12)/F12 -> 3000000 | I12: =DATEDIF(D12,$P$2,"Y") -> 2 | J12: =MIN(H12*I12,E12-G12) -> 6000000 | K12: =E12-J12 -> 15000000 | L12: =J12/E12 -> 0.28571429 | M12: =IF(I12>=F12,"Habis Disusutkan","Masih Disusutkan") -> Masih Disusutkan
A13: AST-12 | B13: Rak besi bertingkat | C13: Peralatan Gudang | D13: 45710 | E13: 97000000 | F13: 8 | G13: 1000000 | H13: =(E13-G13)/F13 -> 12000000 | I13: =DATEDIF(D13,$P$2,"Y") -> 1 | J13: =MIN(H13*I13,E13-G13) -> 12000000 | K13: =E13-J13 -> 85000000 | L13: =J13/E13 -> 0.12371134 | M13: =IF(I13>=F13,"Habis Disusutkan","Masih Disusutkan") -> Masih Disusutkan
A14: AST-13 | B14: Proyektor rapat | C14: Peralatan Kantor | D14: 45501 | E14: 32000000 | F14: 4 | G14: 2000000 | H14: =(E14-G14)/F14 -> 7500000 | I14: =DATEDIF(D14,$P$2,"Y") -> 2 | J14: =MIN(H14*I14,E14-G14) -> 15000000 | K14: =E14-J14 -> 17000000 | L14: =J14/E14 -> 0.46875 | M14: =IF(I14>=F14,"Habis Disusutkan","Masih Disusutkan") -> Masih Disusutkan
... A29: AST-28 | B29: Mesin potong kain | C29: Mesin Produksi | D29: 43123 | E29: 30500000 | F29: 5 | G29: 3000000 | H29: =(E29-G29)/F29 -> 5500000 | I29: =DATEDIF(D29,$P$2,"Y") -> 8 | J29: =MIN(H29*I29,E29-G29) -> 27500000 | K29: =E29-J29 -> 3000000 | L29: =J29/E29 -> 0.90163934 | M29: =IF(I29>=F29,"Habis Disusutkan","Masih Disusutkan") -> Habis Disusutkan

Sheet Acuan
A1: Kategori | B1: Jumlah Aset | C1: Total Harga Perolehan | D1: Total Akumulasi | E1: Total Nilai Buku
A2: Kendaraan | B2: =COUNTIF(Data!$C$2:$C$29,A2) -> 6 | C2: =SUMIF(Data!$C$2:$C$29,A2,Data!$E$2:$E$29) -> 1204500000 | D2: =SUMIF(Data!$C$2:$C$29,A2,Data!$J$2:$J$29) -> 617000000 | E2: =SUMIF(Data!$C$2:$C$29,A2,Data!$K$2:$K$29) -> 587500000
A3: Mesin Produksi | B3: =COUNTIF(Data!$C$2:$C$29,A3) -> 8 | C3: =SUMIF(Data!$C$2:$C$29,A3,Data!$E$2:$E$29) -> 685500000 | D3: =SUMIF(Data!$C$2:$C$29,A3,Data!$J$2:$J$29) -> 327500000 | E3: =SUMIF(Data!$C$2:$C$29,A3,Data!$K$2:$K$29) -> 358000000
A4: Peralatan Kantor | B4: =COUNTIF(Data!$C$2:$C$29,A4) -> 8 | C4: =SUMIF(Data!$C$2:$C$29,A4,Data!$E$2:$E$29) -> 201500000 | D4: =SUMIF(Data!$C$2:$C$29,A4,Data!$J$2:$J$29) -> 97000000 | E4: =SUMIF(Data!$C$2:$C$29,A4,Data!$K$2:$K$29) -> 104500000
A5: Peralatan Gudang | B5: =COUNTIF(Data!$C$2:$C$29,A5) -> 6 | C5: =SUMIF(Data!$C$2:$C$29,A5,Data!$E$2:$E$29) -> 258000000 | D5: =SUMIF(Data!$C$2:$C$29,A5,Data!$J$2:$J$29) -> 130000000 | E5: =SUMIF(Data!$C$2:$C$29,A5,Data!$K$2:$K$29) -> 128000000

Sheet Ringkasan
A1: Ringkasan: lembar jawaban soal berjenis ringkasan
A2: Sel hijau berisi rumus kunci.
A3: No | B3: Pertanyaan | C3: Jawaban | D3: Contoh format hasil
A4: 11a | B4: Total harga perolehan | C4: =SUM(Data!$E$2:$E$29) -> 2349500000 | D4: Rupiah, mis. Rp 900.000.000
A5: 11b | B5: Total akumulasi penyusutan | C5: =SUM(Data!$J$2:$J$29) -> 1171500000 | D5: Rupiah, mis. Rp 500.000.000
A6: 11c | B6: Total nilai buku | C6: =C4-C5 -> 1178000000 | D6: Rupiah, mis. Rp 400.000.000
A7: 12a | B7: Aset dengan nilai buku terbesar | C7: =INDEX(Data!$B$2:$B$29,MATCH(MAX(Data!$K$2:$K$29),Data!$K$2:$K$29,0)) -> Mobil boks pengiriman | D7: Teks: nama aset
A8: 12b | B8: Aset dengan penyusutan per tahun terbesar | C8: =INDEX(Data!$B$2:$B$29,MATCH(MAX(Data!$H$2:$H$29),Data!$H$2:$H$29,0)) -> Motor operasional | D8: Teks: nama aset
A9: 13a | B9: Aset Habis Disusutkan | C9: =COUNTIF(Data!$M$2:$M$29,"Habis Disusutkan") -> 11 | D9: Angka bulat, mis. 9
A10: 13b | B10: Kategori nilai buku terbesar | C10: =INDEX(Acuan!$A$2:$A$5,MATCH(MAX(Acuan!$E$2:$E$5),Acuan!$E$2:$E$5,0)) -> Kendaraan | D10: Teks: nama kategori
A11: 14a | B11: Rata-rata usia pakai (tahun) | C11: =AVERAGE(Data!$I$2:$I$29) -> 3.6428571 | D11: Angka desimal, mis. 3,75
A12: 14b | B12: Kendaraan yang masih disusutkan | C12: =COUNTIFS(Data!$C$2:$C$29,"Kendaraan",Data!$M$2:$M$29,"Masih Disusutkan") -> 4 | D12: Angka bulat, mis. 3
A13: 15a | B13: Total penyusutan per tahun aset yang masih disusutkan | C13: =SUMIF(Data!$M$2:$M$29,"Masih Disusutkan",Data!$H$2:$H$29) -> 237000000 | D13: Rupiah, mis. Rp 120.000.000
A14: 15b | B14: Tanggal perolehan paling awal | C14: =MIN(Data!$D$2:$D$29) -> 43123 | D14: Tanggal, mis. 14/10/2019
