Workbook

Sheet Petunjuk
A1: Kunci Jawaban: Tagihan SPP Sekolah
A2: Latihan 6 dari 104 | Tingkat: Menengah | Perkiraan waktu: 50 menit | pushexcel.github.io/Pushexcel
A4: Skenario
A5: Kamu staf tata usaha di SMK Bina Mandiri. Tahun ajaran berjalan sudah sampai bulan ke-10. Kamu menyusun daftar tunggakan SPP untuk 24 siswa. Tarif SPP berbeda tiap kelas, dan siswa penerima beasiswa mendapat potongan 50 persen. Daftar ini dipakai bendahara untuk menagih orang tua.
A7: Cara memakai kunci
A8: 1. | B8: Sel hijau berisi rumus kunci yang sudah dihitung. Klik sel untuk melihat rumusnya.
A9: 2. | B9: Kolom Rumus kunci di bawah menampilkan rumus untuk baris pertama atau tiap sel jawaban.
A10: 3. | B10: Rumus ditulis dengan titik koma (;). Ganti dengan koma (,) bila Excel kamu berbahasa Inggris.
A11: 4. | B11: Jawaban lain yang benar secara logika juga boleh, selama hasilnya sama.
A13: Arti warna
B14: Judul kolom data yang sudah diberikan
B15: Judul kolom hasil hitung
B16: Sel berisi rumus kunci
B17: Angka berwarna biru pada blok Parameter = nilai tetap yang boleh dirujuk
A19: Daftar soal
A20: No | B20: Soal | C20: Jawab di | D20: Rumus kunci
A21: 1 | B21: Ambil SPP per bulan setiap siswa dari tabel tarif di sheet Acuan berdasarkan kelasnya. | C21: Sheet Data, kolom F (SPP per Bulan), baris 2 sampai 25 | D21: =VLOOKUP(C2;Acuan!$A$2:$B$4;2;FALSE)
A22: 2 | B22: Hitung SPP efektif. Siswa penerima beasiswa membayar SPP dikurangi potongan, siswa lain membayar SPP penuh. | C22: Sheet Data, kolom G (SPP Efektif), baris 2 sampai 25 | D22: =IF(D2="Ya";ROUND(F2*(1-$M$3);0);F2)
A23: 3 | B23: Hitung tunggakan dalam bulan: bulan berjalan dikurangi jumlah bulan yang sudah dibayar. | C23: Sheet Data, kolom H (Tunggakan (bulan)), baris 2 sampai 25 | D23: =$M$2-E2
A24: 4 | B24: Hitung tunggakan dalam rupiah: tunggakan bulan dikali SPP efektif. | C24: Sheet Data, kolom I (Tunggakan (Rp)), baris 2 sampai 25 | D24: =H2*G2
A25: 5 | B25: Beri status Lunas bila tunggakan bulan sama dengan 0, selain itu Menunggak. | C25: Sheet Data, kolom J (Status), baris 2 sampai 25 | D25: =IF(H2=0;"Lunas";"Menunggak")
A26: 6 | B26: Berapa total tunggakan SPP seluruh siswa? | C26: Sheet Ringkasan, sel C4 | D26: =SUM(Data!$I$2:$I$25)
A27: 7 | B27: Berapa siswa yang sudah lunas? | C27: Sheet Ringkasan, sel C5 | D27: =COUNTIF(Data!$J$2:$J$25;"Lunas")
A28: 8 | B28: Berapa persen siswa yang sudah lunas dari seluruh siswa? | C28: Sheet Ringkasan, sel C6 | D28: =COUNTIF(Data!$J$2:$J$25;"Lunas")/COUNTA(Data!$B$2:$B$25)
A29: 9 | B29: Siapa siswa dengan tunggakan rupiah terbesar? | C29: Sheet Ringkasan, sel C7 | D29: =INDEX(Data!$B$2:$B$25;MATCH(MAX(Data!$I$2:$I$25);Data!$I$2:$I$25;0))
A30: 10 | B30: Berapa total SPP yang sudah diterima sekolah sampai bulan ini? | C30: Sheet Ringkasan, sel C8 | D30: =SUMPRODUCT(Data!$G$2:$G$25;Data!$E$2:$E$25)
A31: 11 | B31: Pada sheet Acuan, hitung jumlah siswa di tiap kelas. | C31: Sheet Acuan, kolom C (Jumlah Siswa), baris 2 sampai 4 | D31: =COUNTIF(Data!$C$2:$C$25;A2)
... A33: 13 | B33: Berapa penerima beasiswa yang masih menunggak? | C33: Sheet Ringkasan, sel C9 | D33: =COUNTIFS(Data!$D$2:$D$25;"Ya";Data!$J$2:$J$25;"Menunggak")

Sheet Data
A1: NIS | B1: Nama Siswa | C1: Kelas | D1: Penerima Beasiswa | E1: Jumlah Bulan Dibayar | F1: SPP per Bulan | G1: SPP Efektif | H1: Tunggakan (bulan) | I1: Tunggakan (Rp) | J1: Status | L1: Parameter | M1: Nilai | N1: Keterangan
A2: 26001 | B2: Arif Permana | C2: XII | D2: Ya | E2: 10 | F2: =VLOOKUP(C2,Acuan!$A$2:$B$4,2,FALSE()) -> 350000 | G2: =IF(D2="Ya",ROUND(F2*(1-$M$3),0),F2) -> 175000 | H2: =$M$2-E2 -> 0 | I2: =H2*G2 -> 0 | J2: =IF(H2=0,"Lunas","Menunggak") -> Lunas | L2: Bulan berjalan (ditagih sampai bulan ke-) | M2: 10
A3: 26002 | B3: Intan Anggraini | C3: X | D3: Ya | E3: 8 | F3: =VLOOKUP(C3,Acuan!$A$2:$B$4,2,FALSE()) -> 300000 | G3: =IF(D3="Ya",ROUND(F3*(1-$M$3),0),F3) -> 150000 | H3: =$M$2-E3 -> 2 | I3: =H3*G3 -> 300000 | J3: =IF(H3=0,"Lunas","Menunggak") -> Menunggak | L3: Potongan SPP penerima beasiswa | M3: 0.5
A4: 26003 | B4: Kartika Utomo | C4: X | D4: Tidak | E4: 10 | F4: =VLOOKUP(C4,Acuan!$A$2:$B$4,2,FALSE()) -> 300000 | G4: =IF(D4="Ya",ROUND(F4*(1-$M$3),0),F4) -> 300000 | H4: =$M$2-E4 -> 0 | I4: =H4*G4 -> 0 | J4: =IF(H4=0,"Lunas","Menunggak") -> Lunas
A5: 26004 | B5: Mulyadi Kurniawan | C5: XII | D5: Ya | E5: 8 | F5: =VLOOKUP(C5,Acuan!$A$2:$B$4,2,FALSE()) -> 350000 | G5: =IF(D5="Ya",ROUND(F5*(1-$M$3),0),F5) -> 175000 | H5: =$M$2-E5 -> 2 | I5: =H5*G5 -> 350000 | J5: =IF(H5=0,"Lunas","Menunggak") -> Menunggak
A6: 26005 | B6: Putri Kurniawan | C6: XII | D6: Tidak | E6: 8 | F6: =VLOOKUP(C6,Acuan!$A$2:$B$4,2,FALSE()) -> 350000 | G6: =IF(D6="Ya",ROUND(F6*(1-$M$3),0),F6) -> 350000 | H6: =$M$2-E6 -> 2 | I6: =H6*G6 -> 700000 | J6: =IF(H6=0,"Lunas","Menunggak") -> Menunggak
A7: 26006 | B7: Rahmat Anggraini | C7: XI | D7: Tidak | E7: 10 | F7: =VLOOKUP(C7,Acuan!$A$2:$B$4,2,FALSE()) -> 325000 | G7: =IF(D7="Ya",ROUND(F7*(1-$M$3),0),F7) -> 325000 | H7: =$M$2-E7 -> 0 | I7: =H7*G7 -> 0 | J7: =IF(H7=0,"Lunas","Menunggak") -> Lunas
A8: 26007 | B8: Taufik Hidayat | C8: XI | D8: Tidak | E8: 6 | F8: =VLOOKUP(C8,Acuan!$A$2:$B$4,2,FALSE()) -> 325000 | G8: =IF(D8="Ya",ROUND(F8*(1-$M$3),0),F8) -> 325000 | H8: =$M$2-E8 -> 4 | I8: =H8*G8 -> 1300000 | J8: =IF(H8=0,"Lunas","Menunggak") -> Menunggak
A9: 26008 | B9: Lukman Rahayu | C9: XI | D9: Tidak | E9: 10 | F9: =VLOOKUP(C9,Acuan!$A$2:$B$4,2,FALSE()) -> 325000 | G9: =IF(D9="Ya",ROUND(F9*(1-$M$3),0),F9) -> 325000 | H9: =$M$2-E9 -> 0 | I9: =H9*G9 -> 0 | J9: =IF(H9=0,"Lunas","Menunggak") -> Lunas
A10: 26009 | B10: Vivi Pratama | C10: XI | D10: Tidak | E10: 10 | F10: =VLOOKUP(C10,Acuan!$A$2:$B$4,2,FALSE()) -> 325000 | G10: =IF(D10="Ya",ROUND(F10*(1-$M$3),0),F10) -> 325000 | H10: =$M$2-E10 -> 0 | I10: =H10*G10 -> 0 | J10: =IF(H10=0,"Lunas","Menunggak") -> Lunas
A11: 26010 | B11: Nurul Utomo | C11: X | D11: Tidak | E11: 7 | F11: =VLOOKUP(C11,Acuan!$A$2:$B$4,2,FALSE()) -> 300000 | G11: =IF(D11="Ya",ROUND(F11*(1-$M$3),0),F11) -> 300000 | H11: =$M$2-E11 -> 3 | I11: =H11*G11 -> 900000 | J11: =IF(H11=0,"Lunas","Menunggak") -> Menunggak
A12: 26011 | B12: Budi Handayani | C12: XII | D12: Tidak | E12: 8 | F12: =VLOOKUP(C12,Acuan!$A$2:$B$4,2,FALSE()) -> 350000 | G12: =IF(D12="Ya",ROUND(F12*(1-$M$3),0),F12) -> 350000 | H12: =$M$2-E12 -> 2 | I12: =H12*G12 -> 700000 | J12: =IF(H12=0,"Lunas","Menunggak") -> Menunggak
A13: 26012 | B13: Anwar Handayani | C13: XII | D13: Tidak | E13: 10 | F13: =VLOOKUP(C13,Acuan!$A$2:$B$4,2,FALSE()) -> 350000 | G13: =IF(D13="Ya",ROUND(F13*(1-$M$3),0),F13) -> 350000 | H13: =$M$2-E13 -> 0 | I13: =H13*G13 -> 0 | J13: =IF(H13=0,"Lunas","Menunggak") -> Lunas
A14: 26013 | B14: Agus Handayani | C14: X | D14: Ya | E14: 9 | F14: =VLOOKUP(C14,Acuan!$A$2:$B$4,2,FALSE()) -> 300000 | G14: =IF(D14="Ya",ROUND(F14*(1-$M$3),0),F14) -> 150000 | H14: =$M$2-E14 -> 1 | I14: =H14*G14 -> 150000 | J14: =IF(H14=0,"Lunas","Menunggak") -> Menunggak
A15: 26014 | B15: Intan Hidayat | C15: X | D15: Tidak | E15: 10 | F15: =VLOOKUP(C15,Acuan!$A$2:$B$4,2,FALSE()) -> 300000 | G15: =IF(D15="Ya",ROUND(F15*(1-$M$3),0),F15) -> 300000 | H15: =$M$2-E15 -> 0 | I15: =H15*G15 -> 0 | J15: =IF(H15=0,"Lunas","Menunggak") -> Lunas
... A25: 26024 | B25: Vivi Kurniawan | C25: X | D25: Tidak | E25: 9 | F25: =VLOOKUP(C25,Acuan!$A$2:$B$4,2,FALSE()) -> 300000 | G25: =IF(D25="Ya",ROUND(F25*(1-$M$3),0),F25) -> 300000 | H25: =$M$2-E25 -> 1 | I25: =H25*G25 -> 300000 | J25: =IF(H25=0,"Lunas","Menunggak") -> Menunggak

Sheet Acuan
A1: Kelas | B1: SPP per Bulan | C1: Jumlah Siswa | D1: Total Tunggakan
A2: X | B2: 300000 | C2: =COUNTIF(Data!$C$2:$C$25,A2) -> 8 | D2: =SUMIF(Data!$C$2:$C$25,A2,Data!$I$2:$I$25) -> 2250000
A3: XI | B3: 325000 | C3: =COUNTIF(Data!$C$2:$C$25,A3) -> 8 | D3: =SUMIF(Data!$C$2:$C$25,A3,Data!$I$2:$I$25) -> 3737500
A4: XII | B4: 350000 | C4: =COUNTIF(Data!$C$2:$C$25,A4) -> 8 | D4: =SUMIF(Data!$C$2:$C$25,A4,Data!$I$2:$I$25) -> 1750000

Sheet Ringkasan
A1: Ringkasan: lembar jawaban soal berjenis ringkasan
A2: Sel hijau berisi rumus kunci.
A3: No | B3: Pertanyaan | C3: Jawaban | D3: Contoh format hasil
A4: 6 | B4: Total tunggakan SPP seluruh siswa | C4: =SUM(Data!$I$2:$I$25) -> 7737500 | D4: Rupiah, mis. Rp 8.400.000
A5: 7 | B5: Jumlah siswa berstatus Lunas | C5: =COUNTIF(Data!$J$2:$J$25,"Lunas") -> 12 | D5: Angka bulat, mis. 10
A6: 8 | B6: Persentase siswa yang sudah lunas | C6: =COUNTIF(Data!$J$2:$J$25,"Lunas")/COUNTA(Data!$B$2:$B$25) -> 0.5 | D6: Persen, mis. 41,7%
A7: 9 | B7: Nama siswa dengan tunggakan terbesar | C7: =INDEX(Data!$B$2:$B$25,MATCH(MAX(Data!$I$2:$I$25),Data!$I$2:$I$25,0)) -> Vina Wibowo | D7: Teks: nama siswa
A8: 10 | B8: Total SPP yang sudah diterima | C8: =SUMPRODUCT(Data!$G$2:$G$25,Data!$E$2:$E$25) -> 62137500 | D8: Rupiah, mis. Rp 52.000.000
A9: 13 | B9: Jumlah penerima beasiswa yang menunggak | C9: =COUNTIFS(Data!$D$2:$D$25,"Ya",Data!$J$2:$J$25,"Menunggak") -> 4 | D9: Angka bulat, mis. 3
