Workbook

Sheet Petunjuk
A1: Kunci Jawaban: Analisis ABC Persediaan Toko Bangunan
A2: Latihan 91 dari 40 | Tingkat: Lanjutan | Perkiraan waktu: 65 menit | pushexcel.github.io/Pushexcel
A4: Skenario
A5: Kamu staf gudang UD Maju Bangunan yang mengelompokkan 30 barang persediaan dengan analisis ABC. Setiap barang punya kategori, permintaan tahunan (unit), dan harga satuan. Nilai tahunan adalah permintaan dikali harga. Persen kumulatif sebuah barang adalah jumlah nilai tahunan semua barang yang nilainya sama atau lebih besar darinya, dibagi total nilai seluruh barang. Barang masuk kelas A bila persen kumulatif tidak lebih dari 70 persen, kelas B bila tidak lebih dari 90 persen, selain itu kelas C (batas ada di blok Parameter).
A7: Cara memakai kunci
A8: 1. | B8: Sel hijau berisi rumus kunci yang sudah dihitung. Klik sel untuk melihat rumusnya.
A9: 2. | B9: Kolom Rumus kunci di bawah menampilkan rumus untuk baris pertama atau tiap sel jawaban.
A10: 3. | B10: Rumus ditulis dengan titik koma (;). Ganti dengan koma (,) bila Excel kamu berbahasa Inggris.
A11: 4. | B11: Jawaban lain yang benar secara logika juga boleh, selama hasilnya sama.
A13: Arti warna
B14: Judul kolom data yang sudah diberikan
B15: Judul kolom hasil hitung
B16: Sel berisi rumus kunci
B17: Angka berwarna biru pada blok Parameter = nilai tetap yang boleh dirujuk
A19: Daftar soal
A20: No | B20: Soal | C20: Jawab di | D20: Rumus kunci
A21: 1 | B21: Hitung nilai tahunan tiap barang: permintaan tahunan dikali harga satuan. | C21: Sheet Data, kolom F (Nilai Tahunan), baris 2 sampai 31 | D21: =D2*E2
A22: 2 | B22: Hitung porsi nilai tahunan tiap barang terhadap total nilai seluruh barang. | C22: Sheet Data, kolom G (Persen Nilai), baris 2 sampai 31 | D22: =F2/SUM($F$2:$F$31)
A23: 3 | B23: Beri peringkat tiap barang berdasarkan nilai tahunan, 1 untuk nilai terbesar. | C23: Sheet Data, kolom H (Peringkat), baris 2 sampai 31 | D23: =RANK(F2;$F$2:$F$31)
A24: 4 | B24: Hitung persen kumulatif: jumlah nilai tahunan semua barang yang nilainya sama atau lebih besar dari barang ini, dibagi total nilai seluruh barang. | C24: Sheet Data, kolom I (Persen Kumulatif), baris 2 sampai 31 | D24: =SUMIF($F$2:$F$31;">="&F2;$F$2:$F$31)/SUM($F$2:$F$31)
A25: 5 | B25: Tentukan kelas: A bila persen kumulatif tidak lebih dari batas kelas A, B bila tidak lebih dari batas kelas B, selain itu C. | C25: Sheet Data, kolom J (Kelas), baris 2 sampai 31 | D25: =IF(I2<=$M$2;"A";IF(I2<=$M$3;"B";"C"))
A26: 6 | B26: Pada sheet Acuan, hitung jumlah barang tiap kelas. | C26: Sheet Acuan, kolom B (Jumlah Barang), baris 2 sampai 4 | D26: =COUNTIF(Data!$J$2:$J$31;A2)
A27: 7 | B27: Pada sheet Acuan, hitung total nilai tahunan tiap kelas. | C27: Sheet Acuan, kolom C (Total Nilai), baris 2 sampai 4 | D27: =SUMIF(Data!$J$2:$J$31;A2;Data!$F$2:$F$31)
A28: 8 | B28: Pada sheet Acuan, hitung porsi total nilai tiap kelas terhadap total nilai seluruh barang. | C28: Sheet Acuan, kolom D (Persen Nilai Kelas), baris 2 sampai 4 | D28: =C2/SUM(Data!$F$2:$F$31)
A29: 9 | B29: Pada sheet Acuan, hitung porsi jumlah barang tiap kelas terhadap seluruh barang. | C29: Sheet Acuan, kolom E (Persen Jumlah Barang), baris 2 sampai 4 | D29: =B2/COUNTA(Data!$A$2:$A$31)
A30: 10 | B30: Berapa total nilai tahunan seluruh barang, dan berapa rata-rata nilai tahunan per barang? | C30: Sheet Ringkasan, sel C4 sampai C5 | D30: =SUM(Data!$F$2:$F$31) =AVERAGE(Data!$F$2:$F$31)
A31: 11 | B31: Berapa barang kelas A, kelas B, dan kelas C? | C31: Sheet Ringkasan, sel C6 sampai C8 | D31: =COUNTIF(Data!$J$2:$J$31;"A") =COUNTIF(Data!$J$2:$J$31;"B") =COUNTIF(Data!$J$2:$J$31;"C")
... A34: 14 | B34: Berapa barang kategori Besi dan Atap yang masuk kelas A, dan berapa total nilai tahunan barang kategori Cat yang masuk kelas C? | C34: Sheet Ringkasan, sel C13 sampai C14 | D34: =COUNTIFS(Data!$C$2:$C$31;"Besi dan Atap";Data!$J$2:$J$31;"A") =SUMIFS(Data!$F$2:$F$31;Data!$C$2:$C$31;"Cat";Data!$J$2:$J$31;"C")

Sheet Data
A1: Kode | B1: Nama Barang | C1: Kategori | D1: Permintaan Tahunan | E1: Harga Satuan | F1: Nilai Tahunan | G1: Persen Nilai | H1: Peringkat | I1: Persen Kumulatif | J1: Kelas | L1: Parameter | M1: Nilai | N1: Keterangan
A2: BRG-01 | B2: Meteran 5 meter | C2: Perkakas dan Baut | D2: 115 | E2: 16500 | F2: =D2*E2 -> 1897500 | G2: =F2/SUM($F$2:$F$31) -> 0.0026143151 | H2: =RANK(F2,$F$2:$F$31) -> 28 | I2: =SUMIF($F$2:$F$31,">="&F2,$F$2:$F$31)/SUM($F$2:$F$31) -> 0.99739188 | J2: =IF(I2<=$M$2,"A",IF(I2<=$M$3,"B","C")) -> C | L2: Batas kelas A | M2: 0.7 | N2: Persen kumulatif paling tinggi untuk kelas A
A3: BRG-02 | B3: Kran air | C3: Pipa dan Listrik | D3: 210 | E3: 53000 | F3: =D3*E3 -> 11130000 | G3: =F3/SUM($F$2:$F$31) -> 0.01533456 | H3: =RANK(F3,$F$2:$F$31) -> 15 | I3: =SUMIF($F$2:$F$31,">="&F3,$F$2:$F$31)/SUM($F$2:$F$31) -> 0.89331734 | J3: =IF(I3<=$M$2,"A",IF(I3<=$M$3,"B","C")) -> B | L3: Batas kelas B | M3: 0.9 | N3: Persen kumulatif paling tinggi untuk kelas B
A4: BRG-03 | B4: Nat keramik 5 kg | C4: Semen dan Perekat | D4: 350 | E4: 29500 | F4: =D4*E4 -> 10325000 | G4: =F4/SUM($F$2:$F$31) -> 0.014225457 | H4: =RANK(F4,$F$2:$F$31) -> 16 | I4: =SUMIF($F$2:$F$31,">="&F4,$F$2:$F$31)/SUM($F$2:$F$31) -> 0.9075428 | J4: =IF(I4<=$M$2,"A",IF(I4<=$M$3,"B","C")) -> C
A5: BRG-04 | B5: Kabel listrik 2x1,5 mm | C5: Pipa dan Listrik | D5: 35 | E5: 345000 | F5: =D5*E5 -> 12075000 | G5: =F5/SUM($F$2:$F$31) -> 0.016636551 | H5: =RANK(F5,$F$2:$F$31) -> 14 | I5: =SUMIF($F$2:$F$31,">="&F5,$F$2:$F$31)/SUM($F$2:$F$31) -> 0.87798278 | J5: =IF(I5<=$M$2,"A",IF(I5<=$M$3,"B","C")) -> B
A6: BRG-05 | B6: Sarung tangan kerja | C6: Perkakas dan Baut | D6: 100 | E6: 8500 | F6: =D6*E6 -> 850000 | G6: =F6/SUM($F$2:$F$31) -> 0.001171103 | H6: =RANK(F6,$F$2:$F$31) -> 30 | I6: =SUMIF($F$2:$F$31,">="&F6,$F$2:$F$31)/SUM($F$2:$F$31) -> 1 | J6: =IF(I6<=$M$2,"A",IF(I6<=$M$3,"B","C")) -> C
A7: BRG-06 | B7: Baja ringan C75 | C7: Besi dan Atap | D7: 780 | E7: 84500 | F7: =D7*E7 -> 65910000 | G7: =F7/SUM($F$2:$F$31) -> 0.090808702 | H7: =RANK(F7,$F$2:$F$31) -> 5 | I7: =SUMIF($F$2:$F$31,">="&F7,$F$2:$F$31)/SUM($F$2:$F$31) -> 0.57821487 | J7: =IF(I7<=$M$2,"A",IF(I7<=$M$3,"B","C")) -> A
A8: BRG-07 | B8: Baut dan mur set | C8: Perkakas dan Baut | D8: 230 | E8: 23000 | F8: =D8*E8 -> 5290000 | G8: =F8/SUM($F$2:$F$31) -> 0.0072883937 | H8: =RANK(F8,$F$2:$F$31) -> 23 | I8: =SUMIF($F$2:$F$31,">="&F8,$F$2:$F$31)/SUM($F$2:$F$31) -> 0.97738876 | J8: =IF(I8<=$M$2,"A",IF(I8<=$M$3,"B","C")) -> C
A9: BRG-08 | B9: Lem pipa PVC | C9: Semen dan Perekat | D9: 430 | E9: 15500 | F9: =D9*E9 -> 6665000 | G9: =F9/SUM($F$2:$F$31) -> 0.009182825 | H9: =RANK(F9,$F$2:$F$31) -> 21 | I9: =SUMIF($F$2:$F$31,">="&F9,$F$2:$F$31)/SUM($F$2:$F$31) -> 0.96257775 | J9: =IF(I9<=$M$2,"A",IF(I9<=$M$3,"B","C")) -> C
A10: BRG-09 | B10: Besi beton 10 mm | C10: Besi dan Atap | D10: 1050 | E10: 93500 | F10: =D10*E10 -> 98175000 | G10: =F10/SUM($F$2:$F$31) -> 0.13526239 | H10: =RANK(F10,$F$2:$F$31) -> 2 | I10: =SUMIF($F$2:$F$31,">="&F10,$F$2:$F$31)/SUM($F$2:$F$31) -> 0.287368 | J10: =IF(I10<=$M$2,"A",IF(I10<=$M$3,"B","C")) -> A
A11: BRG-10 | B11: Cat tembok 25 kg | C11: Cat | D11: 130 | E11: 535000 | F11: =D11*E11 -> 69550000 | G11: =F11/SUM($F$2:$F$31) -> 0.095823778 | H11: =RANK(F11,$F$2:$F$31) -> 4 | I11: =SUMIF($F$2:$F$31,">="&F11,$F$2:$F$31)/SUM($F$2:$F$31) -> 0.48740617 | J11: =IF(I11<=$M$2,"A",IF(I11<=$M$3,"B","C")) -> A
A12: BRG-11 | B12: Semen instan 40 kg | C12: Semen dan Perekat | D12: 430 | E12: 82500 | F12: =D12*E12 -> 35475000 | G12: =F12/SUM($F$2:$F$31) -> 0.048876327 | H12: =RANK(F12,$F$2:$F$31) -> 7 | I12: =SUMIF($F$2:$F$31,">="&F12,$F$2:$F$31)/SUM($F$2:$F$31) -> 0.68418591 | J12: =IF(I12<=$M$2,"A",IF(I12<=$M$3,"B","C")) -> A
A13: BRG-12 | B13: Gergaji kayu | C13: Perkakas dan Baut | D13: 14 | E13: 74500 | F13: =D13*E13 -> 1043000 | G13: =F13/SUM($F$2:$F$31) -> 0.0014370122 | H13: =RANK(F13,$F$2:$F$31) -> 29 | I13: =SUMIF($F$2:$F$31,">="&F13,$F$2:$F$31)/SUM($F$2:$F$31) -> 0.9988289 | J13: =IF(I13<=$M$2,"A",IF(I13<=$M$3,"B","C")) -> C
A14: BRG-13 | B14: Triplek 9 mm | C14: Besi dan Atap | D14: 85 | E14: 105500 | F14: =D14*E14 -> 8967500 | G14: =F14/SUM($F$2:$F$31) -> 0.012355136 | H14: =RANK(F14,$F$2:$F$31) -> 17 | I14: =SUMIF($F$2:$F$31,">="&F14,$F$2:$F$31)/SUM($F$2:$F$31) -> 0.91989793 | J14: =IF(I14<=$M$2,"A",IF(I14<=$M$3,"B","C")) -> C
A15: BRG-14 | B15: Kawat bendrat | C15: Besi dan Atap | D15: 110 | E15: 24000 | F15: =D15*E15 -> 2640000 | G15: =F15/SUM($F$2:$F$31) -> 0.003637308 | H15: =RANK(F15,$F$2:$F$31) -> 26 | I15: =SUMIF($F$2:$F$31,">="&F15,$F$2:$F$31)/SUM($F$2:$F$31) -> 0.99163626 | J15: =IF(I15<=$M$2,"A",IF(I15<=$M$3,"B","C")) -> C
... A31: BRG-30 | B31: Paku 5 cm | C31: Perkakas dan Baut | D31: 240 | E31: 19500 | F31: =D31*E31 -> 4680000 | G31: =F31/SUM($F$2:$F$31) -> 0.0064479552 | H31: =RANK(F31,$F$2:$F$31) -> 24 | I31: =SUMIF($F$2:$F$31,">="&F31,$F$2:$F$31)/SUM($F$2:$F$31) -> 0.98383671 | J31: =IF(I31<=$M$2,"A",IF(I31<=$M$3,"B","C")) -> C

Sheet Acuan
A1: Kelas | B1: Jumlah Barang | C1: Total Nilai | D1: Persen Nilai Kelas | E1: Persen Jumlah Barang
A2: A | B2: =COUNTIF(Data!$J$2:$J$31,A2) -> 7 | C2: =SUMIF(Data!$J$2:$J$31,A2,Data!$F$2:$F$31) -> 496590000 | D2: =C2/SUM(Data!$F$2:$F$31) -> 0.68418591 | E2: =B2/COUNTA(Data!$A$2:$A$31) -> 0.23333333
A3: B | B3: =COUNTIF(Data!$J$2:$J$31,A3) -> 8 | C3: =SUMIF(Data!$J$2:$J$31,A3,Data!$F$2:$F$31) -> 151790000 | D3: =C3/SUM(Data!$F$2:$F$31) -> 0.20913143 | E3: =B3/COUNTA(Data!$A$2:$A$31) -> 0.26666667
A4: C | B4: =COUNTIF(Data!$J$2:$J$31,A4) -> 15 | C4: =SUMIF(Data!$J$2:$J$31,A4,Data!$F$2:$F$31) -> 77431500 | D4: =C4/SUM(Data!$F$2:$F$31) -> 0.10668266 | E4: =B4/COUNTA(Data!$A$2:$A$31) -> 0.5

Sheet Ringkasan
A1: Ringkasan: lembar jawaban soal berjenis ringkasan
A2: Sel hijau berisi rumus kunci.
A3: No | B3: Pertanyaan | C3: Jawaban | D3: Contoh format hasil
A4: 10a | B4: Total nilai tahunan | C4: =SUM(Data!$F$2:$F$31) -> 725811500 | D4: Rupiah, mis. Rp 1.500.000.000
A5: 10b | B5: Rata-rata nilai tahunan per barang | C5: =AVERAGE(Data!$F$2:$F$31) -> 24193717 | D5: Rupiah, mis. Rp 50.000.000
A6: 11a | B6: Barang kelas A | C6: =COUNTIF(Data!$J$2:$J$31,"A") -> 7 | D6: Angka bulat, mis. 5
A7: 11b | B7: Barang kelas B | C7: =COUNTIF(Data!$J$2:$J$31,"B") -> 8 | D7: Angka bulat, mis. 9
A8: 11c | B8: Barang kelas C | C8: =COUNTIF(Data!$J$2:$J$31,"C") -> 15 | D8: Angka bulat, mis. 17
A9: 12a | B9: Barang dengan nilai tahunan terbesar | C9: =INDEX(Data!$B$2:$B$31,MATCH(MAX(Data!$F$2:$F$31),Data!$F$2:$F$31,0)) -> Semen 50 kg | D9: Teks: nama barang
A10: 12b | B10: Barang dengan nilai tahunan terkecil | C10: =INDEX(Data!$B$2:$B$31,MATCH(MIN(Data!$F$2:$F$31),Data!$F$2:$F$31,0)) -> Sarung tangan kerja | D10: Teks: nama barang
A11: 13a | B11: Persen nilai kelas A | C11: =INDEX(Acuan!$D$2:$D$4,MATCH("A",Acuan!$A$2:$A$4,0)) -> 0.68418591 | D11: Persen, mis. 65,5%
A12: 13b | B12: Kelas dengan persen jumlah barang terbesar | C12: =INDEX(Acuan!$A$2:$A$4,MATCH(MAX(Acuan!$E$2:$E$4),Acuan!$E$2:$E$4,0)) -> C | D12: Teks: A, B, atau C
A13: 14a | B13: Besi dan Atap kelas A | C13: =COUNTIFS(Data!$C$2:$C$31,"Besi dan Atap",Data!$J$2:$J$31,"A") -> 4 | D13: Angka bulat, mis. 2
A14: 14b | B14: Nilai tahunan Cat kelas C | C14: =SUMIFS(Data!$F$2:$F$31,Data!$C$2:$C$31,"Cat",Data!$J$2:$J$31,"C") -> 17952500 | D14: Rupiah, mis. Rp 60.000.000
