Workbook

Sheet Petunjuk
A1: Kunci Jawaban: Rekap Pembelian ATK per Divisi
A2: Latihan 41 dari 56 | Tingkat: Pemula | Perkiraan waktu: 35 menit | pushexcel.github.io/Pushexcel
A4: Skenario
A5: Kamu staf umum PT Sinar Mandiri. Selama Agustus sampai Oktober 2026 ada 30 transaksi pembelian alat tulis kantor (ATK) dari lima divisi. Pemasok memberi diskon 5 persen untuk transaksi yang subtotalnya sama dengan atau lebih dari Rp 500.000, dan nilai batas serta persen diskon itu ada di blok Parameter. Kamu menyusun rekap pembelian untuk kepala bagian umum.
A7: Cara memakai kunci
A8: 1. | B8: Sel hijau berisi rumus kunci yang sudah dihitung. Klik sel untuk melihat rumusnya.
A9: 2. | B9: Kolom Rumus kunci di bawah menampilkan rumus untuk baris pertama atau tiap sel jawaban.
A10: 3. | B10: Rumus ditulis dengan titik koma (;). Ganti dengan koma (,) bila Excel kamu berbahasa Inggris.
A11: 4. | B11: Jawaban lain yang benar secara logika juga boleh, selama hasilnya sama.
A13: Arti warna
B14: Judul kolom data yang sudah diberikan
B15: Judul kolom hasil hitung
B16: Sel berisi rumus kunci
B17: Angka berwarna biru pada blok Parameter = nilai tetap yang boleh dirujuk
A19: Daftar soal
A20: No | B20: Soal | C20: Jawab di | D20: Rumus kunci
A21: 1 | B21: Hitung subtotal tiap transaksi: jumlah dikali harga satuan. | C21: Sheet Data, kolom F (Subtotal), baris 2 sampai 31 | D21: =D2*E2
A22: 2 | B22: Beri diskon sebesar persen diskon dari subtotal bila subtotal sama dengan atau di atas batas diskon. Selain itu 0. Bulatkan ke rupiah. | C22: Sheet Data, kolom G (Diskon), baris 2 sampai 31 | D22: =IF(F2>=$L$2;ROUND(F2*$L$3;0);0)
A23: 3 | B23: Hitung total bayar: subtotal dikurangi diskon. | C23: Sheet Data, kolom H (Total Bayar), baris 2 sampai 31 | D23: =F2-G2
A24: 4 | B24: Ambil nomor bulan dari tanggal pembelian. | C24: Sheet Data, kolom I (Bulan), baris 2 sampai 31 | D24: =MONTH(A2)
A25: 5 | B25: Pada sheet Acuan, hitung jumlah transaksi tiap divisi. | C25: Sheet Acuan, kolom B (Jumlah Transaksi), baris 2 sampai 6 | D25: =COUNTIF(Data!$B$2:$B$31;A2)
A26: 6 | B26: Pada sheet Acuan, hitung total bayar tiap divisi. | C26: Sheet Acuan, kolom C (Total Pembelian), baris 2 sampai 6 | D26: =SUMIF(Data!$B$2:$B$31;A2;Data!$H$2:$H$31)
A27: 7 | B27: Pada sheet Acuan, hitung persen total pembelian tiap divisi terhadap seluruh pembelian. | C27: Sheet Acuan, kolom D (Persen dari Total), baris 2 sampai 6 | D27: =C2/SUM($C$2:$C$6)
A28: 8 | B28: Berapa total subtotal, total diskon, dan total bayar seluruh transaksi? | C28: Sheet Ringkasan, sel C4 sampai C6 | D28: =SUM(Data!$F$2:$F$31) =SUM(Data!$G$2:$G$31) =SUM(Data!$H$2:$H$31)
A29: 9 | B29: Berapa transaksi yang mendapat diskon, dan berapa transaksi yang terjadi pada Oktober? | C29: Sheet Ringkasan, sel C7 sampai C8 | D29: =COUNTIF(Data!$G$2:$G$31;">0") =COUNTIF(Data!$I$2:$I$31;10)
A30: 10 | B30: Divisi mana yang total pembeliannya terbesar, dan barang apa yang subtotalnya terbesar? | C30: Sheet Ringkasan, sel C9 sampai C10 | D30: =INDEX(Acuan!$A$2:$A$6;MATCH(MAX(Acuan!$C$2:$C$6);Acuan!$C$2:$C$6;0)) =INDEX(Data!$C$2:$C$31;MATCH(MAX(Data!$F$2:$F$31);Data!$F$2:$F$31;0))
A31: 11 | B31: Berapa total bayar divisi Pemasaran, dan berapa rata-rata total bayar per transaksi? | C31: Sheet Ringkasan, sel C11 sampai C12 | D31: =SUMIF(Data!$B$2:$B$31;"Pemasaran";Data!$H$2:$H$31) =AVERAGE(Data!$H$2:$H$31)
A32: 12 | B32: Berapa rim kertas A4 yang dibeli seluruhnya, dan berapa total bayar kertas A4 pada September 2026? | C32: Sheet Ringkasan, sel C13 sampai C14 | D32: =SUMIF(Data!$C$2:$C$31;"Kertas A4 (rim)";Data!$D$2:$D$31) =SUMIFS(Data!$H$2:$H$31;Data!$C$2:$C$31;"Kertas A4 (rim)";Data!$I$2:$I$31;9)

Sheet Data
A1: Tanggal | B1: Divisi | C1: Barang | D1: Jumlah | E1: Harga Satuan | F1: Subtotal | G1: Diskon | H1: Total Bayar | I1: Bulan | K1: Parameter | L1: Nilai | M1: Keterangan
A2: 46242 | B2: Produksi | C2: Amplop (pak) | D2: 10 | E2: 21000 | F2: =D2*E2 -> 210000 | G2: =IF(F2>=$L$2,ROUND(F2*$L$3,0),0) -> 0 | H2: =F2-G2 -> 210000 | I2: =MONTH(A2) -> 8 | K2: Batas diskon | L2: 500000 | M2: Subtotal sama dengan atau di atas batas mendapat diskon
A3: 46243 | B3: Produksi | C3: Pulpen (lusin) | D3: 5 | E3: 24000 | F3: =D3*E3 -> 120000 | G3: =IF(F3>=$L$2,ROUND(F3*$L$3,0),0) -> 0 | H3: =F3-G3 -> 120000 | I3: =MONTH(A3) -> 8 | K3: Persen diskon | L3: 0.05
A4: 46243 | B4: Keuangan | C4: Stapler | D4: 3 | E4: 28000 | F4: =D4*E4 -> 84000 | G4: =IF(F4>=$L$2,ROUND(F4*$L$3,0),0) -> 0 | H4: =F4-G4 -> 84000 | I4: =MONTH(A4) -> 8
A5: 46246 | B5: SDM | C5: Spidol (kotak) | D5: 12 | E5: 45000 | F5: =D5*E5 -> 540000 | G5: =IF(F5>=$L$2,ROUND(F5*$L$3,0),0) -> 27000 | H5: =F5-G5 -> 513000 | I5: =MONTH(A5) -> 8
A6: 46246 | B6: SDM | C6: Buku Agenda | D6: 1 | E6: 32000 | F6: =D6*E6 -> 32000 | G6: =IF(F6>=$L$2,ROUND(F6*$L$3,0),0) -> 0 | H6: =F6-G6 -> 32000 | I6: =MONTH(A6) -> 8
A7: 46249 | B7: Produksi | C7: Pulpen (lusin) | D7: 2 | E7: 24000 | F7: =D7*E7 -> 48000 | G7: =IF(F7>=$L$2,ROUND(F7*$L$3,0),0) -> 0 | H7: =F7-G7 -> 48000 | I7: =MONTH(A7) -> 8
A8: 46250 | B8: SDM | C8: Pulpen (lusin) | D8: 2 | E8: 24000 | F8: =D8*E8 -> 48000 | G8: =IF(F8>=$L$2,ROUND(F8*$L$3,0),0) -> 0 | H8: =F8-G8 -> 48000 | I8: =MONTH(A8) -> 8
A9: 46251 | B9: Pemasaran | C9: Kertas A4 (rim) | D9: 10 | E9: 52000 | F9: =D9*E9 -> 520000 | G9: =IF(F9>=$L$2,ROUND(F9*$L$3,0),0) -> 26000 | H9: =F9-G9 -> 494000 | I9: =MONTH(A9) -> 8
A10: 46254 | B10: SDM | C10: Kertas A4 (rim) | D10: 8 | E10: 52000 | F10: =D10*E10 -> 416000 | G10: =IF(F10>=$L$2,ROUND(F10*$L$3,0),0) -> 0 | H10: =F10-G10 -> 416000 | I10: =MONTH(A10) -> 8
A11: 46255 | B11: Keuangan | C11: Amplop (pak) | D11: 8 | E11: 21000 | F11: =D11*E11 -> 168000 | G11: =IF(F11>=$L$2,ROUND(F11*$L$3,0),0) -> 0 | H11: =F11-G11 -> 168000 | I11: =MONTH(A11) -> 8
A12: 46262 | B12: Umum | C12: Amplop (pak) | D12: 2 | E12: 21000 | F12: =D12*E12 -> 42000 | G12: =IF(F12>=$L$2,ROUND(F12*$L$3,0),0) -> 0 | H12: =F12-G12 -> 42000 | I12: =MONTH(A12) -> 8
A13: 46266 | B13: Pemasaran | C13: Map Folder (pak) | D13: 12 | E13: 38000 | F13: =D13*E13 -> 456000 | G13: =IF(F13>=$L$2,ROUND(F13*$L$3,0),0) -> 0 | H13: =F13-G13 -> 456000 | I13: =MONTH(A13) -> 9
A14: 46270 | B14: Pemasaran | C14: Kertas A4 (rim) | D14: 2 | E14: 52000 | F14: =D14*E14 -> 104000 | G14: =IF(F14>=$L$2,ROUND(F14*$L$3,0),0) -> 0 | H14: =F14-G14 -> 104000 | I14: =MONTH(A14) -> 9
A15: 46273 | B15: Keuangan | C15: Spidol (kotak) | D15: 12 | E15: 45000 | F15: =D15*E15 -> 540000 | G15: =IF(F15>=$L$2,ROUND(F15*$L$3,0),0) -> 27000 | H15: =F15-G15 -> 513000 | I15: =MONTH(A15) -> 9
... A31: 46309 | B31: Produksi | C31: Kertas A4 (rim) | D31: 6 | E31: 52000 | F31: =D31*E31 -> 312000 | G31: =IF(F31>=$L$2,ROUND(F31*$L$3,0),0) -> 0 | H31: =F31-G31 -> 312000 | I31: =MONTH(A31) -> 10

Sheet Acuan
A1: Divisi | B1: Jumlah Transaksi | C1: Total Pembelian | D1: Persen dari Total
A2: Keuangan | B2: =COUNTIF(Data!$B$2:$B$31,A2) -> 5 | C2: =SUMIF(Data!$B$2:$B$31,A2,Data!$H$2:$H$31) -> 1469000 | D2: =C2/SUM($C$2:$C$6) -> 0.20156975
A3: Pemasaran | B3: =COUNTIF(Data!$B$2:$B$31,A3) -> 6 | C3: =SUMIF(Data!$B$2:$B$31,A3,Data!$H$2:$H$31) -> 2327800 | D3: =C3/SUM($C$2:$C$6) -> 0.31941052
A4: Produksi | B4: =COUNTIF(Data!$B$2:$B$31,A4) -> 7 | C4: =SUMIF(Data!$B$2:$B$31,A4,Data!$H$2:$H$31) -> 1468000 | D4: =C4/SUM($C$2:$C$6) -> 0.20143253
A5: Umum | B5: =COUNTIF(Data!$B$2:$B$31,A5) -> 7 | C5: =SUMIF(Data!$B$2:$B$31,A5,Data!$H$2:$H$31) -> 822000 | D5: =C5/SUM($C$2:$C$6) -> 0.11279124
A6: SDM | B6: =COUNTIF(Data!$B$2:$B$31,A6) -> 5 | C6: =SUMIF(Data!$B$2:$B$31,A6,Data!$H$2:$H$31) -> 1201000 | D6: =C6/SUM($C$2:$C$6) -> 0.16479596

Sheet Ringkasan
A1: Ringkasan: lembar jawaban soal berjenis ringkasan
A2: Sel hijau berisi rumus kunci.
A3: No | B3: Pertanyaan | C3: Jawaban | D3: Contoh format hasil
A4: 8a | B4: Total subtotal | C4: =SUM(Data!$F$2:$F$31) -> 7451000 | D4: Rupiah, mis. Rp 9.000.000
A5: 8b | B5: Total diskon | C5: =SUM(Data!$G$2:$G$31) -> 163200 | D5: Rupiah, mis. Rp 400.000
A6: 8c | B6: Total bayar | C6: =SUM(Data!$H$2:$H$31) -> 7287800 | D6: Rupiah, mis. Rp 8.600.000
A7: 9a | B7: Jumlah transaksi berdiskon | C7: =COUNTIF(Data!$G$2:$G$31,">0") -> 6 | D7: Angka bulat, mis. 5
A8: 9b | B8: Jumlah transaksi pada Oktober | C8: =COUNTIF(Data!$I$2:$I$31,10) -> 6 | D8: Angka bulat, mis. 7
A9: 10a | B9: Divisi dengan total pembelian terbesar | C9: =INDEX(Acuan!$A$2:$A$6,MATCH(MAX(Acuan!$C$2:$C$6),Acuan!$C$2:$C$6,0)) -> Pemasaran | D9: Teks: nama divisi
A10: 10b | B10: Barang pada transaksi dengan subtotal terbesar | C10: =INDEX(Data!$C$2:$C$31,MATCH(MAX(Data!$F$2:$F$31),Data!$F$2:$F$31,0)) -> Kertas A4 (rim) | D10: Teks: nama barang
A11: 11a | B11: Total bayar divisi Pemasaran | C11: =SUMIF(Data!$B$2:$B$31,"Pemasaran",Data!$H$2:$H$31) -> 2327800 | D11: Rupiah, mis. Rp 2.000.000
A12: 11b | B12: Rata-rata total bayar per transaksi | C12: =AVERAGE(Data!$H$2:$H$31) -> 242926.67 | D12: Rupiah, mis. Rp 300.000
A13: 12a | B13: Total rim kertas A4 dibeli | C13: =SUMIF(Data!$C$2:$C$31,"Kertas A4 (rim)",Data!$D$2:$D$31) -> 63 | D13: Angka bulat, mis. 15
A14: 12b | B14: Total bayar kertas A4 pada September | C14: =SUMIFS(Data!$H$2:$H$31,Data!$C$2:$C$31,"Kertas A4 (rim)",Data!$I$2:$I$31,9) -> 858000 | D14: Rupiah, mis. Rp 400.000
