Workbook

Sheet Petunjuk
A1: Kunci Jawaban: Tren Penjualan Bulanan dan Rata-rata Bergerak
A2: Latihan 97 dari 40 | Tingkat: Lanjutan | Perkiraan waktu: 65 menit | pushexcel.github.io/Pushexcel
A4: Skenario
A5: Kamu analis penjualan Toko Sumber Rasa Nusantara. Data berisi unit terjual tiga produk selama 12 bulan (36 baris, diurut per produk lalu per bulan) beserta harga satuannya. Pertumbuhan adalah selisih unit bulan ini terhadap bulan lalu dibagi unit bulan lalu, dan untuk Januari diisi 0 karena tidak ada bulan sebelumnya. Rata-rata bergerak memakai unit bulan ini dan dua bulan sebelumnya (jendela 3 bulan), sehingga baru terisi mulai bulan ke-3, bulan sebelumnya diisi 0. Status tren: Naik bila pertumbuhan lebih dari batas stabil (3 persen), Turun bila kurang dari minus batas itu, selain itu Stabil, dan Januari berstatus Awal.
A7: Cara memakai kunci
A8: 1. | B8: Sel hijau berisi rumus kunci yang sudah dihitung. Klik sel untuk melihat rumusnya.
A9: 2. | B9: Kolom Rumus kunci di bawah menampilkan rumus untuk baris pertama atau tiap sel jawaban.
A10: 3. | B10: Rumus ditulis dengan titik koma (;). Ganti dengan koma (,) bila Excel kamu berbahasa Inggris.
A11: 4. | B11: Jawaban lain yang benar secara logika juga boleh, selama hasilnya sama.
A13: Arti warna
B14: Judul kolom data yang sudah diberikan
B15: Judul kolom hasil hitung
B16: Sel berisi rumus kunci
B17: Angka berwarna biru pada blok Parameter = nilai tetap yang boleh dirujuk
A19: Daftar soal
A20: No | B20: Soal | C20: Jawab di | D20: Rumus kunci
A21: 1 | B21: Hitung omzet tiap baris: unit terjual dikali harga satuan. | C21: Sheet Data, kolom F (Omzet), baris 2 sampai 37 | D21: =D2*E2
A22: 2 | B22: Ambil unit terjual produk yang sama pada bulan sebelumnya. Untuk Januari isi 0. | C22: Sheet Data, kolom G (Unit Bulan Lalu), baris 2 sampai 37 | D22: =IF(B2=1;0;SUMIFS($D$2:$D$37;$A$2:$A$37;A2;$B$2:$B$37;B2-1))
A23: 3 | B23: Hitung pertumbuhan bulan ke bulan: (unit bulan ini - unit bulan lalu) dibagi unit bulan lalu. Untuk Januari isi 0. | C23: Sheet Data, kolom H (Pertumbuhan MoM), baris 2 sampai 37 | D23: =IF(B2=1;0;(D2-G2)/G2)
A24: 4 | B24: Hitung rata-rata unit terjual selama jendela 3 bulan (bulan ini dan dua bulan sebelumnya) untuk produk yang sama. Sebelum bulan ke-3 isi 0. | C24: Sheet Data, kolom I (Rata-rata Bergerak), baris 2 sampai 37 | D24: =IF(B2<$O$2;0;AVERAGEIFS($D$2:$D$37;$A$2:$A$37;A2;$B$2:$B$37;">"&(B2-$O$2);$B$2:$B$37;"<="&B2))
A25: 5 | B25: Beri status: Awal untuk Januari, Naik bila pertumbuhan lebih dari batas stabil, Turun bila kurang dari minus batas stabil, selain itu Stabil. | C25: Sheet Data, kolom J (Status Tren), baris 2 sampai 37 | D25: =IF(B2=1;"Awal";IF(H2>$O$3;"Naik";IF(H2<-$O$3;"Turun";"Stabil")))
A26: 6 | B26: Bandingkan unit terjual dengan rata-rata bergerak: Di Atas bila lebih besar, Di Bawah bila tidak. Sebelum bulan ke-3 tulis Belum ada. | C26: Sheet Data, kolom K (Posisi Tren), baris 2 sampai 37 | D26: =IF(B2<$O$2;"Belum ada";IF(D2>I2;"Di Atas";"Di Bawah"))
A27: 7 | B27: Hitung peringkat unit terjual tiap bulan di dalam produknya (1 = penjualan tertinggi): banyaknya bulan produk yang sama dengan unit lebih besar, ditambah 1. | C27: Sheet Data, kolom L (Peringkat Unit), baris 2 sampai 37 | D27: =COUNTIFS($A$2:$A$37;A2;$D$2:$D$37;">"&D2)+1
A28: 8 | B28: Pada sheet Acuan, hitung total omzet setahun tiap produk. | C28: Sheet Acuan, kolom B (Total Omzet), baris 2 sampai 4 | D28: =SUMIF(Data!$A$2:$A$37;A2;Data!$F$2:$F$37)
A29: 9 | B29: Pada sheet Acuan, cari nomor bulan dengan unit terjual tertinggi tiap produk (peringkat unit = 1). | C29: Sheet Acuan, kolom C (Bulan Terbaik Ke), baris 2 sampai 4 | D29: =SUMIFS(Data!$B$2:$B$37;Data!$A$2:$A$37;A2;Data!$L$2:$L$37;1)
A30: 10 | B30: Pada sheet Acuan, hitung berapa bulan berstatus Naik tiap produk. | C30: Sheet Acuan, kolom D (Bulan Naik), baris 2 sampai 4 | D30: =COUNTIFS(Data!$A$2:$A$37;A2;Data!$J$2:$J$37;"Naik")
A31: 11 | B31: Berapa total omzet setahun seluruh produk, total unit terjual, dan rata-rata unit terjual per baris data? | C31: Sheet Ringkasan, sel C4 sampai C6 | D31: =SUM(Data!$F$2:$F$37) =SUM(Data!$D$2:$D$37) =AVERAGE(Data!$D$2:$D$37)
... A35: 15 | B35: Berapa pertumbuhan terendah yang pernah terjadi, pada produk apa, dan di bulan apa? | C35: Sheet Ringkasan, sel C14 sampai C16 | D35: =MIN(Data!$H$2:$H$37) =INDEX(Data!$A$2:$A$37;MATCH(C14;Data!$H$2:$H$37;0)) =INDEX(Data!$C$2:$C$37;MATCH(C14;Data!$H$2:$H$37;0))

Sheet Data
A1: Produk | B1: Bulan Ke | C1: Nama Bulan | D1: Unit Terjual | E1: Harga Satuan | F1: Omzet | G1: Unit Bulan Lalu | H1: Pertumbuhan MoM | I1: Rata-rata Bergerak | J1: Status Tren | K1: Posisi Tren | L1: Peringkat Unit | N1: Parameter | O1: Nilai | P1: Keterangan
A2: Kopi Arabika 250 g | B2: 1 | C2: Jan | D2: 304 | E2: 68000 | F2: =D2*E2 -> 20672000 | G2: =IF(B2=1,0,SUMIFS($D$2:$D$37,$A$2:$A$37,A2,$B$2:$B$37,B2-1)) -> 0 | H2: =IF(B2=1,0,(D2-G2)/G2) -> 0 | I2: =IF(B2<$O$2,0,AVERAGEIFS($D$2:$D$37,$A$2:$A$37,A2,$B$2:$B$37,">"&(B2-$O$2),$B$2:$B$37,"<="&B2)) -> 0 | J2: =IF(B2=1,"Awal",IF(H2>$O$3,"Naik",IF(H2<-$O$3,"Turun","Stabil"))) -> Awal | K2: =IF(B2<$O$2,"Belum ada",IF(D2>I2,"Di Atas","Di Bawah")) -> Belum ada | L2: =COUNTIFS($A$2:$A$37,A2,$D$2:$D$37,">"&D2)+1 -> 8 | N2: Jendela rata-rata bergerak (bulan) | O2: 3
A3: Kopi Arabika 250 g | B3: 2 | C3: Feb | D3: 247 | E3: 68000 | F3: =D3*E3 -> 16796000 | G3: =IF(B3=1,0,SUMIFS($D$2:$D$37,$A$2:$A$37,A3,$B$2:$B$37,B3-1)) -> 304 | H3: =IF(B3=1,0,(D3-G3)/G3) -> -0.1875 | I3: =IF(B3<$O$2,0,AVERAGEIFS($D$2:$D$37,$A$2:$A$37,A3,$B$2:$B$37,">"&(B3-$O$2),$B$2:$B$37,"<="&B3)) -> 0 | J3: =IF(B3=1,"Awal",IF(H3>$O$3,"Naik",IF(H3<-$O$3,"Turun","Stabil"))) -> Turun | K3: =IF(B3<$O$2,"Belum ada",IF(D3>I3,"Di Atas","Di Bawah")) -> Belum ada | L3: =COUNTIFS($A$2:$A$37,A3,$D$2:$D$37,">"&D3)+1 -> 11 | N3: Batas stabil | O3: 0.03 | P3: Pertumbuhan di antara minus dan plus batas ini dianggap stabil
A4: Kopi Arabika 250 g | B4: 3 | C4: Mar | D4: 237 | E4: 68000 | F4: =D4*E4 -> 16116000 | G4: =IF(B4=1,0,SUMIFS($D$2:$D$37,$A$2:$A$37,A4,$B$2:$B$37,B4-1)) -> 247 | H4: =IF(B4=1,0,(D4-G4)/G4) -> -0.04048583 | I4: =IF(B4<$O$2,0,AVERAGEIFS($D$2:$D$37,$A$2:$A$37,A4,$B$2:$B$37,">"&(B4-$O$2),$B$2:$B$37,"<="&B4)) -> 262.66667 | J4: =IF(B4=1,"Awal",IF(H4>$O$3,"Naik",IF(H4<-$O$3,"Turun","Stabil"))) -> Turun | K4: =IF(B4<$O$2,"Belum ada",IF(D4>I4,"Di Atas","Di Bawah")) -> Di Bawah | L4: =COUNTIFS($A$2:$A$37,A4,$D$2:$D$37,">"&D4)+1 -> 12
A5: Kopi Arabika 250 g | B5: 4 | C5: Apr | D5: 338 | E5: 68000 | F5: =D5*E5 -> 22984000 | G5: =IF(B5=1,0,SUMIFS($D$2:$D$37,$A$2:$A$37,A5,$B$2:$B$37,B5-1)) -> 237 | H5: =IF(B5=1,0,(D5-G5)/G5) -> 0.42616034 | I5: =IF(B5<$O$2,0,AVERAGEIFS($D$2:$D$37,$A$2:$A$37,A5,$B$2:$B$37,">"&(B5-$O$2),$B$2:$B$37,"<="&B5)) -> 274 | J5: =IF(B5=1,"Awal",IF(H5>$O$3,"Naik",IF(H5<-$O$3,"Turun","Stabil"))) -> Naik | K5: =IF(B5<$O$2,"Belum ada",IF(D5>I5,"Di Atas","Di Bawah")) -> Di Atas | L5: =COUNTIFS($A$2:$A$37,A5,$D$2:$D$37,">"&D5)+1 -> 4
A6: Kopi Arabika 250 g | B6: 5 | C6: Mei | D6: 332 | E6: 68000 | F6: =D6*E6 -> 22576000 | G6: =IF(B6=1,0,SUMIFS($D$2:$D$37,$A$2:$A$37,A6,$B$2:$B$37,B6-1)) -> 338 | H6: =IF(B6=1,0,(D6-G6)/G6) -> -0.017751479 | I6: =IF(B6<$O$2,0,AVERAGEIFS($D$2:$D$37,$A$2:$A$37,A6,$B$2:$B$37,">"&(B6-$O$2),$B$2:$B$37,"<="&B6)) -> 302.33333 | J6: =IF(B6=1,"Awal",IF(H6>$O$3,"Naik",IF(H6<-$O$3,"Turun","Stabil"))) -> Stabil | K6: =IF(B6<$O$2,"Belum ada",IF(D6>I6,"Di Atas","Di Bawah")) -> Di Atas | L6: =COUNTIFS($A$2:$A$37,A6,$D$2:$D$37,">"&D6)+1 -> 5
A7: Kopi Arabika 250 g | B7: 6 | C7: Jun | D7: 353 | E7: 68000 | F7: =D7*E7 -> 24004000 | G7: =IF(B7=1,0,SUMIFS($D$2:$D$37,$A$2:$A$37,A7,$B$2:$B$37,B7-1)) -> 332 | H7: =IF(B7=1,0,(D7-G7)/G7) -> 0.063253012 | I7: =IF(B7<$O$2,0,AVERAGEIFS($D$2:$D$37,$A$2:$A$37,A7,$B$2:$B$37,">"&(B7-$O$2),$B$2:$B$37,"<="&B7)) -> 341 | J7: =IF(B7=1,"Awal",IF(H7>$O$3,"Naik",IF(H7<-$O$3,"Turun","Stabil"))) -> Naik | K7: =IF(B7<$O$2,"Belum ada",IF(D7>I7,"Di Atas","Di Bawah")) -> Di Atas | L7: =COUNTIFS($A$2:$A$37,A7,$D$2:$D$37,">"&D7)+1 -> 2
A8: Kopi Arabika 250 g | B8: 7 | C8: Jul | D8: 377 | E8: 68000 | F8: =D8*E8 -> 25636000 | G8: =IF(B8=1,0,SUMIFS($D$2:$D$37,$A$2:$A$37,A8,$B$2:$B$37,B8-1)) -> 353 | H8: =IF(B8=1,0,(D8-G8)/G8) -> 0.067988669 | I8: =IF(B8<$O$2,0,AVERAGEIFS($D$2:$D$37,$A$2:$A$37,A8,$B$2:$B$37,">"&(B8-$O$2),$B$2:$B$37,"<="&B8)) -> 354 | J8: =IF(B8=1,"Awal",IF(H8>$O$3,"Naik",IF(H8<-$O$3,"Turun","Stabil"))) -> Naik | K8: =IF(B8<$O$2,"Belum ada",IF(D8>I8,"Di Atas","Di Bawah")) -> Di Atas | L8: =COUNTIFS($A$2:$A$37,A8,$D$2:$D$37,">"&D8)+1 -> 1
A9: Kopi Arabika 250 g | B9: 8 | C9: Agu | D9: 303 | E9: 68000 | F9: =D9*E9 -> 20604000 | G9: =IF(B9=1,0,SUMIFS($D$2:$D$37,$A$2:$A$37,A9,$B$2:$B$37,B9-1)) -> 377 | H9: =IF(B9=1,0,(D9-G9)/G9) -> -0.19628647 | I9: =IF(B9<$O$2,0,AVERAGEIFS($D$2:$D$37,$A$2:$A$37,A9,$B$2:$B$37,">"&(B9-$O$2),$B$2:$B$37,"<="&B9)) -> 344.33333 | J9: =IF(B9=1,"Awal",IF(H9>$O$3,"Naik",IF(H9<-$O$3,"Turun","Stabil"))) -> Turun | K9: =IF(B9<$O$2,"Belum ada",IF(D9>I9,"Di Atas","Di Bawah")) -> Di Bawah | L9: =COUNTIFS($A$2:$A$37,A9,$D$2:$D$37,">"&D9)+1 -> 9
A10: Kopi Arabika 250 g | B10: 9 | C10: Sep | D10: 306 | E10: 68000 | F10: =D10*E10 -> 20808000 | G10: =IF(B10=1,0,SUMIFS($D$2:$D$37,$A$2:$A$37,A10,$B$2:$B$37,B10-1)) -> 303 | H10: =IF(B10=1,0,(D10-G10)/G10) -> 0.0099009901 | I10: =IF(B10<$O$2,0,AVERAGEIFS($D$2:$D$37,$A$2:$A$37,A10,$B$2:$B$37,">"&(B10-$O$2),$B$2:$B$37,"<="&B10)) -> 328.66667 | J10: =IF(B10=1,"Awal",IF(H10>$O$3,"Naik",IF(H10<-$O$3,"Turun","Stabil"))) -> Stabil | K10: =IF(B10<$O$2,"Belum ada",IF(D10>I10,"Di Atas","Di Bawah")) -> Di Bawah | L10: =COUNTIFS($A$2:$A$37,A10,$D$2:$D$37,">"&D10)+1 -> 7
A11: Kopi Arabika 250 g | B11: 10 | C11: Okt | D11: 260 | E11: 68000 | F11: =D11*E11 -> 17680000 | G11: =IF(B11=1,0,SUMIFS($D$2:$D$37,$A$2:$A$37,A11,$B$2:$B$37,B11-1)) -> 306 | H11: =IF(B11=1,0,(D11-G11)/G11) -> -0.1503268 | I11: =IF(B11<$O$2,0,AVERAGEIFS($D$2:$D$37,$A$2:$A$37,A11,$B$2:$B$37,">"&(B11-$O$2),$B$2:$B$37,"<="&B11)) -> 289.66667 | J11: =IF(B11=1,"Awal",IF(H11>$O$3,"Naik",IF(H11<-$O$3,"Turun","Stabil"))) -> Turun | K11: =IF(B11<$O$2,"Belum ada",IF(D11>I11,"Di Atas","Di Bawah")) -> Di Bawah | L11: =COUNTIFS($A$2:$A$37,A11,$D$2:$D$37,">"&D11)+1 -> 10
A12: Kopi Arabika 250 g | B12: 11 | C12: Nov | D12: 316 | E12: 68000 | F12: =D12*E12 -> 21488000 | G12: =IF(B12=1,0,SUMIFS($D$2:$D$37,$A$2:$A$37,A12,$B$2:$B$37,B12-1)) -> 260 | H12: =IF(B12=1,0,(D12-G12)/G12) -> 0.21538462 | I12: =IF(B12<$O$2,0,AVERAGEIFS($D$2:$D$37,$A$2:$A$37,A12,$B$2:$B$37,">"&(B12-$O$2),$B$2:$B$37,"<="&B12)) -> 294 | J12: =IF(B12=1,"Awal",IF(H12>$O$3,"Naik",IF(H12<-$O$3,"Turun","Stabil"))) -> Naik | K12: =IF(B12<$O$2,"Belum ada",IF(D12>I12,"Di Atas","Di Bawah")) -> Di Atas | L12: =COUNTIFS($A$2:$A$37,A12,$D$2:$D$37,">"&D12)+1 -> 6
A13: Kopi Arabika 250 g | B13: 12 | C13: Des | D13: 346 | E13: 68000 | F13: =D13*E13 -> 23528000 | G13: =IF(B13=1,0,SUMIFS($D$2:$D$37,$A$2:$A$37,A13,$B$2:$B$37,B13-1)) -> 316 | H13: =IF(B13=1,0,(D13-G13)/G13) -> 0.094936709 | I13: =IF(B13<$O$2,0,AVERAGEIFS($D$2:$D$37,$A$2:$A$37,A13,$B$2:$B$37,">"&(B13-$O$2),$B$2:$B$37,"<="&B13)) -> 307.33333 | J13: =IF(B13=1,"Awal",IF(H13>$O$3,"Naik",IF(H13<-$O$3,"Turun","Stabil"))) -> Naik | K13: =IF(B13<$O$2,"Belum ada",IF(D13>I13,"Di Atas","Di Bawah")) -> Di Atas | L13: =COUNTIFS($A$2:$A$37,A13,$D$2:$D$37,">"&D13)+1 -> 3
A14: Teh Melati Celup 25 pcs | B14: 1 | C14: Jan | D14: 645 | E14: 18500 | F14: =D14*E14 -> 11932500 | G14: =IF(B14=1,0,SUMIFS($D$2:$D$37,$A$2:$A$37,A14,$B$2:$B$37,B14-1)) -> 0 | H14: =IF(B14=1,0,(D14-G14)/G14) -> 0 | I14: =IF(B14<$O$2,0,AVERAGEIFS($D$2:$D$37,$A$2:$A$37,A14,$B$2:$B$37,">"&(B14-$O$2),$B$2:$B$37,"<="&B14)) -> 0 | J14: =IF(B14=1,"Awal",IF(H14>$O$3,"Naik",IF(H14<-$O$3,"Turun","Stabil"))) -> Awal | K14: =IF(B14<$O$2,"Belum ada",IF(D14>I14,"Di Atas","Di Bawah")) -> Belum ada | L14: =COUNTIFS($A$2:$A$37,A14,$D$2:$D$37,">"&D14)+1 -> 10
A15: Teh Melati Celup 25 pcs | B15: 2 | C15: Feb | D15: 581 | E15: 18500 | F15: =D15*E15 -> 10748500 | G15: =IF(B15=1,0,SUMIFS($D$2:$D$37,$A$2:$A$37,A15,$B$2:$B$37,B15-1)) -> 645 | H15: =IF(B15=1,0,(D15-G15)/G15) -> -0.099224806 | I15: =IF(B15<$O$2,0,AVERAGEIFS($D$2:$D$37,$A$2:$A$37,A15,$B$2:$B$37,">"&(B15-$O$2),$B$2:$B$37,"<="&B15)) -> 0 | J15: =IF(B15=1,"Awal",IF(H15>$O$3,"Naik",IF(H15<-$O$3,"Turun","Stabil"))) -> Turun | K15: =IF(B15<$O$2,"Belum ada",IF(D15>I15,"Di Atas","Di Bawah")) -> Belum ada | L15: =COUNTIFS($A$2:$A$37,A15,$D$2:$D$37,">"&D15)+1 -> 11
... A37: Madu Hutan 500 ml | B37: 12 | C37: Des | D37: 206 | E37: 95000 | F37: =D37*E37 -> 19570000 | G37: =IF(B37=1,0,SUMIFS($D$2:$D$37,$A$2:$A$37,A37,$B$2:$B$37,B37-1)) -> 180 | H37: =IF(B37=1,0,(D37-G37)/G37) -> 0.14444444 | I37: =IF(B37<$O$2,0,AVERAGEIFS($D$2:$D$37,$A$2:$A$37,A37,$B$2:$B$37,">"&(B37-$O$2),$B$2:$B$37,"<="&B37)) -> 184.66667 | J37: =IF(B37=1,"Awal",IF(H37>$O$3,"Naik",IF(H37<-$O$3,"Turun","Stabil"))) -> Naik | K37: =IF(B37<$O$2,"Belum ada",IF(D37>I37,"Di Atas","Di Bawah")) -> Di Atas | L37: =COUNTIFS($A$2:$A$37,A37,$D$2:$D$37,">"&D37)+1 -> 1

Sheet Acuan
A1: Produk | B1: Total Omzet | C1: Bulan Terbaik Ke | D1: Bulan Naik
A2: Kopi Arabika 250 g | B2: =SUMIF(Data!$A$2:$A$37,A2,Data!$F$2:$F$37) -> 252892000 | C2: =SUMIFS(Data!$B$2:$B$37,Data!$A$2:$A$37,A2,Data!$L$2:$L$37,1) -> 7 | D2: =COUNTIFS(Data!$A$2:$A$37,A2,Data!$J$2:$J$37,"Naik") -> 5
A3: Teh Melati Celup 25 pcs | B3: =SUMIF(Data!$A$2:$A$37,A3,Data!$F$2:$F$37) -> 164909000 | C3: =SUMIFS(Data!$B$2:$B$37,Data!$A$2:$A$37,A3,Data!$L$2:$L$37,1) -> 12 | D3: =COUNTIFS(Data!$A$2:$A$37,A3,Data!$J$2:$J$37,"Naik") -> 5
A4: Madu Hutan 500 ml | B4: =SUMIF(Data!$A$2:$A$37,A4,Data!$F$2:$F$37) -> 195225000 | C4: =SUMIFS(Data!$B$2:$B$37,Data!$A$2:$A$37,A4,Data!$L$2:$L$37,1) -> 12 | D4: =COUNTIFS(Data!$A$2:$A$37,A4,Data!$J$2:$J$37,"Naik") -> 5

Sheet Ringkasan
A1: Ringkasan: lembar jawaban soal berjenis ringkasan
A2: Sel hijau berisi rumus kunci.
A3: No | B3: Pertanyaan | C3: Jawaban | D3: Contoh format hasil
A4: 11a | B4: Total omzet seluruh produk | C4: =SUM(Data!$F$2:$F$37) -> 613026000 | D4: Rupiah, mis. Rp 800.000.000
A5: 11b | B5: Total unit terjual | C5: =SUM(Data!$D$2:$D$37) -> 14688 | D5: Angka bulat, mis. 15000
A6: 11c | B6: Rata-rata unit terjual per baris | C6: =AVERAGE(Data!$D$2:$D$37) -> 408 | D6: Angka desimal, mis. 310,5
A7: 12a | B7: Produk dengan total omzet terbesar | C7: =INDEX(Acuan!$A$2:$A$4,MATCH(MAX(Acuan!$B$2:$B$4),Acuan!$B$2:$B$4,0)) -> Kopi Arabika 250 g | D7: Teks: nama produk
A8: 12b | B8: Bulan terlaris Kopi Arabika 250 g | C8: =INDEX(Data!$C$2:$C$37,Acuan!$C$2) -> Jul | D8: Teks: nama bulan, mis. Mar
A9: 13a | B9: Jumlah status Naik | C9: =COUNTIF(Data!$J$2:$J$37,"Naik") -> 15 | D9: Angka bulat, mis. 12
A10: 13b | B10: Jumlah status Turun | C10: =COUNTIF(Data!$J$2:$J$37,"Turun") -> 12 | D10: Angka bulat, mis. 9
A11: 13c | B11: Jumlah status Stabil | C11: =COUNTIF(Data!$J$2:$J$37,"Stabil") -> 6 | D11: Angka bulat, mis. 8
A12: 14a | B12: Rata-rata pertumbuhan Teh Melati Celup 25 pcs | C12: =AVERAGEIFS(Data!$H$2:$H$37,Data!$A$2:$A$37,"Teh Melati Celup 25 pcs",Data!$B$2:$B$37,">1") -> 0.03647372 | D12: Persen, mis. 2,5% (atau negatif)
A13: 14b | B13: Bulan Madu Hutan 500 ml Di Atas tren | C13: =COUNTIFS(Data!$A$2:$A$37,"Madu Hutan 500 ml",Data!$K$2:$K$37,"Di Atas") -> 7 | D13: Angka bulat, mis. 5
A14: 15a | B14: Pertumbuhan terendah | C14: =MIN(Data!$H$2:$H$37) -> -0.21142857 | D14: Persen, mis. -8,5%
A15: 15b | B15: Produk dengan pertumbuhan terendah | C15: =INDEX(Data!$A$2:$A$37,MATCH(C14,Data!$H$2:$H$37,0)) -> Madu Hutan 500 ml | D15: Teks: nama produk
A16: 15c | B16: Bulan pertumbuhan terendah | C16: =INDEX(Data!$C$2:$C$37,MATCH(C14,Data!$H$2:$H$37,0)) -> Feb | D16: Teks: nama bulan, mis. Mar
