Workbook

Sheet Petunjuk
A1: Kunci Jawaban: Menghitung IPS, IPK, dan Predikat Mahasiswa
A2: Latihan 98 dari 40 | Tingkat: Lanjutan | Perkiraan waktu: 65 menit | pushexcel.github.io/Pushexcel
A4: Skenario
A5: Kamu staf akademik Program Studi Akuntansi Politeknik Cahaya Nusantara. Data berisi 40 nilai mata kuliah dari lima mahasiswa selama dua semester. Bobot tiap nilai huruf ada di sheet Acuan (A = 4, AB = 3,5, B = 3, BC = 2,5, C = 2, D = 1, E = 0). Mutu adalah SKS dikali bobot. IPS adalah total mutu dibagi total SKS pada semester yang sama, sedangkan IPK memakai seluruh semester, keduanya dibulatkan dua desimal. Mata kuliah berstatus Lulus bila bobot minimal 2, selain itu Mengulang. Predikat IPK: Pujian bila minimal 3,50, Sangat Memuaskan bila minimal 3,00, selain itu Memuaskan (batas ada di blok Parameter).
A7: Cara memakai kunci
A8: 1. | B8: Sel hijau berisi rumus kunci yang sudah dihitung. Klik sel untuk melihat rumusnya.
A9: 2. | B9: Kolom Rumus kunci di bawah menampilkan rumus untuk baris pertama atau tiap sel jawaban.
A10: 3. | B10: Rumus ditulis dengan titik koma (;). Ganti dengan koma (,) bila Excel kamu berbahasa Inggris.
A11: 4. | B11: Jawaban lain yang benar secara logika juga boleh, selama hasilnya sama.
A13: Arti warna
B14: Judul kolom data yang sudah diberikan
B15: Judul kolom hasil hitung
B16: Sel berisi rumus kunci
B17: Angka berwarna biru pada blok Parameter = nilai tetap yang boleh dirujuk
A19: Daftar soal
A20: No | B20: Soal | C20: Jawab di | D20: Rumus kunci
A21: 1 | B21: Ambil bobot tiap nilai huruf dari tabel di sheet Acuan dengan pencocokan persis. | C21: Sheet Data, kolom F (Bobot), baris 2 sampai 41 | D21: =VLOOKUP(E2;Acuan!$A$2:$B$8;2;FALSE)
A22: 2 | B22: Hitung mutu tiap mata kuliah: SKS dikali bobot. | C22: Sheet Data, kolom G (Mutu), baris 2 sampai 41 | D22: =D2*F2
A23: 3 | B23: Beri status Lulus bila bobot sama dengan atau lebih dari bobot minimum lulus, selain itu Mengulang. | C23: Sheet Data, kolom H (Status Mata Kuliah), baris 2 sampai 41 | D23: =IF(F2>=$N$2;"Lulus";"Mengulang")
A24: 4 | B24: Hitung IPS mahasiswa pada semester baris ini: total mutu dibagi total SKS dari baris yang mahasiswa dan semesternya sama. Bulatkan dua desimal. | C24: Sheet Data, kolom I (IPS Semester), baris 2 sampai 41 | D24: =ROUND(SUMPRODUCT(($A$2:$A$41=A2)*($B$2:$B$41=B2)*$G$2:$G$41)/SUMPRODUCT(($A$2:$A$41=A2)*($B$2:$B$41=B2)*$D$2:$D$41);2)
A25: 5 | B25: Hitung IPK mahasiswa dari seluruh semester: total mutu dibagi total SKS mahasiswa itu, dibulatkan dua desimal. | C25: Sheet Data, kolom J (IPK), baris 2 sampai 41 | D25: =ROUND(SUMIF($A$2:$A$41;A2;$G$2:$G$41)/SUMIF($A$2:$A$41;A2;$D$2:$D$41);2)
A26: 6 | B26: Tentukan predikat dari IPK: Pujian, Sangat Memuaskan, atau Memuaskan sesuai batas di sel Parameter. | C26: Sheet Data, kolom K (Predikat), baris 2 sampai 41 | D26: =IF(J2>=$N$3;"Pujian";IF(J2>=$N$4;"Sangat Memuaskan";"Memuaskan"))
A27: 7 | B27: Pada sheet Acuan, hitung berapa kali tiap nilai huruf muncul di data. | C27: Sheet Acuan, kolom C (Jumlah Nilai), baris 2 sampai 8 | D27: =COUNTIF(Data!$E$2:$E$41;A2)
A28: 8 | B28: Pada sheet Acuan, hitung total SKS dari mata kuliah yang mendapat tiap nilai huruf. | C28: Sheet Acuan, kolom D (Total SKS), baris 2 sampai 8 | D28: =SUMIF(Data!$E$2:$E$41;A2;Data!$D$2:$D$41)
A29: 9 | B29: Berapa total SKS dan total mutu seluruh data, dan berapa IPK gabungannya (dibulatkan dua desimal)? | C29: Sheet Ringkasan, sel C4 sampai C6 | D29: =SUM(Data!$D$2:$D$41) =SUM(Data!$G$2:$G$41) =ROUND(C5/C4;2)
A30: 10 | B30: Siapa mahasiswa dengan IPK tertinggi, dan siapa yang IPK-nya terendah? | C30: Sheet Ringkasan, sel C7 sampai C8 | D30: =INDEX(Data!$A$2:$A$41;MATCH(MAX(Data!$J$2:$J$41);Data!$J$2:$J$41;0)) =INDEX(Data!$A$2:$A$41;MATCH(MIN(Data!$J$2:$J$41);Data!$J$2:$J$41;0))
A31: 11 | B31: Berapa IPS semester 2 milik Dimas Purnomo (hitung langsung dari data dengan SUMPRODUCT, dibulatkan dua desimal), dan berapa mata kuliah yang berstatus Mengulang? | C31: Sheet Ringkasan, sel C9 sampai C10 | D31: =ROUND(SUMPRODUCT((Data!$A$2:$A$41="Dimas Purnomo")*(Data!$B$2:$B$41=2)*Data!$G$2:$G$41)/SUMPRODUCT((Data!$A$2:$A$41="Dimas Purnomo")*(Data!$B$2:$B$41=2)*Data!$D$2:$D$41);2) =COUNTIF(Data!$H$2:$H$41;"Mengulang")
... A34: 14 | B34: Berapa rata-rata IPS semester 1 dan semester 2 dari seluruh data (dibulatkan dua desimal), dan berapa baris data milik mahasiswa berpredikat Pujian? | C34: Sheet Ringkasan, sel C17 sampai C19 | D34: =ROUND(AVERAGEIF(Data!$B$2:$B$41;1;Data!$I$2:$I$41);2) =ROUND(AVERAGEIF(Data!$B$2:$B$41;2;Data!$I$2:$I$41);2) =COUNTIF(Data!$K$2:$K$41;"Pujian")

Sheet Data
A1: Mahasiswa | B1: Semester | C1: Mata Kuliah | D1: SKS | E1: Nilai Huruf | F1: Bobot | G1: Mutu | H1: Status Mata Kuliah | I1: IPS Semester | J1: IPK | K1: Predikat | M1: Parameter | N1: Nilai | O1: Keterangan
A2: Citra Susanto | B2: 1 | C2: Pengantar Akuntansi | D2: 3 | E2: E | F2: =VLOOKUP(E2,Acuan!$A$2:$B$8,2,FALSE()) -> 0 | G2: =D2*F2 -> 0 | H2: =IF(F2>=$N$2,"Lulus","Mengulang") -> Mengulang | I2: =ROUND(SUMPRODUCT(($A$2:$A$41=A2)*($B$2:$B$41=B2)*$G$2:$G$41)/SUMPRODUCT(($A$2:$A$41=A2)*($B$2:$B$41=B2)*$D$2:$D$41),2) -> 1.18 | J2: =ROUND(SUMIF($A$2:$A$41,A2,$G$2:$G$41)/SUMIF($A$2:$A$41,A2,$D$2:$D$41),2) -> 1.52 | K2: =IF(J2>=$N$3,"Pujian",IF(J2>=$N$4,"Sangat Memuaskan","Memuaskan")) -> Memuaskan | M2: Bobot minimum lulus | N2: 2
A3: Citra Susanto | B3: 1 | C3: Matematika Ekonomi | D3: 3 | E3: D | F3: =VLOOKUP(E3,Acuan!$A$2:$B$8,2,FALSE()) -> 1 | G3: =D3*F3 -> 3 | H3: =IF(F3>=$N$2,"Lulus","Mengulang") -> Mengulang | I3: =ROUND(SUMPRODUCT(($A$2:$A$41=A3)*($B$2:$B$41=B3)*$G$2:$G$41)/SUMPRODUCT(($A$2:$A$41=A3)*($B$2:$B$41=B3)*$D$2:$D$41),2) -> 1.18 | J3: =ROUND(SUMIF($A$2:$A$41,A3,$G$2:$G$41)/SUMIF($A$2:$A$41,A3,$D$2:$D$41),2) -> 1.52 | K3: =IF(J3>=$N$3,"Pujian",IF(J3>=$N$4,"Sangat Memuaskan","Memuaskan")) -> Memuaskan | M3: Batas pujian | N3: 3.5 | O3: IPK minimal untuk predikat Pujian
A4: Citra Susanto | B4: 1 | C4: Bahasa Indonesia | D4: 2 | E4: C | F4: =VLOOKUP(E4,Acuan!$A$2:$B$8,2,FALSE()) -> 2 | G4: =D4*F4 -> 4 | H4: =IF(F4>=$N$2,"Lulus","Mengulang") -> Lulus | I4: =ROUND(SUMPRODUCT(($A$2:$A$41=A4)*($B$2:$B$41=B4)*$G$2:$G$41)/SUMPRODUCT(($A$2:$A$41=A4)*($B$2:$B$41=B4)*$D$2:$D$41),2) -> 1.18 | J4: =ROUND(SUMIF($A$2:$A$41,A4,$G$2:$G$41)/SUMIF($A$2:$A$41,A4,$D$2:$D$41),2) -> 1.52 | K4: =IF(J4>=$N$3,"Pujian",IF(J4>=$N$4,"Sangat Memuaskan","Memuaskan")) -> Memuaskan | M4: Batas sangat memuaskan | N4: 3 | O4: IPK minimal untuk predikat Sangat Memuaskan
A5: Citra Susanto | B5: 1 | C5: Pengantar Manajemen | D5: 3 | E5: C | F5: =VLOOKUP(E5,Acuan!$A$2:$B$8,2,FALSE()) -> 2 | G5: =D5*F5 -> 6 | H5: =IF(F5>=$N$2,"Lulus","Mengulang") -> Lulus | I5: =ROUND(SUMPRODUCT(($A$2:$A$41=A5)*($B$2:$B$41=B5)*$G$2:$G$41)/SUMPRODUCT(($A$2:$A$41=A5)*($B$2:$B$41=B5)*$D$2:$D$41),2) -> 1.18 | J5: =ROUND(SUMIF($A$2:$A$41,A5,$G$2:$G$41)/SUMIF($A$2:$A$41,A5,$D$2:$D$41),2) -> 1.52 | K5: =IF(J5>=$N$3,"Pujian",IF(J5>=$N$4,"Sangat Memuaskan","Memuaskan")) -> Memuaskan
A6: Citra Susanto | B6: 2 | C6: Statistika Dasar | D6: 3 | E6: C | F6: =VLOOKUP(E6,Acuan!$A$2:$B$8,2,FALSE()) -> 2 | G6: =D6*F6 -> 6 | H6: =IF(F6>=$N$2,"Lulus","Mengulang") -> Lulus | I6: =ROUND(SUMPRODUCT(($A$2:$A$41=A6)*($B$2:$B$41=B6)*$G$2:$G$41)/SUMPRODUCT(($A$2:$A$41=A6)*($B$2:$B$41=B6)*$D$2:$D$41),2) -> 1.83 | J6: =ROUND(SUMIF($A$2:$A$41,A6,$G$2:$G$41)/SUMIF($A$2:$A$41,A6,$D$2:$D$41),2) -> 1.52 | K6: =IF(J6>=$N$3,"Pujian",IF(J6>=$N$4,"Sangat Memuaskan","Memuaskan")) -> Memuaskan
A7: Citra Susanto | B7: 2 | C7: Akuntansi Biaya | D7: 4 | E7: C | F7: =VLOOKUP(E7,Acuan!$A$2:$B$8,2,FALSE()) -> 2 | G7: =D7*F7 -> 8 | H7: =IF(F7>=$N$2,"Lulus","Mengulang") -> Lulus | I7: =ROUND(SUMPRODUCT(($A$2:$A$41=A7)*($B$2:$B$41=B7)*$G$2:$G$41)/SUMPRODUCT(($A$2:$A$41=A7)*($B$2:$B$41=B7)*$D$2:$D$41),2) -> 1.83 | J7: =ROUND(SUMIF($A$2:$A$41,A7,$G$2:$G$41)/SUMIF($A$2:$A$41,A7,$D$2:$D$41),2) -> 1.52 | K7: =IF(J7>=$N$3,"Pujian",IF(J7>=$N$4,"Sangat Memuaskan","Memuaskan")) -> Memuaskan
A8: Citra Susanto | B8: 2 | C8: Ekonomi Mikro | D8: 3 | E8: C | F8: =VLOOKUP(E8,Acuan!$A$2:$B$8,2,FALSE()) -> 2 | G8: =D8*F8 -> 6 | H8: =IF(F8>=$N$2,"Lulus","Mengulang") -> Lulus | I8: =ROUND(SUMPRODUCT(($A$2:$A$41=A8)*($B$2:$B$41=B8)*$G$2:$G$41)/SUMPRODUCT(($A$2:$A$41=A8)*($B$2:$B$41=B8)*$D$2:$D$41),2) -> 1.83 | J8: =ROUND(SUMIF($A$2:$A$41,A8,$G$2:$G$41)/SUMIF($A$2:$A$41,A8,$D$2:$D$41),2) -> 1.52 | K8: =IF(J8>=$N$3,"Pujian",IF(J8>=$N$4,"Sangat Memuaskan","Memuaskan")) -> Memuaskan
A9: Citra Susanto | B9: 2 | C9: Hukum Bisnis | D9: 2 | E9: D | F9: =VLOOKUP(E9,Acuan!$A$2:$B$8,2,FALSE()) -> 1 | G9: =D9*F9 -> 2 | H9: =IF(F9>=$N$2,"Lulus","Mengulang") -> Mengulang | I9: =ROUND(SUMPRODUCT(($A$2:$A$41=A9)*($B$2:$B$41=B9)*$G$2:$G$41)/SUMPRODUCT(($A$2:$A$41=A9)*($B$2:$B$41=B9)*$D$2:$D$41),2) -> 1.83 | J9: =ROUND(SUMIF($A$2:$A$41,A9,$G$2:$G$41)/SUMIF($A$2:$A$41,A9,$D$2:$D$41),2) -> 1.52 | K9: =IF(J9>=$N$3,"Pujian",IF(J9>=$N$4,"Sangat Memuaskan","Memuaskan")) -> Memuaskan
A10: Citra Pangestu | B10: 1 | C10: Pengantar Akuntansi | D10: 3 | E10: B | F10: =VLOOKUP(E10,Acuan!$A$2:$B$8,2,FALSE()) -> 3 | G10: =D10*F10 -> 9 | H10: =IF(F10>=$N$2,"Lulus","Mengulang") -> Lulus | I10: =ROUND(SUMPRODUCT(($A$2:$A$41=A10)*($B$2:$B$41=B10)*$G$2:$G$41)/SUMPRODUCT(($A$2:$A$41=A10)*($B$2:$B$41=B10)*$D$2:$D$41),2) -> 3.5 | J10: =ROUND(SUMIF($A$2:$A$41,A10,$G$2:$G$41)/SUMIF($A$2:$A$41,A10,$D$2:$D$41),2) -> 3.35 | K10: =IF(J10>=$N$3,"Pujian",IF(J10>=$N$4,"Sangat Memuaskan","Memuaskan")) -> Sangat Memuaskan
A11: Citra Pangestu | B11: 1 | C11: Matematika Ekonomi | D11: 3 | E11: AB | F11: =VLOOKUP(E11,Acuan!$A$2:$B$8,2,FALSE()) -> 3.5 | G11: =D11*F11 -> 10.5 | H11: =IF(F11>=$N$2,"Lulus","Mengulang") -> Lulus | I11: =ROUND(SUMPRODUCT(($A$2:$A$41=A11)*($B$2:$B$41=B11)*$G$2:$G$41)/SUMPRODUCT(($A$2:$A$41=A11)*($B$2:$B$41=B11)*$D$2:$D$41),2) -> 3.5 | J11: =ROUND(SUMIF($A$2:$A$41,A11,$G$2:$G$41)/SUMIF($A$2:$A$41,A11,$D$2:$D$41),2) -> 3.35 | K11: =IF(J11>=$N$3,"Pujian",IF(J11>=$N$4,"Sangat Memuaskan","Memuaskan")) -> Sangat Memuaskan
A12: Citra Pangestu | B12: 1 | C12: Bahasa Indonesia | D12: 2 | E12: AB | F12: =VLOOKUP(E12,Acuan!$A$2:$B$8,2,FALSE()) -> 3.5 | G12: =D12*F12 -> 7 | H12: =IF(F12>=$N$2,"Lulus","Mengulang") -> Lulus | I12: =ROUND(SUMPRODUCT(($A$2:$A$41=A12)*($B$2:$B$41=B12)*$G$2:$G$41)/SUMPRODUCT(($A$2:$A$41=A12)*($B$2:$B$41=B12)*$D$2:$D$41),2) -> 3.5 | J12: =ROUND(SUMIF($A$2:$A$41,A12,$G$2:$G$41)/SUMIF($A$2:$A$41,A12,$D$2:$D$41),2) -> 3.35 | K12: =IF(J12>=$N$3,"Pujian",IF(J12>=$N$4,"Sangat Memuaskan","Memuaskan")) -> Sangat Memuaskan
A13: Citra Pangestu | B13: 1 | C13: Pengantar Manajemen | D13: 3 | E13: A | F13: =VLOOKUP(E13,Acuan!$A$2:$B$8,2,FALSE()) -> 4 | G13: =D13*F13 -> 12 | H13: =IF(F13>=$N$2,"Lulus","Mengulang") -> Lulus | I13: =ROUND(SUMPRODUCT(($A$2:$A$41=A13)*($B$2:$B$41=B13)*$G$2:$G$41)/SUMPRODUCT(($A$2:$A$41=A13)*($B$2:$B$41=B13)*$D$2:$D$41),2) -> 3.5 | J13: =ROUND(SUMIF($A$2:$A$41,A13,$G$2:$G$41)/SUMIF($A$2:$A$41,A13,$D$2:$D$41),2) -> 3.35 | K13: =IF(J13>=$N$3,"Pujian",IF(J13>=$N$4,"Sangat Memuaskan","Memuaskan")) -> Sangat Memuaskan
A14: Citra Pangestu | B14: 2 | C14: Statistika Dasar | D14: 3 | E14: AB | F14: =VLOOKUP(E14,Acuan!$A$2:$B$8,2,FALSE()) -> 3.5 | G14: =D14*F14 -> 10.5 | H14: =IF(F14>=$N$2,"Lulus","Mengulang") -> Lulus | I14: =ROUND(SUMPRODUCT(($A$2:$A$41=A14)*($B$2:$B$41=B14)*$G$2:$G$41)/SUMPRODUCT(($A$2:$A$41=A14)*($B$2:$B$41=B14)*$D$2:$D$41),2) -> 3.21 | J14: =ROUND(SUMIF($A$2:$A$41,A14,$G$2:$G$41)/SUMIF($A$2:$A$41,A14,$D$2:$D$41),2) -> 3.35 | K14: =IF(J14>=$N$3,"Pujian",IF(J14>=$N$4,"Sangat Memuaskan","Memuaskan")) -> Sangat Memuaskan
A15: Citra Pangestu | B15: 2 | C15: Akuntansi Biaya | D15: 4 | E15: B | F15: =VLOOKUP(E15,Acuan!$A$2:$B$8,2,FALSE()) -> 3 | G15: =D15*F15 -> 12 | H15: =IF(F15>=$N$2,"Lulus","Mengulang") -> Lulus | I15: =ROUND(SUMPRODUCT(($A$2:$A$41=A15)*($B$2:$B$41=B15)*$G$2:$G$41)/SUMPRODUCT(($A$2:$A$41=A15)*($B$2:$B$41=B15)*$D$2:$D$41),2) -> 3.21 | J15: =ROUND(SUMIF($A$2:$A$41,A15,$G$2:$G$41)/SUMIF($A$2:$A$41,A15,$D$2:$D$41),2) -> 3.35 | K15: =IF(J15>=$N$3,"Pujian",IF(J15>=$N$4,"Sangat Memuaskan","Memuaskan")) -> Sangat Memuaskan
A16: Citra Pangestu | B16: 2 | C16: Ekonomi Mikro | D16: 3 | E16: B | F16: =VLOOKUP(E16,Acuan!$A$2:$B$8,2,FALSE()) -> 3 | G16: =D16*F16 -> 9 | H16: =IF(F16>=$N$2,"Lulus","Mengulang") -> Lulus | I16: =ROUND(SUMPRODUCT(($A$2:$A$41=A16)*($B$2:$B$41=B16)*$G$2:$G$41)/SUMPRODUCT(($A$2:$A$41=A16)*($B$2:$B$41=B16)*$D$2:$D$41),2) -> 3.21 | J16: =ROUND(SUMIF($A$2:$A$41,A16,$G$2:$G$41)/SUMIF($A$2:$A$41,A16,$D$2:$D$41),2) -> 3.35 | K16: =IF(J16>=$N$3,"Pujian",IF(J16>=$N$4,"Sangat Memuaskan","Memuaskan")) -> Sangat Memuaskan
... A41: Gita Purnomo | B41: 2 | C41: Hukum Bisnis | D41: 2 | E41: A | F41: =VLOOKUP(E41,Acuan!$A$2:$B$8,2,FALSE()) -> 4 | G41: =D41*F41 -> 8 | H41: =IF(F41>=$N$2,"Lulus","Mengulang") -> Lulus | I41: =ROUND(SUMPRODUCT(($A$2:$A$41=A41)*($B$2:$B$41=B41)*$G$2:$G$41)/SUMPRODUCT(($A$2:$A$41=A41)*($B$2:$B$41=B41)*$D$2:$D$41),2) -> 3.71 | J41: =ROUND(SUMIF($A$2:$A$41,A41,$G$2:$G$41)/SUMIF($A$2:$A$41,A41,$D$2:$D$41),2) -> 3.74 | K41: =IF(J41>=$N$3,"Pujian",IF(J41>=$N$4,"Sangat Memuaskan","Memuaskan")) -> Pujian

Sheet Acuan
A1: Nilai Huruf | B1: Bobot | C1: Jumlah Nilai | D1: Total SKS
A2: A | B2: 4 | C2: =COUNTIF(Data!$E$2:$E$41,A2) -> 8 | D2: =SUMIF(Data!$E$2:$E$41,A2,Data!$D$2:$D$41) -> 23
A3: AB | B3: 3.5 | C3: =COUNTIF(Data!$E$2:$E$41,A3) -> 11 | D3: =SUMIF(Data!$E$2:$E$41,A3,Data!$D$2:$D$41) -> 30
A4: B | B4: 3 | C4: =COUNTIF(Data!$E$2:$E$41,A4) -> 9 | D4: =SUMIF(Data!$E$2:$E$41,A4,Data!$D$2:$D$41) -> 30
A5: BC | B5: 2.5 | C5: =COUNTIF(Data!$E$2:$E$41,A5) -> 2 | D5: =SUMIF(Data!$E$2:$E$41,A5,Data!$D$2:$D$41) -> 5
A6: C | B6: 2 | C6: =COUNTIF(Data!$E$2:$E$41,A6) -> 7 | D6: =SUMIF(Data!$E$2:$E$41,A6,Data!$D$2:$D$41) -> 19
A7: D | B7: 1 | C7: =COUNTIF(Data!$E$2:$E$41,A7) -> 2 | D7: =SUMIF(Data!$E$2:$E$41,A7,Data!$D$2:$D$41) -> 5
A8: E | B8: 0 | C8: =COUNTIF(Data!$E$2:$E$41,A8) -> 1 | D8: =SUMIF(Data!$E$2:$E$41,A8,Data!$D$2:$D$41) -> 3

Sheet Ringkasan
A1: Ringkasan: lembar jawaban soal berjenis ringkasan
A2: Sel hijau berisi rumus kunci.
A3: No | B3: Pertanyaan | C3: Jawaban | D3: Contoh format hasil
A4: 9a | B4: Total SKS | C4: =SUM(Data!$D$2:$D$41) -> 115 | D4: Angka bulat, mis. 200
A5: 9b | B5: Total mutu | C5: =SUM(Data!$G$2:$G$41) -> 342.5 | D5: Angka desimal, mis. 500
A6: 9c | B6: IPK gabungan | C6: =ROUND(C5/C4,2) -> 2.98 | D6: Angka desimal, mis. 2,95
A7: 10a | B7: Mahasiswa IPK tertinggi | C7: =INDEX(Data!$A$2:$A$41,MATCH(MAX(Data!$J$2:$J$41),Data!$J$2:$J$41,0)) -> Gita Purnomo | D7: Teks: nama mahasiswa
A8: 10b | B8: Mahasiswa IPK terendah | C8: =INDEX(Data!$A$2:$A$41,MATCH(MIN(Data!$J$2:$J$41),Data!$J$2:$J$41,0)) -> Citra Susanto | D8: Teks: nama mahasiswa
A9: 11a | B9: IPS semester 2 Dimas Purnomo | C9: =ROUND(SUMPRODUCT((Data!$A$2:$A$41="Dimas Purnomo")*(Data!$B$2:$B$41=2)*Data!$G$2:$G$41)/SUMPRODUCT((Data!$A$2:$A$41="Dimas Purnomo")*(Data!$B$2:$B$41=2)*Data!$D$2:$D$41),2) -> 2.71 | D9: Angka desimal, mis. 3,10
A10: 11b | B10: Mata kuliah Mengulang | C10: =COUNTIF(Data!$H$2:$H$41,"Mengulang") -> 3 | D10: Angka bulat, mis. 5
A11: 12a | B11: IPS tertinggi | C11: =MAX(Data!$I$2:$I$41) -> 3.77 | D11: Angka desimal, mis. 3,80
A12: 12b | B12: Pemilik IPS tertinggi | C12: =INDEX(Data!$A$2:$A$41,MATCH(C11,Data!$I$2:$I$41,0)) -> Gita Purnomo | D12: Teks: nama mahasiswa
A13: 12c | B13: Semester IPS tertinggi | C13: =INDEX(Data!$B$2:$B$41,MATCH(C11,Data!$I$2:$I$41,0)) -> 1 | D13: Angka bulat, nomor semester
A14: 13a | B14: Nilai A pada semester 1 | C14: =COUNTIFS(Data!$B$2:$B$41,1,Data!$E$2:$E$41,"A") -> 4 | D14: Angka bulat, mis. 6
A15: 13b | B15: Total SKS yang harus diulang | C15: =SUMIF(Data!$H$2:$H$41,"Mengulang",Data!$D$2:$D$41) -> 8 | D15: Angka bulat, mis. 7
A16: 13c | B16: Rata-rata bobot Statistika Dasar | C16: =AVERAGEIF(Data!$C$2:$C$41,"Statistika Dasar",Data!$F$2:$F$41) -> 3.2 | D16: Angka desimal, mis. 2,75
A17: 14a | B17: Rata-rata IPS semester 1 | C17: =ROUND(AVERAGEIF(Data!$B$2:$B$41,1,Data!$I$2:$I$41),2) -> 3 | D17: Angka desimal, mis. 3,05
A18: 14b | B18: Rata-rata IPS semester 2 | C18: =ROUND(AVERAGEIF(Data!$B$2:$B$41,2,Data!$I$2:$I$41),2) -> 2.96 | D18: Angka desimal, mis. 2,90
A19: 14c | B19: Baris mahasiswa berpredikat Pujian | C19: =COUNTIF(Data!$K$2:$K$41,"Pujian") -> 8 | D19: Angka bulat, mis. 16
