Workbook

Sheet Petunjuk
A1: Kunci Jawaban: Seleksi Penerima Beasiswa dan Peringkat Skor
A2: Latihan 78 dari 40 | Tingkat: Menengah | Perkiraan waktu: 50 menit | pushexcel.github.io/Pushexcel
A4: Skenario
A5: Kamu panitia seleksi Beasiswa Cendekia Nusantara yang menilai 32 pendaftar. Skor dasar dihitung dari tiga nilai dengan bobot: tes 50 persen, wawancara 30 persen, dan rapor 20 persen. Setiap jalur pendaftaran mendapat bonus nilai yang tercantum di sheet Acuan. Skor akhir adalah skor dasar ditambah bonus jalur. Pendaftar diurutkan dengan RANK dari skor akhir tertinggi. Status Lolos bila skor akhir mencapai nilai minimum dan peringkatnya masuk kuota, Cadangan bila skor mencapai minimum tetapi peringkat di luar kuota, dan Tidak Lolos bila skor di bawah minimum (kuota, nilai minimum, dan bobot ada di blok Parameter).
A7: Cara memakai kunci
A8: 1. | B8: Sel hijau berisi rumus kunci yang sudah dihitung. Klik sel untuk melihat rumusnya.
A9: 2. | B9: Kolom Rumus kunci di bawah menampilkan rumus untuk baris pertama atau tiap sel jawaban.
A10: 3. | B10: Rumus ditulis dengan titik koma (;). Ganti dengan koma (,) bila Excel kamu berbahasa Inggris.
A11: 4. | B11: Jawaban lain yang benar secara logika juga boleh, selama hasilnya sama.
A13: Arti warna
B14: Judul kolom data yang sudah diberikan
B15: Judul kolom hasil hitung
B16: Sel berisi rumus kunci
B17: Angka berwarna biru pada blok Parameter = nilai tetap yang boleh dirujuk
A19: Daftar soal
A20: No | B20: Soal | C20: Jawab di | D20: Rumus kunci
A21: 1 | B21: Hitung skor dasar: tiap nilai dikali bobotnya, lalu dijumlahkan. Bulatkan 2 desimal. | C21: Sheet Data, kolom F (Skor Dasar), baris 2 sampai 33 | D21: =ROUND(C2*$M$2+D2*$M$3+E2*$M$4;2)
A22: 2 | B22: Ambil bonus nilai tiap pendaftar dari tabel jalur di sheet Acuan. | C22: Sheet Data, kolom G (Bonus Jalur), baris 2 sampai 33 | D22: =VLOOKUP(B2;Acuan!$A$2:$B$4;2;FALSE)
A23: 3 | B23: Hitung skor akhir: skor dasar ditambah bonus jalur. | C23: Sheet Data, kolom H (Skor Akhir), baris 2 sampai 33 | D23: =F2+G2
A24: 4 | B24: Tentukan peringkat tiap pendaftar berdasarkan skor akhir, dari yang tertinggi (peringkat 1). | C24: Sheet Data, kolom I (Peringkat), baris 2 sampai 33 | D24: =RANK(H2;$H$2:$H$33;0)
A25: 5 | B25: Beri status Tidak Lolos bila skor akhir di bawah nilai minimum, Lolos bila peringkat sampai kuota, selain itu Cadangan. | C25: Sheet Data, kolom J (Status Seleksi), baris 2 sampai 33 | D25: =IF(H2<$M$5;"Tidak Lolos";IF(I2<=$M$6;"Lolos";"Cadangan"))
A26: 6 | B26: Pada sheet Acuan, hitung jumlah pendaftar tiap jalur. | C26: Sheet Acuan, kolom C (Jumlah Pendaftar), baris 2 sampai 4 | D26: =COUNTIF(Data!$B$2:$B$33;A2)
A27: 7 | B27: Pada sheet Acuan, hitung jumlah pendaftar berstatus Lolos tiap jalur. | C27: Sheet Acuan, kolom D (Jumlah Lolos), baris 2 sampai 4 | D27: =COUNTIFS(Data!$B$2:$B$33;A2;Data!$J$2:$J$33;"Lolos")
A28: 8 | B28: Pada sheet Acuan, hitung rata-rata skor akhir tiap jalur. | C28: Sheet Acuan, kolom E (Rata-rata Skor Akhir), baris 2 sampai 4 | D28: =AVERAGEIF(Data!$B$2:$B$33;A2;Data!$H$2:$H$33)
A29: 9 | B29: Berapa pendaftar yang Lolos, Cadangan, dan Tidak Lolos? | C29: Sheet Ringkasan, sel C4 sampai C6 | D29: =COUNTIF(Data!$J$2:$J$33;"Lolos") =COUNTIF(Data!$J$2:$J$33;"Cadangan") =COUNTIF(Data!$J$2:$J$33;"Tidak Lolos")
A30: 10 | B30: Siapa pendaftar dengan skor akhir tertinggi, dan jalur mana yang rata-rata skor akhirnya tertinggi? | C30: Sheet Ringkasan, sel C7 sampai C8 | D30: =INDEX(Data!$A$2:$A$33;MATCH(MAX(Data!$H$2:$H$33);Data!$H$2:$H$33;0)) =INDEX(Acuan!$A$2:$A$4;MATCH(MAX(Acuan!$E$2:$E$4);Acuan!$E$2:$E$4;0))
A31: 11 | B31: Siapa pendaftar yang berada di peringkat 10 (peringkat terakhir yang Lolos), dan berapa skor akhir peringkat itu? | C31: Sheet Ringkasan, sel C9 sampai C10 | D31: =INDEX(Data!$A$2:$A$33;MATCH(10;Data!$I$2:$I$33;0)) =INDEX(Data!$H$2:$H$33;MATCH(10;Data!$I$2:$I$33;0))
... A33: 13 | B33: Berapa nilai tes tertinggi, dan berapa pendaftar jalur Daerah Terpencil yang berstatus Lolos atau Cadangan? | C33: Sheet Ringkasan, sel C13 sampai C14 | D33: =MAX(Data!$C$2:$C$33) =COUNTIFS(Data!$B$2:$B$33;"Daerah Terpencil";Data!$J$2:$J$33;"Lolos")+COUNTIFS(Data!$B$2:$B$33;"Daerah Terpencil";Data!$J$2:$J$33;"Cadangan")

Sheet Data
A1: Nama Pendaftar | B1: Jalur | C1: Nilai Tes | D1: Nilai Wawancara | E1: Nilai Rapor | F1: Skor Dasar | G1: Bonus Jalur | H1: Skor Akhir | I1: Peringkat | J1: Status Seleksi | L1: Parameter | M1: Nilai | N1: Keterangan
A2: Indah Purnomo | B2: Daerah Terpencil | C2: 85 | D2: 72 | E2: 66 | F2: =ROUND(C2*$M$2+D2*$M$3+E2*$M$4,2) -> 77.3 | G2: =VLOOKUP(B2,Acuan!$A$2:$B$4,2,FALSE()) -> 3 | H2: =F2+G2 -> 80.3 | I2: =RANK(H2,$H$2:$H$33,0) -> 11 | J2: =IF(H2<$M$5,"Tidak Lolos",IF(I2<=$M$6,"Lolos","Cadangan")) -> Cadangan | L2: Bobot tes | M2: 0.5
A3: Lina Yulianto | B3: Daerah Terpencil | C3: 76 | D3: 79 | E3: 71 | F3: =ROUND(C3*$M$2+D3*$M$3+E3*$M$4,2) -> 75.9 | G3: =VLOOKUP(B3,Acuan!$A$2:$B$4,2,FALSE()) -> 3 | H3: =F3+G3 -> 78.9 | I3: =RANK(H3,$H$2:$H$33,0) -> 13 | J3: =IF(H3<$M$5,"Tidak Lolos",IF(I3<=$M$6,"Lolos","Cadangan")) -> Cadangan | L3: Bobot wawancara | M3: 0.3
A4: Jihan Setiawan | B4: Prestasi | C4: 52 | D4: 65 | E4: 65 | F4: =ROUND(C4*$M$2+D4*$M$3+E4*$M$4,2) -> 58.5 | G4: =VLOOKUP(B4,Acuan!$A$2:$B$4,2,FALSE()) -> 2 | H4: =F4+G4 -> 60.5 | I4: =RANK(H4,$H$2:$H$33,0) -> 31 | J4: =IF(H4<$M$5,"Tidak Lolos",IF(I4<=$M$6,"Lolos","Cadangan")) -> Tidak Lolos | L4: Bobot rapor | M4: 0.2
A5: Vivi Lestari | B5: Prestasi | C5: 65 | D5: 77 | E5: 68 | F5: =ROUND(C5*$M$2+D5*$M$3+E5*$M$4,2) -> 69.2 | G5: =VLOOKUP(B5,Acuan!$A$2:$B$4,2,FALSE()) -> 2 | H5: =F5+G5 -> 71.2 | I5: =RANK(H5,$H$2:$H$33,0) -> 24 | J5: =IF(H5<$M$5,"Tidak Lolos",IF(I5<=$M$6,"Lolos","Cadangan")) -> Tidak Lolos | L5: Nilai minimum | M5: 75 | N5: Skor akhir di bawah nilai ini = Tidak Lolos
A6: Yuni Ramadhan | B6: Reguler | C6: 85 | D6: 87 | E6: 89 | F6: =ROUND(C6*$M$2+D6*$M$3+E6*$M$4,2) -> 86.4 | G6: =VLOOKUP(B6,Acuan!$A$2:$B$4,2,FALSE()) -> 0 | H6: =F6+G6 -> 86.4 | I6: =RANK(H6,$H$2:$H$33,0) -> 3 | J6: =IF(H6<$M$5,"Tidak Lolos",IF(I6<=$M$6,"Lolos","Cadangan")) -> Lolos | L6: Kuota penerima | M6: 10 | N6: Jumlah penerima beasiswa
A7: Vina Pratama | B7: Daerah Terpencil | C7: 66 | D7: 64 | E7: 76 | F7: =ROUND(C7*$M$2+D7*$M$3+E7*$M$4,2) -> 67.4 | G7: =VLOOKUP(B7,Acuan!$A$2:$B$4,2,FALSE()) -> 3 | H7: =F7+G7 -> 70.4 | I7: =RANK(H7,$H$2:$H$33,0) -> 25 | J7: =IF(H7<$M$5,"Tidak Lolos",IF(I7<=$M$6,"Lolos","Cadangan")) -> Tidak Lolos
A8: Zainal Wijaya | B8: Daerah Terpencil | C8: 74 | D8: 67 | E8: 78 | F8: =ROUND(C8*$M$2+D8*$M$3+E8*$M$4,2) -> 72.7 | G8: =VLOOKUP(B8,Acuan!$A$2:$B$4,2,FALSE()) -> 3 | H8: =F8+G8 -> 75.7 | I8: =RANK(H8,$H$2:$H$33,0) -> 18 | J8: =IF(H8<$M$5,"Tidak Lolos",IF(I8<=$M$6,"Lolos","Cadangan")) -> Cadangan
A9: Hadi Nugroho | B9: Prestasi | C9: 84 | D9: 78 | E9: 84 | F9: =ROUND(C9*$M$2+D9*$M$3+E9*$M$4,2) -> 82.2 | G9: =VLOOKUP(B9,Acuan!$A$2:$B$4,2,FALSE()) -> 2 | H9: =F9+G9 -> 84.2 | I9: =RANK(H9,$H$2:$H$33,0) -> 7 | J9: =IF(H9<$M$5,"Tidak Lolos",IF(I9<=$M$6,"Lolos","Cadangan")) -> Lolos
A10: Kartika Kurniawan | B10: Reguler | C10: 70 | D10: 75 | E10: 56 | F10: =ROUND(C10*$M$2+D10*$M$3+E10*$M$4,2) -> 68.7 | G10: =VLOOKUP(B10,Acuan!$A$2:$B$4,2,FALSE()) -> 0 | H10: =F10+G10 -> 68.7 | I10: =RANK(H10,$H$2:$H$33,0) -> 26 | J10: =IF(H10<$M$5,"Tidak Lolos",IF(I10<=$M$6,"Lolos","Cadangan")) -> Tidak Lolos
A11: Budi Maharani | B11: Prestasi | C11: 91 | D11: 92 | E11: 83 | F11: =ROUND(C11*$M$2+D11*$M$3+E11*$M$4,2) -> 89.7 | G11: =VLOOKUP(B11,Acuan!$A$2:$B$4,2,FALSE()) -> 2 | H11: =F11+G11 -> 91.7 | I11: =RANK(H11,$H$2:$H$33,0) -> 2 | J11: =IF(H11<$M$5,"Tidak Lolos",IF(I11<=$M$6,"Lolos","Cadangan")) -> Lolos
A12: Dimas Pratama | B12: Daerah Terpencil | C12: 70 | D12: 51 | E12: 59 | F12: =ROUND(C12*$M$2+D12*$M$3+E12*$M$4,2) -> 62.1 | G12: =VLOOKUP(B12,Acuan!$A$2:$B$4,2,FALSE()) -> 3 | H12: =F12+G12 -> 65.1 | I12: =RANK(H12,$H$2:$H$33,0) -> 29 | J12: =IF(H12<$M$5,"Tidak Lolos",IF(I12<=$M$6,"Lolos","Cadangan")) -> Tidak Lolos
A13: Vivi Saputra | B13: Reguler | C13: 76 | D13: 89 | E13: 88 | F13: =ROUND(C13*$M$2+D13*$M$3+E13*$M$4,2) -> 82.3 | G13: =VLOOKUP(B13,Acuan!$A$2:$B$4,2,FALSE()) -> 0 | H13: =F13+G13 -> 82.3 | I13: =RANK(H13,$H$2:$H$33,0) -> 9 | J13: =IF(H13<$M$5,"Tidak Lolos",IF(I13<=$M$6,"Lolos","Cadangan")) -> Lolos
A14: Agus Handayani | B14: Reguler | C14: 79 | D14: 75 | E14: 93 | F14: =ROUND(C14*$M$2+D14*$M$3+E14*$M$4,2) -> 80.6 | G14: =VLOOKUP(B14,Acuan!$A$2:$B$4,2,FALSE()) -> 0 | H14: =F14+G14 -> 80.6 | I14: =RANK(H14,$H$2:$H$33,0) -> 10 | J14: =IF(H14<$M$5,"Tidak Lolos",IF(I14<=$M$6,"Lolos","Cadangan")) -> Lolos
A15: Fajar Purnomo | B15: Prestasi | C15: 60 | D15: 81 | E15: 83 | F15: =ROUND(C15*$M$2+D15*$M$3+E15*$M$4,2) -> 70.9 | G15: =VLOOKUP(B15,Acuan!$A$2:$B$4,2,FALSE()) -> 2 | H15: =F15+G15 -> 72.9 | I15: =RANK(H15,$H$2:$H$33,0) -> 21 | J15: =IF(H15<$M$5,"Tidak Lolos",IF(I15<=$M$6,"Lolos","Cadangan")) -> Tidak Lolos
A16: Tono Saputra | B16: Prestasi | C16: 78 | D16: 59 | E16: 63 | F16: =ROUND(C16*$M$2+D16*$M$3+E16*$M$4,2) -> 69.3 | G16: =VLOOKUP(B16,Acuan!$A$2:$B$4,2,FALSE()) -> 2 | H16: =F16+G16 -> 71.3 | I16: =RANK(H16,$H$2:$H$33,0) -> 23 | J16: =IF(H16<$M$5,"Tidak Lolos",IF(I16<=$M$6,"Lolos","Cadangan")) -> Tidak Lolos
A17: Lestari Wibowo | B17: Daerah Terpencil | C17: 64 | D17: 56 | E17: 55 | F17: =ROUND(C17*$M$2+D17*$M$3+E17*$M$4,2) -> 59.8 | G17: =VLOOKUP(B17,Acuan!$A$2:$B$4,2,FALSE()) -> 3 | H17: =F17+G17 -> 62.8 | I17: =RANK(H17,$H$2:$H$33,0) -> 30 | J17: =IF(H17<$M$5,"Tidak Lolos",IF(I17<=$M$6,"Lolos","Cadangan")) -> Tidak Lolos
A18: Zainal Fauzi | B18: Prestasi | C18: 74 | D18: 64 | E18: 72 | F18: =ROUND(C18*$M$2+D18*$M$3+E18*$M$4,2) -> 70.6 | G18: =VLOOKUP(B18,Acuan!$A$2:$B$4,2,FALSE()) -> 2 | H18: =F18+G18 -> 72.6 | I18: =RANK(H18,$H$2:$H$33,0) -> 22 | J18: =IF(H18<$M$5,"Tidak Lolos",IF(I18<=$M$6,"Lolos","Cadangan")) -> Tidak Lolos
... A33: Fajar Hidayat | B33: Reguler | C33: 89 | D33: 77 | E33: 86 | F33: =ROUND(C33*$M$2+D33*$M$3+E33*$M$4,2) -> 84.8 | G33: =VLOOKUP(B33,Acuan!$A$2:$B$4,2,FALSE()) -> 0 | H33: =F33+G33 -> 84.8 | I33: =RANK(H33,$H$2:$H$33,0) -> 6 | J33: =IF(H33<$M$5,"Tidak Lolos",IF(I33<=$M$6,"Lolos","Cadangan")) -> Lolos

Sheet Acuan
A1: Jalur | B1: Bonus Nilai | C1: Jumlah Pendaftar | D1: Jumlah Lolos | E1: Rata-rata Skor Akhir
A2: Reguler | B2: 0 | C2: =COUNTIF(Data!$B$2:$B$33,A2) -> 11 | D2: =COUNTIFS(Data!$B$2:$B$33,A2,Data!$J$2:$J$33,"Lolos") -> 5 | E2: =AVERAGEIF(Data!$B$2:$B$33,A2,Data!$H$2:$H$33) -> 75.890909
A3: Prestasi | B3: 2 | C3: =COUNTIF(Data!$B$2:$B$33,A3) -> 10 | D3: =COUNTIFS(Data!$B$2:$B$33,A3,Data!$J$2:$J$33,"Lolos") -> 2 | E3: =AVERAGEIF(Data!$B$2:$B$33,A3,Data!$H$2:$H$33) -> 76.03
A4: Daerah Terpencil | B4: 3 | C4: =COUNTIF(Data!$B$2:$B$33,A4) -> 11 | D4: =COUNTIFS(Data!$B$2:$B$33,A4,Data!$J$2:$J$33,"Lolos") -> 3 | E4: =AVERAGEIF(Data!$B$2:$B$33,A4,Data!$H$2:$H$33) -> 77.5

Sheet Ringkasan
A1: Ringkasan: lembar jawaban soal berjenis ringkasan
A2: Sel hijau berisi rumus kunci.
A3: No | B3: Pertanyaan | C3: Jawaban | D3: Contoh format hasil
A4: 9a | B4: Pendaftar Lolos | C4: =COUNTIF(Data!$J$2:$J$33,"Lolos") -> 10 | D4: Angka bulat, mis. 8
A5: 9b | B5: Pendaftar Cadangan | C5: =COUNTIF(Data!$J$2:$J$33,"Cadangan") -> 9 | D5: Angka bulat, mis. 7
A6: 9c | B6: Pendaftar Tidak Lolos | C6: =COUNTIF(Data!$J$2:$J$33,"Tidak Lolos") -> 13 | D6: Angka bulat, mis. 12
A7: 10a | B7: Pendaftar dengan skor akhir tertinggi | C7: =INDEX(Data!$A$2:$A$33,MATCH(MAX(Data!$H$2:$H$33),Data!$H$2:$H$33,0)) -> Jihan Firmansyah | D7: Teks: nama pendaftar
A8: 10b | B8: Jalur dengan rata-rata skor tertinggi | C8: =INDEX(Acuan!$A$2:$A$4,MATCH(MAX(Acuan!$E$2:$E$4),Acuan!$E$2:$E$4,0)) -> Daerah Terpencil | D8: Teks: nama jalur
A9: 11a | B9: Pendaftar di peringkat 10 | C9: =INDEX(Data!$A$2:$A$33,MATCH(10,Data!$I$2:$I$33,0)) -> Agus Handayani | D9: Teks: nama pendaftar
A10: 11b | B10: Skor akhir peringkat 10 | C10: =INDEX(Data!$H$2:$H$33,MATCH(10,Data!$I$2:$I$33,0)) -> 80.6 | D10: Angka desimal, mis. 82,45
A11: 12a | B11: Rata-rata nilai tes | C11: =AVERAGE(Data!$C$2:$C$33) -> 75.625 | D11: Angka desimal, mis. 74,50
A12: 12b | B12: Rata-rata nilai wawancara jalur Prestasi | C12: =AVERAGEIF(Data!$B$2:$B$33,"Prestasi",Data!$D$2:$D$33) -> 73.8 | D12: Angka desimal, mis. 77,25
A13: 13a | B13: Nilai tes tertinggi | C13: =MAX(Data!$C$2:$C$33) -> 100 | D13: Angka bulat, mis. 95
A14: 13b | B14: Jalur Daerah Terpencil Lolos atau Cadangan | C14: =COUNTIFS(Data!$B$2:$B$33,"Daerah Terpencil",Data!$J$2:$J$33,"Lolos")+COUNTIFS(Data!$B$2:$B$33,"Daerah Terpencil",Data!$J$2:$J$33,"Cadangan") -> 8 | D14: Angka bulat, mis. 6
