Workbook

Sheet Petunjuk
A1: Kunci Jawaban: Pesanan Katering, DP, dan Sisa Pembayaran
A2: Latihan 31 dari 56 | Tingkat: Menengah | Perkiraan waktu: 50 menit | pushexcel.github.io/Pushexcel
A4: Skenario
A5: Kamu admin Dapur Bu Lestari yang menerima pesanan katering dan nasi kotak. Ada 30 pesanan pada September sampai Oktober 2026. Harga per porsi tiap paket ada di sheet Acuan. Pesanan 100 porsi atau lebih mendapat diskon 8 persen dari subtotal. Setiap pesanan dikenai ongkos kirim tetap Rp 50.000. Pesanan dianggap DP Cukup bila DP minimal 30 persen dari total tagihan, dan Lunas bila DP sama dengan atau lebih dari total tagihan.
A7: Cara memakai kunci
A8: 1. | B8: Sel hijau berisi rumus kunci yang sudah dihitung. Klik sel untuk melihat rumusnya.
A9: 2. | B9: Kolom Rumus kunci di bawah menampilkan rumus untuk baris pertama atau tiap sel jawaban.
A10: 3. | B10: Rumus ditulis dengan titik koma (;). Ganti dengan koma (,) bila Excel kamu berbahasa Inggris.
A11: 4. | B11: Jawaban lain yang benar secara logika juga boleh, selama hasilnya sama.
A13: Arti warna
B14: Judul kolom data yang sudah diberikan
B15: Judul kolom hasil hitung
B16: Sel berisi rumus kunci
B17: Angka berwarna biru pada blok Parameter = nilai tetap yang boleh dirujuk
A19: Daftar soal
A20: No | B20: Soal | C20: Jawab di | D20: Rumus kunci
A21: 1 | B21: Ambil nama paket dari sheet Acuan berdasarkan Kode Paket. | C21: Sheet Data, kolom H (Nama Paket), baris 2 sampai 31 | D21: =VLOOKUP(E2;Acuan!$A$2:$C$6;2;FALSE)
A22: 2 | B22: Ambil harga per porsi dari sheet Acuan berdasarkan Kode Paket. | C22: Sheet Data, kolom I (Harga per Porsi), baris 2 sampai 31 | D22: =VLOOKUP(E2;Acuan!$A$2:$C$6;3;FALSE)
A23: 3 | B23: Hitung subtotal: jumlah porsi dikali harga per porsi. | C23: Sheet Data, kolom J (Subtotal), baris 2 sampai 31 | D23: =F2*I2
A24: 4 | B24: Hitung diskon: pesanan dengan porsi sama dengan atau lebih dari batas mendapat diskon dari subtotal, dibulatkan ke rupiah. Selain itu 0. | C24: Sheet Data, kolom K (Diskon), baris 2 sampai 31 | D24: =IF(F2>=$R$2;ROUND(J2*$R$3;0);0)
A25: 5 | B25: Hitung total tagihan: subtotal dikurangi diskon, ditambah ongkos kirim. | C25: Sheet Data, kolom L (Total Tagihan), baris 2 sampai 31 | D25: =J2-K2+$R$4
A26: 6 | B26: Hitung sisa bayar: total tagihan dikurangi DP. Bila DP melebihi total tagihan, sisa bayar 0. | C26: Sheet Data, kolom M (Sisa Bayar), baris 2 sampai 31 | D26: =MAX(L2-G2;0)
A27: 7 | B27: Beri status: Lunas bila DP sama dengan atau lebih dari total tagihan, DP Cukup bila DP minimal sebesar persen minimal dari total tagihan, selain itu DP Kurang. | C27: Sheet Data, kolom N (Status Bayar), baris 2 sampai 31 | D27: =IF(G2>=L2;"Lunas";IF(G2>=ROUND(L2*$R$5;0);"DP Cukup";"DP Kurang"))
A28: 8 | B28: Hitung jarak hari antara tanggal pesan dan tanggal acara. | C28: Sheet Data, kolom O (Jarak Hari), baris 2 sampai 31 | D28: =C2-B2
A29: 9 | B29: Pada sheet Acuan, hitung jumlah pesanan tiap paket. | C29: Sheet Acuan, kolom D (Jumlah Pesanan), baris 2 sampai 6 | D29: =COUNTIF(Data!$E$2:$E$31;A2)
A30: 10 | B30: Pada sheet Acuan, hitung total porsi yang dipesan tiap paket. | C30: Sheet Acuan, kolom E (Total Porsi), baris 2 sampai 6 | D30: =SUMIF(Data!$E$2:$E$31;A2;Data!$F$2:$F$31)
A31: 11 | B31: Berapa total tagihan seluruh pesanan, total diskon yang diberikan, dan total sisa bayar yang belum diterima? | C31: Sheet Ringkasan, sel C4 sampai C6 | D31: =SUM(Data!$L$2:$L$31) =SUM(Data!$K$2:$K$31) =SUM(Data!$M$2:$M$31)
... A34: 14 | B34: Berapa rata-rata jarak hari antara pesan dan acara, dan berapa pesanan yang mendapat diskon? | C34: Sheet Ringkasan, sel C12 sampai C13 | D34: =AVERAGE(Data!$O$2:$O$31) =COUNTIF(Data!$K$2:$K$31;">0")

Sheet Data
A1: No Pesanan | B1: Tanggal Pesan | C1: Tanggal Acara | D1: Pemesan | E1: Kode Paket | F1: Porsi | G1: DP | H1: Nama Paket | I1: Harga per Porsi | J1: Subtotal | K1: Diskon | L1: Total Tagihan | M1: Sisa Bayar | N1: Status Bayar | O1: Jarak Hari | Q1: Parameter | R1: Nilai | S1: Keterangan
A2: KTR-001 | B2: 46266 | C2: 46269 | D2: Andi Amalia | E2: C | F2: 250 | G2: 12700000 | H2: =VLOOKUP(E2,Acuan!$A$2:$C$6,2,FALSE()) -> Prasmanan Keluarga | I2: =VLOOKUP(E2,Acuan!$A$2:$C$6,3,FALSE()) -> 55000 | J2: =F2*I2 -> 13750000 | K2: =IF(F2>=$R$2,ROUND(J2*$R$3,0),0) -> 1100000 | L2: =J2-K2+$R$4 -> 12700000 | M2: =MAX(L2-G2,0) -> 0 | N2: =IF(G2>=L2,"Lunas",IF(G2>=ROUND(L2*$R$5,0),"DP Cukup","DP Kurang")) -> Lunas | O2: =C2-B2 -> 3 | Q2: Batas porsi diskon | R2: 100 | S2: Porsi sama dengan atau lebih dari ini mendapat diskon
A3: KTR-002 | B3: 46267 | C3: 46285 | D3: Edi Wijaya | E3: A | F3: 30 | G3: 160000 | H3: =VLOOKUP(E3,Acuan!$A$2:$C$6,2,FALSE()) -> Nasi Box Hemat | I3: =VLOOKUP(E3,Acuan!$A$2:$C$6,3,FALSE()) -> 25000 | J3: =F3*I3 -> 750000 | K3: =IF(F3>=$R$2,ROUND(J3*$R$3,0),0) -> 0 | L3: =J3-K3+$R$4 -> 800000 | M3: =MAX(L3-G3,0) -> 640000 | N3: =IF(G3>=L3,"Lunas",IF(G3>=ROUND(L3*$R$5,0),"DP Cukup","DP Kurang")) -> DP Kurang | O3: =C3-B3 -> 18 | Q3: Diskon porsi besar | R3: 0.08 | S3: Dihitung dari subtotal
A4: KTR-003 | B4: 46270 | C4: 46288 | D4: Fajar Permana | E4: E | F4: 250 | G4: 4190000 | H4: =VLOOKUP(E4,Acuan!$A$2:$C$6,2,FALSE()) -> Snack Box Rapat | I4: =VLOOKUP(E4,Acuan!$A$2:$C$6,3,FALSE()) -> 18000 | J4: =F4*I4 -> 4500000 | K4: =IF(F4>=$R$2,ROUND(J4*$R$3,0),0) -> 360000 | L4: =J4-K4+$R$4 -> 4190000 | M4: =MAX(L4-G4,0) -> 0 | N4: =IF(G4>=L4,"Lunas",IF(G4>=ROUND(L4*$R$5,0),"DP Cukup","DP Kurang")) -> Lunas | O4: =C4-B4 -> 18 | Q4: Ongkos kirim | R4: 50000 | S4: Per pesanan
A5: KTR-004 | B5: 46270 | C5: 46278 | D5: Agus Hidayat | E5: E | F5: 50 | G5: 413000 | H5: =VLOOKUP(E5,Acuan!$A$2:$C$6,2,FALSE()) -> Snack Box Rapat | I5: =VLOOKUP(E5,Acuan!$A$2:$C$6,3,FALSE()) -> 18000 | J5: =F5*I5 -> 900000 | K5: =IF(F5>=$R$2,ROUND(J5*$R$3,0),0) -> 0 | L5: =J5-K5+$R$4 -> 950000 | M5: =MAX(L5-G5,0) -> 537000 | N5: =IF(G5>=L5,"Lunas",IF(G5>=ROUND(L5*$R$5,0),"DP Cukup","DP Kurang")) -> DP Cukup | O5: =C5-B5 -> 8 | Q5: DP minimal | R5: 0.3 | S5: Persen dari total tagihan
A6: KTR-005 | B6: 46271 | C6: 46276 | D6: Tono Wibowo | E6: E | F6: 250 | G6: 2334000 | H6: =VLOOKUP(E6,Acuan!$A$2:$C$6,2,FALSE()) -> Snack Box Rapat | I6: =VLOOKUP(E6,Acuan!$A$2:$C$6,3,FALSE()) -> 18000 | J6: =F6*I6 -> 4500000 | K6: =IF(F6>=$R$2,ROUND(J6*$R$3,0),0) -> 360000 | L6: =J6-K6+$R$4 -> 4190000 | M6: =MAX(L6-G6,0) -> 1856000 | N6: =IF(G6>=L6,"Lunas",IF(G6>=ROUND(L6*$R$5,0),"DP Cukup","DP Kurang")) -> DP Cukup | O6: =C6-B6 -> 5
A7: KTR-006 | B7: 46274 | C7: 46292 | D7: Nurul Maharani | E7: E | F7: 75 | G7: 705000 | H7: =VLOOKUP(E7,Acuan!$A$2:$C$6,2,FALSE()) -> Snack Box Rapat | I7: =VLOOKUP(E7,Acuan!$A$2:$C$6,3,FALSE()) -> 18000 | J7: =F7*I7 -> 1350000 | K7: =IF(F7>=$R$2,ROUND(J7*$R$3,0),0) -> 0 | L7: =J7-K7+$R$4 -> 1400000 | M7: =MAX(L7-G7,0) -> 695000 | N7: =IF(G7>=L7,"Lunas",IF(G7>=ROUND(L7*$R$5,0),"DP Cukup","DP Kurang")) -> DP Cukup | O7: =C7-B7 -> 18
A8: KTR-007 | B8: 46273 | C8: 46292 | D8: Dimas Nugroho | E8: C | F8: 200 | G8: 2069000 | H8: =VLOOKUP(E8,Acuan!$A$2:$C$6,2,FALSE()) -> Prasmanan Keluarga | I8: =VLOOKUP(E8,Acuan!$A$2:$C$6,3,FALSE()) -> 55000 | J8: =F8*I8 -> 11000000 | K8: =IF(F8>=$R$2,ROUND(J8*$R$3,0),0) -> 880000 | L8: =J8-K8+$R$4 -> 10170000 | M8: =MAX(L8-G8,0) -> 8101000 | N8: =IF(G8>=L8,"Lunas",IF(G8>=ROUND(L8*$R$5,0),"DP Cukup","DP Kurang")) -> DP Kurang | O8: =C8-B8 -> 19
A9: KTR-008 | B9: 46278 | C9: 46292 | D9: Agus Kusuma | E9: D | F9: 120 | G9: 4524000 | H9: =VLOOKUP(E9,Acuan!$A$2:$C$6,2,FALSE()) -> Tumpeng Syukuran | I9: =VLOOKUP(E9,Acuan!$A$2:$C$6,3,FALSE()) -> 85000 | J9: =F9*I9 -> 10200000 | K9: =IF(F9>=$R$2,ROUND(J9*$R$3,0),0) -> 816000 | L9: =J9-K9+$R$4 -> 9434000 | M9: =MAX(L9-G9,0) -> 4910000 | N9: =IF(G9>=L9,"Lunas",IF(G9>=ROUND(L9*$R$5,0),"DP Cukup","DP Kurang")) -> DP Cukup | O9: =C9-B9 -> 14
A10: KTR-009 | B10: 46275 | C10: 46292 | D10: Citra Rahayu | E10: C | F10: 50 | G10: 1404000 | H10: =VLOOKUP(E10,Acuan!$A$2:$C$6,2,FALSE()) -> Prasmanan Keluarga | I10: =VLOOKUP(E10,Acuan!$A$2:$C$6,3,FALSE()) -> 55000 | J10: =F10*I10 -> 2750000 | K10: =IF(F10>=$R$2,ROUND(J10*$R$3,0),0) -> 0 | L10: =J10-K10+$R$4 -> 2800000 | M10: =MAX(L10-G10,0) -> 1396000 | N10: =IF(G10>=L10,"Lunas",IF(G10>=ROUND(L10*$R$5,0),"DP Cukup","DP Kurang")) -> DP Cukup | O10: =C10-B10 -> 17
A11: KTR-010 | B11: 46281 | C11: 46294 | D11: Lina Firmansyah | E11: D | F11: 60 | G11: 2328000 | H11: =VLOOKUP(E11,Acuan!$A$2:$C$6,2,FALSE()) -> Tumpeng Syukuran | I11: =VLOOKUP(E11,Acuan!$A$2:$C$6,3,FALSE()) -> 85000 | J11: =F11*I11 -> 5100000 | K11: =IF(F11>=$R$2,ROUND(J11*$R$3,0),0) -> 0 | L11: =J11-K11+$R$4 -> 5150000 | M11: =MAX(L11-G11,0) -> 2822000 | N11: =IF(G11>=L11,"Lunas",IF(G11>=ROUND(L11*$R$5,0),"DP Cukup","DP Kurang")) -> DP Cukup | O11: =C11-B11 -> 13
A12: KTR-011 | B12: 46280 | C12: 46286 | D12: Khoirul Wibowo | E12: C | F12: 80 | G12: 714000 | H12: =VLOOKUP(E12,Acuan!$A$2:$C$6,2,FALSE()) -> Prasmanan Keluarga | I12: =VLOOKUP(E12,Acuan!$A$2:$C$6,3,FALSE()) -> 55000 | J12: =F12*I12 -> 4400000 | K12: =IF(F12>=$R$2,ROUND(J12*$R$3,0),0) -> 0 | L12: =J12-K12+$R$4 -> 4450000 | M12: =MAX(L12-G12,0) -> 3736000 | N12: =IF(G12>=L12,"Lunas",IF(G12>=ROUND(L12*$R$5,0),"DP Cukup","DP Kurang")) -> DP Kurang | O12: =C12-B12 -> 6
A13: KTR-012 | B13: 46279 | C13: 46287 | D13: Galih Pratama | E13: D | F13: 100 | G13: 3378000 | H13: =VLOOKUP(E13,Acuan!$A$2:$C$6,2,FALSE()) -> Tumpeng Syukuran | I13: =VLOOKUP(E13,Acuan!$A$2:$C$6,3,FALSE()) -> 85000 | J13: =F13*I13 -> 8500000 | K13: =IF(F13>=$R$2,ROUND(J13*$R$3,0),0) -> 680000 | L13: =J13-K13+$R$4 -> 7870000 | M13: =MAX(L13-G13,0) -> 4492000 | N13: =IF(G13>=L13,"Lunas",IF(G13>=ROUND(L13*$R$5,0),"DP Cukup","DP Kurang")) -> DP Cukup | O13: =C13-B13 -> 8
A14: KTR-013 | B14: 46282 | C14: 46296 | D14: Novi Sari | E14: B | F14: 30 | G14: 237000 | H14: =VLOOKUP(E14,Acuan!$A$2:$C$6,2,FALSE()) -> Nasi Box Premium | I14: =VLOOKUP(E14,Acuan!$A$2:$C$6,3,FALSE()) -> 38000 | J14: =F14*I14 -> 1140000 | K14: =IF(F14>=$R$2,ROUND(J14*$R$3,0),0) -> 0 | L14: =J14-K14+$R$4 -> 1190000 | M14: =MAX(L14-G14,0) -> 953000 | N14: =IF(G14>=L14,"Lunas",IF(G14>=ROUND(L14*$R$5,0),"DP Cukup","DP Kurang")) -> DP Kurang | O14: =C14-B14 -> 14
A15: KTR-014 | B15: 46286 | C15: 46305 | D15: Agus Anggraini | E15: B | F15: 200 | G15: 7042000 | H15: =VLOOKUP(E15,Acuan!$A$2:$C$6,2,FALSE()) -> Nasi Box Premium | I15: =VLOOKUP(E15,Acuan!$A$2:$C$6,3,FALSE()) -> 38000 | J15: =F15*I15 -> 7600000 | K15: =IF(F15>=$R$2,ROUND(J15*$R$3,0),0) -> 608000 | L15: =J15-K15+$R$4 -> 7042000 | M15: =MAX(L15-G15,0) -> 0 | N15: =IF(G15>=L15,"Lunas",IF(G15>=ROUND(L15*$R$5,0),"DP Cukup","DP Kurang")) -> Lunas | O15: =C15-B15 -> 19
A16: KTR-015 | B16: 46282 | C16: 46285 | D16: Fajar Wibowo | E16: B | F16: 20 | G16: 441000 | H16: =VLOOKUP(E16,Acuan!$A$2:$C$6,2,FALSE()) -> Nasi Box Premium | I16: =VLOOKUP(E16,Acuan!$A$2:$C$6,3,FALSE()) -> 38000 | J16: =F16*I16 -> 760000 | K16: =IF(F16>=$R$2,ROUND(J16*$R$3,0),0) -> 0 | L16: =J16-K16+$R$4 -> 810000 | M16: =MAX(L16-G16,0) -> 369000 | N16: =IF(G16>=L16,"Lunas",IF(G16>=ROUND(L16*$R$5,0),"DP Cukup","DP Kurang")) -> DP Cukup | O16: =C16-B16 -> 3
A17: KTR-016 | B17: 46293 | C17: 46305 | D17: Umar Hartono | E17: A | F17: 100 | G17: 1093000 | H17: =VLOOKUP(E17,Acuan!$A$2:$C$6,2,FALSE()) -> Nasi Box Hemat | I17: =VLOOKUP(E17,Acuan!$A$2:$C$6,3,FALSE()) -> 25000 | J17: =F17*I17 -> 2500000 | K17: =IF(F17>=$R$2,ROUND(J17*$R$3,0),0) -> 200000 | L17: =J17-K17+$R$4 -> 2350000 | M17: =MAX(L17-G17,0) -> 1257000 | N17: =IF(G17>=L17,"Lunas",IF(G17>=ROUND(L17*$R$5,0),"DP Cukup","DP Kurang")) -> DP Cukup | O17: =C17-B17 -> 12
... A31: KTR-030 | B31: 46308 | C31: 46327 | D31: Wawan Hidayat | E31: B | F31: 120 | G31: 1749000 | H31: =VLOOKUP(E31,Acuan!$A$2:$C$6,2,FALSE()) -> Nasi Box Premium | I31: =VLOOKUP(E31,Acuan!$A$2:$C$6,3,FALSE()) -> 38000 | J31: =F31*I31 -> 4560000 | K31: =IF(F31>=$R$2,ROUND(J31*$R$3,0),0) -> 364800 | L31: =J31-K31+$R$4 -> 4245200 | M31: =MAX(L31-G31,0) -> 2496200 | N31: =IF(G31>=L31,"Lunas",IF(G31>=ROUND(L31*$R$5,0),"DP Cukup","DP Kurang")) -> DP Cukup | O31: =C31-B31 -> 19

Sheet Acuan
A1: Kode Paket | B1: Nama Paket | C1: Harga per Porsi | D1: Jumlah Pesanan | E1: Total Porsi
A2: A | B2: Nasi Box Hemat | C2: 25000 | D2: =COUNTIF(Data!$E$2:$E$31,A2) -> 5 | E2: =SUMIF(Data!$E$2:$E$31,A2,Data!$F$2:$F$31) -> 365
A3: B | B3: Nasi Box Premium | C3: 38000 | D3: =COUNTIF(Data!$E$2:$E$31,A3) -> 8 | E3: =SUMIF(Data!$E$2:$E$31,A3,Data!$F$2:$F$31) -> 900
A4: C | B4: Prasmanan Keluarga | C4: 55000 | D4: =COUNTIF(Data!$E$2:$E$31,A4) -> 7 | E4: =SUMIF(Data!$E$2:$E$31,A4,Data!$F$2:$F$31) -> 765
A5: D | B5: Tumpeng Syukuran | C5: 85000 | D5: =COUNTIF(Data!$E$2:$E$31,A5) -> 4 | E5: =SUMIF(Data!$E$2:$E$31,A5,Data!$F$2:$F$31) -> 360
A6: E | B6: Snack Box Rapat | C6: 18000 | D6: =COUNTIF(Data!$E$2:$E$31,A6) -> 6 | E6: =SUMIF(Data!$E$2:$E$31,A6,Data!$F$2:$F$31) -> 725

Sheet Ringkasan
A1: Ringkasan: lembar jawaban soal berjenis ringkasan
A2: Sel hijau berisi rumus kunci.
A3: No | B3: Pertanyaan | C3: Jawaban | D3: Contoh format hasil
A4: 11a | B4: Total tagihan seluruh pesanan | C4: =SUM(Data!$L$2:$L$31) -> 123573200 | D4: Rupiah, mis. Rp 50.000.000
A5: 11b | B5: Total diskon | C5: =SUM(Data!$K$2:$K$31) -> 6976800 | D5: Rupiah, mis. Rp 1.500.000
A6: 11c | B6: Total sisa bayar | C6: =SUM(Data!$M$2:$M$31) -> 50399200 | D6: Rupiah, mis. Rp 20.000.000
A7: 12a | B7: Jumlah pesanan Lunas | C7: =COUNTIF(Data!$N$2:$N$31,"Lunas") -> 6 | D7: Angka bulat, mis. 8
A8: 12b | B8: Jumlah pesanan DP Cukup | C8: =COUNTIF(Data!$N$2:$N$31,"DP Cukup") -> 18 | D8: Angka bulat, mis. 12
A9: 12c | B9: Jumlah pesanan DP Kurang | C9: =COUNTIF(Data!$N$2:$N$31,"DP Kurang") -> 6 | D9: Angka bulat, mis. 10
A10: 13a | B10: Pemesan dengan total tagihan terbesar | C10: =INDEX(Data!$D$2:$D$31,MATCH(MAX(Data!$L$2:$L$31),Data!$L$2:$L$31,0)) -> Andi Amalia | D10: Teks: nama pemesan
A11: 13b | B11: Paket dengan total porsi terbanyak | C11: =INDEX(Acuan!$B$2:$B$6,MATCH(MAX(Acuan!$E$2:$E$6),Acuan!$E$2:$E$6,0)) -> Nasi Box Premium | D11: Teks: nama paket
A12: 14a | B12: Rata-rata jarak hari pesan ke acara | C12: =AVERAGE(Data!$O$2:$O$31) -> 12.3 | D12: Angka desimal, mis. 9,5
A13: 14b | B13: Jumlah pesanan yang mendapat diskon | C13: =COUNTIF(Data!$K$2:$K$31,">0") -> 13 | D13: Angka bulat, mis. 7
