Workbook

Sheet Petunjuk
A1: Kunci Jawaban: Titik Impas dan Laba Rugi 20 Produk Kafe
A2: Latihan 53 dari 56 | Tingkat: Lanjutan | Perkiraan waktu: 65 menit | pushexcel.github.io/Pushexcel
A4: Skenario
A5: Kamu analis keuangan Kafe Rumah Kayu yang menjual 20 produk dalam empat kategori. Untuk tiap produk tercatat harga jual, biaya variabel per unit, biaya tetap bulanan yang dibebankan, dan unit terjual bulan ini. Titik impas (BEP) dalam unit adalah biaya tetap dibagi margin kontribusi per unit, dibulatkan ke atas. Produk berstatus Rugi bila unit terjual di bawah BEP, Hati-hati bila unit terjual kurang dari 120 persen BEP, dan Aman bila lebih. Manajemen juga menetapkan target laba Rp 1.500.000 per produk per bulan di blok Parameter.
A7: Cara memakai kunci
A8: 1. | B8: Sel hijau berisi rumus kunci yang sudah dihitung. Klik sel untuk melihat rumusnya.
A9: 2. | B9: Kolom Rumus kunci di bawah menampilkan rumus untuk baris pertama atau tiap sel jawaban.
A10: 3. | B10: Rumus ditulis dengan titik koma (;). Ganti dengan koma (,) bila Excel kamu berbahasa Inggris.
A11: 4. | B11: Jawaban lain yang benar secara logika juga boleh, selama hasilnya sama.
A13: Arti warna
B14: Judul kolom data yang sudah diberikan
B15: Judul kolom hasil hitung
B16: Sel berisi rumus kunci
B17: Angka berwarna biru pada blok Parameter = nilai tetap yang boleh dirujuk
A19: Daftar soal
A20: No | B20: Soal | C20: Jawab di | D20: Rumus kunci
A21: 1 | B21: Hitung margin kontribusi per unit: harga jual dikurangi biaya variabel. | C21: Sheet Data, kolom G (Margin Kontribusi), baris 2 sampai 21 | D21: =C2-D2
A22: 2 | B22: Hitung rasio kontribusi: margin kontribusi dibagi harga jual. | C22: Sheet Data, kolom H (Rasio Kontribusi), baris 2 sampai 21 | D22: =G2/C2
A23: 3 | B23: Hitung titik impas dalam unit: biaya tetap dibagi margin kontribusi, dibulatkan ke atas ke bilangan bulat. | C23: Sheet Data, kolom I (BEP Unit), baris 2 sampai 21 | D23: =ROUNDUP(E2/G2;0)
A24: 4 | B24: Hitung titik impas dalam rupiah: BEP unit dikali harga jual. | C24: Sheet Data, kolom J (BEP Rupiah), baris 2 sampai 21 | D24: =I2*C2
A25: 5 | B25: Hitung laba rugi bulan ini: unit terjual dikali margin kontribusi, dikurangi biaya tetap. Hasil negatif berarti rugi. | C25: Sheet Data, kolom K (Laba Rugi), baris 2 sampai 21 | D25: =F2*G2-E2
A26: 6 | B26: Hitung margin keselamatan: selisih unit terjual dan BEP unit, dibagi unit terjual. Boleh negatif bila rugi. | C26: Sheet Data, kolom L (Margin Keselamatan), baris 2 sampai 21 | D26: =(F2-I2)/F2
A27: 7 | B27: Beri status: Rugi bila unit terjual di bawah BEP, Hati-hati bila di bawah 120 persen BEP (yaitu BEP dikali 1,2), selain itu Aman. | C27: Sheet Data, kolom M (Status), baris 2 sampai 21 | D27: =IF(F2<I2;"Rugi";IF(F2<I2*1.2;"Hati-hati";"Aman"))
A28: 8 | B28: Hitung unit yang harus terjual agar mencapai target laba: (biaya tetap + target laba) dibagi margin kontribusi, dibulatkan ke atas. | C28: Sheet Data, kolom N (Unit Target Laba), baris 2 sampai 21 | D28: =ROUNDUP((E2+$Q$2)/G2;0)
A29: 9 | B29: Pada sheet Acuan, hitung jumlah produk tiap kategori. | C29: Sheet Acuan, kolom B (Jumlah Produk), baris 2 sampai 5 | D29: =COUNTIF(Data!$B$2:$B$21;A2)
A30: 10 | B30: Pada sheet Acuan, hitung total laba rugi tiap kategori. | C30: Sheet Acuan, kolom C (Total Laba Rugi), baris 2 sampai 5 | D30: =SUMIF(Data!$B$2:$B$21;A2;Data!$K$2:$K$21)
A31: 11 | B31: Pada sheet Acuan, hitung rata-rata rasio kontribusi tiap kategori. | C31: Sheet Acuan, kolom D (Rata-rata Rasio), baris 2 sampai 5 | D31: =AVERAGEIF(Data!$B$2:$B$21;A2;Data!$H$2:$H$21)
... A36: 16 | B36: Berapa total laba produk berstatus Aman pada kategori Kue, dan berapa margin keselamatan tertinggi? | C36: Sheet Ringkasan, sel C16 sampai C17 | D36: =SUMIFS(Data!$K$2:$K$21;Data!$B$2:$B$21;"Kue";Data!$M$2:$M$21;"Aman") =MAX(Data!$L$2:$L$21)

Sheet Data
A1: Produk | B1: Kategori | C1: Harga Jual | D1: Biaya Variabel | E1: Biaya Tetap | F1: Unit Terjual | G1: Margin Kontribusi | H1: Rasio Kontribusi | I1: BEP Unit | J1: BEP Rupiah | K1: Laba Rugi | L1: Margin Keselamatan | M1: Status | N1: Unit Target Laba | P1: Parameter | Q1: Nilai | R1: Keterangan
A2: Roti Tawar | B2: Roti | C2: 25000 | D2: 13000 | E2: 1200000 | F2: 142 | G2: =C2-D2 -> 12000 | H2: =G2/C2 -> 0.48 | I2: =ROUNDUP(E2/G2,0) -> 100 | J2: =I2*C2 -> 2500000 | K2: =F2*G2-E2 -> 504000 | L2: =(F2-I2)/F2 -> 0.29577465 | M2: =IF(F2<I2,"Rugi",IF(F2<I2*1.2,"Hati-hati","Aman")) -> Aman | N2: =ROUNDUP((E2+$Q$2)/G2,0) -> 225 | P2: Target laba | Q2: 1500000 | R2: Per produk per bulan
A3: Roti Cokelat | B3: Roti | C3: 45000 | D3: 24000 | E3: 2000000 | F3: 111 | G3: =C3-D3 -> 21000 | H3: =G3/C3 -> 0.46666667 | I3: =ROUNDUP(E3/G3,0) -> 96 | J3: =I3*C3 -> 4320000 | K3: =F3*G3-E3 -> 331000 | L3: =(F3-I3)/F3 -> 0.13513514 | M3: =IF(F3<I3,"Rugi",IF(F3<I3*1.2,"Hati-hati","Aman")) -> Hati-hati | N3: =ROUNDUP((E3+$Q$2)/G3,0) -> 167
A4: Roti Keju | B4: Roti | C4: 10000 | D4: 6500 | E4: 700000 | F4: 225 | G4: =C4-D4 -> 3500 | H4: =G4/C4 -> 0.35 | I4: =ROUNDUP(E4/G4,0) -> 200 | J4: =I4*C4 -> 2000000 | K4: =F4*G4-E4 -> 87500 | L4: =(F4-I4)/F4 -> 0.11111111 | M4: =IF(F4<I4,"Rugi",IF(F4<I4*1.2,"Hati-hati","Aman")) -> Hati-hati | N4: =ROUNDUP((E4+$Q$2)/G4,0) -> 629
A5: Roti Sosis | B5: Roti | C5: 15000 | D5: 9000 | E5: 1500000 | F5: 175 | G5: =C5-D5 -> 6000 | H5: =G5/C5 -> 0.4 | I5: =ROUNDUP(E5/G5,0) -> 250 | J5: =I5*C5 -> 3750000 | K5: =F5*G5-E5 -> -450000 | L5: =(F5-I5)/F5 -> -0.42857143 | M5: =IF(F5<I5,"Rugi",IF(F5<I5*1.2,"Hati-hati","Aman")) -> Rugi | N5: =ROUNDUP((E5+$Q$2)/G5,0) -> 500
A6: Roti Gandum | B6: Roti | C6: 8000 | D6: 5500 | E6: 700000 | F6: 446 | G6: =C6-D6 -> 2500 | H6: =G6/C6 -> 0.3125 | I6: =ROUNDUP(E6/G6,0) -> 280 | J6: =I6*C6 -> 2240000 | K6: =F6*G6-E6 -> 415000 | L6: =(F6-I6)/F6 -> 0.37219731 | M6: =IF(F6<I6,"Rugi",IF(F6<I6*1.2,"Hati-hati","Aman")) -> Aman | N6: =ROUNDUP((E6+$Q$2)/G6,0) -> 880
A7: Brownies | B7: Kue | C7: 45000 | D7: 28000 | E7: 2000000 | F7: 116 | G7: =C7-D7 -> 17000 | H7: =G7/C7 -> 0.37777778 | I7: =ROUNDUP(E7/G7,0) -> 118 | J7: =I7*C7 -> 5310000 | K7: =F7*G7-E7 -> -28000 | L7: =(F7-I7)/F7 -> -0.017241379 | M7: =IF(F7<I7,"Rugi",IF(F7<I7*1.2,"Hati-hati","Aman")) -> Rugi | N7: =ROUNDUP((E7+$Q$2)/G7,0) -> 206
A8: Bolu Pandan | B8: Kue | C8: 28000 | D8: 15000 | E8: 2000000 | F8: 123 | G8: =C8-D8 -> 13000 | H8: =G8/C8 -> 0.46428571 | I8: =ROUNDUP(E8/G8,0) -> 154 | J8: =I8*C8 -> 4312000 | K8: =F8*G8-E8 -> -401000 | L8: =(F8-I8)/F8 -> -0.25203252 | M8: =IF(F8<I8,"Rugi",IF(F8<I8*1.2,"Hati-hati","Aman")) -> Rugi | N8: =ROUNDUP((E8+$Q$2)/G8,0) -> 270
A9: Kue Lapis | B9: Kue | C9: 12000 | D9: 7000 | E9: 700000 | F9: 98 | G9: =C9-D9 -> 5000 | H9: =G9/C9 -> 0.41666667 | I9: =ROUNDUP(E9/G9,0) -> 140 | J9: =I9*C9 -> 1680000 | K9: =F9*G9-E9 -> -210000 | L9: =(F9-I9)/F9 -> -0.42857143 | M9: =IF(F9<I9,"Rugi",IF(F9<I9*1.2,"Hati-hati","Aman")) -> Rugi | N9: =ROUNDUP((E9+$Q$2)/G9,0) -> 440
A10: Cheesecake | B10: Kue | C10: 35000 | D10: 17000 | E10: 1500000 | F10: 102 | G10: =C10-D10 -> 18000 | H10: =G10/C10 -> 0.51428571 | I10: =ROUNDUP(E10/G10,0) -> 84 | J10: =I10*C10 -> 2940000 | K10: =F10*G10-E10 -> 336000 | L10: =(F10-I10)/F10 -> 0.17647059 | M10: =IF(F10<I10,"Rugi",IF(F10<I10*1.2,"Hati-hati","Aman")) -> Aman | N10: =ROUNDUP((E10+$Q$2)/G10,0) -> 167
A11: Kue Lumpur | B11: Kue | C11: 35000 | D11: 20500 | E11: 2500000 | F11: 171 | G11: =C11-D11 -> 14500 | H11: =G11/C11 -> 0.41428571 | I11: =ROUNDUP(E11/G11,0) -> 173 | J11: =I11*C11 -> 6055000 | K11: =F11*G11-E11 -> -20500 | L11: =(F11-I11)/F11 -> -0.011695906 | M11: =IF(F11<I11,"Rugi",IF(F11<I11*1.2,"Hati-hati","Aman")) -> Rugi | N11: =ROUNDUP((E11+$Q$2)/G11,0) -> 276
A12: Kopi Susu | B12: Minuman | C12: 8000 | D12: 4500 | E12: 2000000 | F12: 656 | G12: =C12-D12 -> 3500 | H12: =G12/C12 -> 0.4375 | I12: =ROUNDUP(E12/G12,0) -> 572 | J12: =I12*C12 -> 4576000 | K12: =F12*G12-E12 -> 296000 | L12: =(F12-I12)/F12 -> 0.12804878 | M12: =IF(F12<I12,"Rugi",IF(F12<I12*1.2,"Hati-hati","Aman")) -> Hati-hati | N12: =ROUNDUP((E12+$Q$2)/G12,0) -> 1000
A13: Teh Tarik | B13: Minuman | C13: 28000 | D13: 13500 | E13: 3200000 | F13: 330 | G13: =C13-D13 -> 14500 | H13: =G13/C13 -> 0.51785714 | I13: =ROUNDUP(E13/G13,0) -> 221 | J13: =I13*C13 -> 6188000 | K13: =F13*G13-E13 -> 1585000 | L13: =(F13-I13)/F13 -> 0.33030303 | M13: =IF(F13<I13,"Rugi",IF(F13<I13*1.2,"Hati-hati","Aman")) -> Aman | N13: =ROUNDUP((E13+$Q$2)/G13,0) -> 325
A14: Jus Alpukat | B14: Minuman | C14: 10000 | D14: 6000 | E14: 900000 | F14: 260 | G14: =C14-D14 -> 4000 | H14: =G14/C14 -> 0.4 | I14: =ROUNDUP(E14/G14,0) -> 225 | J14: =I14*C14 -> 2250000 | K14: =F14*G14-E14 -> 140000 | L14: =(F14-I14)/F14 -> 0.13461538 | M14: =IF(F14<I14,"Rugi",IF(F14<I14*1.2,"Hati-hati","Aman")) -> Hati-hati | N14: =ROUNDUP((E14+$Q$2)/G14,0) -> 600
... A21: Kroket | B21: Camilan | C21: 18000 | D21: 8000 | E21: 1200000 | F21: 156 | G21: =C21-D21 -> 10000 | H21: =G21/C21 -> 0.55555556 | I21: =ROUNDUP(E21/G21,0) -> 120 | J21: =I21*C21 -> 2160000 | K21: =F21*G21-E21 -> 360000 | L21: =(F21-I21)/F21 -> 0.23076923 | M21: =IF(F21<I21,"Rugi",IF(F21<I21*1.2,"Hati-hati","Aman")) -> Aman | N21: =ROUNDUP((E21+$Q$2)/G21,0) -> 270

Sheet Acuan
A1: Kategori | B1: Jumlah Produk | C1: Total Laba Rugi | D1: Rata-rata Rasio
A2: Roti | B2: =COUNTIF(Data!$B$2:$B$21,A2) -> 5 | C2: =SUMIF(Data!$B$2:$B$21,A2,Data!$K$2:$K$21) -> 887500 | D2: =AVERAGEIF(Data!$B$2:$B$21,A2,Data!$H$2:$H$21) -> 0.40183333
A3: Kue | B3: =COUNTIF(Data!$B$2:$B$21,A3) -> 5 | C3: =SUMIF(Data!$B$2:$B$21,A3,Data!$K$2:$K$21) -> -323500 | D3: =AVERAGEIF(Data!$B$2:$B$21,A3,Data!$H$2:$H$21) -> 0.43746032
A4: Minuman | B4: =COUNTIF(Data!$B$2:$B$21,A4) -> 5 | C4: =SUMIF(Data!$B$2:$B$21,A4,Data!$K$2:$K$21) -> 3224000 | D4: =AVERAGEIF(Data!$B$2:$B$21,A4,Data!$H$2:$H$21) -> 0.43107143
A5: Camilan | B5: =COUNTIF(Data!$B$2:$B$21,A5) -> 5 | C5: =SUMIF(Data!$B$2:$B$21,A5,Data!$K$2:$K$21) -> -1944500 | D5: =AVERAGEIF(Data!$B$2:$B$21,A5,Data!$H$2:$H$21) -> 0.50561328

Sheet Ringkasan
A1: Ringkasan: lembar jawaban soal berjenis ringkasan
A2: Sel hijau berisi rumus kunci.
A3: No | B3: Pertanyaan | C3: Jawaban | D3: Contoh format hasil
A4: 12a | B4: Total penjualan | C4: =SUMPRODUCT(Data!$F$2:$F$21,Data!$C$2:$C$21) -> 73972000 | D4: Rupiah, mis. Rp 60.000.000
A5: 12b | B5: Total biaya tetap | C5: =SUM(Data!$E$2:$E$21) -> 31000000 | D5: Rupiah, mis. Rp 30.000.000
A6: 12c | B6: Total laba rugi | C6: =SUM(Data!$K$2:$K$21) -> 1843500 | D6: Rupiah, mis. Rp 12.000.000
A7: 12d | B7: Persen laba terhadap penjualan | C7: =C6/C4 -> 0.024921592 | D7: Persen, mis. 15,5%
A8: 13a | B8: Produk Rugi | C8: =COUNTIF(Data!$M$2:$M$21,"Rugi") -> 9 | D8: Angka bulat, mis. 5
A9: 13b | B9: Produk Hati-hati | C9: =COUNTIF(Data!$M$2:$M$21,"Hati-hati") -> 5 | D9: Angka bulat, mis. 4
A10: 13c | B10: Produk Aman | C10: =COUNTIF(Data!$M$2:$M$21,"Aman") -> 6 | D10: Angka bulat, mis. 9
A11: 13d | B11: Persen produk di atas BEP | C11: =1-C8/COUNTA(Data!$A$2:$A$21) -> 0.55 | D11: Persen, mis. 60%
A12: 14a | B12: Produk dengan laba terbesar | C12: =INDEX(Data!$A$2:$A$21,MATCH(MAX(Data!$K$2:$K$21),Data!$K$2:$K$21,0)) -> Teh Tarik | D12: Teks: nama produk
A13: 14b | B13: Produk dengan rugi terbesar | C13: =INDEX(Data!$A$2:$A$21,MATCH(MIN(Data!$K$2:$K$21),Data!$K$2:$K$21,0)) -> Risoles | D13: Teks: nama produk
A14: 15a | B14: Produk dengan BEP rupiah tertinggi | C14: =INDEX(Data!$A$2:$A$21,MATCH(MAX(Data!$J$2:$J$21),Data!$J$2:$J$21,0)) -> Teh Tarik | D14: Teks: nama produk
A15: 15b | B15: Kategori dengan total laba rugi terbesar | C15: =INDEX(Acuan!$A$2:$A$5,MATCH(MAX(Acuan!$C$2:$C$5),Acuan!$C$2:$C$5,0)) -> Minuman | D15: Teks: nama kategori
A16: 16a | B16: Total laba produk Aman kategori Kue | C16: =SUMIFS(Data!$K$2:$K$21,Data!$B$2:$B$21,"Kue",Data!$M$2:$M$21,"Aman") -> 336000 | D16: Rupiah, mis. Rp 6.000.000
A17: 16b | B17: Margin keselamatan tertinggi | C17: =MAX(Data!$L$2:$L$21) -> 0.46706587 | D17: Persen, mis. 55,5%
