Workbook

Sheet Petunjuk
A1: Kunci Jawaban: Pengadaan Barang dan Purchase Order
A2: Latihan 13 dari 104 | Tingkat: Lanjutan | Perkiraan waktu: 60 menit | pushexcel.github.io/Pushexcel
A4: Skenario
A5: Kamu admin pengadaan di PT Bangun Prima. Triwulan ini ada 28 purchase order ke lima pemasok. Pemasok memberi diskon 10 persen bila nilai pesanan mencapai Rp 10.000.000, lalu dikenakan PPN 11 persen dari nilai setelah diskon. Jatuh tempo pembayaran dihitung dari tanggal barang diterima ditambah tempo pemasok (sheet Acuan). Kamu juga menilai pemasok mana yang terlambat mengirim.
A7: Cara memakai kunci
A8: 1. | B8: Sel hijau berisi rumus kunci yang sudah dihitung. Klik sel untuk melihat rumusnya.
A9: 2. | B9: Kolom Rumus kunci di bawah menampilkan rumus untuk baris pertama atau tiap sel jawaban.
A10: 3. | B10: Rumus ditulis dengan titik koma (;). Ganti dengan koma (,) bila Excel kamu berbahasa Inggris.
A11: 4. | B11: Jawaban lain yang benar secara logika juga boleh, selama hasilnya sama.
A13: Arti warna
B14: Judul kolom data yang sudah diberikan
B15: Judul kolom hasil hitung
B16: Sel berisi rumus kunci
B17: Angka berwarna biru pada blok Parameter = nilai tetap yang boleh dirujuk
A19: Daftar soal
A20: No | B20: Soal | C20: Jawab di | D20: Rumus kunci
A21: 1 | B21: Hitung nilai pesanan: jumlah dikali harga satuan. | C21: Sheet Data, kolom I (Nilai Pesanan), baris 2 sampai 29 | D21: =F2*G2
A22: 2 | B22: Beri diskon bila nilai pesanan sama dengan atau di atas batas diskon: nilai pesanan dikali persen diskon. Selain itu 0. | C22: Sheet Data, kolom J (Diskon), baris 2 sampai 29 | D22: =IF(I2>=$S$2;ROUND(I2*$S$3;0);0)
A23: 3 | B23: Hitung PPN: (nilai pesanan dikurangi diskon) dikali persen PPN. | C23: Sheet Data, kolom K (PPN), baris 2 sampai 29 | D23: =ROUND((I2-J2)*$S$4;0)
A24: 4 | B24: Hitung total tagihan: nilai pesanan dikurangi diskon, ditambah PPN. | C24: Sheet Data, kolom L (Total Tagihan), baris 2 sampai 29 | D24: =I2-J2+K2
A25: 5 | B25: Hitung tanggal jatuh tempo: tanggal terima ditambah tempo bayar pemasok dari sheet Acuan. | C25: Sheet Data, kolom M (Jatuh Tempo), baris 2 sampai 29 | D25: =H2+VLOOKUP(D2;Acuan!$A$2:$B$6;2;FALSE)
A26: 6 | B26: Hitung lama pengiriman dalam hari: tanggal terima dikurangi tanggal PO. | C26: Sheet Data, kolom N (Lama Kirim (hari)), baris 2 sampai 29 | D26: =H2-C2
A27: 7 | B27: Beri status Terlambat bila lama kirim lebih dari target pengiriman, selain itu Tepat Waktu. | C27: Sheet Data, kolom O (Status Kirim), baris 2 sampai 29 | D27: =IF(N2>$S$5;"Terlambat";"Tepat Waktu")
A28: 8 | B28: Beri status Lewat Tempo bila tanggal jatuh tempo sebelum tanggal acuan, selain itu Belum Jatuh Tempo. | C28: Sheet Data, kolom P (Status Bayar), baris 2 sampai 29 | D28: =IF(M2<$S$6;"Lewat Tempo";"Belum Jatuh Tempo")
A29: 9 | B29: Berapa total tagihan seluruh PO? | C29: Sheet Ringkasan, sel C4 | D29: =SUM(Data!$L$2:$L$29)
A30: 10 | B30: Berapa total diskon yang diperoleh, dan berapa PO yang mendapat diskon? | C30: Sheet Ringkasan, sel C5 sampai C6 | D30: =SUM(Data!$J$2:$J$29) =COUNTIF(Data!$J$2:$J$29;">0")
A31: 11 | B31: Berapa PO yang berstatus Terlambat? | C31: Sheet Ringkasan, sel C7 | D31: =COUNTIF(Data!$O$2:$O$29;"Terlambat")
... A37: 17 | B37: Dengan pemasok mana kita punya total tagihan terbesar? | C37: Sheet Ringkasan, sel C12 | D37: =INDEX(Acuan!$A$2:$A$6;MATCH(MAX(Acuan!$D$2:$D$6);Acuan!$D$2:$D$6;0))

Sheet Data
A1: No | B1: No. PO | C1: Tanggal PO | D1: Pemasok | E1: Barang | F1: Jumlah | G1: Harga Satuan | H1: Tanggal Terima | I1: Nilai Pesanan | J1: Diskon | K1: PPN | L1: Total Tagihan | M1: Jatuh Tempo | N1: Lama Kirim (hari) | O1: Status Kirim | P1: Status Bayar | R1: Parameter | S1: Nilai | T1: Keterangan
A2: 1 | B2: PO-2026-001 | C2: 46207 | D2: CV Karya Bersama | E2: Cat Tembok 20 kg | F2: 32 | G2: 950000 | H2: 46213 | I2: =F2*G2 -> 30400000 | J2: =IF(I2>=$S$2,ROUND(I2*$S$3,0),0) -> 3040000 | K2: =ROUND((I2-J2)*$S$4,0) -> 3009600 | L2: =I2-J2+K2 -> 30369600 | M2: =H2+VLOOKUP(D2,Acuan!$A$2:$B$6,2,FALSE()) -> 46243 | N2: =H2-C2 -> 6 | O2: =IF(N2>$S$5,"Terlambat","Tepat Waktu") -> Tepat Waktu | P2: =IF(M2<$S$6,"Lewat Tempo","Belum Jatuh Tempo") -> Lewat Tempo | R2: Nilai pesanan minimal dapat diskon | S2: 10000000
A3: 2 | B3: PO-2026-002 | C3: 46207 | D3: CV Karya Bersama | E3: Keramik Lantai (dus) | F3: 27 | G3: 96000 | H3: 46214 | I3: =F3*G3 -> 2592000 | J3: =IF(I3>=$S$2,ROUND(I3*$S$3,0),0) -> 0 | K3: =ROUND((I3-J3)*$S$4,0) -> 285120 | L3: =I3-J3+K3 -> 2877120 | M3: =H3+VLOOKUP(D3,Acuan!$A$2:$B$6,2,FALSE()) -> 46244 | N3: =H3-C3 -> 7 | O3: =IF(N3>$S$5,"Terlambat","Tepat Waktu") -> Tepat Waktu | P3: =IF(M3<$S$6,"Lewat Tempo","Belum Jatuh Tempo") -> Lewat Tempo | R3: Diskon | S3: 0.1 | T3: Persen dari nilai pesanan
A4: 3 | B4: PO-2026-003 | C4: 46215 | D4: UD Makmur Jaya | E4: Air Mineral Galon | F4: 69 | G4: 20000 | H4: 46224 | I4: =F4*G4 -> 1380000 | J4: =IF(I4>=$S$2,ROUND(I4*$S$3,0),0) -> 0 | K4: =ROUND((I4-J4)*$S$4,0) -> 151800 | L4: =I4-J4+K4 -> 1531800 | M4: =H4+VLOOKUP(D4,Acuan!$A$2:$B$6,2,FALSE()) -> 46231 | N4: =H4-C4 -> 9 | O4: =IF(N4>$S$5,"Terlambat","Tepat Waktu") -> Terlambat | P4: =IF(M4<$S$6,"Lewat Tempo","Belum Jatuh Tempo") -> Lewat Tempo | R4: PPN | S4: 0.11 | T4: Persen dari nilai setelah diskon
A5: 4 | B5: PO-2026-004 | C5: 46215 | D5: PT Sinar Abadi | E5: Toner Fotokopi | F5: 3 | G5: 410000 | H5: 46219 | I5: =F5*G5 -> 1230000 | J5: =IF(I5>=$S$2,ROUND(I5*$S$3,0),0) -> 0 | K5: =ROUND((I5-J5)*$S$4,0) -> 135300 | L5: =I5-J5+K5 -> 1365300 | M5: =H5+VLOOKUP(D5,Acuan!$A$2:$B$6,2,FALSE()) -> 46233 | N5: =H5-C5 -> 4 | O5: =IF(N5>$S$5,"Terlambat","Tepat Waktu") -> Tepat Waktu | P5: =IF(M5<$S$6,"Lewat Tempo","Belum Jatuh Tempo") -> Lewat Tempo | R5: Target pengiriman (hari) | S5: 7 | T5: Terlambat bila lebih dari angka ini
A6: 5 | B6: PO-2026-005 | C6: 46216 | D6: CV Bintang Timur | E6: Kursi Kantor | F6: 6 | G6: 650000 | H6: 46222 | I6: =F6*G6 -> 3900000 | J6: =IF(I6>=$S$2,ROUND(I6*$S$3,0),0) -> 0 | K6: =ROUND((I6-J6)*$S$4,0) -> 429000 | L6: =I6-J6+K6 -> 4329000 | M6: =H6+VLOOKUP(D6,Acuan!$A$2:$B$6,2,FALSE()) -> 46252 | N6: =H6-C6 -> 6 | O6: =IF(N6>$S$5,"Terlambat","Tepat Waktu") -> Tepat Waktu | P6: =IF(M6<$S$6,"Lewat Tempo","Belum Jatuh Tempo") -> Lewat Tempo | R6: Tanggal acuan | S6: 46310 | T6: Dipakai untuk menentukan status pembayaran
A7: 6 | B7: PO-2026-006 | C7: 46221 | D7: PT Global Mandiri | E7: Switch 8 Port | F7: 2 | G7: 420000 | H7: 46229 | I7: =F7*G7 -> 840000 | J7: =IF(I7>=$S$2,ROUND(I7*$S$3,0),0) -> 0 | K7: =ROUND((I7-J7)*$S$4,0) -> 92400 | L7: =I7-J7+K7 -> 932400 | M7: =H7+VLOOKUP(D7,Acuan!$A$2:$B$6,2,FALSE()) -> 46274 | N7: =H7-C7 -> 8 | O7: =IF(N7>$S$5,"Terlambat","Tepat Waktu") -> Terlambat | P7: =IF(M7<$S$6,"Lewat Tempo","Belum Jatuh Tempo") -> Lewat Tempo
A8: 7 | B8: PO-2026-007 | C8: 46222 | D8: CV Karya Bersama | E8: Lampu LED 12 W (dus) | F8: 149 | G8: 140000 | H8: 46236 | I8: =F8*G8 -> 20860000 | J8: =IF(I8>=$S$2,ROUND(I8*$S$3,0),0) -> 2086000 | K8: =ROUND((I8-J8)*$S$4,0) -> 2065140 | L8: =I8-J8+K8 -> 20839140 | M8: =H8+VLOOKUP(D8,Acuan!$A$2:$B$6,2,FALSE()) -> 46266 | N8: =H8-C8 -> 14 | O8: =IF(N8>$S$5,"Terlambat","Tepat Waktu") -> Terlambat | P8: =IF(M8<$S$6,"Lewat Tempo","Belum Jatuh Tempo") -> Lewat Tempo
A9: 8 | B9: PO-2026-008 | C9: 46223 | D9: CV Bintang Timur | E9: Kursi Kantor | F9: 3 | G9: 650000 | H9: 46226 | I9: =F9*G9 -> 1950000 | J9: =IF(I9>=$S$2,ROUND(I9*$S$3,0),0) -> 0 | K9: =ROUND((I9-J9)*$S$4,0) -> 214500 | L9: =I9-J9+K9 -> 2164500 | M9: =H9+VLOOKUP(D9,Acuan!$A$2:$B$6,2,FALSE()) -> 46256 | N9: =H9-C9 -> 3 | O9: =IF(N9>$S$5,"Terlambat","Tepat Waktu") -> Tepat Waktu | P9: =IF(M9<$S$6,"Lewat Tempo","Belum Jatuh Tempo") -> Lewat Tempo
A10: 9 | B10: PO-2026-009 | C10: 46224 | D10: CV Bintang Timur | E10: Meja Lipat | F10: 28 | G10: 480000 | H10: 46227 | I10: =F10*G10 -> 13440000 | J10: =IF(I10>=$S$2,ROUND(I10*$S$3,0),0) -> 1344000 | K10: =ROUND((I10-J10)*$S$4,0) -> 1330560 | L10: =I10-J10+K10 -> 13426560 | M10: =H10+VLOOKUP(D10,Acuan!$A$2:$B$6,2,FALSE()) -> 46257 | N10: =H10-C10 -> 3 | O10: =IF(N10>$S$5,"Terlambat","Tepat Waktu") -> Tepat Waktu | P10: =IF(M10<$S$6,"Lewat Tempo","Belum Jatuh Tempo") -> Lewat Tempo
A11: 10 | B11: PO-2026-010 | C11: 46224 | D11: CV Karya Bersama | E11: Cat Tembok 20 kg | F11: 25 | G11: 950000 | H11: 46236 | I11: =F11*G11 -> 23750000 | J11: =IF(I11>=$S$2,ROUND(I11*$S$3,0),0) -> 2375000 | K11: =ROUND((I11-J11)*$S$4,0) -> 2351250 | L11: =I11-J11+K11 -> 23726250 | M11: =H11+VLOOKUP(D11,Acuan!$A$2:$B$6,2,FALSE()) -> 46266 | N11: =H11-C11 -> 12 | O11: =IF(N11>$S$5,"Terlambat","Tepat Waktu") -> Terlambat | P11: =IF(M11<$S$6,"Lewat Tempo","Belum Jatuh Tempo") -> Lewat Tempo
A12: 11 | B12: PO-2026-011 | C12: 46225 | D12: CV Bintang Timur | E12: Kursi Kantor | F12: 17 | G12: 650000 | H12: 46234 | I12: =F12*G12 -> 11050000 | J12: =IF(I12>=$S$2,ROUND(I12*$S$3,0),0) -> 1105000 | K12: =ROUND((I12-J12)*$S$4,0) -> 1093950 | L12: =I12-J12+K12 -> 11038950 | M12: =H12+VLOOKUP(D12,Acuan!$A$2:$B$6,2,FALSE()) -> 46264 | N12: =H12-C12 -> 9 | O12: =IF(N12>$S$5,"Terlambat","Tepat Waktu") -> Terlambat | P12: =IF(M12<$S$6,"Lewat Tempo","Belum Jatuh Tempo") -> Lewat Tempo
A13: 12 | B13: PO-2026-012 | C13: 46225 | D13: CV Karya Bersama | E13: Keramik Lantai (dus) | F13: 87 | G13: 96000 | H13: 46227 | I13: =F13*G13 -> 8352000 | J13: =IF(I13>=$S$2,ROUND(I13*$S$3,0),0) -> 0 | K13: =ROUND((I13-J13)*$S$4,0) -> 918720 | L13: =I13-J13+K13 -> 9270720 | M13: =H13+VLOOKUP(D13,Acuan!$A$2:$B$6,2,FALSE()) -> 46257 | N13: =H13-C13 -> 2 | O13: =IF(N13>$S$5,"Terlambat","Tepat Waktu") -> Tepat Waktu | P13: =IF(M13<$S$6,"Lewat Tempo","Belum Jatuh Tempo") -> Lewat Tempo
A14: 13 | B14: PO-2026-013 | C14: 46231 | D14: UD Makmur Jaya | E14: Kopi Sachet (dus) | F14: 200 | G14: 65000 | H14: 46237 | I14: =F14*G14 -> 13000000 | J14: =IF(I14>=$S$2,ROUND(I14*$S$3,0),0) -> 1300000 | K14: =ROUND((I14-J14)*$S$4,0) -> 1287000 | L14: =I14-J14+K14 -> 12987000 | M14: =H14+VLOOKUP(D14,Acuan!$A$2:$B$6,2,FALSE()) -> 46244 | N14: =H14-C14 -> 6 | O14: =IF(N14>$S$5,"Terlambat","Tepat Waktu") -> Tepat Waktu | P14: =IF(M14<$S$6,"Lewat Tempo","Belum Jatuh Tempo") -> Lewat Tempo
A15: 14 | B15: PO-2026-014 | C15: 46232 | D15: PT Global Mandiri | E15: Switch 8 Port | F15: 27 | G15: 420000 | H15: 46238 | I15: =F15*G15 -> 11340000 | J15: =IF(I15>=$S$2,ROUND(I15*$S$3,0),0) -> 1134000 | K15: =ROUND((I15-J15)*$S$4,0) -> 1122660 | L15: =I15-J15+K15 -> 11328660 | M15: =H15+VLOOKUP(D15,Acuan!$A$2:$B$6,2,FALSE()) -> 46283 | N15: =H15-C15 -> 6 | O15: =IF(N15>$S$5,"Terlambat","Tepat Waktu") -> Tepat Waktu | P15: =IF(M15<$S$6,"Lewat Tempo","Belum Jatuh Tempo") -> Lewat Tempo
A16: 15 | B16: PO-2026-015 | C16: 46233 | D16: UD Makmur Jaya | E16: Air Mineral Galon | F16: 234 | G16: 20000 | H16: 46247 | I16: =F16*G16 -> 4680000 | J16: =IF(I16>=$S$2,ROUND(I16*$S$3,0),0) -> 0 | K16: =ROUND((I16-J16)*$S$4,0) -> 514800 | L16: =I16-J16+K16 -> 5194800 | M16: =H16+VLOOKUP(D16,Acuan!$A$2:$B$6,2,FALSE()) -> 46254 | N16: =H16-C16 -> 14 | O16: =IF(N16>$S$5,"Terlambat","Tepat Waktu") -> Terlambat | P16: =IF(M16<$S$6,"Lewat Tempo","Belum Jatuh Tempo") -> Lewat Tempo
A17: 16 | B17: PO-2026-016 | C17: 46237 | D17: PT Sinar Abadi | E17: Kertas HVS A4 80 gr (rim) | F17: 296 | G17: 52000 | H17: 46240 | I17: =F17*G17 -> 15392000 | J17: =IF(I17>=$S$2,ROUND(I17*$S$3,0),0) -> 1539200 | K17: =ROUND((I17-J17)*$S$4,0) -> 1523808 | L17: =I17-J17+K17 -> 15376608 | M17: =H17+VLOOKUP(D17,Acuan!$A$2:$B$6,2,FALSE()) -> 46254 | N17: =H17-C17 -> 3 | O17: =IF(N17>$S$5,"Terlambat","Tepat Waktu") -> Tepat Waktu | P17: =IF(M17<$S$6,"Lewat Tempo","Belum Jatuh Tempo") -> Lewat Tempo
A18: 17 | B18: PO-2026-017 | C18: 46244 | D18: CV Bintang Timur | E18: Meja Lipat | F18: 39 | G18: 480000 | H18: 46254 | I18: =F18*G18 -> 18720000 | J18: =IF(I18>=$S$2,ROUND(I18*$S$3,0),0) -> 1872000 | K18: =ROUND((I18-J18)*$S$4,0) -> 1853280 | L18: =I18-J18+K18 -> 18701280 | M18: =H18+VLOOKUP(D18,Acuan!$A$2:$B$6,2,FALSE()) -> 46284 | N18: =H18-C18 -> 10 | O18: =IF(N18>$S$5,"Terlambat","Tepat Waktu") -> Terlambat | P18: =IF(M18<$S$6,"Lewat Tempo","Belum Jatuh Tempo") -> Lewat Tempo
... A29: 28 | B29: PO-2026-028 | C29: 46280 | D29: PT Global Mandiri | E29: Monitor 22 Inci | F29: 3 | G29: 1650000 | H29: 46290 | I29: =F29*G29 -> 4950000 | J29: =IF(I29>=$S$2,ROUND(I29*$S$3,0),0) -> 0 | K29: =ROUND((I29-J29)*$S$4,0) -> 544500 | L29: =I29-J29+K29 -> 5494500 | M29: =H29+VLOOKUP(D29,Acuan!$A$2:$B$6,2,FALSE()) -> 46335 | N29: =H29-C29 -> 10 | O29: =IF(N29>$S$5,"Terlambat","Tepat Waktu") -> Terlambat | P29: =IF(M29<$S$6,"Lewat Tempo","Belum Jatuh Tempo") -> Belum Jatuh Tempo

Sheet Acuan
A1: Pemasok | B1: Tempo Bayar (hari) | C1: Jumlah PO | D1: Total Tagihan
A2: PT Sinar Abadi | B2: 14 | C2: =COUNTIF(Data!$D$2:$D$29,A2) -> 3 | D2: =SUMIF(Data!$D$2:$D$29,A2,Data!$L$2:$L$29) -> 17652108
A3: CV Bintang Timur | B3: 30 | C3: =COUNTIF(Data!$D$2:$D$29,A3) -> 8 | D3: =SUMIF(Data!$D$2:$D$29,A3,Data!$L$2:$L$29) -> 64045890
A4: UD Makmur Jaya | B4: 7 | C4: =COUNTIF(Data!$D$2:$D$29,A4) -> 4 | D4: =SUMIF(Data!$D$2:$D$29,A4,Data!$L$2:$L$29) -> 24921720
A5: PT Global Mandiri | B5: 45 | C5: =COUNTIF(Data!$D$2:$D$29,A5) -> 7 | D5: =SUMIF(Data!$D$2:$D$29,A5,Data!$L$2:$L$29) -> 208414710
A6: CV Karya Bersama | B6: 30 | C6: =COUNTIF(Data!$D$2:$D$29,A6) -> 6 | D6: =SUMIF(Data!$D$2:$D$29,A6,Data!$L$2:$L$29) -> 93409830

Sheet Ringkasan
A1: Ringkasan: lembar jawaban soal berjenis ringkasan
A2: Sel hijau berisi rumus kunci.
A3: No | B3: Pertanyaan | C3: Jawaban | D3: Contoh format hasil
A4: 9 | B4: Total tagihan seluruh PO | C4: =SUM(Data!$L$2:$L$29) -> 408444258 | D4: Rupiah, mis. Rp 280.000.000
A5: 10a | B5: Total diskon yang diperoleh | C5: =SUM(Data!$J$2:$J$29) -> 33900200 | D5: Rupiah, mis. Rp 14.500.000
A6: 10b | B6: Jumlah PO yang mendapat diskon | C6: =COUNTIF(Data!$J$2:$J$29,">0") -> 12 | D6: Rupiah, mis. Rp 14.500.000
A7: 11 | B7: Jumlah PO terlambat | C7: =COUNTIF(Data!$O$2:$O$29,"Terlambat") -> 15 | D7: Angka bulat, mis. 9
A8: 12 | B8: Rata-rata lama kirim (hari) | C8: =AVERAGE(Data!$N$2:$N$29) -> 7.8928571 | D8: Desimal 1 angka, mis. 8,3
A9: 13a | B9: Jumlah PO lewat tempo | C9: =COUNTIF(Data!$P$2:$P$29,"Lewat Tempo") -> 22 | D9: Rupiah, mis. Rp 95.000.000
A10: 13b | B10: Total tagihan PO lewat tempo | C10: =SUMIF(Data!$P$2:$P$29,"Lewat Tempo",Data!$L$2:$L$29) -> 203765808 | D10: Rupiah, mis. Rp 95.000.000
A11: 14 | B11: Nomor PO dengan total tagihan terbesar | C11: =INDEX(Data!$B$2:$B$29,MATCH(MAX(Data!$L$2:$L$29),Data!$L$2:$L$29,0)) -> PO-2026-020 | D11: Teks: nomor PO
A12: 17 | B12: Pemasok dengan total tagihan terbesar | C12: =INDEX(Acuan!$A$2:$A$6,MATCH(MAX(Acuan!$D$2:$D$6),Acuan!$D$2:$D$6,0)) -> PT Global Mandiri | D12: Teks: nama pemasok
