Workbook

Sheet Petunjuk
A1: Kunci Jawaban: Klaim Garansi Produk Elektronik
A2: Latihan 50 dari 56 | Tingkat: Menengah | Perkiraan waktu: 55 menit | pushexcel.github.io/Pushexcel
A4: Skenario
A5: Kamu admin layanan purna jual Toko Elektronik Sentral. Ada 26 klaim servis yang masuk antara Agustus dan Oktober 2026. Masa garansi tiap produk (dalam bulan) ada di sheet Acuan dan dihitung dari tanggal beli. Klaim berstatus Dalam Garansi bila tanggal klaim sama dengan atau sebelum tanggal garansi berakhir. Klaim Ditanggung bila masih dalam garansi dan kerusakannya bukan akibat cairan atau kerusakan fisik. Klaim yang tidak ditanggung ditagihkan ke pelanggan sebesar biaya servis, sedangkan klaim yang ditanggung gratis.
A7: Cara memakai kunci
A8: 1. | B8: Sel hijau berisi rumus kunci yang sudah dihitung. Klik sel untuk melihat rumusnya.
A9: 2. | B9: Kolom Rumus kunci di bawah menampilkan rumus untuk baris pertama atau tiap sel jawaban.
A10: 3. | B10: Rumus ditulis dengan titik koma (;). Ganti dengan koma (,) bila Excel kamu berbahasa Inggris.
A11: 4. | B11: Jawaban lain yang benar secara logika juga boleh, selama hasilnya sama.
A13: Arti warna
B14: Judul kolom data yang sudah diberikan
B15: Judul kolom hasil hitung
B16: Sel berisi rumus kunci
A18: Daftar soal
A19: No | B19: Soal | C19: Jawab di | D19: Rumus kunci
A20: 1 | B20: Ambil masa garansi produk (dalam bulan) dari sheet Acuan. | C20: Sheet Data, kolom H (Masa Garansi), baris 2 sampai 27 | D20: =VLOOKUP(C2;Acuan!$A$2:$B$7;2;FALSE)
A21: 2 | B21: Hitung tanggal garansi berakhir: tanggal beli ditambah masa garansi dalam bulan. | C21: Sheet Data, kolom I (Garansi Berakhir), baris 2 sampai 27 | D21: =EDATE(D2;H2)
A22: 3 | B22: Hitung umur produk saat klaim dalam bulan penuh, dari tanggal beli sampai tanggal klaim. | C22: Sheet Data, kolom J (Umur Produk (Bulan)), baris 2 sampai 27 | D22: =DATEDIF(D2;E2;"m")
A23: 4 | B23: Beri status Dalam Garansi bila tanggal klaim sama dengan atau sebelum tanggal garansi berakhir. Selain itu Habis. | C23: Sheet Data, kolom K (Status Garansi), baris 2 sampai 27 | D23: =IF(E2<=I2;"Dalam Garansi";"Habis")
A24: 5 | B24: Beri status Ditanggung bila masih dalam garansi dan kerusakan bukan Terkena Cairan atau Kerusakan Fisik. Selain itu Tidak Ditanggung. | C24: Sheet Data, kolom L (Ditanggung), baris 2 sampai 27 | D24: =IF(AND(K2="Dalam Garansi";F2<>"Terkena Cairan";F2<>"Kerusakan Fisik");"Ditanggung";"Tidak Ditanggung")
A25: 6 | B25: Hitung biaya yang ditagihkan ke pelanggan: 0 bila klaim Ditanggung, selain itu sebesar biaya servis. | C25: Sheet Data, kolom M (Biaya Pelanggan), baris 2 sampai 27 | D25: =IF(L2="Ditanggung";0;G2)
A26: 7 | B26: Hitung sisa hari garansi saat klaim: tanggal garansi berakhir dikurangi tanggal klaim. Bila garansi sudah lewat, hasilnya 0 (bukan negatif). | C26: Sheet Data, kolom N (Sisa Hari Garansi), baris 2 sampai 27 | D26: =MAX(0;I2-E2)
A27: 8 | B27: Pada sheet Acuan, hitung jumlah klaim tiap produk. | C27: Sheet Acuan, kolom C (Jumlah Klaim), baris 2 sampai 7 | D27: =COUNTIF(Data!$C$2:$C$27;A2)
A28: 9 | B28: Pada sheet Acuan, hitung total biaya servis tiap produk. | C28: Sheet Acuan, kolom D (Total Biaya Servis), baris 2 sampai 7 | D28: =SUMIF(Data!$C$2:$C$27;A2;Data!$G$2:$G$27)
A29: 10 | B29: Berapa klaim yang masih Dalam Garansi, berapa yang Ditanggung, dan berapa klaim Dalam Garansi yang tetap tidak ditanggung? | C29: Sheet Ringkasan, sel C4 sampai C6 | D29: =COUNTIF(Data!$K$2:$K$27;"Dalam Garansi") =COUNTIF(Data!$L$2:$L$27;"Ditanggung") =COUNTIFS(Data!$K$2:$K$27;"Dalam Garansi";Data!$L$2:$L$27;"Tidak Ditanggung")
A30: 11 | B30: Berapa total biaya servis seluruh klaim, berapa yang ditanggung toko, dan berapa yang ditagihkan ke pelanggan? | C30: Sheet Ringkasan, sel C7 sampai C9 | D30: =SUM(Data!$G$2:$G$27) =SUMIF(Data!$L$2:$L$27;"Ditanggung";Data!$G$2:$G$27) =SUM(Data!$M$2:$M$27)
... A33: 14 | B33: Kapan tanggal garansi berakhir paling awal, dan berapa total sisa hari garansi seluruh klaim? | C33: Sheet Ringkasan, sel C14 sampai C15 | D33: =MIN(Data!$I$2:$I$27) =SUM(Data!$N$2:$N$27)

Sheet Data
A1: No Klaim | B1: Pelanggan | C1: Produk | D1: Tanggal Beli | E1: Tanggal Klaim | F1: Kerusakan | G1: Biaya Servis | H1: Masa Garansi | I1: Garansi Berakhir | J1: Umur Produk (Bulan) | K1: Status Garansi | L1: Ditanggung | M1: Biaya Pelanggan | N1: Sisa Hari Garansi
A2: KLM-001 | B2: Oki Syahputra | C2: Kulkas | D2: 45872 | E2: 46238 | F2: Motherboard | G2: 750000 | H2: =VLOOKUP(C2,Acuan!$A$2:$B$7,2,FALSE()) -> 36 | I2: =EDATE(D2,H2) -> 46968 | J2: =DATEDIF(D2,E2,"m") -> 12 | K2: =IF(E2<=I2,"Dalam Garansi","Habis") -> Dalam Garansi | L2: =IF(AND(K2="Dalam Garansi",F2<>"Terkena Cairan",F2<>"Kerusakan Fisik"),"Ditanggung","Tidak Ditanggung") -> Ditanggung | M2: =IF(L2="Ditanggung",0,G2) -> 0 | N2: =MAX(0,I2-E2) -> 730
A3: KLM-002 | B3: Dimas Maharani | C3: Kulkas | D3: 45870 | E3: 46238 | F3: Kerusakan Fisik | G3: 150000 | H3: =VLOOKUP(C3,Acuan!$A$2:$B$7,2,FALSE()) -> 36 | I3: =EDATE(D3,H3) -> 46966 | J3: =DATEDIF(D3,E3,"m") -> 12 | K3: =IF(E3<=I3,"Dalam Garansi","Habis") -> Dalam Garansi | L3: =IF(AND(K3="Dalam Garansi",F3<>"Terkena Cairan",F3<>"Kerusakan Fisik"),"Ditanggung","Tidak Ditanggung") -> Tidak Ditanggung | M3: =IF(L3="Ditanggung",0,G3) -> 150000 | N3: =MAX(0,I3-E3) -> 728
A4: KLM-003 | B4: Siti Permana | C4: Mesin Cuci | D4: 45568 | E4: 46239 | F4: Mesin | G4: 750000 | H4: =VLOOKUP(C4,Acuan!$A$2:$B$7,2,FALSE()) -> 24 | I4: =EDATE(D4,H4) -> 46298 | J4: =DATEDIF(D4,E4,"m") -> 22 | K4: =IF(E4<=I4,"Dalam Garansi","Habis") -> Dalam Garansi | L4: =IF(AND(K4="Dalam Garansi",F4<>"Terkena Cairan",F4<>"Kerusakan Fisik"),"Ditanggung","Tidak Ditanggung") -> Ditanggung | M4: =IF(L4="Ditanggung",0,G4) -> 0 | N4: =MAX(0,I4-E4) -> 59
A5: KLM-004 | B5: Wawan Santoso | C5: Mesin Cuci | D5: 45409 | E5: 46241 | F5: Kerusakan Fisik | G5: 2300000 | H5: =VLOOKUP(C5,Acuan!$A$2:$B$7,2,FALSE()) -> 24 | I5: =EDATE(D5,H5) -> 46139 | J5: =DATEDIF(D5,E5,"m") -> 27 | K5: =IF(E5<=I5,"Dalam Garansi","Habis") -> Habis | L5: =IF(AND(K5="Dalam Garansi",F5<>"Terkena Cairan",F5<>"Kerusakan Fisik"),"Ditanggung","Tidak Ditanggung") -> Tidak Ditanggung | M5: =IF(L5="Ditanggung",0,G5) -> 2300000 | N5: =MAX(0,I5-E5) -> 0
A6: KLM-005 | B6: Dewi Handayani | C6: Ponsel | D6: 45503 | E6: 46254 | F6: Baterai | G6: 750000 | H6: =VLOOKUP(C6,Acuan!$A$2:$B$7,2,FALSE()) -> 12 | I6: =EDATE(D6,H6) -> 45868 | J6: =DATEDIF(D6,E6,"m") -> 24 | K6: =IF(E6<=I6,"Dalam Garansi","Habis") -> Habis | L6: =IF(AND(K6="Dalam Garansi",F6<>"Terkena Cairan",F6<>"Kerusakan Fisik"),"Ditanggung","Tidak Ditanggung") -> Tidak Ditanggung | M6: =IF(L6="Ditanggung",0,G6) -> 750000 | N6: =MAX(0,I6-E6) -> 0
A7: KLM-006 | B7: Oki Rahayu | C7: Ponsel | D7: 45236 | E7: 46256 | F7: Layar | G7: 500000 | H7: =VLOOKUP(C7,Acuan!$A$2:$B$7,2,FALSE()) -> 12 | I7: =EDATE(D7,H7) -> 45602 | J7: =DATEDIF(D7,E7,"m") -> 33 | K7: =IF(E7<=I7,"Dalam Garansi","Habis") -> Habis | L7: =IF(AND(K7="Dalam Garansi",F7<>"Terkena Cairan",F7<>"Kerusakan Fisik"),"Ditanggung","Tidak Ditanggung") -> Tidak Ditanggung | M7: =IF(L7="Ditanggung",0,G7) -> 500000 | N7: =MAX(0,I7-E7) -> 0
A8: KLM-007 | B8: Hesti Firmansyah | C8: Televisi | D8: 45302 | E8: 46262 | F8: Baterai | G8: 500000 | H8: =VLOOKUP(C8,Acuan!$A$2:$B$7,2,FALSE()) -> 24 | I8: =EDATE(D8,H8) -> 46033 | J8: =DATEDIF(D8,E8,"m") -> 31 | K8: =IF(E8<=I8,"Dalam Garansi","Habis") -> Habis | L8: =IF(AND(K8="Dalam Garansi",F8<>"Terkena Cairan",F8<>"Kerusakan Fisik"),"Ditanggung","Tidak Ditanggung") -> Tidak Ditanggung | M8: =IF(L8="Ditanggung",0,G8) -> 500000 | N8: =MAX(0,I8-E8) -> 0
A9: KLM-008 | B9: Edi Syahputra | C9: Mesin Cuci | D9: 46110 | E9: 46262 | F9: Baterai | G9: 2300000 | H9: =VLOOKUP(C9,Acuan!$A$2:$B$7,2,FALSE()) -> 24 | I9: =EDATE(D9,H9) -> 46841 | J9: =DATEDIF(D9,E9,"m") -> 4 | K9: =IF(E9<=I9,"Dalam Garansi","Habis") -> Dalam Garansi | L9: =IF(AND(K9="Dalam Garansi",F9<>"Terkena Cairan",F9<>"Kerusakan Fisik"),"Ditanggung","Tidak Ditanggung") -> Ditanggung | M9: =IF(L9="Ditanggung",0,G9) -> 0 | N9: =MAX(0,I9-E9) -> 579
A10: KLM-009 | B10: Lina Pratama | C10: Laptop | D10: 45577 | E10: 46264 | F10: Kerusakan Fisik | G10: 500000 | H10: =VLOOKUP(C10,Acuan!$A$2:$B$7,2,FALSE()) -> 24 | I10: =EDATE(D10,H10) -> 46307 | J10: =DATEDIF(D10,E10,"m") -> 22 | K10: =IF(E10<=I10,"Dalam Garansi","Habis") -> Dalam Garansi | L10: =IF(AND(K10="Dalam Garansi",F10<>"Terkena Cairan",F10<>"Kerusakan Fisik"),"Ditanggung","Tidak Ditanggung") -> Tidak Ditanggung | M10: =IF(L10="Ditanggung",0,G10) -> 500000 | N10: =MAX(0,I10-E10) -> 43
A11: KLM-010 | B11: Mulyadi Handayani | C11: Mesin Cuci | D11: 45757 | E11: 46265 | F11: Mesin | G11: 250000 | H11: =VLOOKUP(C11,Acuan!$A$2:$B$7,2,FALSE()) -> 24 | I11: =EDATE(D11,H11) -> 46487 | J11: =DATEDIF(D11,E11,"m") -> 16 | K11: =IF(E11<=I11,"Dalam Garansi","Habis") -> Dalam Garansi | L11: =IF(AND(K11="Dalam Garansi",F11<>"Terkena Cairan",F11<>"Kerusakan Fisik"),"Ditanggung","Tidak Ditanggung") -> Ditanggung | M11: =IF(L11="Ditanggung",0,G11) -> 0 | N11: =MAX(0,I11-E11) -> 222
A12: KLM-011 | B12: Joko Handayani | C12: Ponsel | D12: 45443 | E12: 46265 | F12: Mesin | G12: 1100000 | H12: =VLOOKUP(C12,Acuan!$A$2:$B$7,2,FALSE()) -> 12 | I12: =EDATE(D12,H12) -> 45808 | J12: =DATEDIF(D12,E12,"m") -> 27 | K12: =IF(E12<=I12,"Dalam Garansi","Habis") -> Habis | L12: =IF(AND(K12="Dalam Garansi",F12<>"Terkena Cairan",F12<>"Kerusakan Fisik"),"Ditanggung","Tidak Ditanggung") -> Tidak Ditanggung | M12: =IF(L12="Ditanggung",0,G12) -> 1100000 | N12: =MAX(0,I12-E12) -> 0
A13: KLM-012 | B13: Novi Permana | C13: Televisi | D13: 45888 | E13: 46267 | F13: Baterai | G13: 1500000 | H13: =VLOOKUP(C13,Acuan!$A$2:$B$7,2,FALSE()) -> 24 | I13: =EDATE(D13,H13) -> 46618 | J13: =DATEDIF(D13,E13,"m") -> 12 | K13: =IF(E13<=I13,"Dalam Garansi","Habis") -> Dalam Garansi | L13: =IF(AND(K13="Dalam Garansi",F13<>"Terkena Cairan",F13<>"Kerusakan Fisik"),"Ditanggung","Tidak Ditanggung") -> Ditanggung | M13: =IF(L13="Ditanggung",0,G13) -> 0 | N13: =MAX(0,I13-E13) -> 351
... A27: KLM-026 | B27: Agus Amalia | C27: Televisi | D27: 45854 | E27: 46302 | F27: Terkena Cairan | G27: 1100000 | H27: =VLOOKUP(C27,Acuan!$A$2:$B$7,2,FALSE()) -> 24 | I27: =EDATE(D27,H27) -> 46584 | J27: =DATEDIF(D27,E27,"m") -> 14 | K27: =IF(E27<=I27,"Dalam Garansi","Habis") -> Dalam Garansi | L27: =IF(AND(K27="Dalam Garansi",F27<>"Terkena Cairan",F27<>"Kerusakan Fisik"),"Ditanggung","Tidak Ditanggung") -> Tidak Ditanggung | M27: =IF(L27="Ditanggung",0,G27) -> 1100000 | N27: =MAX(0,I27-E27) -> 282

Sheet Acuan
A1: Produk | B1: Masa Garansi (Bulan) | C1: Jumlah Klaim | D1: Total Biaya Servis
A2: Ponsel | B2: 12 | C2: =COUNTIF(Data!$C$2:$C$27,A2) -> 4 | D2: =SUMIF(Data!$C$2:$C$27,A2,Data!$G$2:$G$27) -> 3450000
A3: Laptop | B3: 24 | C3: =COUNTIF(Data!$C$2:$C$27,A3) -> 4 | D3: =SUMIF(Data!$C$2:$C$27,A3,Data!$G$2:$G$27) -> 3600000
A4: Televisi | B4: 24 | C4: =COUNTIF(Data!$C$2:$C$27,A4) -> 4 | D4: =SUMIF(Data!$C$2:$C$27,A4,Data!$G$2:$G$27) -> 3450000
A5: Kulkas | B5: 36 | C5: =COUNTIF(Data!$C$2:$C$27,A5) -> 4 | D5: =SUMIF(Data!$C$2:$C$27,A5,Data!$G$2:$G$27) -> 2150000
A6: Mesin Cuci | B6: 24 | C6: =COUNTIF(Data!$C$2:$C$27,A6) -> 6 | D6: =SUMIF(Data!$C$2:$C$27,A6,Data!$G$2:$G$27) -> 7600000
A7: Blender | B7: 6 | C7: =COUNTIF(Data!$C$2:$C$27,A7) -> 4 | D7: =SUMIF(Data!$C$2:$C$27,A7,Data!$G$2:$G$27) -> 2150000

Sheet Ringkasan
A1: Ringkasan: lembar jawaban soal berjenis ringkasan
A2: Sel hijau berisi rumus kunci.
A3: No | B3: Pertanyaan | C3: Jawaban | D3: Contoh format hasil
A4: 10a | B4: Klaim Dalam Garansi | C4: =COUNTIF(Data!$K$2:$K$27,"Dalam Garansi") -> 13 | D4: Angka bulat, mis. 12
A5: 10b | B5: Klaim Ditanggung | C5: =COUNTIF(Data!$L$2:$L$27,"Ditanggung") -> 7 | D5: Angka bulat, mis. 9
A6: 10c | B6: Klaim Dalam Garansi tetapi tidak ditanggung | C6: =COUNTIFS(Data!$K$2:$K$27,"Dalam Garansi",Data!$L$2:$L$27,"Tidak Ditanggung") -> 6 | D6: Angka bulat, mis. 3
A7: 11a | B7: Total biaya servis | C7: =SUM(Data!$G$2:$G$27) -> 22400000 | D7: Rupiah, mis. Rp 15.000.000
A8: 11b | B8: Biaya servis ditanggung toko | C8: =SUMIF(Data!$L$2:$L$27,"Ditanggung",Data!$G$2:$G$27) -> 8550000 | D8: Rupiah, mis. Rp 8.000.000
A9: 11c | B9: Total ditagihkan ke pelanggan | C9: =SUM(Data!$M$2:$M$27) -> 13850000 | D9: Rupiah, mis. Rp 7.000.000
A10: 12a | B10: Produk paling banyak diklaim | C10: =INDEX(Acuan!$A$2:$A$7,MATCH(MAX(Acuan!$C$2:$C$7),Acuan!$C$2:$C$7,0)) -> Mesin Cuci | D10: Teks: nama produk
A11: 12b | B11: Produk dengan total biaya servis terbesar | C11: =INDEX(Acuan!$A$2:$A$7,MATCH(MAX(Acuan!$D$2:$D$7),Acuan!$D$2:$D$7,0)) -> Mesin Cuci | D11: Teks: nama produk
A12: 13a | B12: Umur produk terlama saat klaim (bulan) | C12: =MAX(Data!$J$2:$J$27) -> 33 | D12: Angka bulat, jumlah bulan
A13: 13b | B13: Rata-rata umur produk saat klaim (bulan) | C13: =AVERAGE(Data!$J$2:$J$27) -> 20.461538 | D13: Angka desimal, mis. 12,5
A14: 14a | B14: Tanggal garansi berakhir paling awal | C14: =MIN(Data!$I$2:$I$27) -> 45548 | D14: Tanggal, mis. 14/10/2026
A15: 14b | B15: Total sisa hari garansi | C15: =SUM(Data!$N$2:$N$27) -> 4427 | D15: Angka bulat, jumlah hari
