Workbook

Sheet Petunjuk
A1: Kunci Jawaban: Mutasi Barang Antar Cabang dan Selisih Terima
A2: Latihan 75 dari 40 | Tingkat: Menengah | Perkiraan waktu: 50 menit | pushexcel.github.io/Pushexcel
A4: Skenario
A5: Kamu staf logistik PT Sentra Elektrik Jaya yang punya empat cabang. Selama September sampai Oktober 2026 ada 30 mutasi barang antar cabang. Tiap mutasi mencatat jumlah dikirim cabang asal, jumlah diterima cabang tujuan, dan harga satuan barang. Selisih adalah jumlah kirim dikurangi jumlah terima. Status Sesuai bila selisih 0, Selisih Kecil bila persen selisih tidak lebih dari 5 persen, dan Perlu Cek bila lebih dari itu. Pengiriman Terlambat bila lama kirim lebih dari 3 hari (batas ada di blok Parameter). Rekap per cabang ada di sheet Acuan.
A7: Cara memakai kunci
A8: 1. | B8: Sel hijau berisi rumus kunci yang sudah dihitung. Klik sel untuk melihat rumusnya.
A9: 2. | B9: Kolom Rumus kunci di bawah menampilkan rumus untuk baris pertama atau tiap sel jawaban.
A10: 3. | B10: Rumus ditulis dengan titik koma (;). Ganti dengan koma (,) bila Excel kamu berbahasa Inggris.
A11: 4. | B11: Jawaban lain yang benar secara logika juga boleh, selama hasilnya sama.
A13: Arti warna
B14: Judul kolom data yang sudah diberikan
B15: Judul kolom hasil hitung
B16: Sel berisi rumus kunci
B17: Angka berwarna biru pada blok Parameter = nilai tetap yang boleh dirujuk
A19: Daftar soal
A20: No | B20: Soal | C20: Jawab di | D20: Rumus kunci
A21: 1 | B21: Hitung lama kirim dalam hari: tanggal terima dikurangi tanggal kirim. | C21: Sheet Data, kolom J (Lama Kirim), baris 2 sampai 31 | D21: =F2-E2
A22: 2 | B22: Beri status Terlambat bila lama kirim lebih dari batas lama kirim. Selain itu Tepat. | C22: Sheet Data, kolom K (Status Waktu), baris 2 sampai 31 | D22: =IF(J2>$R$2;"Terlambat";"Tepat")
A23: 3 | B23: Hitung selisih jumlah: jumlah kirim dikurangi jumlah terima. | C23: Sheet Data, kolom L (Selisih Jumlah), baris 2 sampai 31 | D23: =G2-H2
A24: 4 | B24: Hitung persen selisih terhadap jumlah kirim. | C24: Sheet Data, kolom M (Persen Selisih), baris 2 sampai 31 | D24: =L2/G2
A25: 5 | B25: Beri status Sesuai bila selisih 0, Selisih Kecil bila persen selisih tidak lebih dari toleransi, selain itu Perlu Cek. | C25: Sheet Data, kolom N (Status Selisih), baris 2 sampai 31 | D25: =IF(L2=0;"Sesuai";IF(M2<=$R$3;"Selisih Kecil";"Perlu Cek"))
A26: 6 | B26: Hitung nilai selisih dalam rupiah: selisih jumlah dikali harga satuan. | C26: Sheet Data, kolom O (Nilai Selisih), baris 2 sampai 31 | D26: =L2*I2
A27: 7 | B27: Pada sheet Acuan, hitung total jumlah barang yang dikirim keluar dari tiap cabang (sebagai cabang asal). | C27: Sheet Acuan, kolom B (Total Kirim Keluar), baris 2 sampai 5 | D27: =SUMIF(Data!$C$2:$C$31;A2;Data!$G$2:$G$31)
A28: 8 | B28: Pada sheet Acuan, hitung total jumlah barang yang diterima tiap cabang (sebagai cabang tujuan). | C28: Sheet Acuan, kolom C (Total Terima Masuk), baris 2 sampai 5 | D28: =SUMIF(Data!$D$2:$D$31;A2;Data!$H$2:$H$31)
A29: 9 | B29: Pada sheet Acuan, hitung total selisih jumlah untuk barang yang menuju tiap cabang. | C29: Sheet Acuan, kolom D (Selisih Masuk), baris 2 sampai 5 | D29: =SUMIF(Data!$D$2:$D$31;A2;Data!$L$2:$L$31)
A30: 10 | B30: Berapa mutasi yang berstatus Sesuai, Selisih Kecil, dan Perlu Cek? | C30: Sheet Ringkasan, sel C4 sampai C6 | D30: =COUNTIF(Data!$N$2:$N$31;"Sesuai") =COUNTIF(Data!$N$2:$N$31;"Selisih Kecil") =COUNTIF(Data!$N$2:$N$31;"Perlu Cek")
A31: 11 | B31: Berapa total nilai selisih seluruh mutasi, dan berapa total barang yang dikirim dari Cabang Solo ke Cabang Semarang? | C31: Sheet Ringkasan, sel C7 sampai C8 | D31: =SUM(Data!$O$2:$O$31) =SUMIFS(Data!$G$2:$G$31;Data!$C$2:$C$31;"Cabang Solo";Data!$D$2:$D$31;"Cabang Semarang")
... A34: 14 | B34: Berapa mutasi yang Terlambat dan juga berstatus Perlu Cek, dan berapa rata-rata persen selisih mutasi yang Terlambat? | C34: Sheet Ringkasan, sel C13 sampai C14 | D34: =COUNTIFS(Data!$K$2:$K$31;"Terlambat";Data!$N$2:$N$31;"Perlu Cek") =AVERAGEIF(Data!$K$2:$K$31;"Terlambat";Data!$M$2:$M$31)

Sheet Data
A1: No Mutasi | B1: Barang | C1: Cabang Asal | D1: Cabang Tujuan | E1: Tanggal Kirim | F1: Tanggal Terima | G1: Jumlah Kirim | H1: Jumlah Terima | I1: Harga Satuan | J1: Lama Kirim | K1: Status Waktu | L1: Selisih Jumlah | M1: Persen Selisih | N1: Status Selisih | O1: Nilai Selisih | Q1: Parameter | R1: Nilai | S1: Keterangan
A2: MT-001 | B2: Pemanas Air | C2: Cabang Solo | D2: Cabang Semarang | E2: 46285 | F2: 46288 | G2: 50 | H2: 46 | I2: 695000 | J2: =F2-E2 -> 3 | K2: =IF(J2>$R$2,"Terlambat","Tepat") -> Tepat | L2: =G2-H2 -> 4 | M2: =L2/G2 -> 0.08 | N2: =IF(L2=0,"Sesuai",IF(M2<=$R$3,"Selisih Kecil","Perlu Cek")) -> Perlu Cek | O2: =L2*I2 -> 2780000 | Q2: Batas lama kirim (hari) | R2: 3 | S2: Lama kirim lebih dari batas ini = Terlambat
A3: MT-002 | B3: Blender | C3: Cabang Purwokerto | D3: Cabang Yogyakarta | E3: 46287 | F3: 46291 | G3: 30 | H3: 26 | I3: 410000 | J3: =F3-E3 -> 4 | K3: =IF(J3>$R$2,"Terlambat","Tepat") -> Terlambat | L3: =G3-H3 -> 4 | M3: =L3/G3 -> 0.13333333 | N3: =IF(L3=0,"Sesuai",IF(M3<=$R$3,"Selisih Kecil","Perlu Cek")) -> Perlu Cek | O3: =L3*I3 -> 1640000 | Q3: Toleransi selisih | R3: 0.05 | S3: Persen selisih sampai batas ini = Selisih Kecil
A4: MT-003 | B4: Kipas Angin | C4: Cabang Yogyakarta | D4: Cabang Solo | E4: 46290 | F4: 46292 | G4: 40 | H4: 40 | I4: 285000 | J4: =F4-E4 -> 2 | K4: =IF(J4>$R$2,"Terlambat","Tepat") -> Tepat | L4: =G4-H4 -> 0 | M4: =L4/G4 -> 0 | N4: =IF(L4=0,"Sesuai",IF(M4<=$R$3,"Selisih Kecil","Perlu Cek")) -> Sesuai | O4: =L4*I4 -> 0
A5: MT-004 | B5: Dispenser | C5: Cabang Semarang | D5: Cabang Solo | E5: 46284 | F5: 46286 | G5: 15 | H5: 13 | I5: 520000 | J5: =F5-E5 -> 2 | K5: =IF(J5>$R$2,"Terlambat","Tepat") -> Tepat | L5: =G5-H5 -> 2 | M5: =L5/G5 -> 0.13333333 | N5: =IF(L5=0,"Sesuai",IF(M5<=$R$3,"Selisih Kecil","Perlu Cek")) -> Perlu Cek | O5: =L5*I5 -> 1040000
A6: MT-005 | B6: Blender | C6: Cabang Purwokerto | D6: Cabang Yogyakarta | E6: 46274 | F6: 46276 | G6: 15 | H6: 15 | I6: 410000 | J6: =F6-E6 -> 2 | K6: =IF(J6>$R$2,"Terlambat","Tepat") -> Tepat | L6: =G6-H6 -> 0 | M6: =L6/G6 -> 0 | N6: =IF(L6=0,"Sesuai",IF(M6<=$R$3,"Selisih Kecil","Perlu Cek")) -> Sesuai | O6: =L6*I6 -> 0
A7: MT-006 | B7: Setrika | C7: Cabang Semarang | D7: Cabang Purwokerto | E7: 46298 | F7: 46302 | G7: 24 | H7: 23 | I7: 165000 | J7: =F7-E7 -> 4 | K7: =IF(J7>$R$2,"Terlambat","Tepat") -> Terlambat | L7: =G7-H7 -> 1 | M7: =L7/G7 -> 0.041666667 | N7: =IF(L7=0,"Sesuai",IF(M7<=$R$3,"Selisih Kecil","Perlu Cek")) -> Selisih Kecil | O7: =L7*I7 -> 165000
A8: MT-007 | B8: Setrika | C8: Cabang Semarang | D8: Cabang Yogyakarta | E8: 46286 | F8: 46292 | G8: 36 | H8: 36 | I8: 165000 | J8: =F8-E8 -> 6 | K8: =IF(J8>$R$2,"Terlambat","Tepat") -> Terlambat | L8: =G8-H8 -> 0 | M8: =L8/G8 -> 0 | N8: =IF(L8=0,"Sesuai",IF(M8<=$R$3,"Selisih Kecil","Perlu Cek")) -> Sesuai | O8: =L8*I8 -> 0
A9: MT-008 | B9: Rice Cooker | C9: Cabang Solo | D9: Cabang Yogyakarta | E9: 46288 | F9: 46289 | G9: 10 | H9: 6 | I9: 340000 | J9: =F9-E9 -> 1 | K9: =IF(J9>$R$2,"Terlambat","Tepat") -> Tepat | L9: =G9-H9 -> 4 | M9: =L9/G9 -> 0.4 | N9: =IF(L9=0,"Sesuai",IF(M9<=$R$3,"Selisih Kecil","Perlu Cek")) -> Perlu Cek | O9: =L9*I9 -> 1360000
A10: MT-009 | B10: Rice Cooker | C10: Cabang Yogyakarta | D10: Cabang Purwokerto | E10: 46268 | F10: 46270 | G10: 50 | H10: 49 | I10: 340000 | J10: =F10-E10 -> 2 | K10: =IF(J10>$R$2,"Terlambat","Tepat") -> Tepat | L10: =G10-H10 -> 1 | M10: =L10/G10 -> 0.02 | N10: =IF(L10=0,"Sesuai",IF(M10<=$R$3,"Selisih Kecil","Perlu Cek")) -> Selisih Kecil | O10: =L10*I10 -> 340000
A11: MT-010 | B11: Pemanas Air | C11: Cabang Yogyakarta | D11: Cabang Semarang | E11: 46299 | F11: 46302 | G11: 50 | H11: 44 | I11: 695000 | J11: =F11-E11 -> 3 | K11: =IF(J11>$R$2,"Terlambat","Tepat") -> Tepat | L11: =G11-H11 -> 6 | M11: =L11/G11 -> 0.12 | N11: =IF(L11=0,"Sesuai",IF(M11<=$R$3,"Selisih Kecil","Perlu Cek")) -> Perlu Cek | O11: =L11*I11 -> 4170000
A12: MT-011 | B12: Dispenser | C12: Cabang Semarang | D12: Cabang Solo | E12: 46270 | F12: 46271 | G12: 15 | H12: 14 | I12: 520000 | J12: =F12-E12 -> 1 | K12: =IF(J12>$R$2,"Terlambat","Tepat") -> Tepat | L12: =G12-H12 -> 1 | M12: =L12/G12 -> 0.066666667 | N12: =IF(L12=0,"Sesuai",IF(M12<=$R$3,"Selisih Kecil","Perlu Cek")) -> Perlu Cek | O12: =L12*I12 -> 520000
A13: MT-012 | B13: Blender | C13: Cabang Solo | D13: Cabang Purwokerto | E13: 46294 | F13: 46295 | G13: 24 | H13: 24 | I13: 410000 | J13: =F13-E13 -> 1 | K13: =IF(J13>$R$2,"Terlambat","Tepat") -> Tepat | L13: =G13-H13 -> 0 | M13: =L13/G13 -> 0 | N13: =IF(L13=0,"Sesuai",IF(M13<=$R$3,"Selisih Kecil","Perlu Cek")) -> Sesuai | O13: =L13*I13 -> 0
A14: MT-013 | B14: Dispenser | C14: Cabang Yogyakarta | D14: Cabang Solo | E14: 46295 | F14: 46296 | G14: 10 | H14: 7 | I14: 520000 | J14: =F14-E14 -> 1 | K14: =IF(J14>$R$2,"Terlambat","Tepat") -> Tepat | L14: =G14-H14 -> 3 | M14: =L14/G14 -> 0.3 | N14: =IF(L14=0,"Sesuai",IF(M14<=$R$3,"Selisih Kecil","Perlu Cek")) -> Perlu Cek | O14: =L14*I14 -> 1560000
A15: MT-014 | B15: Pemanas Air | C15: Cabang Semarang | D15: Cabang Solo | E15: 46303 | F15: 46305 | G15: 40 | H15: 40 | I15: 695000 | J15: =F15-E15 -> 2 | K15: =IF(J15>$R$2,"Terlambat","Tepat") -> Tepat | L15: =G15-H15 -> 0 | M15: =L15/G15 -> 0 | N15: =IF(L15=0,"Sesuai",IF(M15<=$R$3,"Selisih Kecil","Perlu Cek")) -> Sesuai | O15: =L15*I15 -> 0
... A31: MT-030 | B31: Dispenser | C31: Cabang Purwokerto | D31: Cabang Solo | E31: 46273 | F31: 46278 | G31: 50 | H31: 50 | I31: 520000 | J31: =F31-E31 -> 5 | K31: =IF(J31>$R$2,"Terlambat","Tepat") -> Terlambat | L31: =G31-H31 -> 0 | M31: =L31/G31 -> 0 | N31: =IF(L31=0,"Sesuai",IF(M31<=$R$3,"Selisih Kecil","Perlu Cek")) -> Sesuai | O31: =L31*I31 -> 0

Sheet Acuan
A1: Cabang | B1: Total Kirim Keluar | C1: Total Terima Masuk | D1: Selisih Masuk
A2: Cabang Semarang | B2: =SUMIF(Data!$C$2:$C$31,A2,Data!$G$2:$G$31) -> 194 | C2: =SUMIF(Data!$D$2:$D$31,A2,Data!$H$2:$H$31) -> 280 | D2: =SUMIF(Data!$D$2:$D$31,A2,Data!$L$2:$L$31) -> 22
A3: Cabang Solo | B3: =SUMIF(Data!$C$2:$C$31,A3,Data!$G$2:$G$31) -> 182 | C3: =SUMIF(Data!$D$2:$D$31,A3,Data!$H$2:$H$31) -> 190 | D3: =SUMIF(Data!$D$2:$D$31,A3,Data!$L$2:$L$31) -> 10
A4: Cabang Yogyakarta | B4: =SUMIF(Data!$C$2:$C$31,A4,Data!$G$2:$G$31) -> 290 | C4: =SUMIF(Data!$D$2:$D$31,A4,Data!$H$2:$H$31) -> 205 | D4: =SUMIF(Data!$D$2:$D$31,A4,Data!$L$2:$L$31) -> 16
A5: Cabang Purwokerto | B5: =SUMIF(Data!$C$2:$C$31,A5,Data!$G$2:$G$31) -> 195 | C5: =SUMIF(Data!$D$2:$D$31,A5,Data!$H$2:$H$31) -> 133 | D5: =SUMIF(Data!$D$2:$D$31,A5,Data!$L$2:$L$31) -> 5

Sheet Ringkasan
A1: Ringkasan: lembar jawaban soal berjenis ringkasan
A2: Sel hijau berisi rumus kunci.
A3: No | B3: Pertanyaan | C3: Jawaban | D3: Contoh format hasil
A4: 10a | B4: Mutasi Sesuai | C4: =COUNTIF(Data!$N$2:$N$31,"Sesuai") -> 11 | D4: Angka bulat, mis. 9
A5: 10b | B5: Mutasi Selisih Kecil | C5: =COUNTIF(Data!$N$2:$N$31,"Selisih Kecil") -> 6 | D5: Angka bulat, mis. 8
A6: 10c | B6: Mutasi Perlu Cek | C6: =COUNTIF(Data!$N$2:$N$31,"Perlu Cek") -> 13 | D6: Angka bulat, mis. 7
A7: 11a | B7: Total nilai selisih | C7: =SUM(Data!$O$2:$O$31) -> 23395000 | D7: Rupiah, mis. Rp 9.000.000
A8: 11b | B8: Kirim dari Solo ke Semarang | C8: =SUMIFS(Data!$G$2:$G$31,Data!$C$2:$C$31,"Cabang Solo",Data!$D$2:$D$31,"Cabang Semarang") -> 62 | D8: Angka bulat, mis. 65
A9: 12a | B9: Barang dengan nilai selisih terbesar | C9: =INDEX(Data!$B$2:$B$31,MATCH(MAX(Data!$O$2:$O$31),Data!$O$2:$O$31,0)) -> Pemanas Air | D9: Teks: nama barang
A10: 12b | B10: Cabang dengan selisih masuk terbesar | C10: =INDEX(Acuan!$A$2:$A$5,MATCH(MAX(Acuan!$D$2:$D$5),Acuan!$D$2:$D$5,0)) -> Cabang Semarang | D10: Teks: nama cabang
A11: 13a | B11: Rata-rata lama kirim | C11: =AVERAGE(Data!$J$2:$J$31) -> 2.9333333 | D11: Angka desimal, mis. 2,50
A12: 13b | B12: Lama kirim terlama | C12: =MAX(Data!$J$2:$J$31) -> 6 | D12: Angka bulat, mis. 5
A13: 14a | B13: Mutasi Terlambat dan Perlu Cek | C13: =COUNTIFS(Data!$K$2:$K$31,"Terlambat",Data!$N$2:$N$31,"Perlu Cek") -> 3 | D13: Angka bulat, mis. 2
A14: 14b | B14: Rata-rata persen selisih mutasi Terlambat | C14: =AVERAGEIF(Data!$K$2:$K$31,"Terlambat",Data!$M$2:$M$31) -> 0.08030303 | D14: Persen, mis. 4,2%
