Workbook

Sheet Petunjuk
A1: Kunci Jawaban: Tagihan Sewa Kios, Denda, dan Tunggakan
A2: Latihan 52 dari 56 | Tingkat: Menengah | Perkiraan waktu: 55 menit | pushexcel.github.io/Pushexcel
A4: Skenario
A5: Kamu petugas penagihan Pasar Modern Sejahtera yang mengelola 30 kios dengan tiga tipe. Tarif sewa bulanan tiap tipe ada di sheet Acuan, jatuh tempo semua kios 1 Oktober 2026. Pembayaran yang terlambat dikenai denda 0,2 persen dari sewa per hari terlambat, tetapi tidak lebih dari 10 persen sewa. Biaya listrik dihitung dari pemakaian kWh dikali tarif per kWh. Status Tepat Waktu bila terlambat 0 hari, Terlambat bila 1 sampai 14 hari, dan Menunggak bila lebih dari 14 hari (batas dan tarif ada di blok Parameter).
A7: Cara memakai kunci
A8: 1. | B8: Sel hijau berisi rumus kunci yang sudah dihitung. Klik sel untuk melihat rumusnya.
A9: 2. | B9: Kolom Rumus kunci di bawah menampilkan rumus untuk baris pertama atau tiap sel jawaban.
A10: 3. | B10: Rumus ditulis dengan titik koma (;). Ganti dengan koma (,) bila Excel kamu berbahasa Inggris.
A11: 4. | B11: Jawaban lain yang benar secara logika juga boleh, selama hasilnya sama.
A13: Arti warna
B14: Judul kolom data yang sudah diberikan
B15: Judul kolom hasil hitung
B16: Sel berisi rumus kunci
B17: Angka berwarna biru pada blok Parameter = nilai tetap yang boleh dirujuk
A19: Daftar soal
A20: No | B20: Soal | C20: Jawab di | D20: Rumus kunci
A21: 1 | B21: Ambil tarif sewa bulanan tiap kios dari sheet Acuan berdasarkan tipe kios. | C21: Sheet Data, kolom G (Tarif Sewa), baris 2 sampai 31 | D21: =VLOOKUP(C2;Acuan!$A$2:$B$4;2;FALSE)
A22: 2 | B22: Hitung hari terlambat: tanggal bayar dikurangi jatuh tempo. Bila bayar lebih awal, hasilnya 0 (bukan negatif). | C22: Sheet Data, kolom H (Hari Terlambat), baris 2 sampai 31 | D22: =MAX(0;E2-D2)
A23: 3 | B23: Tentukan status: Tepat Waktu bila 0 hari, Terlambat bila tidak lebih dari batas terlambat, selain itu Menunggak. | C23: Sheet Data, kolom I (Status Bayar), baris 2 sampai 31 | D23: =IF(H2=0;"Tepat Waktu";IF(H2<=$O$5;"Terlambat";"Menunggak"))
A24: 4 | B24: Hitung denda: tarif sewa dikali persen denda per hari dikali hari terlambat, tetapi persennya tidak boleh melebihi denda maksimum. Bulatkan ke rupiah. | C24: Sheet Data, kolom J (Denda), baris 2 sampai 31 | D24: =ROUND(G2*MIN(H2*$O$2;$O$3);0)
A25: 5 | B25: Hitung biaya listrik: pemakaian kWh dikali tarif per kWh. | C25: Sheet Data, kolom K (Biaya Listrik), baris 2 sampai 31 | D25: =F2*$O$4
A26: 6 | B26: Hitung total tagihan: tarif sewa ditambah denda dan biaya listrik. | C26: Sheet Data, kolom L (Total Tagihan), baris 2 sampai 31 | D26: =G2+J2+K2
A27: 7 | B27: Pada sheet Acuan, hitung jumlah kios untuk tiap tipe. | C27: Sheet Acuan, kolom C (Jumlah Kios), baris 2 sampai 4 | D27: =COUNTIF(Data!$C$2:$C$31;A2)
A28: 8 | B28: Pada sheet Acuan, hitung total tagihan tiap tipe kios. | C28: Sheet Acuan, kolom D (Total Tagihan Tipe), baris 2 sampai 4 | D28: =SUMIF(Data!$C$2:$C$31;A2;Data!$L$2:$L$31)
A29: 9 | B29: Berapa total tagihan seluruh kios, berapa total denda, dan berapa total biaya listrik? | C29: Sheet Ringkasan, sel C4 sampai C6 | D29: =SUM(Data!$L$2:$L$31) =SUM(Data!$J$2:$J$31) =SUM(Data!$K$2:$K$31)
A30: 10 | B30: Berapa kios yang Menunggak, dan berapa persen kios yang membayar Tepat Waktu? | C30: Sheet Ringkasan, sel C7 sampai C8 | D30: =COUNTIF(Data!$I$2:$I$31;"Menunggak") =COUNTIF(Data!$I$2:$I$31;"Tepat Waktu")/COUNTA(Data!$A$2:$A$31)
A31: 11 | B31: Tipe kios apa yang total tagihannya terbesar, dan penyewa mana yang paling lama terlambat? | C31: Sheet Ringkasan, sel C9 sampai C10 | D31: =INDEX(Acuan!$A$2:$A$4;MATCH(MAX(Acuan!$D$2:$D$4);Acuan!$D$2:$D$4;0)) =INDEX(Data!$B$2:$B$31;MATCH(MAX(Data!$H$2:$H$31);Data!$H$2:$H$31;0))
... A33: 13 | B33: Berapa kios yang dendanya sudah mencapai batas maksimum, dan berapa denda terbesar yang dikenakan? | C33: Sheet Ringkasan, sel C13 sampai C14 | D33: =COUNTIF(Data!$H$2:$H$31;">="&Data!$O$3/Data!$O$2) =MAX(Data!$J$2:$J$31)

Sheet Data
A1: Kode Kios | B1: Penyewa | C1: Tipe Kios | D1: Jatuh Tempo | E1: Tanggal Bayar | F1: Listrik (kWh) | G1: Tarif Sewa | H1: Hari Terlambat | I1: Status Bayar | J1: Denda | K1: Biaya Listrik | L1: Total Tagihan | N1: Parameter | O1: Nilai | P1: Keterangan
A2: KS-01 | B2: Gita Wibowo | C2: Kecil | D2: 46296 | E2: 46296 | F2: 273 | G2: =VLOOKUP(C2,Acuan!$A$2:$B$4,2,FALSE()) -> 1500000 | H2: =MAX(0,E2-D2) -> 0 | I2: =IF(H2=0,"Tepat Waktu",IF(H2<=$O$5,"Terlambat","Menunggak")) -> Tepat Waktu | J2: =ROUND(G2*MIN(H2*$O$2,$O$3),0) -> 0 | K2: =F2*$O$4 -> 409500 | L2: =G2+J2+K2 -> 1909500 | N2: Denda per hari | O2: 0.002 | P2: Persen dari tarif sewa per hari terlambat
A3: KS-02 | B3: Wawan Sari | C3: Sedang | D3: 46296 | E3: 46295 | F3: 135 | G3: =VLOOKUP(C3,Acuan!$A$2:$B$4,2,FALSE()) -> 2500000 | H3: =MAX(0,E3-D3) -> 0 | I3: =IF(H3=0,"Tepat Waktu",IF(H3<=$O$5,"Terlambat","Menunggak")) -> Tepat Waktu | J3: =ROUND(G3*MIN(H3*$O$2,$O$3),0) -> 0 | K3: =F3*$O$4 -> 202500 | L3: =G3+J3+K3 -> 2702500 | N3: Denda maksimum | O3: 0.1 | P3: Persen dari tarif sewa
A4: KS-03 | B4: Novi Permana | C4: Besar | D4: 46296 | E4: 46317 | F4: 186 | G4: =VLOOKUP(C4,Acuan!$A$2:$B$4,2,FALSE()) -> 4000000 | H4: =MAX(0,E4-D4) -> 21 | I4: =IF(H4=0,"Tepat Waktu",IF(H4<=$O$5,"Terlambat","Menunggak")) -> Menunggak | J4: =ROUND(G4*MIN(H4*$O$2,$O$3),0) -> 168000 | K4: =F4*$O$4 -> 279000 | L4: =G4+J4+K4 -> 4447000 | N4: Tarif listrik per kWh | O4: 1500
A5: KS-04 | B5: Lestari Wijaya | C5: Kecil | D5: 46296 | E5: 46293 | F5: 247 | G5: =VLOOKUP(C5,Acuan!$A$2:$B$4,2,FALSE()) -> 1500000 | H5: =MAX(0,E5-D5) -> 0 | I5: =IF(H5=0,"Tepat Waktu",IF(H5<=$O$5,"Terlambat","Menunggak")) -> Tepat Waktu | J5: =ROUND(G5*MIN(H5*$O$2,$O$3),0) -> 0 | K5: =F5*$O$4 -> 370500 | L5: =G5+J5+K5 -> 1870500 | N5: Batas terlambat (hari) | O5: 14 | P5: Lebih dari batas = Menunggak
A6: KS-05 | B6: Prasetyo Putra | C6: Sedang | D6: 46296 | E6: 46297 | F6: 306 | G6: =VLOOKUP(C6,Acuan!$A$2:$B$4,2,FALSE()) -> 2500000 | H6: =MAX(0,E6-D6) -> 1 | I6: =IF(H6=0,"Tepat Waktu",IF(H6<=$O$5,"Terlambat","Menunggak")) -> Terlambat | J6: =ROUND(G6*MIN(H6*$O$2,$O$3),0) -> 5000 | K6: =F6*$O$4 -> 459000 | L6: =G6+J6+K6 -> 2964000
A7: KS-06 | B7: Nurul Yulianto | C7: Besar | D7: 46296 | E7: 46296 | F7: 121 | G7: =VLOOKUP(C7,Acuan!$A$2:$B$4,2,FALSE()) -> 4000000 | H7: =MAX(0,E7-D7) -> 0 | I7: =IF(H7=0,"Tepat Waktu",IF(H7<=$O$5,"Terlambat","Menunggak")) -> Tepat Waktu | J7: =ROUND(G7*MIN(H7*$O$2,$O$3),0) -> 0 | K7: =F7*$O$4 -> 181500 | L7: =G7+J7+K7 -> 4181500
A8: KS-07 | B8: Prasetyo Ramadhan | C8: Besar | D8: 46296 | E8: 46310 | F8: 108 | G8: =VLOOKUP(C8,Acuan!$A$2:$B$4,2,FALSE()) -> 4000000 | H8: =MAX(0,E8-D8) -> 14 | I8: =IF(H8=0,"Tepat Waktu",IF(H8<=$O$5,"Terlambat","Menunggak")) -> Terlambat | J8: =ROUND(G8*MIN(H8*$O$2,$O$3),0) -> 112000 | K8: =F8*$O$4 -> 162000 | L8: =G8+J8+K8 -> 4274000
A9: KS-08 | B9: Hesti Saputra | C9: Sedang | D9: 46296 | E9: 46327 | F9: 157 | G9: =VLOOKUP(C9,Acuan!$A$2:$B$4,2,FALSE()) -> 2500000 | H9: =MAX(0,E9-D9) -> 31 | I9: =IF(H9=0,"Tepat Waktu",IF(H9<=$O$5,"Terlambat","Menunggak")) -> Menunggak | J9: =ROUND(G9*MIN(H9*$O$2,$O$3),0) -> 155000 | K9: =F9*$O$4 -> 235500 | L9: =G9+J9+K9 -> 2890500
A10: KS-09 | B10: Indah Permana | C10: Kecil | D10: 46296 | E10: 46328 | F10: 183 | G10: =VLOOKUP(C10,Acuan!$A$2:$B$4,2,FALSE()) -> 1500000 | H10: =MAX(0,E10-D10) -> 32 | I10: =IF(H10=0,"Tepat Waktu",IF(H10<=$O$5,"Terlambat","Menunggak")) -> Menunggak | J10: =ROUND(G10*MIN(H10*$O$2,$O$3),0) -> 96000 | K10: =F10*$O$4 -> 274500 | L10: =G10+J10+K10 -> 1870500
A11: KS-10 | B11: Joko Utomo | C11: Kecil | D11: 46296 | E11: 46314 | F11: 291 | G11: =VLOOKUP(C11,Acuan!$A$2:$B$4,2,FALSE()) -> 1500000 | H11: =MAX(0,E11-D11) -> 18 | I11: =IF(H11=0,"Tepat Waktu",IF(H11<=$O$5,"Terlambat","Menunggak")) -> Menunggak | J11: =ROUND(G11*MIN(H11*$O$2,$O$3),0) -> 54000 | K11: =F11*$O$4 -> 436500 | L11: =G11+J11+K11 -> 1990500
A12: KS-11 | B12: Vina Anggraini | C12: Kecil | D12: 46296 | E12: 46308 | F12: 117 | G12: =VLOOKUP(C12,Acuan!$A$2:$B$4,2,FALSE()) -> 1500000 | H12: =MAX(0,E12-D12) -> 12 | I12: =IF(H12=0,"Tepat Waktu",IF(H12<=$O$5,"Terlambat","Menunggak")) -> Terlambat | J12: =ROUND(G12*MIN(H12*$O$2,$O$3),0) -> 36000 | K12: =F12*$O$4 -> 175500 | L12: =G12+J12+K12 -> 1711500
A13: KS-12 | B13: Dian Amalia | C13: Kecil | D13: 46296 | E13: 46293 | F13: 52 | G13: =VLOOKUP(C13,Acuan!$A$2:$B$4,2,FALSE()) -> 1500000 | H13: =MAX(0,E13-D13) -> 0 | I13: =IF(H13=0,"Tepat Waktu",IF(H13<=$O$5,"Terlambat","Menunggak")) -> Tepat Waktu | J13: =ROUND(G13*MIN(H13*$O$2,$O$3),0) -> 0 | K13: =F13*$O$4 -> 78000 | L13: =G13+J13+K13 -> 1578000
A14: KS-13 | B14: Hesti Nugroho | C14: Besar | D14: 46296 | E14: 46361 | F14: 129 | G14: =VLOOKUP(C14,Acuan!$A$2:$B$4,2,FALSE()) -> 4000000 | H14: =MAX(0,E14-D14) -> 65 | I14: =IF(H14=0,"Tepat Waktu",IF(H14<=$O$5,"Terlambat","Menunggak")) -> Menunggak | J14: =ROUND(G14*MIN(H14*$O$2,$O$3),0) -> 400000 | K14: =F14*$O$4 -> 193500 | L14: =G14+J14+K14 -> 4593500
A15: KS-14 | B15: Mulyadi Yulianto | C15: Kecil | D15: 46296 | E15: 46294 | F15: 45 | G15: =VLOOKUP(C15,Acuan!$A$2:$B$4,2,FALSE()) -> 1500000 | H15: =MAX(0,E15-D15) -> 0 | I15: =IF(H15=0,"Tepat Waktu",IF(H15<=$O$5,"Terlambat","Menunggak")) -> Tepat Waktu | J15: =ROUND(G15*MIN(H15*$O$2,$O$3),0) -> 0 | K15: =F15*$O$4 -> 67500 | L15: =G15+J15+K15 -> 1567500
A16: KS-15 | B16: Kartika Lestari | C16: Sedang | D16: 46296 | E16: 46294 | F16: 51 | G16: =VLOOKUP(C16,Acuan!$A$2:$B$4,2,FALSE()) -> 2500000 | H16: =MAX(0,E16-D16) -> 0 | I16: =IF(H16=0,"Tepat Waktu",IF(H16<=$O$5,"Terlambat","Menunggak")) -> Tepat Waktu | J16: =ROUND(G16*MIN(H16*$O$2,$O$3),0) -> 0 | K16: =F16*$O$4 -> 76500 | L16: =G16+J16+K16 -> 2576500
A17: KS-16 | B17: Rina Handayani | C17: Besar | D17: 46296 | E17: 46295 | F17: 305 | G17: =VLOOKUP(C17,Acuan!$A$2:$B$4,2,FALSE()) -> 4000000 | H17: =MAX(0,E17-D17) -> 0 | I17: =IF(H17=0,"Tepat Waktu",IF(H17<=$O$5,"Terlambat","Menunggak")) -> Tepat Waktu | J17: =ROUND(G17*MIN(H17*$O$2,$O$3),0) -> 0 | K17: =F17*$O$4 -> 457500 | L17: =G17+J17+K17 -> 4457500
... A31: KS-30 | B31: Zainal Maharani | C31: Kecil | D31: 46296 | E31: 46342 | F31: 93 | G31: =VLOOKUP(C31,Acuan!$A$2:$B$4,2,FALSE()) -> 1500000 | H31: =MAX(0,E31-D31) -> 46 | I31: =IF(H31=0,"Tepat Waktu",IF(H31<=$O$5,"Terlambat","Menunggak")) -> Menunggak | J31: =ROUND(G31*MIN(H31*$O$2,$O$3),0) -> 138000 | K31: =F31*$O$4 -> 139500 | L31: =G31+J31+K31 -> 1777500

Sheet Acuan
A1: Tipe Kios | B1: Tarif Sewa | C1: Jumlah Kios | D1: Total Tagihan Tipe
A2: Kecil | B2: 1500000 | C2: =COUNTIF(Data!$C$2:$C$31,A2) -> 16 | D2: =SUMIF(Data!$C$2:$C$31,A2,Data!$L$2:$L$31) -> 28558500
A3: Sedang | B3: 2500000 | C3: =COUNTIF(Data!$C$2:$C$31,A3) -> 7 | D3: =SUMIF(Data!$C$2:$C$31,A3,Data!$L$2:$L$31) -> 19561000
A4: Besar | B4: 4000000 | C4: =COUNTIF(Data!$C$2:$C$31,A4) -> 7 | D4: =SUMIF(Data!$C$2:$C$31,A4,Data!$L$2:$L$31) -> 30610500

Sheet Ringkasan
A1: Ringkasan: lembar jawaban soal berjenis ringkasan
A2: Sel hijau berisi rumus kunci.
A3: No | B3: Pertanyaan | C3: Jawaban | D3: Contoh format hasil
A4: 9a | B4: Total tagihan seluruh kios | C4: =SUM(Data!$L$2:$L$31) -> 78730000 | D4: Rupiah, mis. Rp 100.000.000
A5: 9b | B5: Total denda | C5: =SUM(Data!$J$2:$J$31) -> 1544000 | D5: Rupiah, mis. Rp 1.500.000
A6: 9c | B6: Total biaya listrik | C6: =SUM(Data!$K$2:$K$31) -> 7686000 | D6: Rupiah, mis. Rp 10.000.000
A7: 10a | B7: Jumlah kios Menunggak | C7: =COUNTIF(Data!$I$2:$I$31,"Menunggak") -> 8 | D7: Angka bulat, mis. 4
A8: 10b | B8: Persen kios Tepat Waktu | C8: =COUNTIF(Data!$I$2:$I$31,"Tepat Waktu")/COUNTA(Data!$A$2:$A$31) -> 0.5 | D8: Persen, mis. 40,5%
A9: 11a | B9: Tipe kios dengan total tagihan terbesar | C9: =INDEX(Acuan!$A$2:$A$4,MATCH(MAX(Acuan!$D$2:$D$4),Acuan!$D$2:$D$4,0)) -> Besar | D9: Teks: tipe kios
A10: 11b | B10: Penyewa paling lama terlambat | C10: =INDEX(Data!$B$2:$B$31,MATCH(MAX(Data!$H$2:$H$31),Data!$H$2:$H$31,0)) -> Dimas Pangestu | D10: Teks: nama penyewa
A11: 12a | B11: Rata-rata hari terlambat kios tidak tepat waktu | C11: =AVERAGEIF(Data!$I$2:$I$31,"<>Tepat Waktu",Data!$H$2:$H$31) -> 24.266667 | D11: Angka desimal, mis. 12,5
A12: 12b | B12: Total tagihan kios Besar yang Menunggak | C12: =SUMIFS(Data!$L$2:$L$31,Data!$C$2:$C$31,"Besar",Data!$I$2:$I$31,"Menunggak") -> 9040500 | D12: Rupiah, mis. Rp 9.000.000
A13: 13a | B13: Kios dengan denda mencapai batas maksimum | C13: =COUNTIF(Data!$H$2:$H$31,">="&Data!$O$3/Data!$O$2) -> 2 | D13: Angka bulat, mis. 3
A14: 13b | B14: Denda terbesar yang dikenakan | C14: =MAX(Data!$J$2:$J$31) -> 400000 | D14: Rupiah, mis. Rp 350.000
