Workbook

Sheet Petunjuk
A1: Kunci Jawaban: Penilaian Lomba Kreativitas oleh Tiga Juri
A2: Latihan 49 dari 56 | Tingkat: Menengah | Perkiraan waktu: 50 menit | pushexcel.github.io/Pushexcel
A4: Skenario
A5: Kamu panitia Lomba Kreativitas Pelajar tingkat kecamatan yang diikuti 24 peserta dari enam sekolah. Setiap peserta dinilai tiga juri. Skor akhir adalah rata-rata nilai tiga juri dikurangi penalti keterlambatan (0,5 poin per menit terlambat) dan dibulatkan dua desimal. Tiga peringkat teratas menjadi juara 1, 2, dan 3 dengan hadiah yang nilainya ada di blok Parameter, sedangkan peserta lain tidak mendapat hadiah.
A7: Cara memakai kunci
A8: 1. | B8: Sel hijau berisi rumus kunci yang sudah dihitung. Klik sel untuk melihat rumusnya.
A9: 2. | B9: Kolom Rumus kunci di bawah menampilkan rumus untuk baris pertama atau tiap sel jawaban.
A10: 3. | B10: Rumus ditulis dengan titik koma (;). Ganti dengan koma (,) bila Excel kamu berbahasa Inggris.
A11: 4. | B11: Jawaban lain yang benar secara logika juga boleh, selama hasilnya sama.
A13: Arti warna
B14: Judul kolom data yang sudah diberikan
B15: Judul kolom hasil hitung
B16: Sel berisi rumus kunci
B17: Angka berwarna biru pada blok Parameter = nilai tetap yang boleh dirujuk
A19: Daftar soal
A20: No | B20: Soal | C20: Jawab di | D20: Rumus kunci
A21: 1 | B21: Hitung rata-rata nilai tiga juri untuk tiap peserta. | C21: Sheet Data, kolom G (Rata-rata Juri), baris 2 sampai 25 | D21: =AVERAGE(C2;D2;E2)
A22: 2 | B22: Hitung penalti: menit terlambat dikali penalti per menit. | C22: Sheet Data, kolom H (Penalti), baris 2 sampai 25 | D22: =F2*$P$2
A23: 3 | B23: Hitung skor akhir: rata-rata juri dikurangi penalti, dibulatkan dua desimal. | C23: Sheet Data, kolom I (Skor Akhir), baris 2 sampai 25 | D23: =ROUND(G2-H2;2)
A24: 4 | B24: Beri peringkat menurut skor akhir, peringkat 1 untuk skor tertinggi. | C24: Sheet Data, kolom J (Peringkat), baris 2 sampai 25 | D24: =RANK(I2;$I$2:$I$25;0)
A25: 5 | B25: Tulis Juara 1, Juara 2, atau Juara 3 untuk tiga peringkat teratas. Peserta lain diberi tanda minus (-). | C25: Sheet Data, kolom K (Juara), baris 2 sampai 25 | D25: =IF(J2=1;"Juara 1";IF(J2=2;"Juara 2";IF(J2=3;"Juara 3";"-")))
A26: 6 | B26: Berikan hadiah sesuai peringkat (juara 1, 2, 3 dari sel Parameter). Peserta peringkat di bawah 3 mendapat 0. | C26: Sheet Data, kolom L (Hadiah), baris 2 sampai 25 | D26: =IF(J2<=3;CHOOSE(J2;$P$3;$P$4;$P$5);0)
A27: 7 | B27: Hitung selisih skor akhir peserta dari skor tertinggi: skor tertinggi dikurangi skor peserta. | C27: Sheet Data, kolom M (Selisih dari Juara 1), baris 2 sampai 25 | D27: =MAX($I$2:$I$25)-I2
A28: 8 | B28: Pada sheet Acuan, hitung rata-rata skor akhir peserta tiap sekolah. | C28: Sheet Acuan, kolom B (Rata-rata Skor), baris 2 sampai 7 | D28: =AVERAGEIF(Data!$B$2:$B$25;A2;Data!$I$2:$I$25)
A29: 9 | B29: Pada sheet Acuan, hitung total hadiah yang diraih tiap sekolah. | C29: Sheet Acuan, kolom C (Total Hadiah), baris 2 sampai 7 | D29: =SUMIF(Data!$B$2:$B$25;A2;Data!$L$2:$L$25)
A30: 10 | B30: Pada sheet Acuan, hitung berapa peserta tiap sekolah yang masuk lima besar, yaitu berperingkat 1 sampai 5. | C30: Sheet Acuan, kolom D (Peserta 5 Besar), baris 2 sampai 7 | D30: =COUNTIFS(Data!$B$2:$B$25;A2;Data!$J$2:$J$25;"<=5")
A31: 11 | B31: Berapa skor akhir tertinggi, terendah, dan rata-rata seluruh peserta? | C31: Sheet Ringkasan, sel C4 sampai C6 | D31: =MAX(Data!$I$2:$I$25) =MIN(Data!$I$2:$I$25) =AVERAGE(Data!$I$2:$I$25)
... A34: 14 | B34: Berapa total hadiah yang dibagikan, dan berapa peserta yang terkena penalti keterlambatan? | C34: Sheet Ringkasan, sel C13 sampai C14 | D34: =SUM(Data!$L$2:$L$25) =COUNTIF(Data!$F$2:$F$25;">0")

Sheet Data
A1: Peserta | B1: Sekolah | C1: Juri 1 | D1: Juri 2 | E1: Juri 3 | F1: Menit Terlambat | G1: Rata-rata Juri | H1: Penalti | I1: Skor Akhir | J1: Peringkat | K1: Juara | L1: Hadiah | M1: Selisih dari Juara 1 | O1: Parameter | P1: Nilai | Q1: Keterangan
A2: Tika Purnomo | B2: SMP Negeri 1 | C2: 78 | D2: 76 | E2: 86 | F2: 5 | G2: =AVERAGE(C2,D2,E2) -> 80 | H2: =F2*$P$2 -> 2.5 | I2: =ROUND(G2-H2,2) -> 77.5 | J2: =RANK(I2,$I$2:$I$25,0) -> 16 | K2: =IF(J2=1,"Juara 1",IF(J2=2,"Juara 2",IF(J2=3,"Juara 3","-"))) -> - | L2: =IF(J2<=3,CHOOSE(J2,$P$3,$P$4,$P$5),0) -> 0 | M2: =MAX($I$2:$I$25)-I2 -> 13.5 | O2: Penalti per menit | P2: 0.5
A3: Umar Lestari | B3: SMP Negeri 2 | C3: 86 | D3: 83 | E3: 81 | F3: 2 | G3: =AVERAGE(C3,D3,E3) -> 83.333333 | H3: =F3*$P$2 -> 1 | I3: =ROUND(G3-H3,2) -> 82.33 | J3: =RANK(I3,$I$2:$I$25,0) -> 9 | K3: =IF(J3=1,"Juara 1",IF(J3=2,"Juara 2",IF(J3=3,"Juara 3","-"))) -> - | L3: =IF(J3<=3,CHOOSE(J3,$P$3,$P$4,$P$5),0) -> 0 | M3: =MAX($I$2:$I$25)-I3 -> 8.67 | O3: Hadiah juara 1 | P3: 2000000
A4: Bambang Maharani | B4: SMP Harapan | C4: 86 | D4: 92 | E4: 88 | F4: 0 | G4: =AVERAGE(C4,D4,E4) -> 88.666667 | H4: =F4*$P$2 -> 0 | I4: =ROUND(G4-H4,2) -> 88.67 | J4: =RANK(I4,$I$2:$I$25,0) -> 3 | K4: =IF(J4=1,"Juara 1",IF(J4=2,"Juara 2",IF(J4=3,"Juara 3","-"))) -> Juara 3 | L4: =IF(J4<=3,CHOOSE(J4,$P$3,$P$4,$P$5),0) -> 1000000 | M4: =MAX($I$2:$I$25)-I4 -> 2.33 | O4: Hadiah juara 2 | P4: 1500000
A5: Edi Hidayat | B5: SMP Tunas Bangsa | C5: 81 | D5: 87 | E5: 83 | F5: 0 | G5: =AVERAGE(C5,D5,E5) -> 83.666667 | H5: =F5*$P$2 -> 0 | I5: =ROUND(G5-H5,2) -> 83.67 | J5: =RANK(I5,$I$2:$I$25,0) -> 7 | K5: =IF(J5=1,"Juara 1",IF(J5=2,"Juara 2",IF(J5=3,"Juara 3","-"))) -> - | L5: =IF(J5<=3,CHOOSE(J5,$P$3,$P$4,$P$5),0) -> 0 | M5: =MAX($I$2:$I$25)-I5 -> 7.33 | O5: Hadiah juara 3 | P5: 1000000
A6: Tono Ramadhan | B6: SMP Al Ikhlas | C6: 78 | D6: 86 | E6: 93 | F6: 0 | G6: =AVERAGE(C6,D6,E6) -> 85.666667 | H6: =F6*$P$2 -> 0 | I6: =ROUND(G6-H6,2) -> 85.67 | J6: =RANK(I6,$I$2:$I$25,0) -> 4 | K6: =IF(J6=1,"Juara 1",IF(J6=2,"Juara 2",IF(J6=3,"Juara 3","-"))) -> - | L6: =IF(J6<=3,CHOOSE(J6,$P$3,$P$4,$P$5),0) -> 0 | M6: =MAX($I$2:$I$25)-I6 -> 5.33
A7: Eko Yulianto | B7: SMP Mutiara | C7: 67 | D7: 74 | E7: 77 | F7: 2 | G7: =AVERAGE(C7,D7,E7) -> 72.666667 | H7: =F7*$P$2 -> 1 | I7: =ROUND(G7-H7,2) -> 71.67 | J7: =RANK(I7,$I$2:$I$25,0) -> 21 | K7: =IF(J7=1,"Juara 1",IF(J7=2,"Juara 2",IF(J7=3,"Juara 3","-"))) -> - | L7: =IF(J7<=3,CHOOSE(J7,$P$3,$P$4,$P$5),0) -> 0 | M7: =MAX($I$2:$I$25)-I7 -> 19.33
A8: Irfan Hidayat | B8: SMP Negeri 1 | C8: 76 | D8: 81 | E8: 84 | F8: 5 | G8: =AVERAGE(C8,D8,E8) -> 80.333333 | H8: =F8*$P$2 -> 2.5 | I8: =ROUND(G8-H8,2) -> 77.83 | J8: =RANK(I8,$I$2:$I$25,0) -> 15 | K8: =IF(J8=1,"Juara 1",IF(J8=2,"Juara 2",IF(J8=3,"Juara 3","-"))) -> - | L8: =IF(J8<=3,CHOOSE(J8,$P$3,$P$4,$P$5),0) -> 0 | M8: =MAX($I$2:$I$25)-I8 -> 13.17
A9: Yoga Yulianto | B9: SMP Negeri 2 | C9: 87 | D9: 84 | E9: 83 | F9: 0 | G9: =AVERAGE(C9,D9,E9) -> 84.666667 | H9: =F9*$P$2 -> 0 | I9: =ROUND(G9-H9,2) -> 84.67 | J9: =RANK(I9,$I$2:$I$25,0) -> 6 | K9: =IF(J9=1,"Juara 1",IF(J9=2,"Juara 2",IF(J9=3,"Juara 3","-"))) -> - | L9: =IF(J9<=3,CHOOSE(J9,$P$3,$P$4,$P$5),0) -> 0 | M9: =MAX($I$2:$I$25)-I9 -> 6.33
A10: Ayu Nugroho | B10: SMP Harapan | C10: 94 | D10: 94 | E10: 84 | F10: 0 | G10: =AVERAGE(C10,D10,E10) -> 90.666667 | H10: =F10*$P$2 -> 0 | I10: =ROUND(G10-H10,2) -> 90.67 | J10: =RANK(I10,$I$2:$I$25,0) -> 2 | K10: =IF(J10=1,"Juara 1",IF(J10=2,"Juara 2",IF(J10=3,"Juara 3","-"))) -> Juara 2 | L10: =IF(J10<=3,CHOOSE(J10,$P$3,$P$4,$P$5),0) -> 1500000 | M10: =MAX($I$2:$I$25)-I10 -> 0.33
A11: Wawan Wibowo | B11: SMP Tunas Bangsa | C11: 82 | D11: 82 | E11: 85 | F11: 0 | G11: =AVERAGE(C11,D11,E11) -> 83 | H11: =F11*$P$2 -> 0 | I11: =ROUND(G11-H11,2) -> 83 | J11: =RANK(I11,$I$2:$I$25,0) -> 8 | K11: =IF(J11=1,"Juara 1",IF(J11=2,"Juara 2",IF(J11=3,"Juara 3","-"))) -> - | L11: =IF(J11<=3,CHOOSE(J11,$P$3,$P$4,$P$5),0) -> 0 | M11: =MAX($I$2:$I$25)-I11 -> 8
A12: Rizki Firmansyah | B12: SMP Al Ikhlas | C12: 84 | D12: 70 | E12: 71 | F12: 2 | G12: =AVERAGE(C12,D12,E12) -> 75 | H12: =F12*$P$2 -> 1 | I12: =ROUND(G12-H12,2) -> 74 | J12: =RANK(I12,$I$2:$I$25,0) -> 20 | K12: =IF(J12=1,"Juara 1",IF(J12=2,"Juara 2",IF(J12=3,"Juara 3","-"))) -> - | L12: =IF(J12<=3,CHOOSE(J12,$P$3,$P$4,$P$5),0) -> 0 | M12: =MAX($I$2:$I$25)-I12 -> 17
A13: Andi Pratama | B13: SMP Mutiara | C13: 82 | D13: 86 | E13: 74 | F13: 0 | G13: =AVERAGE(C13,D13,E13) -> 80.666667 | H13: =F13*$P$2 -> 0 | I13: =ROUND(G13-H13,2) -> 80.67 | J13: =RANK(I13,$I$2:$I$25,0) -> 12 | K13: =IF(J13=1,"Juara 1",IF(J13=2,"Juara 2",IF(J13=3,"Juara 3","-"))) -> - | L13: =IF(J13<=3,CHOOSE(J13,$P$3,$P$4,$P$5),0) -> 0 | M13: =MAX($I$2:$I$25)-I13 -> 10.33
A14: Joko Nugroho | B14: SMP Negeri 1 | C14: 87 | D14: 84 | E14: 84 | F14: 0 | G14: =AVERAGE(C14,D14,E14) -> 85 | H14: =F14*$P$2 -> 0 | I14: =ROUND(G14-H14,2) -> 85 | J14: =RANK(I14,$I$2:$I$25,0) -> 5 | K14: =IF(J14=1,"Juara 1",IF(J14=2,"Juara 2",IF(J14=3,"Juara 3","-"))) -> - | L14: =IF(J14<=3,CHOOSE(J14,$P$3,$P$4,$P$5),0) -> 0 | M14: =MAX($I$2:$I$25)-I14 -> 6
A15: Putri Handayani | B15: SMP Negeri 2 | C15: 78 | D15: 70 | E15: 78 | F15: 0 | G15: =AVERAGE(C15,D15,E15) -> 75.333333 | H15: =F15*$P$2 -> 0 | I15: =ROUND(G15-H15,2) -> 75.33 | J15: =RANK(I15,$I$2:$I$25,0) -> 17 | K15: =IF(J15=1,"Juara 1",IF(J15=2,"Juara 2",IF(J15=3,"Juara 3","-"))) -> - | L15: =IF(J15<=3,CHOOSE(J15,$P$3,$P$4,$P$5),0) -> 0 | M15: =MAX($I$2:$I$25)-I15 -> 15.67
A16: Utami Pangestu | B16: SMP Harapan | C16: 75 | D16: 89 | E16: 81 | F16: 5 | G16: =AVERAGE(C16,D16,E16) -> 81.666667 | H16: =F16*$P$2 -> 2.5 | I16: =ROUND(G16-H16,2) -> 79.17 | J16: =RANK(I16,$I$2:$I$25,0) -> 13 | K16: =IF(J16=1,"Juara 1",IF(J16=2,"Juara 2",IF(J16=3,"Juara 3","-"))) -> - | L16: =IF(J16<=3,CHOOSE(J16,$P$3,$P$4,$P$5),0) -> 0 | M16: =MAX($I$2:$I$25)-I16 -> 11.83
A17: Joko Suryani | B17: SMP Tunas Bangsa | C17: 80 | D17: 74 | E17: 80 | F17: 0 | G17: =AVERAGE(C17,D17,E17) -> 78 | H17: =F17*$P$2 -> 0 | I17: =ROUND(G17-H17,2) -> 78 | J17: =RANK(I17,$I$2:$I$25,0) -> 14 | K17: =IF(J17=1,"Juara 1",IF(J17=2,"Juara 2",IF(J17=3,"Juara 3","-"))) -> - | L17: =IF(J17<=3,CHOOSE(J17,$P$3,$P$4,$P$5),0) -> 0 | M17: =MAX($I$2:$I$25)-I17 -> 13
... A25: Citra Susanto | B25: SMP Mutiara | C25: 71 | D25: 73 | E25: 71 | F25: 1 | G25: =AVERAGE(C25,D25,E25) -> 71.666667 | H25: =F25*$P$2 -> 0.5 | I25: =ROUND(G25-H25,2) -> 71.17 | J25: =RANK(I25,$I$2:$I$25,0) -> 22 | K25: =IF(J25=1,"Juara 1",IF(J25=2,"Juara 2",IF(J25=3,"Juara 3","-"))) -> - | L25: =IF(J25<=3,CHOOSE(J25,$P$3,$P$4,$P$5),0) -> 0 | M25: =MAX($I$2:$I$25)-I25 -> 19.83

Sheet Acuan
A1: Sekolah | B1: Rata-rata Skor | C1: Total Hadiah | D1: Peserta 5 Besar
A2: SMP Negeri 1 | B2: =AVERAGEIF(Data!$B$2:$B$25,A2,Data!$I$2:$I$25) -> 78.8325 | C2: =SUMIF(Data!$B$2:$B$25,A2,Data!$L$2:$L$25) -> 0 | D2: =COUNTIFS(Data!$B$2:$B$25,A2,Data!$J$2:$J$25,"<=5") -> 1
A3: SMP Negeri 2 | B3: =AVERAGEIF(Data!$B$2:$B$25,A3,Data!$I$2:$I$25) -> 80.875 | C3: =SUMIF(Data!$B$2:$B$25,A3,Data!$L$2:$L$25) -> 0 | D3: =COUNTIFS(Data!$B$2:$B$25,A3,Data!$J$2:$J$25,"<=5") -> 0
A4: SMP Harapan | B4: =AVERAGEIF(Data!$B$2:$B$25,A4,Data!$I$2:$I$25) -> 85.17 | C4: =SUMIF(Data!$B$2:$B$25,A4,Data!$L$2:$L$25) -> 2500000 | D4: =COUNTIFS(Data!$B$2:$B$25,A4,Data!$J$2:$J$25,"<=5") -> 2
A5: SMP Tunas Bangsa | B5: =AVERAGEIF(Data!$B$2:$B$25,A5,Data!$I$2:$I$25) -> 79.7925 | C5: =SUMIF(Data!$B$2:$B$25,A5,Data!$L$2:$L$25) -> 0 | D5: =COUNTIFS(Data!$B$2:$B$25,A5,Data!$J$2:$J$25,"<=5") -> 0
A6: SMP Al Ikhlas | B6: =AVERAGEIF(Data!$B$2:$B$25,A6,Data!$I$2:$I$25) -> 73.4175 | C6: =SUMIF(Data!$B$2:$B$25,A6,Data!$L$2:$L$25) -> 0 | D6: =COUNTIFS(Data!$B$2:$B$25,A6,Data!$J$2:$J$25,"<=5") -> 1
A7: SMP Mutiara | B7: =AVERAGEIF(Data!$B$2:$B$25,A7,Data!$I$2:$I$25) -> 78.6275 | C7: =SUMIF(Data!$B$2:$B$25,A7,Data!$L$2:$L$25) -> 2000000 | D7: =COUNTIFS(Data!$B$2:$B$25,A7,Data!$J$2:$J$25,"<=5") -> 1

Sheet Ringkasan
A1: Ringkasan: lembar jawaban soal berjenis ringkasan
A2: Sel hijau berisi rumus kunci.
A3: No | B3: Pertanyaan | C3: Jawaban | D3: Contoh format hasil
A4: 11a | B4: Skor akhir tertinggi | C4: =MAX(Data!$I$2:$I$25) -> 91 | D4: Angka desimal, mis. 92,00
A5: 11b | B5: Skor akhir terendah | C5: =MIN(Data!$I$2:$I$25) -> 66.17 | D5: Angka desimal, mis. 65,00
A6: 11c | B6: Rata-rata skor akhir | C6: =AVERAGE(Data!$I$2:$I$25) -> 79.4525 | D6: Angka desimal, mis. 80,50
A7: 12a | B7: Peserta Juara 1 | C7: =INDEX(Data!$A$2:$A$25,MATCH(1,Data!$J$2:$J$25,0)) -> Vina Ramadhan | D7: Teks: nama peserta
A8: 12b | B8: Sekolah Juara 1 | C8: =INDEX(Data!$B$2:$B$25,MATCH(1,Data!$J$2:$J$25,0)) -> SMP Mutiara | D8: Teks: nama sekolah
A9: 12c | B9: Peserta peringkat 3 | C9: =INDEX(Data!$A$2:$A$25,MATCH(3,Data!$J$2:$J$25,0)) -> Bambang Maharani | D9: Teks: nama peserta
A10: 13a | B10: Skor akhir tertinggi kedua | C10: =LARGE(Data!$I$2:$I$25,2) -> 90.67 | D10: Angka desimal, mis. 90,50
A11: 13b | B11: Skor akhir terendah kedua | C11: =SMALL(Data!$I$2:$I$25,2) -> 67.83 | D11: Angka desimal, mis. 67,50
A12: 13c | B12: Sekolah dengan rata-rata skor tertinggi | C12: =INDEX(Acuan!$A$2:$A$7,MATCH(MAX(Acuan!$B$2:$B$7),Acuan!$B$2:$B$7,0)) -> SMP Harapan | D12: Teks: nama sekolah
A13: 14a | B13: Total hadiah dibagikan | C13: =SUM(Data!$L$2:$L$25) -> 4500000 | D13: Rupiah, mis. Rp 3.000.000
A14: 14b | B14: Peserta terkena penalti keterlambatan | C14: =COUNTIF(Data!$F$2:$F$25,">0") -> 12 | D14: Angka bulat, mis. 6
