Workbook

Sheet Petunjuk
A1: Kunci Jawaban: Konsumsi BBM dan Efisiensi Armada Distribusi
A2: Latihan 80 dari 40 | Tingkat: Menengah | Perkiraan waktu: 50 menit | pushexcel.github.io/Pushexcel
A4: Skenario
A5: Kamu staf operasional PT Lintas Niaga Distribusi yang memantau konsumsi BBM delapan armada, masing-masing dengan empat perjalanan pada Oktober 2026. Tiap perjalanan mencatat kilometer awal, kilometer akhir, dan liter BBM yang terpakai. Sheet Acuan memuat harga BBM per liter dan standar kilometer per liter untuk tiap jenis armada. Jarak adalah km akhir dikurangi km awal. Status Efisien bila km per liter mencapai standar, Normal bila mencapai 90 persen standar (angka ada di blok Parameter), dan Boros bila di bawah itu.
A7: Cara memakai kunci
A8: 1. | B8: Sel hijau berisi rumus kunci yang sudah dihitung. Klik sel untuk melihat rumusnya.
A9: 2. | B9: Kolom Rumus kunci di bawah menampilkan rumus untuk baris pertama atau tiap sel jawaban.
A10: 3. | B10: Rumus ditulis dengan titik koma (;). Ganti dengan koma (,) bila Excel kamu berbahasa Inggris.
A11: 4. | B11: Jawaban lain yang benar secara logika juga boleh, selama hasilnya sama.
A13: Arti warna
B14: Judul kolom data yang sudah diberikan
B15: Judul kolom hasil hitung
B16: Sel berisi rumus kunci
B17: Angka berwarna biru pada blok Parameter = nilai tetap yang boleh dirujuk
A19: Daftar soal
A20: No | B20: Soal | C20: Jawab di | D20: Rumus kunci
A21: 1 | B21: Hitung jarak tempuh: km akhir dikurangi km awal. | C21: Sheet Data, kolom H (Jarak), baris 2 sampai 33 | D21: =F2-E2
A22: 2 | B22: Hitung km per liter: jarak dibagi liter BBM, dibulatkan 2 desimal. | C22: Sheet Data, kolom I (Km per Liter), baris 2 sampai 33 | D22: =ROUND(H2/G2;2)
A23: 3 | B23: Ambil standar km per liter tiap perjalanan dari tabel jenis armada di sheet Acuan. | C23: Sheet Data, kolom J (Standar Km per Liter), baris 2 sampai 33 | D23: =VLOOKUP(B2;Acuan!$A$2:$D$4;4;FALSE)
A24: 4 | B24: Ambil harga BBM per liter dari tabel jenis armada di sheet Acuan. | C24: Sheet Data, kolom K (Harga BBM), baris 2 sampai 33 | D24: =VLOOKUP(B2;Acuan!$A$2:$D$4;3;FALSE)
A25: 5 | B25: Hitung biaya BBM: liter BBM dikali harga BBM, dibulatkan ke rupiah. | C25: Sheet Data, kolom L (Biaya BBM), baris 2 sampai 33 | D25: =ROUND(G2*K2;0)
A26: 6 | B26: Hitung biaya per km: biaya BBM dibagi jarak, dibulatkan ke rupiah. | C26: Sheet Data, kolom M (Biaya per Km), baris 2 sampai 33 | D26: =ROUND(L2/H2;0)
A27: 7 | B27: Beri status Efisien bila km per liter sama dengan atau di atas standar, Normal bila sama dengan atau di atas batas normal dikali standar, selain itu Boros. | C27: Sheet Data, kolom N (Status Efisiensi), baris 2 sampai 33 | D27: =IF(I2>=J2;"Efisien";IF(I2>=$Q$2*J2;"Normal";"Boros"))
A28: 8 | B28: Pada sheet Acuan, hitung jumlah perjalanan tiap jenis armada. | C28: Sheet Acuan, kolom E (Jumlah Perjalanan), baris 2 sampai 4 | D28: =COUNTIF(Data!$B$2:$B$33;A2)
A29: 9 | B29: Pada sheet Acuan, hitung total biaya BBM tiap jenis armada. | C29: Sheet Acuan, kolom F (Total Biaya BBM), baris 2 sampai 4 | D29: =SUMIF(Data!$B$2:$B$33;A2;Data!$L$2:$L$33)
A30: 10 | B30: Pada sheet Acuan, hitung rata-rata km per liter tiap jenis armada. | C30: Sheet Acuan, kolom G (Rata-rata Km per Liter), baris 2 sampai 4 | D30: =AVERAGEIF(Data!$B$2:$B$33;A2;Data!$I$2:$I$33)
A31: 11 | B31: Berapa total jarak tempuh, total liter BBM, dan total biaya BBM seluruh perjalanan? | C31: Sheet Ringkasan, sel C4 sampai C6 | D31: =SUM(Data!$H$2:$H$33) =SUM(Data!$G$2:$G$33) =SUM(Data!$L$2:$L$33)
... A35: 15 | B35: Berapa perjalanan Pickup yang berstatus Boros, dan berapa total biaya BBM armada AR-01? | C35: Sheet Ringkasan, sel C14 sampai C15 | D35: =COUNTIFS(Data!$B$2:$B$33;"Pickup";Data!$N$2:$N$33;"Boros") =SUMIF(Data!$A$2:$A$33;"AR-01";Data!$L$2:$L$33)

Sheet Data
A1: Kode Armada | B1: Jenis Armada | C1: Sopir | D1: Tanggal | E1: Km Awal | F1: Km Akhir | G1: Liter BBM | H1: Jarak | I1: Km per Liter | J1: Standar Km per Liter | K1: Harga BBM | L1: Biaya BBM | M1: Biaya per Km | N1: Status Efisiensi | P1: Parameter | Q1: Nilai | R1: Keterangan
A2: AR-01 | B2: Pickup | C2: Dian Putra | D2: 46299 | E2: 104300 | F2: 104395 | G2: 7 | H2: =F2-E2 -> 95 | I2: =ROUND(H2/G2,2) -> 13.57 | J2: =VLOOKUP(B2,Acuan!$A$2:$D$4,4,FALSE()) -> 11 | K2: =VLOOKUP(B2,Acuan!$A$2:$D$4,3,FALSE()) -> 10000 | L2: =ROUND(G2*K2,0) -> 70000 | M2: =ROUND(L2/H2,0) -> 737 | N2: =IF(I2>=J2,"Efisien",IF(I2>=$Q$2*J2,"Normal","Boros")) -> Efisien | P2: Batas normal | Q2: 0.9 | R2: Km per liter di atas persentase ini dari standar (tetapi di bawah standar) = Normal
A3: AR-01 | B3: Pickup | C3: Dian Putra | D3: 46301 | E3: 104410 | F3: 104620 | G3: 20.8 | H3: =F3-E3 -> 210 | I3: =ROUND(H3/G3,2) -> 10.1 | J3: =VLOOKUP(B3,Acuan!$A$2:$D$4,4,FALSE()) -> 11 | K3: =VLOOKUP(B3,Acuan!$A$2:$D$4,3,FALSE()) -> 10000 | L3: =ROUND(G3*K3,0) -> 208000 | M3: =ROUND(L3/H3,0) -> 990 | N3: =IF(I3>=J3,"Efisien",IF(I3>=$Q$2*J3,"Normal","Boros")) -> Normal
A4: AR-01 | B4: Pickup | C4: Dian Putra | D4: 46307 | E4: 104629 | F4: 104889 | G4: 24.3 | H4: =F4-E4 -> 260 | I4: =ROUND(H4/G4,2) -> 10.7 | J4: =VLOOKUP(B4,Acuan!$A$2:$D$4,4,FALSE()) -> 11 | K4: =VLOOKUP(B4,Acuan!$A$2:$D$4,3,FALSE()) -> 10000 | L4: =ROUND(G4*K4,0) -> 243000 | M4: =ROUND(L4/H4,0) -> 935 | N4: =IF(I4>=J4,"Efisien",IF(I4>=$Q$2*J4,"Normal","Boros")) -> Normal
A5: AR-01 | B5: Pickup | C5: Dian Putra | D5: 46309 | E5: 104912 | F5: 105082 | G5: 13.2 | H5: =F5-E5 -> 170 | I5: =ROUND(H5/G5,2) -> 12.88 | J5: =VLOOKUP(B5,Acuan!$A$2:$D$4,4,FALSE()) -> 11 | K5: =VLOOKUP(B5,Acuan!$A$2:$D$4,3,FALSE()) -> 10000 | L5: =ROUND(G5*K5,0) -> 132000 | M5: =ROUND(L5/H5,0) -> 776 | N5: =IF(I5>=J5,"Efisien",IF(I5>=$Q$2*J5,"Normal","Boros")) -> Efisien
A6: AR-02 | B6: Truk Engkel | C6: Hadi Permana | D6: 46299 | E6: 31800 | F6: 31880 | G6: 17.5 | H6: =F6-E6 -> 80 | I6: =ROUND(H6/G6,2) -> 4.57 | J6: =VLOOKUP(B6,Acuan!$A$2:$D$4,4,FALSE()) -> 7.5 | K6: =VLOOKUP(B6,Acuan!$A$2:$D$4,3,FALSE()) -> 6800 | L6: =ROUND(G6*K6,0) -> 119000 | M6: =ROUND(L6/H6,0) -> 1488 | N6: =IF(I6>=J6,"Efisien",IF(I6>=$Q$2*J6,"Normal","Boros")) -> Boros
A7: AR-02 | B7: Truk Engkel | C7: Hadi Permana | D7: 46303 | E7: 31900 | F7: 31980 | G7: 15.2 | H7: =F7-E7 -> 80 | I7: =ROUND(H7/G7,2) -> 5.26 | J7: =VLOOKUP(B7,Acuan!$A$2:$D$4,4,FALSE()) -> 7.5 | K7: =VLOOKUP(B7,Acuan!$A$2:$D$4,3,FALSE()) -> 6800 | L7: =ROUND(G7*K7,0) -> 103360 | M7: =ROUND(L7/H7,0) -> 1292 | N7: =IF(I7>=J7,"Efisien",IF(I7>=$Q$2*J7,"Normal","Boros")) -> Boros
A8: AR-02 | B8: Truk Engkel | C8: Hadi Permana | D8: 46308 | E8: 32006 | F8: 32216 | G8: 36.4 | H8: =F8-E8 -> 210 | I8: =ROUND(H8/G8,2) -> 5.77 | J8: =VLOOKUP(B8,Acuan!$A$2:$D$4,4,FALSE()) -> 7.5 | K8: =VLOOKUP(B8,Acuan!$A$2:$D$4,3,FALSE()) -> 6800 | L8: =ROUND(G8*K8,0) -> 247520 | M8: =ROUND(L8/H8,0) -> 1179 | N8: =IF(I8>=J8,"Efisien",IF(I8>=$Q$2*J8,"Normal","Boros")) -> Boros
A9: AR-02 | B9: Truk Engkel | C9: Hadi Permana | D9: 46310 | E9: 32227 | F9: 32307 | G9: 11.6 | H9: =F9-E9 -> 80 | I9: =ROUND(H9/G9,2) -> 6.9 | J9: =VLOOKUP(B9,Acuan!$A$2:$D$4,4,FALSE()) -> 7.5 | K9: =VLOOKUP(B9,Acuan!$A$2:$D$4,3,FALSE()) -> 6800 | L9: =ROUND(G9*K9,0) -> 78880 | M9: =ROUND(L9/H9,0) -> 986 | N9: =IF(I9>=J9,"Efisien",IF(I9>=$Q$2*J9,"Normal","Boros")) -> Normal
A10: AR-03 | B10: Minibus | C10: Novi Putra | D10: 46296 | E10: 81500 | F10: 81565 | G10: 6.1 | H10: =F10-E10 -> 65 | I10: =ROUND(H10/G10,2) -> 10.66 | J10: =VLOOKUP(B10,Acuan!$A$2:$D$4,4,FALSE()) -> 9.5 | K10: =VLOOKUP(B10,Acuan!$A$2:$D$4,3,FALSE()) -> 12500 | L10: =ROUND(G10*K10,0) -> 76250 | M10: =ROUND(L10/H10,0) -> 1173 | N10: =IF(I10>=J10,"Efisien",IF(I10>=$Q$2*J10,"Normal","Boros")) -> Efisien
A11: AR-03 | B11: Minibus | C11: Novi Putra | D11: 46302 | E11: 81589 | F11: 81669 | G11: 8.2 | H11: =F11-E11 -> 80 | I11: =ROUND(H11/G11,2) -> 9.76 | J11: =VLOOKUP(B11,Acuan!$A$2:$D$4,4,FALSE()) -> 9.5 | K11: =VLOOKUP(B11,Acuan!$A$2:$D$4,3,FALSE()) -> 12500 | L11: =ROUND(G11*K11,0) -> 102500 | M11: =ROUND(L11/H11,0) -> 1281 | N11: =IF(I11>=J11,"Efisien",IF(I11>=$Q$2*J11,"Normal","Boros")) -> Efisien
A12: AR-03 | B12: Minibus | C12: Novi Putra | D12: 46304 | E12: 81692 | F12: 81862 | G12: 15.7 | H12: =F12-E12 -> 170 | I12: =ROUND(H12/G12,2) -> 10.83 | J12: =VLOOKUP(B12,Acuan!$A$2:$D$4,4,FALSE()) -> 9.5 | K12: =VLOOKUP(B12,Acuan!$A$2:$D$4,3,FALSE()) -> 12500 | L12: =ROUND(G12*K12,0) -> 196250 | M12: =ROUND(L12/H12,0) -> 1154 | N12: =IF(I12>=J12,"Efisien",IF(I12>=$Q$2*J12,"Normal","Boros")) -> Efisien
A13: AR-03 | B13: Minibus | C13: Novi Putra | D13: 46308 | E13: 81877 | F13: 81972 | G13: 9.8 | H13: =F13-E13 -> 95 | I13: =ROUND(H13/G13,2) -> 9.69 | J13: =VLOOKUP(B13,Acuan!$A$2:$D$4,4,FALSE()) -> 9.5 | K13: =VLOOKUP(B13,Acuan!$A$2:$D$4,3,FALSE()) -> 12500 | L13: =ROUND(G13*K13,0) -> 122500 | M13: =ROUND(L13/H13,0) -> 1289 | N13: =IF(I13>=J13,"Efisien",IF(I13>=$Q$2*J13,"Normal","Boros")) -> Efisien
A14: AR-04 | B14: Pickup | C14: Vina Yulianto | D14: 46296 | E14: 22000 | F14: 22120 | G14: 8.6 | H14: =F14-E14 -> 120 | I14: =ROUND(H14/G14,2) -> 13.95 | J14: =VLOOKUP(B14,Acuan!$A$2:$D$4,4,FALSE()) -> 11 | K14: =VLOOKUP(B14,Acuan!$A$2:$D$4,3,FALSE()) -> 10000 | L14: =ROUND(G14*K14,0) -> 86000 | M14: =ROUND(L14/H14,0) -> 717 | N14: =IF(I14>=J14,"Efisien",IF(I14>=$Q$2*J14,"Normal","Boros")) -> Efisien
... A33: AR-08 | B33: Truk Engkel | C33: Indah Utomo | D33: 46315 | E33: 20696 | F33: 20841 | G33: 23 | H33: =F33-E33 -> 145 | I33: =ROUND(H33/G33,2) -> 6.3 | J33: =VLOOKUP(B33,Acuan!$A$2:$D$4,4,FALSE()) -> 7.5 | K33: =VLOOKUP(B33,Acuan!$A$2:$D$4,3,FALSE()) -> 6800 | L33: =ROUND(G33*K33,0) -> 156400 | M33: =ROUND(L33/H33,0) -> 1079 | N33: =IF(I33>=J33,"Efisien",IF(I33>=$Q$2*J33,"Normal","Boros")) -> Boros

Sheet Acuan
A1: Jenis Armada | B1: Jenis BBM | C1: Harga BBM per Liter | D1: Standar Km per Liter | E1: Jumlah Perjalanan | F1: Total Biaya BBM | G1: Rata-rata Km per Liter
A2: Pickup | B2: Pertalite | C2: 10000 | D2: 11 | E2: =COUNTIF(Data!$B$2:$B$33,A2) -> 12 | F2: =SUMIF(Data!$B$2:$B$33,A2,Data!$L$2:$L$33) -> 1647000 | G2: =AVERAGEIF(Data!$B$2:$B$33,A2,Data!$I$2:$I$33) -> 10.841667
A3: Truk Engkel | B3: Solar | C3: 6800 | D3: 7.5 | E3: =COUNTIF(Data!$B$2:$B$33,A3) -> 12 | F3: =SUMIF(Data!$B$2:$B$33,A3,Data!$L$2:$L$33) -> 1513000 | G3: =AVERAGEIF(Data!$B$2:$B$33,A3,Data!$I$2:$I$33) -> 7.0216667
A4: Minibus | B4: Pertamax | C4: 12500 | D4: 9.5 | E4: =COUNTIF(Data!$B$2:$B$33,A4) -> 8 | F4: =SUMIF(Data!$B$2:$B$33,A4,Data!$L$2:$L$33) -> 1122500 | G4: =AVERAGEIF(Data!$B$2:$B$33,A4,Data!$I$2:$I$33) -> 9.9475

Sheet Ringkasan
A1: Ringkasan: lembar jawaban soal berjenis ringkasan
A2: Sel hijau berisi rumus kunci.
A3: No | B3: Pertanyaan | C3: Jawaban | D3: Contoh format hasil
A4: 11a | B4: Total jarak tempuh | C4: =SUM(Data!$H$2:$H$33) -> 4136 | D4: Angka bulat, mis. 3.500
A5: 11b | B5: Total liter BBM | C5: =SUM(Data!$G$2:$G$33) -> 477 | D5: Angka desimal, mis. 480,5
A6: 11c | B6: Total biaya BBM | C6: =SUM(Data!$L$2:$L$33) -> 4282500 | D6: Rupiah, mis. Rp 4.500.000
A7: 12a | B7: Perjalanan Efisien | C7: =COUNTIF(Data!$N$2:$N$33,"Efisien") -> 13 | D7: Angka bulat, mis. 9
A8: 12b | B8: Perjalanan Normal | C8: =COUNTIF(Data!$N$2:$N$33,"Normal") -> 8 | D8: Angka bulat, mis. 12
A9: 12c | B9: Perjalanan Boros | C9: =COUNTIF(Data!$N$2:$N$33,"Boros") -> 11 | D9: Angka bulat, mis. 8
A10: 13a | B10: Sopir pada biaya BBM terbesar | C10: =INDEX(Data!$C$2:$C$33,MATCH(MAX(Data!$L$2:$L$33),Data!$L$2:$L$33,0)) -> Fajar Wijaya | D10: Teks: nama sopir
A11: 13b | B11: Jenis armada dengan rata-rata km per liter tertinggi | C11: =INDEX(Acuan!$A$2:$A$4,MATCH(MAX(Acuan!$G$2:$G$4),Acuan!$G$2:$G$4,0)) -> Pickup | D11: Teks: jenis armada
A12: 14a | B12: Rata-rata biaya per km | C12: =AVERAGE(Data!$M$2:$M$33) -> 1058.9688 | D12: Rupiah, mis. Rp 1.100
A13: 14b | B13: Jarak terjauh satu perjalanan | C13: =MAX(Data!$H$2:$H$33) -> 260 | D13: Angka bulat, mis. 300
A14: 15a | B14: Perjalanan Pickup yang Boros | C14: =COUNTIFS(Data!$B$2:$B$33,"Pickup",Data!$N$2:$N$33,"Boros") -> 4 | D14: Angka bulat, mis. 5
A15: 15b | B15: Total biaya BBM armada AR-01 | C15: =SUMIF(Data!$A$2:$A$33,"AR-01",Data!$L$2:$L$33) -> 653000 | D15: Rupiah, mis. Rp 1.500.000
