Workbook

Sheet Petunjuk
A1: Kunci Jawaban: Rapor Semester: Rata-rata, Predikat, dan Peringkat
A2: Latihan 64 dari 40 | Tingkat: Pemula | Perkiraan waktu: 35 menit | pushexcel.github.io/Pushexcel
A4: Skenario
A5: Kamu wali kelas 8B SMP Cendekia yang menyusun rapor semester ganjil 2026 untuk 30 siswa. Tiap siswa punya nilai lima mata pelajaran. Predikat dari rata-rata nilai: A bila sama dengan atau lebih dari 90, B bila sama dengan atau lebih dari 80, C bila sama dengan atau lebih dari 70, selain itu D. Siswa Tuntas bila rata-rata sama dengan atau lebih dari KKM 75, selain itu Remedial. Peringkat 1 adalah rata-rata tertinggi. Semua angka tetap ada di blok Parameter.
A7: Cara memakai kunci
A8: 1. | B8: Sel hijau berisi rumus kunci yang sudah dihitung. Klik sel untuk melihat rumusnya.
A9: 2. | B9: Kolom Rumus kunci di bawah menampilkan rumus untuk baris pertama atau tiap sel jawaban.
A10: 3. | B10: Rumus ditulis dengan titik koma (;). Ganti dengan koma (,) bila Excel kamu berbahasa Inggris.
A11: 4. | B11: Jawaban lain yang benar secara logika juga boleh, selama hasilnya sama.
A13: Arti warna
B14: Judul kolom data yang sudah diberikan
B15: Judul kolom hasil hitung
B16: Sel berisi rumus kunci
B17: Angka berwarna biru pada blok Parameter = nilai tetap yang boleh dirujuk
A19: Daftar soal
A20: No | B20: Soal | C20: Jawab di | D20: Rumus kunci
A21: 1 | B21: Hitung total nilai kelima mata pelajaran tiap siswa. | C21: Sheet Data, kolom H (Total Nilai), baris 2 sampai 31 | D21: =SUM(C2:G2)
A22: 2 | B22: Hitung rata-rata nilai kelima mata pelajaran tiap siswa. | C22: Sheet Data, kolom I (Rata-rata), baris 2 sampai 31 | D22: =AVERAGE(C2:G2)
A23: 3 | B23: Tentukan predikat dari rata-rata: A bila sama dengan atau lebih dari batas A, B bila sama dengan atau lebih dari batas B, C bila sama dengan atau lebih dari batas C, selain itu D. | C23: Sheet Data, kolom J (Predikat), baris 2 sampai 31 | D23: =IF(I2>=$O$2;"A";IF(I2>=$O$3;"B";IF(I2>=$O$4;"C";"D")))
A24: 4 | B24: Tentukan peringkat tiap siswa berdasarkan rata-rata, dari yang tertinggi (peringkat 1). | C24: Sheet Data, kolom K (Peringkat), baris 2 sampai 31 | D24: =RANK(I2;$I$2:$I$31)
A25: 5 | B25: Beri status Tuntas bila rata-rata sama dengan atau lebih dari KKM. Selain itu Remedial. | C25: Sheet Data, kolom L (Status), baris 2 sampai 31 | D25: =IF(I2>=$O$5;"Tuntas";"Remedial")
A26: 6 | B26: Pada sheet Acuan, hitung jumlah siswa tiap predikat. | C26: Sheet Acuan, kolom B (Jumlah Siswa), baris 2 sampai 5 | D26: =COUNTIF(Data!$J$2:$J$31;A2)
A27: 7 | B27: Pada sheet Acuan, hitung rata-rata nilai siswa di tiap predikat. | C27: Sheet Acuan, kolom C (Rata-rata Predikat), baris 2 sampai 5 | D27: =AVERAGEIF(Data!$J$2:$J$31;A2;Data!$I$2:$I$31)
A28: 8 | B28: Berapa rata-rata nilai seluruh siswa untuk mata pelajaran Matematika, Bahasa Indonesia, Bahasa Inggris, IPA, dan IPS? | C28: Sheet Ringkasan, sel C4 sampai C8 | D28: =AVERAGE(Data!$C$2:$C$31) =AVERAGE(Data!$D$2:$D$31) =AVERAGE(Data!$E$2:$E$31) =AVERAGE(Data!$F$2:$F$31) =AVERAGE(Data!$G$2:$G$31)
A29: 9 | B29: Berapa nilai Matematika tertinggi dan terendah, dan berapa selisihnya? | C29: Sheet Ringkasan, sel C9 sampai C11 | D29: =MAX(Data!$C$2:$C$31) =MIN(Data!$C$2:$C$31) =C9-C10
A30: 10 | B30: Siapa siswa peringkat 1, dan siapa siswa yang mendapat nilai Bahasa Inggris terendah? | C30: Sheet Ringkasan, sel C12 sampai C13 | D30: =INDEX(Data!$B$2:$B$31;MATCH(1;Data!$K$2:$K$31;0)) =INDEX(Data!$B$2:$B$31;MATCH(MIN(Data!$E$2:$E$31);Data!$E$2:$E$31;0))
A31: 11 | B31: Berapa siswa yang Tuntas dan berapa yang Remedial, dan berapa persen siswa yang Tuntas? | C31: Sheet Ringkasan, sel C14 sampai C16 | D31: =COUNTIF(Data!$L$2:$L$31;"Tuntas") =COUNTIF(Data!$L$2:$L$31;"Remedial") =C14/COUNTA(Data!$B$2:$B$31)

Sheet Data
A1: No | B1: Nama Siswa | C1: Matematika | D1: Bahasa Indonesia | E1: Bahasa Inggris | F1: IPA | G1: IPS | H1: Total Nilai | I1: Rata-rata | J1: Predikat | K1: Peringkat | L1: Status | N1: Parameter | O1: Nilai | P1: Keterangan
A2: 1 | B2: Sari Rahayu | C2: 87 | D2: 90 | E2: 79 | F2: 100 | G2: 90 | H2: =SUM(C2:G2) -> 446 | I2: =AVERAGE(C2:G2) -> 89.2 | J2: =IF(I2>=$O$2,"A",IF(I2>=$O$3,"B",IF(I2>=$O$4,"C","D"))) -> B | K2: =RANK(I2,$I$2:$I$31) -> 4 | L2: =IF(I2>=$O$5,"Tuntas","Remedial") -> Tuntas | N2: Batas predikat A | O2: 90
A3: 2 | B3: Fitri Wibowo | C3: 72 | D3: 80 | E3: 86 | F3: 94 | G3: 81 | H3: =SUM(C3:G3) -> 413 | I3: =AVERAGE(C3:G3) -> 82.6 | J3: =IF(I3>=$O$2,"A",IF(I3>=$O$3,"B",IF(I3>=$O$4,"C","D"))) -> B | K3: =RANK(I3,$I$2:$I$31) -> 11 | L3: =IF(I3>=$O$5,"Tuntas","Remedial") -> Tuntas | N3: Batas predikat B | O3: 80
A4: 3 | B4: Tika Kurniawan | C4: 67 | D4: 73 | E4: 70 | F4: 76 | G4: 74 | H4: =SUM(C4:G4) -> 360 | I4: =AVERAGE(C4:G4) -> 72 | J4: =IF(I4>=$O$2,"A",IF(I4>=$O$3,"B",IF(I4>=$O$4,"C","D"))) -> C | K4: =RANK(I4,$I$2:$I$31) -> 23 | L4: =IF(I4>=$O$5,"Tuntas","Remedial") -> Remedial | N4: Batas predikat C | O4: 70
A5: 4 | B5: Wawan Hidayat | C5: 89 | D5: 84 | E5: 77 | F5: 77 | G5: 85 | H5: =SUM(C5:G5) -> 412 | I5: =AVERAGE(C5:G5) -> 82.4 | J5: =IF(I5>=$O$2,"A",IF(I5>=$O$3,"B",IF(I5>=$O$4,"C","D"))) -> B | K5: =RANK(I5,$I$2:$I$31) -> 12 | L5: =IF(I5>=$O$5,"Tuntas","Remedial") -> Tuntas | N5: KKM | O5: 75 | P5: Nilai ketuntasan minimal
A6: 5 | B6: Irfan Sari | C6: 68 | D6: 79 | E6: 81 | F6: 73 | G6: 70 | H6: =SUM(C6:G6) -> 371 | I6: =AVERAGE(C6:G6) -> 74.2 | J6: =IF(I6>=$O$2,"A",IF(I6>=$O$3,"B",IF(I6>=$O$4,"C","D"))) -> C | K6: =RANK(I6,$I$2:$I$31) -> 18 | L6: =IF(I6>=$O$5,"Tuntas","Remedial") -> Remedial
A7: 6 | B7: Putri Nugroho | C7: 80 | D7: 88 | E7: 77 | F7: 82 | G7: 74 | H7: =SUM(C7:G7) -> 401 | I7: =AVERAGE(C7:G7) -> 80.2 | J7: =IF(I7>=$O$2,"A",IF(I7>=$O$3,"B",IF(I7>=$O$4,"C","D"))) -> B | K7: =RANK(I7,$I$2:$I$31) -> 16 | L7: =IF(I7>=$O$5,"Tuntas","Remedial") -> Tuntas
A8: 7 | B8: Indah Putra | C8: 67 | D8: 76 | E8: 69 | F8: 77 | G8: 74 | H8: =SUM(C8:G8) -> 363 | I8: =AVERAGE(C8:G8) -> 72.6 | J8: =IF(I8>=$O$2,"A",IF(I8>=$O$3,"B",IF(I8>=$O$4,"C","D"))) -> C | K8: =RANK(I8,$I$2:$I$31) -> 22 | L8: =IF(I8>=$O$5,"Tuntas","Remedial") -> Remedial
A9: 8 | B9: Putri Syahputra | C9: 78 | D9: 58 | E9: 64 | F9: 66 | G9: 66 | H9: =SUM(C9:G9) -> 332 | I9: =AVERAGE(C9:G9) -> 66.4 | J9: =IF(I9>=$O$2,"A",IF(I9>=$O$3,"B",IF(I9>=$O$4,"C","D"))) -> D | K9: =RANK(I9,$I$2:$I$31) -> 28 | L9: =IF(I9>=$O$5,"Tuntas","Remedial") -> Remedial
A10: 9 | B10: Fajar Wibowo | C10: 95 | D10: 86 | E10: 95 | F10: 89 | G10: 98 | H10: =SUM(C10:G10) -> 463 | I10: =AVERAGE(C10:G10) -> 92.6 | J10: =IF(I10>=$O$2,"A",IF(I10>=$O$3,"B",IF(I10>=$O$4,"C","D"))) -> A | K10: =RANK(I10,$I$2:$I$31) -> 1 | L10: =IF(I10>=$O$5,"Tuntas","Remedial") -> Tuntas
A11: 10 | B11: Ayu Fauzi | C11: 64 | D11: 66 | E11: 78 | F11: 82 | G11: 69 | H11: =SUM(C11:G11) -> 359 | I11: =AVERAGE(C11:G11) -> 71.8 | J11: =IF(I11>=$O$2,"A",IF(I11>=$O$3,"B",IF(I11>=$O$4,"C","D"))) -> C | K11: =RANK(I11,$I$2:$I$31) -> 24 | L11: =IF(I11>=$O$5,"Tuntas","Remedial") -> Remedial
A12: 11 | B12: Tono Fauzi | C12: 64 | D12: 48 | E12: 68 | F12: 51 | G12: 45 | H12: =SUM(C12:G12) -> 276 | I12: =AVERAGE(C12:G12) -> 55.2 | J12: =IF(I12>=$O$2,"A",IF(I12>=$O$3,"B",IF(I12>=$O$4,"C","D"))) -> D | K12: =RANK(I12,$I$2:$I$31) -> 30 | L12: =IF(I12>=$O$5,"Tuntas","Remedial") -> Remedial
A13: 12 | B13: Edi Lestari | C13: 82 | D13: 99 | E13: 92 | F13: 81 | G13: 66 | H13: =SUM(C13:G13) -> 420 | I13: =AVERAGE(C13:G13) -> 84 | J13: =IF(I13>=$O$2,"A",IF(I13>=$O$3,"B",IF(I13>=$O$4,"C","D"))) -> B | K13: =RANK(I13,$I$2:$I$31) -> 9 | L13: =IF(I13>=$O$5,"Tuntas","Remedial") -> Tuntas
A14: 13 | B14: Irfan Nugroho | C14: 88 | D14: 86 | E14: 93 | F14: 97 | G14: 78 | H14: =SUM(C14:G14) -> 442 | I14: =AVERAGE(C14:G14) -> 88.4 | J14: =IF(I14>=$O$2,"A",IF(I14>=$O$3,"B",IF(I14>=$O$4,"C","D"))) -> B | K14: =RANK(I14,$I$2:$I$31) -> 5 | L14: =IF(I14>=$O$5,"Tuntas","Remedial") -> Tuntas
A15: 14 | B15: Prasetyo Rahayu | C15: 87 | D15: 85 | E15: 78 | F15: 83 | G15: 81 | H15: =SUM(C15:G15) -> 414 | I15: =AVERAGE(C15:G15) -> 82.8 | J15: =IF(I15>=$O$2,"A",IF(I15>=$O$3,"B",IF(I15>=$O$4,"C","D"))) -> B | K15: =RANK(I15,$I$2:$I$31) -> 10 | L15: =IF(I15>=$O$5,"Tuntas","Remedial") -> Tuntas
A16: 15 | B16: Jihan Firmansyah | C16: 83 | D16: 71 | E16: 96 | F16: 82 | G16: 76 | H16: =SUM(C16:G16) -> 408 | I16: =AVERAGE(C16:G16) -> 81.6 | J16: =IF(I16>=$O$2,"A",IF(I16>=$O$3,"B",IF(I16>=$O$4,"C","D"))) -> B | K16: =RANK(I16,$I$2:$I$31) -> 14 | L16: =IF(I16>=$O$5,"Tuntas","Remedial") -> Tuntas
A17: 16 | B17: Joko Putra | C17: 81 | D17: 86 | E17: 87 | F17: 69 | G17: 86 | H17: =SUM(C17:G17) -> 409 | I17: =AVERAGE(C17:G17) -> 81.8 | J17: =IF(I17>=$O$2,"A",IF(I17>=$O$3,"B",IF(I17>=$O$4,"C","D"))) -> B | K17: =RANK(I17,$I$2:$I$31) -> 13 | L17: =IF(I17>=$O$5,"Tuntas","Remedial") -> Tuntas
... A31: 30 | B31: Umar Suryani | C31: 90 | D31: 86 | E31: 82 | F31: 89 | G31: 90 | H31: =SUM(C31:G31) -> 437 | I31: =AVERAGE(C31:G31) -> 87.4 | J31: =IF(I31>=$O$2,"A",IF(I31>=$O$3,"B",IF(I31>=$O$4,"C","D"))) -> B | K31: =RANK(I31,$I$2:$I$31) -> 6 | L31: =IF(I31>=$O$5,"Tuntas","Remedial") -> Tuntas

Sheet Acuan
A1: Predikat | B1: Jumlah Siswa | C1: Rata-rata Predikat
A2: A | B2: =COUNTIF(Data!$J$2:$J$31,A2) -> 3 | C2: =AVERAGEIF(Data!$J$2:$J$31,A2,Data!$I$2:$I$31) -> 91.8
A3: B | B3: =COUNTIF(Data!$J$2:$J$31,A3) -> 13 | C3: =AVERAGEIF(Data!$J$2:$J$31,A3,Data!$I$2:$I$31) -> 83.953846
A4: C | B4: =COUNTIF(Data!$J$2:$J$31,A4) -> 9 | C4: =AVERAGEIF(Data!$J$2:$J$31,A4,Data!$I$2:$I$31) -> 73.444444
A5: D | B5: =COUNTIF(Data!$J$2:$J$31,A5) -> 5 | C5: =AVERAGEIF(Data!$J$2:$J$31,A5,Data!$I$2:$I$31) -> 64.28

Sheet Ringkasan
A1: Ringkasan: lembar jawaban soal berjenis ringkasan
A2: Sel hijau berisi rumus kunci.
A3: No | B3: Pertanyaan | C3: Jawaban | D3: Contoh format hasil
A4: 8a | B4: Rata-rata Matematika | C4: =AVERAGE(Data!$C$2:$C$31) -> 77.766667 | D4: Angka desimal, mis. 75,25
A5: 8b | B5: Rata-rata Bahasa Indonesia | C5: =AVERAGE(Data!$D$2:$D$31) -> 78.7 | D5: Angka desimal, mis. 75,25
A6: 8c | B6: Rata-rata Bahasa Inggris | C6: =AVERAGE(Data!$E$2:$E$31) -> 79.733333 | D6: Angka desimal, mis. 75,25
A7: 8d | B7: Rata-rata IPA | C7: =AVERAGE(Data!$F$2:$F$31) -> 78.633333 | D7: Angka desimal, mis. 75,25
A8: 8e | B8: Rata-rata IPS | C8: =AVERAGE(Data!$G$2:$G$31) -> 76.7 | D8: Angka desimal, mis. 75,25
A9: 9a | B9: Nilai Matematika tertinggi | C9: =MAX(Data!$C$2:$C$31) -> 100 | D9: Angka bulat, mis. 95
A10: 9b | B10: Nilai Matematika terendah | C10: =MIN(Data!$C$2:$C$31) -> 57 | D10: Angka bulat, mis. 50
A11: 9c | B11: Selisih tertinggi dan terendah | C11: =C9-C10 -> 43 | D11: Angka bulat, mis. 40
A12: 10a | B12: Siswa peringkat 1 | C12: =INDEX(Data!$B$2:$B$31,MATCH(1,Data!$K$2:$K$31,0)) -> Fajar Wibowo | D12: Teks: nama siswa
A13: 10b | B13: Siswa nilai Bahasa Inggris terendah | C13: =INDEX(Data!$B$2:$B$31,MATCH(MIN(Data!$E$2:$E$31),Data!$E$2:$E$31,0)) -> Oki Permana | D13: Teks: nama siswa
A14: 11a | B14: Siswa Tuntas | C14: =COUNTIF(Data!$L$2:$L$31,"Tuntas") -> 17 | D14: Angka bulat, mis. 20
A15: 11b | B15: Siswa Remedial | C15: =COUNTIF(Data!$L$2:$L$31,"Remedial") -> 13 | D15: Angka bulat, mis. 10
A16: 11c | B16: Persentase siswa Tuntas | C16: =C14/COUNTA(Data!$B$2:$B$31) -> 0.56666667 | D16: Persen, mis. 66,7%
