Workbook

Sheet Petunjuk
A1: Kunci Jawaban: Pendapatan Parkir Harian Motor dan Mobil
A2: Latihan 69 dari 40 | Tingkat: Pemula | Perkiraan waktu: 35 menit | pushexcel.github.io/Pushexcel
A4: Skenario
A5: Kamu petugas pencatat di Parkiran Pasar Tengah yang buka pukul 06.00 sampai 23.00. Kamu mencatat 32 kendaraan dalam satu hari lengkap dengan jenis kendaraan, jam masuk, dan jam keluar. Tarif per jam ada di sheet Acuan: motor dan mobil berbeda. Lama parkir ditagih per jam penuh, jadi sisa menit dibulatkan ke atas ke jam berikutnya. Sesi masuk dibagi dari jam masuk: sebelum pukul 12 Pagi, sebelum pukul 15 Siang, selain itu Sore.
A7: Cara memakai kunci
A8: 1. | B8: Sel hijau berisi rumus kunci yang sudah dihitung. Klik sel untuk melihat rumusnya.
A9: 2. | B9: Kolom Rumus kunci di bawah menampilkan rumus untuk baris pertama atau tiap sel jawaban.
A10: 3. | B10: Rumus ditulis dengan titik koma (;). Ganti dengan koma (,) bila Excel kamu berbahasa Inggris.
A11: 4. | B11: Jawaban lain yang benar secara logika juga boleh, selama hasilnya sama.
A13: Arti warna
B14: Judul kolom data yang sudah diberikan
B15: Judul kolom hasil hitung
B16: Sel berisi rumus kunci
B17: Angka berwarna biru pada blok Parameter = nilai tetap yang boleh dirujuk
A19: Daftar soal
A20: No | B20: Soal | C20: Jawab di | D20: Rumus kunci
A21: 1 | B21: Hitung durasi parkir dalam menit dari jam masuk sampai jam keluar. Ubah jam ke menit dengan mengalikan 60. | C21: Sheet Data, kolom E (Durasi (Menit)), baris 2 sampai 33 | D21: =(HOUR(D2)-HOUR(C2))*60+MINUTE(D2)-MINUTE(C2)
A22: 2 | B22: Hitung jam tagih: durasi dalam menit dibagi 60, dibulatkan ke atas ke bilangan bulat. | C22: Sheet Data, kolom F (Jam Tagih), baris 2 sampai 33 | D22: =ROUNDUP(E2/60;0)
A23: 3 | B23: Ambil tarif per jam tiap kendaraan dari tabel tarif di sheet Acuan berdasarkan jenis kendaraannya (pencocokan persis). | C23: Sheet Data, kolom G (Tarif per Jam), baris 2 sampai 33 | D23: =VLOOKUP(B2;Acuan!$A$2:$B$3;2;FALSE)
A24: 4 | B24: Hitung total bayar: jam tagih dikali tarif per jam. | C24: Sheet Data, kolom H (Total Bayar), baris 2 sampai 33 | D24: =F2*G2
A25: 5 | B25: Tentukan sesi masuk dari jam masuk: Pagi bila jam sebelum batas pagi, Siang bila sebelum batas siang, selain itu Sore. | C25: Sheet Data, kolom I (Sesi Masuk), baris 2 sampai 33 | D25: =IF(HOUR(C2)<$L$2;"Pagi";IF(HOUR(C2)<$L$3;"Siang";"Sore"))
A26: 6 | B26: Pada sheet Acuan, hitung jumlah kendaraan tiap jenis. | C26: Sheet Acuan, kolom C (Jumlah Kendaraan), baris 2 sampai 3 | D26: =COUNTIF(Data!$B$2:$B$33;A2)
A27: 7 | B27: Pada sheet Acuan, hitung total pendapatan parkir tiap jenis kendaraan. | C27: Sheet Acuan, kolom D (Total Pendapatan), baris 2 sampai 3 | D27: =SUMIF(Data!$B$2:$B$33;A2;Data!$H$2:$H$33)
A28: 8 | B28: Berapa jumlah kendaraan yang parkir, dan berapa total pendapatan parkir hari itu? | C28: Sheet Ringkasan, sel C4 sampai C5 | D28: =COUNTA(Data!$A$2:$A$33) =SUM(Data!$H$2:$H$33)
A29: 9 | B29: Berapa rata-rata durasi parkir (menit), dan berapa total jam tagih seluruh kendaraan? | C29: Sheet Ringkasan, sel C6 sampai C7 | D29: =AVERAGE(Data!$E$2:$E$33) =SUM(Data!$F$2:$F$33)
A30: 10 | B30: Kendaraan dengan nomor karcis berapa yang parkir paling lama, dan jenis kendaraan apa yang pendapatannya terbesar? | C30: Sheet Ringkasan, sel C8 sampai C9 | D30: =INDEX(Data!$A$2:$A$33;MATCH(MAX(Data!$E$2:$E$33);Data!$E$2:$E$33;0)) =INDEX(Acuan!$A$2:$A$3;MATCH(MAX(Acuan!$D$2:$D$3);Acuan!$D$2:$D$3;0))
A31: 11 | B31: Berapa mobil yang masuk pada sesi Pagi, dan berapa total bayar kendaraan yang masuk pada sesi Sore? | C31: Sheet Ringkasan, sel C10 sampai C11 | D31: =COUNTIFS(Data!$B$2:$B$33;"Mobil";Data!$I$2:$I$33;"Pagi") =SUMIF(Data!$I$2:$I$33;"Sore";Data!$H$2:$H$33)

Sheet Data
A1: No Karcis | B1: Jenis Kendaraan | C1: Jam Masuk | D1: Jam Keluar | E1: Durasi (Menit) | F1: Jam Tagih | G1: Tarif per Jam | H1: Total Bayar | I1: Sesi Masuk | K1: Parameter | L1: Nilai | M1: Keterangan
A2: K-001 | B2: Motor | C2: 0.26041667 | D2: 0.40625 | E2: =(HOUR(D2)-HOUR(C2))*60+MINUTE(D2)-MINUTE(C2) -> 210 | F2: =ROUNDUP(E2/60,0) -> 4 | G2: =VLOOKUP(B2,Acuan!$A$2:$B$3,2,FALSE()) -> 2000 | H2: =F2*G2 -> 8000 | I2: =IF(HOUR(C2)<$L$2,"Pagi",IF(HOUR(C2)<$L$3,"Siang","Sore")) -> Pagi | K2: Batas pagi | L2: 12 | M2: Jam masuk sebelum jam ini = Pagi
A3: K-002 | B3: Mobil | C3: 0.26736111 | D3: 0.31944444 | E3: =(HOUR(D3)-HOUR(C3))*60+MINUTE(D3)-MINUTE(C3) -> 75 | F3: =ROUNDUP(E3/60,0) -> 2 | G3: =VLOOKUP(B3,Acuan!$A$2:$B$3,2,FALSE()) -> 4000 | H3: =F3*G3 -> 8000 | I3: =IF(HOUR(C3)<$L$2,"Pagi",IF(HOUR(C3)<$L$3,"Siang","Sore")) -> Pagi | K3: Batas siang | L3: 15 | M3: Jam masuk sebelum jam ini = Siang
A4: K-003 | B4: Motor | C4: 0.28819444 | D4: 0.43402778 | E4: =(HOUR(D4)-HOUR(C4))*60+MINUTE(D4)-MINUTE(C4) -> 210 | F4: =ROUNDUP(E4/60,0) -> 4 | G4: =VLOOKUP(B4,Acuan!$A$2:$B$3,2,FALSE()) -> 2000 | H4: =F4*G4 -> 8000 | I4: =IF(HOUR(C4)<$L$2,"Pagi",IF(HOUR(C4)<$L$3,"Siang","Sore")) -> Pagi
A5: K-004 | B5: Motor | C5: 0.29861111 | D5: 0.3125 | E5: =(HOUR(D5)-HOUR(C5))*60+MINUTE(D5)-MINUTE(C5) -> 20 | F5: =ROUNDUP(E5/60,0) -> 1 | G5: =VLOOKUP(B5,Acuan!$A$2:$B$3,2,FALSE()) -> 2000 | H5: =F5*G5 -> 2000 | I5: =IF(HOUR(C5)<$L$2,"Pagi",IF(HOUR(C5)<$L$3,"Siang","Sore")) -> Pagi
A6: K-005 | B6: Motor | C6: 0.32986111 | D6: 0.35069444 | E6: =(HOUR(D6)-HOUR(C6))*60+MINUTE(D6)-MINUTE(C6) -> 30 | F6: =ROUNDUP(E6/60,0) -> 1 | G6: =VLOOKUP(B6,Acuan!$A$2:$B$3,2,FALSE()) -> 2000 | H6: =F6*G6 -> 2000 | I6: =IF(HOUR(C6)<$L$2,"Pagi",IF(HOUR(C6)<$L$3,"Siang","Sore")) -> Pagi
A7: K-006 | B7: Motor | C7: 0.38888889 | D7: 0.47222222 | E7: =(HOUR(D7)-HOUR(C7))*60+MINUTE(D7)-MINUTE(C7) -> 120 | F7: =ROUNDUP(E7/60,0) -> 2 | G7: =VLOOKUP(B7,Acuan!$A$2:$B$3,2,FALSE()) -> 2000 | H7: =F7*G7 -> 4000 | I7: =IF(HOUR(C7)<$L$2,"Pagi",IF(HOUR(C7)<$L$3,"Siang","Sore")) -> Pagi
A8: K-007 | B8: Mobil | C8: 0.39236111 | D8: 0.55902778 | E8: =(HOUR(D8)-HOUR(C8))*60+MINUTE(D8)-MINUTE(C8) -> 240 | F8: =ROUNDUP(E8/60,0) -> 4 | G8: =VLOOKUP(B8,Acuan!$A$2:$B$3,2,FALSE()) -> 4000 | H8: =F8*G8 -> 16000 | I8: =IF(HOUR(C8)<$L$2,"Pagi",IF(HOUR(C8)<$L$3,"Siang","Sore")) -> Pagi
A9: K-008 | B9: Motor | C9: 0.42013889 | D9: 0.43402778 | E9: =(HOUR(D9)-HOUR(C9))*60+MINUTE(D9)-MINUTE(C9) -> 20 | F9: =ROUNDUP(E9/60,0) -> 1 | G9: =VLOOKUP(B9,Acuan!$A$2:$B$3,2,FALSE()) -> 2000 | H9: =F9*G9 -> 2000 | I9: =IF(HOUR(C9)<$L$2,"Pagi",IF(HOUR(C9)<$L$3,"Siang","Sore")) -> Pagi
A10: K-009 | B10: Mobil | C10: 0.4375 | D10: 0.46875 | E10: =(HOUR(D10)-HOUR(C10))*60+MINUTE(D10)-MINUTE(C10) -> 45 | F10: =ROUNDUP(E10/60,0) -> 1 | G10: =VLOOKUP(B10,Acuan!$A$2:$B$3,2,FALSE()) -> 4000 | H10: =F10*G10 -> 4000 | I10: =IF(HOUR(C10)<$L$2,"Pagi",IF(HOUR(C10)<$L$3,"Siang","Sore")) -> Pagi
A11: K-010 | B11: Motor | C11: 0.4375 | D11: 0.45833333 | E11: =(HOUR(D11)-HOUR(C11))*60+MINUTE(D11)-MINUTE(C11) -> 30 | F11: =ROUNDUP(E11/60,0) -> 1 | G11: =VLOOKUP(B11,Acuan!$A$2:$B$3,2,FALSE()) -> 2000 | H11: =F11*G11 -> 2000 | I11: =IF(HOUR(C11)<$L$2,"Pagi",IF(HOUR(C11)<$L$3,"Siang","Sore")) -> Pagi
A12: K-011 | B12: Motor | C12: 0.46527778 | D12: 0.67361111 | E12: =(HOUR(D12)-HOUR(C12))*60+MINUTE(D12)-MINUTE(C12) -> 300 | F12: =ROUNDUP(E12/60,0) -> 5 | G12: =VLOOKUP(B12,Acuan!$A$2:$B$3,2,FALSE()) -> 2000 | H12: =F12*G12 -> 10000 | I12: =IF(HOUR(C12)<$L$2,"Pagi",IF(HOUR(C12)<$L$3,"Siang","Sore")) -> Pagi
A13: K-012 | B13: Motor | C13: 0.48263889 | D13: 0.58680556 | E13: =(HOUR(D13)-HOUR(C13))*60+MINUTE(D13)-MINUTE(C13) -> 150 | F13: =ROUNDUP(E13/60,0) -> 3 | G13: =VLOOKUP(B13,Acuan!$A$2:$B$3,2,FALSE()) -> 2000 | H13: =F13*G13 -> 6000 | I13: =IF(HOUR(C13)<$L$2,"Pagi",IF(HOUR(C13)<$L$3,"Siang","Sore")) -> Pagi
A14: K-013 | B14: Motor | C14: 0.5 | D14: 0.5625 | E14: =(HOUR(D14)-HOUR(C14))*60+MINUTE(D14)-MINUTE(C14) -> 90 | F14: =ROUNDUP(E14/60,0) -> 2 | G14: =VLOOKUP(B14,Acuan!$A$2:$B$3,2,FALSE()) -> 2000 | H14: =F14*G14 -> 4000 | I14: =IF(HOUR(C14)<$L$2,"Pagi",IF(HOUR(C14)<$L$3,"Siang","Sore")) -> Siang
A15: K-014 | B15: Mobil | C15: 0.51041667 | D15: 0.76041667 | E15: =(HOUR(D15)-HOUR(C15))*60+MINUTE(D15)-MINUTE(C15) -> 360 | F15: =ROUNDUP(E15/60,0) -> 6 | G15: =VLOOKUP(B15,Acuan!$A$2:$B$3,2,FALSE()) -> 4000 | H15: =F15*G15 -> 24000 | I15: =IF(HOUR(C15)<$L$2,"Pagi",IF(HOUR(C15)<$L$3,"Siang","Sore")) -> Siang
... A33: K-032 | B33: Motor | C33: 0.73958333 | D33: 0.86458333 | E33: =(HOUR(D33)-HOUR(C33))*60+MINUTE(D33)-MINUTE(C33) -> 180 | F33: =ROUNDUP(E33/60,0) -> 3 | G33: =VLOOKUP(B33,Acuan!$A$2:$B$3,2,FALSE()) -> 2000 | H33: =F33*G33 -> 6000 | I33: =IF(HOUR(C33)<$L$2,"Pagi",IF(HOUR(C33)<$L$3,"Siang","Sore")) -> Sore

Sheet Acuan
A1: Jenis Kendaraan | B1: Tarif per Jam | C1: Jumlah Kendaraan | D1: Total Pendapatan
A2: Motor | B2: 2000 | C2: =COUNTIF(Data!$B$2:$B$33,A2) -> 19 | D2: =SUMIF(Data!$B$2:$B$33,A2,Data!$H$2:$H$33) -> 90000
A3: Mobil | B3: 4000 | C3: =COUNTIF(Data!$B$2:$B$33,A3) -> 13 | D3: =SUMIF(Data!$B$2:$B$33,A3,Data!$H$2:$H$33) -> 144000

Sheet Ringkasan
A1: Ringkasan: lembar jawaban soal berjenis ringkasan
A2: Sel hijau berisi rumus kunci.
A3: No | B3: Pertanyaan | C3: Jawaban | D3: Contoh format hasil
A4: 8a | B4: Jumlah kendaraan | C4: =COUNTA(Data!$A$2:$A$33) -> 32 | D4: Angka bulat, mis. 40
A5: 8b | B5: Total pendapatan parkir | C5: =SUM(Data!$H$2:$H$33) -> 234000 | D5: Rupiah, mis. Rp 250.000
A6: 9a | B6: Rata-rata durasi parkir (menit) | C6: =AVERAGE(Data!$E$2:$E$33) -> 134.0625 | D6: Angka desimal, mis. 110,5
A7: 9b | B7: Total jam tagih | C7: =SUM(Data!$F$2:$F$33) -> 81 | D7: Angka bulat, mis. 85
A8: 10a | B8: Karcis dengan parkir terlama | C8: =INDEX(Data!$A$2:$A$33,MATCH(MAX(Data!$E$2:$E$33),Data!$E$2:$E$33,0)) -> K-014 | D8: Teks: nomor karcis
A9: 10b | B9: Jenis kendaraan dengan pendapatan terbesar | C9: =INDEX(Acuan!$A$2:$A$3,MATCH(MAX(Acuan!$D$2:$D$3),Acuan!$D$2:$D$3,0)) -> Mobil | D9: Teks: jenis kendaraan
A10: 11a | B10: Mobil sesi Pagi | C10: =COUNTIFS(Data!$B$2:$B$33,"Mobil",Data!$I$2:$I$33,"Pagi") -> 3 | D10: Angka bulat, mis. 5
A11: 11b | B11: Total bayar sesi Sore | C11: =SUMIF(Data!$I$2:$I$33,"Sore",Data!$H$2:$H$33) -> 80000 | D11: Rupiah, mis. Rp 60.000
