Workbook

Sheet Petunjuk
A1: Kunci Jawaban: Tiket Helpdesk TI dan Pemenuhan SLA
A2: Latihan 77 dari 40 | Tingkat: Menengah | Perkiraan waktu: 50 menit | pushexcel.github.io/Pushexcel
A4: Skenario
A5: Kamu koordinator layanan TI di PT Nusa Data Solusi yang meninjau 30 tiket helpdesk bulan Oktober 2026. Setiap tiket mencatat tanggal dan jam buka serta tanggal dan jam selesai. Layanan berjalan terus setiap hari, jadi durasi dihitung penuh dalam jam. Target SLA (batas durasi dalam jam) tiap prioritas ada di sheet Acuan. Status SLA: Terlampaui bila durasi lebih dari target, Mepet bila durasi lebih dari 80 persen target tetapi tidak melewatinya, dan Terpenuhi untuk sisanya (angka 80 persen ada di blok Parameter).
A7: Cara memakai kunci
A8: 1. | B8: Sel hijau berisi rumus kunci yang sudah dihitung. Klik sel untuk melihat rumusnya.
A9: 2. | B9: Kolom Rumus kunci di bawah menampilkan rumus untuk baris pertama atau tiap sel jawaban.
A10: 3. | B10: Rumus ditulis dengan titik koma (;). Ganti dengan koma (,) bila Excel kamu berbahasa Inggris.
A11: 4. | B11: Jawaban lain yang benar secara logika juga boleh, selama hasilnya sama.
A13: Arti warna
B14: Judul kolom data yang sudah diberikan
B15: Judul kolom hasil hitung
B16: Sel berisi rumus kunci
B17: Angka berwarna biru pada blok Parameter = nilai tetap yang boleh dirujuk
A19: Daftar soal
A20: No | B20: Soal | C20: Jawab di | D20: Rumus kunci
A21: 1 | B21: Hitung durasi penyelesaian dalam jam: gabungkan tanggal dan jam selesai, kurangi gabungan tanggal dan jam buka, kalikan 24. Bulatkan 2 desimal. | C21: Sheet Data, kolom J (Durasi Jam), baris 2 sampai 31 | D21: =ROUND((((H2+I2)-(F2+G2))*24);2)
A22: 2 | B22: Ambil target SLA (jam) tiap tiket dari tabel prioritas di sheet Acuan. | C22: Sheet Data, kolom K (Target SLA), baris 2 sampai 31 | D22: =VLOOKUP(D2;Acuan!$A$2:$B$4;2;FALSE)
A23: 3 | B23: Beri status Terlampaui bila durasi lebih dari target, Mepet bila durasi lebih dari batas mepet dikali target, selain itu Terpenuhi. | C23: Sheet Data, kolom L (Status SLA), baris 2 sampai 31 | D23: =IF(J2>K2;"Terlampaui";IF(J2>$P$2*K2;"Mepet";"Terpenuhi"))
A24: 4 | B24: Hitung jam yang melewati target SLA. Bila tidak melewati, hasilnya 0. | C24: Sheet Data, kolom M (Jam Lewat SLA), baris 2 sampai 31 | D24: =MAX(0;J2-K2)
A25: 5 | B25: Pada sheet Acuan, hitung jumlah tiket tiap prioritas. | C25: Sheet Acuan, kolom C (Jumlah Tiket), baris 2 sampai 4 | D25: =COUNTIF(Data!$D$2:$D$31;A2)
A26: 6 | B26: Pada sheet Acuan, hitung rata-rata durasi penyelesaian tiap prioritas. | C26: Sheet Acuan, kolom D (Rata-rata Durasi), baris 2 sampai 4 | D26: =AVERAGEIF(Data!$D$2:$D$31;A2;Data!$J$2:$J$31)
A27: 7 | B27: Pada sheet Acuan, hitung jumlah tiket berstatus Terlampaui untuk tiap prioritas. | C27: Sheet Acuan, kolom E (Tiket Terlampaui), baris 2 sampai 4 | D27: =COUNTIFS(Data!$D$2:$D$31;A2;Data!$L$2:$L$31;"Terlampaui")
A28: 8 | B28: Berapa tiket yang Terpenuhi, Mepet, dan Terlampaui? | C28: Sheet Ringkasan, sel C4 sampai C6 | D28: =COUNTIF(Data!$L$2:$L$31;"Terpenuhi") =COUNTIF(Data!$L$2:$L$31;"Mepet") =COUNTIF(Data!$L$2:$L$31;"Terlampaui")
A29: 9 | B29: Berapa persen tiket yang Terlampaui, dan berapa total jam yang melewati SLA? | C29: Sheet Ringkasan, sel C7 sampai C8 | D29: =COUNTIF(Data!$L$2:$L$31;"Terlampaui")/COUNTA(Data!$A$2:$A$31) =SUM(Data!$M$2:$M$31)
A30: 10 | B30: Siapa pelapor tiket dengan durasi terlama, dan prioritas mana yang rata-rata durasinya terlama? | C30: Sheet Ringkasan, sel C9 sampai C10 | D30: =INDEX(Data!$B$2:$B$31;MATCH(MAX(Data!$J$2:$J$31);Data!$J$2:$J$31;0)) =INDEX(Acuan!$A$2:$A$4;MATCH(MAX(Acuan!$D$2:$D$4);Acuan!$D$2:$D$4;0))
A31: 11 | B31: Berapa rata-rata durasi seluruh tiket, dan berapa rata-rata durasi tiket kategori Jaringan? | C31: Sheet Ringkasan, sel C11 sampai C12 | D31: =AVERAGE(Data!$J$2:$J$31) =AVERAGEIF(Data!$C$2:$C$31;"Jaringan";Data!$J$2:$J$31)
A32: 12 | B32: Berapa tiket Aplikasi yang Terlampaui, dan berapa total jam lewat SLA pada tiket yang ditangani teknisi Rendra Utama? | C32: Sheet Ringkasan, sel C13 sampai C14 | D32: =COUNTIFS(Data!$C$2:$C$31;"Aplikasi";Data!$L$2:$L$31;"Terlampaui") =SUMIF(Data!$E$2:$E$31;"Rendra Utama";Data!$M$2:$M$31)

Sheet Data
A1: ID Tiket | B1: Pelapor | C1: Kategori | D1: Prioritas | E1: Teknisi | F1: Tanggal Buka | G1: Jam Buka | H1: Tanggal Selesai | I1: Jam Selesai | J1: Durasi Jam | K1: Target SLA | L1: Status SLA | M1: Jam Lewat SLA | O1: Parameter | P1: Nilai | Q1: Keterangan
A2: TK-001 | B2: Citra Susanto | C2: Aplikasi | D2: Tinggi | E2: Tania Kusumo | F2: 46313 | G2: 0.57291667 | H2: 46313 | I2: 0.78125 | J2: =ROUND((((H2+I2)-(F2+G2))*24),2) -> 5 | K2: =VLOOKUP(D2,Acuan!$A$2:$B$4,2,FALSE()) -> 4 | L2: =IF(J2>K2,"Terlampaui",IF(J2>$P$2*K2,"Mepet","Terpenuhi")) -> Terlampaui | M2: =MAX(0,J2-K2) -> 1 | O2: Batas mepet | P2: 0.8 | Q2: Durasi di atas persentase ini dari target (tetapi belum melewatinya) = Mepet
A3: TK-002 | B3: Rina Fauzi | C3: Jaringan | D3: Sedang | E3: Bagas Permadi | F3: 46313 | G3: 0.60416667 | H3: 46314 | I3: 0.28125 | J3: =ROUND((((H3+I3)-(F3+G3))*24),2) -> 16.25 | K3: =VLOOKUP(D3,Acuan!$A$2:$B$4,2,FALSE()) -> 12 | L3: =IF(J3>K3,"Terlampaui",IF(J3>$P$2*K3,"Mepet","Terpenuhi")) -> Terlampaui | M3: =MAX(0,J3-K3) -> 4.25
A4: TK-003 | B4: Siti Putra | C4: Jaringan | D4: Tinggi | E4: Salsa Maharani | F4: 46302 | G4: 0.59375 | H4: 46302 | I4: 0.625 | J4: =ROUND((((H4+I4)-(F4+G4))*24),2) -> 0.75 | K4: =VLOOKUP(D4,Acuan!$A$2:$B$4,2,FALSE()) -> 4 | L4: =IF(J4>K4,"Terlampaui",IF(J4>$P$2*K4,"Mepet","Terpenuhi")) -> Terpenuhi | M4: =MAX(0,J4-K4) -> 0
A5: TK-004 | B5: Jihan Kusuma | C5: Akun | D5: Rendah | E5: Tania Kusumo | F5: 46316 | G5: 0.45833333 | H5: 46318 | I5: 0.55208333 | J5: =ROUND((((H5+I5)-(F5+G5))*24),2) -> 50.25 | K5: =VLOOKUP(D5,Acuan!$A$2:$B$4,2,FALSE()) -> 48 | L5: =IF(J5>K5,"Terlampaui",IF(J5>$P$2*K5,"Mepet","Terpenuhi")) -> Terlampaui | M5: =MAX(0,J5-K5) -> 2.25
A6: TK-005 | B6: Maman Firmansyah | C6: Perangkat Keras | D6: Sedang | E6: Salsa Maharani | F6: 46304 | G6: 0.36458333 | H6: 46304 | I6: 0.53125 | J6: =ROUND((((H6+I6)-(F6+G6))*24),2) -> 4 | K6: =VLOOKUP(D6,Acuan!$A$2:$B$4,2,FALSE()) -> 12 | L6: =IF(J6>K6,"Terlampaui",IF(J6>$P$2*K6,"Mepet","Terpenuhi")) -> Terpenuhi | M6: =MAX(0,J6-K6) -> 0
A7: TK-006 | B7: Hesti Sari | C7: Perangkat Keras | D7: Rendah | E7: Salsa Maharani | F7: 46296 | G7: 0.4375 | H7: 46298 | I7: 0.29166667 | J7: =ROUND((((H7+I7)-(F7+G7))*24),2) -> 44.5 | K7: =VLOOKUP(D7,Acuan!$A$2:$B$4,2,FALSE()) -> 48 | L7: =IF(J7>K7,"Terlampaui",IF(J7>$P$2*K7,"Mepet","Terpenuhi")) -> Mepet | M7: =MAX(0,J7-K7) -> 0
A8: TK-007 | B8: Wawan Nugroho | C8: Jaringan | D8: Sedang | E8: Rendra Utama | F8: 46301 | G8: 0.48958333 | H8: 46302 | I8: 0.041666667 | J8: =ROUND((((H8+I8)-(F8+G8))*24),2) -> 13.25 | K8: =VLOOKUP(D8,Acuan!$A$2:$B$4,2,FALSE()) -> 12 | L8: =IF(J8>K8,"Terlampaui",IF(J8>$P$2*K8,"Mepet","Terpenuhi")) -> Terlampaui | M8: =MAX(0,J8-K8) -> 1.25
A9: TK-008 | B9: Lestari Rahayu | C9: Perangkat Keras | D9: Rendah | E9: Salsa Maharani | F9: 46296 | G9: 0.29166667 | H9: 46296 | I9: 0.97916667 | J9: =ROUND((((H9+I9)-(F9+G9))*24),2) -> 16.5 | K9: =VLOOKUP(D9,Acuan!$A$2:$B$4,2,FALSE()) -> 48 | L9: =IF(J9>K9,"Terlampaui",IF(J9>$P$2*K9,"Mepet","Terpenuhi")) -> Terpenuhi | M9: =MAX(0,J9-K9) -> 0
A10: TK-009 | B10: Tika Handayani | C10: Perangkat Keras | D10: Tinggi | E10: Salsa Maharani | F10: 46308 | G10: 0.41666667 | H10: 46308 | I10: 0.47916667 | J10: =ROUND((((H10+I10)-(F10+G10))*24),2) -> 1.5 | K10: =VLOOKUP(D10,Acuan!$A$2:$B$4,2,FALSE()) -> 4 | L10: =IF(J10>K10,"Terlampaui",IF(J10>$P$2*K10,"Mepet","Terpenuhi")) -> Terpenuhi | M10: =MAX(0,J10-K10) -> 0
A11: TK-010 | B11: Novi Maharani | C11: Perangkat Keras | D11: Rendah | E11: Bagas Permadi | F11: 46310 | G11: 0.64583333 | H11: 46312 | I11: 0.45833333 | J11: =ROUND((((H11+I11)-(F11+G11))*24),2) -> 43.5 | K11: =VLOOKUP(D11,Acuan!$A$2:$B$4,2,FALSE()) -> 48 | L11: =IF(J11>K11,"Terlampaui",IF(J11>$P$2*K11,"Mepet","Terpenuhi")) -> Mepet | M11: =MAX(0,J11-K11) -> 0
A12: TK-011 | B12: Eko Putra | C12: Jaringan | D12: Rendah | E12: Salsa Maharani | F12: 46309 | G12: 0.51041667 | H12: 46312 | I12: 0.23958333 | J12: =ROUND((((H12+I12)-(F12+G12))*24),2) -> 65.5 | K12: =VLOOKUP(D12,Acuan!$A$2:$B$4,2,FALSE()) -> 48 | L12: =IF(J12>K12,"Terlampaui",IF(J12>$P$2*K12,"Mepet","Terpenuhi")) -> Terlampaui | M12: =MAX(0,J12-K12) -> 17.5
A13: TK-012 | B13: Intan Saputra | C13: Aplikasi | D13: Tinggi | E13: Tania Kusumo | F13: 46300 | G13: 0.40625 | H13: 46300 | I13: 0.46875 | J13: =ROUND((((H13+I13)-(F13+G13))*24),2) -> 1.5 | K13: =VLOOKUP(D13,Acuan!$A$2:$B$4,2,FALSE()) -> 4 | L13: =IF(J13>K13,"Terlampaui",IF(J13>$P$2*K13,"Mepet","Terpenuhi")) -> Terpenuhi | M13: =MAX(0,J13-K13) -> 0
A14: TK-013 | B14: Dimas Hartono | C14: Perangkat Keras | D14: Rendah | E14: Tania Kusumo | F14: 46316 | G14: 0.32291667 | H14: 46316 | I14: 0.72916667 | J14: =ROUND((((H14+I14)-(F14+G14))*24),2) -> 9.75 | K14: =VLOOKUP(D14,Acuan!$A$2:$B$4,2,FALSE()) -> 48 | L14: =IF(J14>K14,"Terlampaui",IF(J14>$P$2*K14,"Mepet","Terpenuhi")) -> Terpenuhi | M14: =MAX(0,J14-K14) -> 0
... A31: TK-030 | B31: Rahmat Sari | C31: Jaringan | D31: Sedang | E31: Rendra Utama | F31: 46313 | G31: 0.32291667 | H31: 46313 | I31: 0.79166667 | J31: =ROUND((((H31+I31)-(F31+G31))*24),2) -> 11.25 | K31: =VLOOKUP(D31,Acuan!$A$2:$B$4,2,FALSE()) -> 12 | L31: =IF(J31>K31,"Terlampaui",IF(J31>$P$2*K31,"Mepet","Terpenuhi")) -> Mepet | M31: =MAX(0,J31-K31) -> 0

Sheet Acuan
A1: Prioritas | B1: Target SLA (Jam) | C1: Jumlah Tiket | D1: Rata-rata Durasi | E1: Tiket Terlampaui
A2: Tinggi | B2: 4 | C2: =COUNTIF(Data!$D$2:$D$31,A2) -> 8 | D2: =AVERAGEIF(Data!$D$2:$D$31,A2,Data!$J$2:$J$31) -> 2.5 | E2: =COUNTIFS(Data!$D$2:$D$31,A2,Data!$L$2:$L$31,"Terlampaui") -> 2
A3: Sedang | B3: 12 | C3: =COUNTIF(Data!$D$2:$D$31,A3) -> 12 | D3: =AVERAGEIF(Data!$D$2:$D$31,A3,Data!$J$2:$J$31) -> 11.020833 | E3: =COUNTIFS(Data!$D$2:$D$31,A3,Data!$L$2:$L$31,"Terlampaui") -> 5
A4: Rendah | B4: 48 | C4: =COUNTIF(Data!$D$2:$D$31,A4) -> 10 | D4: =AVERAGEIF(Data!$D$2:$D$31,A4,Data!$J$2:$J$31) -> 36.25 | E4: =COUNTIFS(Data!$D$2:$D$31,A4,Data!$L$2:$L$31,"Terlampaui") -> 3

Sheet Ringkasan
A1: Ringkasan: lembar jawaban soal berjenis ringkasan
A2: Sel hijau berisi rumus kunci.
A3: No | B3: Pertanyaan | C3: Jawaban | D3: Contoh format hasil
A4: 8a | B4: Tiket Terpenuhi | C4: =COUNTIF(Data!$L$2:$L$31,"Terpenuhi") -> 13 | D4: Angka bulat, mis. 12
A5: 8b | B5: Tiket Mepet | C5: =COUNTIF(Data!$L$2:$L$31,"Mepet") -> 7 | D5: Angka bulat, mis. 8
A6: 8c | B6: Tiket Terlampaui | C6: =COUNTIF(Data!$L$2:$L$31,"Terlampaui") -> 10 | D6: Angka bulat, mis. 6
A7: 9a | B7: Persen tiket Terlampaui | C7: =COUNTIF(Data!$L$2:$L$31,"Terlampaui")/COUNTA(Data!$A$2:$A$31) -> 0.33333333 | D7: Persen, mis. 25,5%
A8: 9b | B8: Total jam lewat SLA | C8: =SUM(Data!$M$2:$M$31) -> 75 | D8: Angka desimal, mis. 55,75
A9: 10a | B9: Pelapor tiket dengan durasi terlama | C9: =INDEX(Data!$B$2:$B$31,MATCH(MAX(Data!$J$2:$J$31),Data!$J$2:$J$31,0)) -> Rizki Sari | D9: Teks: nama pelapor
A10: 10b | B10: Prioritas dengan rata-rata durasi terlama | C10: =INDEX(Acuan!$A$2:$A$4,MATCH(MAX(Acuan!$D$2:$D$4),Acuan!$D$2:$D$4,0)) -> Rendah | D10: Teks: nama prioritas
A11: 11a | B11: Rata-rata durasi seluruh tiket | C11: =AVERAGE(Data!$J$2:$J$31) -> 17.158333 | D11: Angka desimal, mis. 14,50
A12: 11b | B12: Rata-rata durasi kategori Jaringan | C12: =AVERAGEIF(Data!$C$2:$C$31,"Jaringan",Data!$J$2:$J$31) -> 18.4375 | D12: Angka desimal, mis. 12,25
A13: 12a | B13: Tiket Aplikasi yang Terlampaui | C13: =COUNTIFS(Data!$C$2:$C$31,"Aplikasi",Data!$L$2:$L$31,"Terlampaui") -> 2 | D13: Angka bulat, mis. 3
A14: 12b | B14: Total jam lewat SLA Rendra Utama | C14: =SUMIF(Data!$E$2:$E$31,"Rendra Utama",Data!$M$2:$M$31) -> 36.5 | D14: Angka desimal, mis. 18,50
