Workbook

Sheet Petunjuk
A1: Kunci Jawaban: Laporan Penjualan Toko dengan Banyak Kriteria
A2: Latihan 103 dari 40 | Tingkat: Lanjutan | Perkiraan waktu: 65 menit | pushexcel.github.io/Pushexcel
A4: Skenario
A5: Kamu admin Toko Serba Ada Makmur Jaya yang menyusun laporan penjualan periode 2 November sampai 2 Desember 2026 dari 36 nota dengan empat kasir dan empat kategori barang. Total adalah jumlah dikali harga satuan. Nota dengan total minimal Rp 150.000 mendapat diskon 5 persen dari total, dan nota yang lebih kecil tidak mendapat diskon. Bayar adalah total dikurangi diskon. Hari dihitung dari tanggal nota dengan WEEKDAY (Senin = 1 sampai Minggu = 7). Sabtu dan Minggu disebut Akhir Pekan, hari lain Hari Kerja. Tiap kategori punya target penjualan bersih (jumlah Bayar) di sheet Acuan, dan statusnya Tercapai bila capaian minimal 100 persen (batas dan persen diskon ada di blok Parameter).
A7: Cara memakai kunci
A8: 1. | B8: Sel hijau berisi rumus kunci yang sudah dihitung. Klik sel untuk melihat rumusnya.
A9: 2. | B9: Kolom Rumus kunci di bawah menampilkan rumus untuk baris pertama atau tiap sel jawaban.
A10: 3. | B10: Rumus ditulis dengan titik koma (;). Ganti dengan koma (,) bila Excel kamu berbahasa Inggris.
A11: 4. | B11: Jawaban lain yang benar secara logika juga boleh, selama hasilnya sama.
A13: Arti warna
B14: Judul kolom data yang sudah diberikan
B15: Judul kolom hasil hitung
B16: Sel berisi rumus kunci
B17: Angka berwarna biru pada blok Parameter = nilai tetap yang boleh dirujuk
A19: Daftar soal
A20: No | B20: Soal | C20: Jawab di | D20: Rumus kunci
A21: 1 | B21: Hitung total tiap nota: jumlah dikali harga satuan. | C21: Sheet Data, kolom H (Total), baris 2 sampai 37 | D21: =F2*G2
A22: 2 | B22: Hitung diskon: bila total minimal batas diskon, diskonnya total dikali persen diskon. Bila tidak, diskonnya 0. | C22: Sheet Data, kolom I (Diskon), baris 2 sampai 37 | D22: =IF(H2>=$P$2;H2*$P$3;0)
A23: 3 | B23: Hitung jumlah yang dibayar pembeli: total dikurangi diskon. | C23: Sheet Data, kolom J (Bayar), baris 2 sampai 37 | D23: =H2-I2
A24: 4 | B24: Ambil nomor hari dari tanggal nota dengan Senin = 1 sampai Minggu = 7. | C24: Sheet Data, kolom K (Hari Ke), baris 2 sampai 37 | D24: =WEEKDAY(B2;2)
A25: 5 | B25: Ubah nomor hari menjadi nama hari: Senin sampai Minggu. | C25: Sheet Data, kolom L (Hari), baris 2 sampai 37 | D25: =CHOOSE(K2;"Senin";"Selasa";"Rabu";"Kamis";"Jumat";"Sabtu";"Minggu")
A26: 6 | B26: Beri jenis hari: Akhir Pekan bila nomor hari 6 atau 7 (Sabtu dan Minggu), selain itu Hari Kerja. | C26: Sheet Data, kolom M (Jenis Hari), baris 2 sampai 37 | D26: =IF(K2>=6;"Akhir Pekan";"Hari Kerja")
A27: 7 | B27: Pada sheet Acuan, hitung jumlah nota tiap kategori. | C27: Sheet Acuan, kolom C (Jumlah Nota), baris 2 sampai 5 | D27: =COUNTIF(Data!$D$2:$D$37;A2)
A28: 8 | B28: Pada sheet Acuan, hitung penjualan bersih tiap kategori, yaitu jumlah kolom Bayar. | C28: Sheet Acuan, kolom D (Penjualan Bersih), baris 2 sampai 5 | D28: =SUMIF(Data!$D$2:$D$37;A2;Data!$J$2:$J$37)
A29: 9 | B29: Pada sheet Acuan, hitung jumlah nota tiap kategori yang terjadi pada Akhir Pekan. | C29: Sheet Acuan, kolom E (Nota Akhir Pekan), baris 2 sampai 5 | D29: =COUNTIFS(Data!$D$2:$D$37;A2;Data!$M$2:$M$37;"Akhir Pekan")
A30: 10 | B30: Pada sheet Acuan, hitung capaian target: penjualan bersih dibagi target penjualan. | C30: Sheet Acuan, kolom F (Capaian Target), baris 2 sampai 5 | D30: =D2/B2
A31: 11 | B31: Pada sheet Acuan, beri status Tercapai bila capaian minimal 100 persen, selain itu Belum. | C31: Sheet Acuan, kolom G (Status Target), baris 2 sampai 5 | D31: =IF(F2>=1;"Tercapai";"Belum")
... A36: 16 | B36: Berapa kategori yang targetnya Tercapai, dan berapa rata-rata capaian target keempat kategori? | C36: Sheet Ringkasan, sel C14 sampai C15 | D36: =COUNTIF(Acuan!$G$2:$G$5;"Tercapai") =AVERAGE(Acuan!$F$2:$F$5)

Sheet Data
A1: No Nota | B1: Tanggal | C1: Kasir | D1: Kategori | E1: Produk | F1: Jumlah | G1: Harga Satuan | H1: Total | I1: Diskon | J1: Bayar | K1: Hari Ke | L1: Hari | M1: Jenis Hari | O1: Parameter | P1: Nilai | Q1: Keterangan
A2: N-001 | B2: 46328 | C2: Indah Amalia | D2: Makanan | E2: Minyak Goreng 2 L | F2: 5 | G2: 38000 | H2: =F2*G2 -> 190000 | I2: =IF(H2>=$P$2,H2*$P$3,0) -> 9500 | J2: =H2-I2 -> 180500 | K2: =WEEKDAY(B2,2) -> 1 | L2: =CHOOSE(K2,"Senin","Selasa","Rabu","Kamis","Jumat","Sabtu","Minggu") -> Senin | M2: =IF(K2>=6,"Akhir Pekan","Hari Kerja") -> Hari Kerja | O2: Batas diskon | P2: 150000 | Q2: Total nota minimal untuk mendapat diskon
A3: N-002 | B3: 46329 | C3: Galih Rahayu | D3: Makanan | E3: Biskuit Kaleng | F3: 1 | G3: 56000 | H3: =F3*G3 -> 56000 | I3: =IF(H3>=$P$2,H3*$P$3,0) -> 0 | J3: =H3-I3 -> 56000 | K3: =WEEKDAY(B3,2) -> 2 | L3: =CHOOSE(K3,"Senin","Selasa","Rabu","Kamis","Jumat","Sabtu","Minggu") -> Selasa | M3: =IF(K3>=6,"Akhir Pekan","Hari Kerja") -> Hari Kerja | O3: Persen diskon | P3: 0.05
A4: N-003 | B4: 46329 | C4: Galih Rahayu | D4: Makanan | E4: Beras 5 kg | F4: 8 | G4: 72000 | H4: =F4*G4 -> 576000 | I4: =IF(H4>=$P$2,H4*$P$3,0) -> 28800 | J4: =H4-I4 -> 547200 | K4: =WEEKDAY(B4,2) -> 2 | L4: =CHOOSE(K4,"Senin","Selasa","Rabu","Kamis","Jumat","Sabtu","Minggu") -> Selasa | M4: =IF(K4>=6,"Akhir Pekan","Hari Kerja") -> Hari Kerja
A5: N-004 | B5: 46330 | C5: Vina Utomo | D5: Makanan | E5: Mi Instan Dus | F5: 1 | G5: 98000 | H5: =F5*G5 -> 98000 | I5: =IF(H5>=$P$2,H5*$P$3,0) -> 0 | J5: =H5-I5 -> 98000 | K5: =WEEKDAY(B5,2) -> 3 | L5: =CHOOSE(K5,"Senin","Selasa","Rabu","Kamis","Jumat","Sabtu","Minggu") -> Rabu | M5: =IF(K5>=6,"Akhir Pekan","Hari Kerja") -> Hari Kerja
A6: N-005 | B6: 46330 | C6: Mulyadi Maharani | D6: Minuman | E6: Kopi Sachet Renteng | F6: 10 | G6: 14000 | H6: =F6*G6 -> 140000 | I6: =IF(H6>=$P$2,H6*$P$3,0) -> 0 | J6: =H6-I6 -> 140000 | K6: =WEEKDAY(B6,2) -> 3 | L6: =CHOOSE(K6,"Senin","Selasa","Rabu","Kamis","Jumat","Sabtu","Minggu") -> Rabu | M6: =IF(K6>=6,"Akhir Pekan","Hari Kerja") -> Hari Kerja
A7: N-006 | B7: 46331 | C7: Indah Amalia | D7: Minuman | E7: Kopi Sachet Renteng | F7: 8 | G7: 14000 | H7: =F7*G7 -> 112000 | I7: =IF(H7>=$P$2,H7*$P$3,0) -> 0 | J7: =H7-I7 -> 112000 | K7: =WEEKDAY(B7,2) -> 4 | L7: =CHOOSE(K7,"Senin","Selasa","Rabu","Kamis","Jumat","Sabtu","Minggu") -> Kamis | M7: =IF(K7>=6,"Akhir Pekan","Hari Kerja") -> Hari Kerja
A8: N-007 | B8: 46332 | C8: Vina Utomo | D8: Makanan | E8: Minyak Goreng 2 L | F8: 3 | G8: 38000 | H8: =F8*G8 -> 114000 | I8: =IF(H8>=$P$2,H8*$P$3,0) -> 0 | J8: =H8-I8 -> 114000 | K8: =WEEKDAY(B8,2) -> 5 | L8: =CHOOSE(K8,"Senin","Selasa","Rabu","Kamis","Jumat","Sabtu","Minggu") -> Jumat | M8: =IF(K8>=6,"Akhir Pekan","Hari Kerja") -> Hari Kerja
A9: N-008 | B9: 46332 | C9: Mulyadi Maharani | D9: Kebersihan | E9: Deterjen 1 kg | F9: 3 | G9: 29000 | H9: =F9*G9 -> 87000 | I9: =IF(H9>=$P$2,H9*$P$3,0) -> 0 | J9: =H9-I9 -> 87000 | K9: =WEEKDAY(B9,2) -> 5 | L9: =CHOOSE(K9,"Senin","Selasa","Rabu","Kamis","Jumat","Sabtu","Minggu") -> Jumat | M9: =IF(K9>=6,"Akhir Pekan","Hari Kerja") -> Hari Kerja
A10: N-009 | B10: 46333 | C10: Vina Utomo | D10: Alat Tulis | E10: Map Folder Pak | F10: 3 | G10: 27000 | H10: =F10*G10 -> 81000 | I10: =IF(H10>=$P$2,H10*$P$3,0) -> 0 | J10: =H10-I10 -> 81000 | K10: =WEEKDAY(B10,2) -> 6 | L10: =CHOOSE(K10,"Senin","Selasa","Rabu","Kamis","Jumat","Sabtu","Minggu") -> Sabtu | M10: =IF(K10>=6,"Akhir Pekan","Hari Kerja") -> Akhir Pekan
A11: N-010 | B11: 46334 | C11: Mulyadi Maharani | D11: Alat Tulis | E11: Map Folder Pak | F11: 8 | G11: 27000 | H11: =F11*G11 -> 216000 | I11: =IF(H11>=$P$2,H11*$P$3,0) -> 10800 | J11: =H11-I11 -> 205200 | K11: =WEEKDAY(B11,2) -> 7 | L11: =CHOOSE(K11,"Senin","Selasa","Rabu","Kamis","Jumat","Sabtu","Minggu") -> Minggu | M11: =IF(K11>=6,"Akhir Pekan","Hari Kerja") -> Akhir Pekan
A12: N-011 | B12: 46336 | C12: Vina Utomo | D12: Kebersihan | E12: Pembersih Lantai | F12: 10 | G12: 26000 | H12: =F12*G12 -> 260000 | I12: =IF(H12>=$P$2,H12*$P$3,0) -> 13000 | J12: =H12-I12 -> 247000 | K12: =WEEKDAY(B12,2) -> 2 | L12: =CHOOSE(K12,"Senin","Selasa","Rabu","Kamis","Jumat","Sabtu","Minggu") -> Selasa | M12: =IF(K12>=6,"Akhir Pekan","Hari Kerja") -> Hari Kerja
A13: N-012 | B13: 46337 | C13: Indah Amalia | D13: Makanan | E13: Beras 5 kg | F13: 8 | G13: 72000 | H13: =F13*G13 -> 576000 | I13: =IF(H13>=$P$2,H13*$P$3,0) -> 28800 | J13: =H13-I13 -> 547200 | K13: =WEEKDAY(B13,2) -> 3 | L13: =CHOOSE(K13,"Senin","Selasa","Rabu","Kamis","Jumat","Sabtu","Minggu") -> Rabu | M13: =IF(K13>=6,"Akhir Pekan","Hari Kerja") -> Hari Kerja
A14: N-013 | B14: 46338 | C14: Galih Rahayu | D14: Alat Tulis | E14: Buku Tulis Pak | F14: 4 | G14: 45000 | H14: =F14*G14 -> 180000 | I14: =IF(H14>=$P$2,H14*$P$3,0) -> 9000 | J14: =H14-I14 -> 171000 | K14: =WEEKDAY(B14,2) -> 4 | L14: =CHOOSE(K14,"Senin","Selasa","Rabu","Kamis","Jumat","Sabtu","Minggu") -> Kamis | M14: =IF(K14>=6,"Akhir Pekan","Hari Kerja") -> Hari Kerja
A15: N-014 | B15: 46338 | C15: Galih Rahayu | D15: Kebersihan | E15: Pembersih Lantai | F15: 10 | G15: 26000 | H15: =F15*G15 -> 260000 | I15: =IF(H15>=$P$2,H15*$P$3,0) -> 13000 | J15: =H15-I15 -> 247000 | K15: =WEEKDAY(B15,2) -> 4 | L15: =CHOOSE(K15,"Senin","Selasa","Rabu","Kamis","Jumat","Sabtu","Minggu") -> Kamis | M15: =IF(K15>=6,"Akhir Pekan","Hari Kerja") -> Hari Kerja
... A37: N-036 | B37: 46358 | C37: Galih Rahayu | D37: Alat Tulis | E37: Spidol Set | F37: 10 | G37: 52000 | H37: =F37*G37 -> 520000 | I37: =IF(H37>=$P$2,H37*$P$3,0) -> 26000 | J37: =H37-I37 -> 494000 | K37: =WEEKDAY(B37,2) -> 3 | L37: =CHOOSE(K37,"Senin","Selasa","Rabu","Kamis","Jumat","Sabtu","Minggu") -> Rabu | M37: =IF(K37>=6,"Akhir Pekan","Hari Kerja") -> Hari Kerja

Sheet Acuan
A1: Kategori | B1: Target Penjualan | C1: Jumlah Nota | D1: Penjualan Bersih | E1: Nota Akhir Pekan | F1: Capaian Target | G1: Status Target
A2: Makanan | B2: 2100000 | C2: =COUNTIF(Data!$D$2:$D$37,A2) -> 11 | D2: =SUMIF(Data!$D$2:$D$37,A2,Data!$J$2:$J$37) -> 2530700 | E2: =COUNTIFS(Data!$D$2:$D$37,A2,Data!$M$2:$M$37,"Akhir Pekan") -> 2 | F2: =D2/B2 -> 1.2050952 | G2: =IF(F2>=1,"Tercapai","Belum") -> Tercapai
A3: Minuman | B3: 2300000 | C3: =COUNTIF(Data!$D$2:$D$37,A3) -> 6 | D3: =SUMIF(Data!$D$2:$D$37,A3,Data!$J$2:$J$37) -> 2058400 | E3: =COUNTIFS(Data!$D$2:$D$37,A3,Data!$M$2:$M$37,"Akhir Pekan") -> 2 | F3: =D3/B3 -> 0.89495652 | G3: =IF(F3>=1,"Tercapai","Belum") -> Belum
A4: Kebersihan | B4: 1200000 | C4: =COUNTIF(Data!$D$2:$D$37,A4) -> 9 | D4: =SUMIF(Data!$D$2:$D$37,A4,Data!$J$2:$J$37) -> 1364500 | E4: =COUNTIFS(Data!$D$2:$D$37,A4,Data!$M$2:$M$37,"Akhir Pekan") -> 1 | F4: =D4/B4 -> 1.1370833 | G4: =IF(F4>=1,"Tercapai","Belum") -> Tercapai
A5: Alat Tulis | B5: 2400000 | C5: =COUNTIF(Data!$D$2:$D$37,A5) -> 10 | D5: =SUMIF(Data!$D$2:$D$37,A5,Data!$J$2:$J$37) -> 2013950 | E5: =COUNTIFS(Data!$D$2:$D$37,A5,Data!$M$2:$M$37,"Akhir Pekan") -> 3 | F5: =D5/B5 -> 0.83914583 | G5: =IF(F5>=1,"Tercapai","Belum") -> Belum

Sheet Ringkasan
A1: Ringkasan: lembar jawaban soal berjenis ringkasan
A2: Sel hijau berisi rumus kunci.
A3: No | B3: Pertanyaan | C3: Jawaban | D3: Contoh format hasil
A4: 12a | B4: Total penjualan bersih | C4: =SUM(Data!$J$2:$J$37) -> 7967550 | D4: Rupiah, mis. Rp 40.000.000
A5: 12b | B5: Total diskon | C5: =SUM(Data!$I$2:$I$37) -> 353450 | D5: Rupiah, mis. Rp 1.500.000
A6: 12c | B6: Nota yang mendapat diskon | C6: =COUNTIF(Data!$I$2:$I$37,">0") -> 21 | D6: Angka bulat, mis. 15
A7: 13a | B7: Penjualan bersih Vina Utomo pada Akhir Pekan | C7: =SUMPRODUCT((Data!$C$2:$C$37="Vina Utomo")*(Data!$M$2:$M$37="Akhir Pekan")*Data!$J$2:$J$37) -> 157000 | D7: Rupiah, mis. Rp 3.500.000
A8: 13b | B8: Nota Mulyadi Maharani kategori Minuman | C8: =COUNTIFS(Data!$C$2:$C$37,"Mulyadi Maharani",Data!$D$2:$D$37,"Minuman") -> 2 | D8: Angka bulat, mis. 4
A9: 14a | B9: Nota Hari Kerja kategori Makanan, jumlah minimal 5 | C9: =COUNTIFS(Data!$M$2:$M$37,"Hari Kerja",Data!$D$2:$D$37,"Makanan",Data!$F$2:$F$37,">=5") -> 5 | D9: Angka bulat, mis. 3
A10: 14b | B10: Total jumlah barang pada hari Sabtu | C10: =SUMIF(Data!$L$2:$L$37,"Sabtu",Data!$F$2:$F$37) -> 14 | D10: Angka bulat, mis. 25
A11: 15a | B11: Penjualan bersih Galih Rahayu | C11: =SUMIF(Data!$C$2:$C$37,"Galih Rahayu",Data!$J$2:$J$37) -> 3883900 | D11: Rupiah, mis. Rp 9.000.000
A12: 15b | B12: Rata-rata Bayar per nota Alat Tulis | C12: =AVERAGEIF(Data!$D$2:$D$37,"Alat Tulis",Data!$J$2:$J$37) -> 201395 | D12: Rupiah, mis. Rp 250.000
A13: 15c | B13: Kategori dengan penjualan bersih terbesar | C13: =INDEX(Acuan!$A$2:$A$5,MATCH(MAX(Acuan!$D$2:$D$5),Acuan!$D$2:$D$5,0)) -> Makanan | D13: Teks: nama kategori
A14: 16a | B14: Kategori Tercapai | C14: =COUNTIF(Acuan!$G$2:$G$5,"Tercapai") -> 2 | D14: Angka bulat, mis. 3
A15: 16b | B15: Rata-rata capaian target | C15: =AVERAGE(Acuan!$F$2:$F$5) -> 1.0190702 | D15: Persen, mis. 98,5%
