Workbook

Sheet Petunjuk
A1: Kunci Jawaban: Anggaran dan Realisasi Biaya per Departemen
A2: Latihan 76 dari 40 | Tingkat: Menengah | Perkiraan waktu: 50 menit | pushexcel.github.io/Pushexcel
A4: Skenario
A5: Kamu staf keuangan PT Mitra Prima Sejahtera yang memantau anggaran biaya operasional lima departemen selama enam bulan, Juli sampai Desember 2026. Tiap baris memuat anggaran dan realisasi satu departemen pada satu bulan. Sisa anggaran adalah anggaran dikurangi realisasi (boleh negatif bila melebihi). Persen serapan adalah realisasi dibagi anggaran. Status Hemat bila serapan di bawah 85 persen, Wajar bila serapan sampai 100 persen, dan Melebihi bila lebih dari 100 persen (batas ada di blok Parameter). Kolom No Bulan (1 sampai 6) dipakai untuk menghitung realisasi kumulatif.
A7: Cara memakai kunci
A8: 1. | B8: Sel hijau berisi rumus kunci yang sudah dihitung. Klik sel untuk melihat rumusnya.
A9: 2. | B9: Kolom Rumus kunci di bawah menampilkan rumus untuk baris pertama atau tiap sel jawaban.
A10: 3. | B10: Rumus ditulis dengan titik koma (;). Ganti dengan koma (,) bila Excel kamu berbahasa Inggris.
A11: 4. | B11: Jawaban lain yang benar secara logika juga boleh, selama hasilnya sama.
A13: Arti warna
B14: Judul kolom data yang sudah diberikan
B15: Judul kolom hasil hitung
B16: Sel berisi rumus kunci
B17: Angka berwarna biru pada blok Parameter = nilai tetap yang boleh dirujuk
A19: Daftar soal
A20: No | B20: Soal | C20: Jawab di | D20: Rumus kunci
A21: 1 | B21: Hitung sisa anggaran: anggaran dikurangi realisasi. Boleh negatif bila realisasi melebihi anggaran. | C21: Sheet Data, kolom F (Sisa Anggaran), baris 2 sampai 31 | D21: =D2-E2
A22: 2 | B22: Hitung persen serapan: realisasi dibagi anggaran. | C22: Sheet Data, kolom G (Persen Serapan), baris 2 sampai 31 | D22: =E2/D2
A23: 3 | B23: Beri status Hemat bila serapan di bawah batas hemat, Wajar bila serapan sampai batas wajar, selain itu Melebihi. | C23: Sheet Data, kolom H (Status Serapan), baris 2 sampai 31 | D23: =IF(G2<$L$2;"Hemat";IF(G2<=$L$3;"Wajar";"Melebihi"))
A24: 4 | B24: Hitung realisasi kumulatif departemen sampai bulan pada baris ini: jumlah realisasi departemen yang sama dengan No Bulan sama atau lebih kecil. | C24: Sheet Data, kolom I (Realisasi Kumulatif), baris 2 sampai 31 | D24: =SUMIFS($E$2:$E$31;$A$2:$A$31;A2;$C$2:$C$31;"<="&C2)
A25: 5 | B25: Pada sheet Acuan, hitung total anggaran enam bulan tiap departemen. | C25: Sheet Acuan, kolom B (Total Anggaran), baris 2 sampai 6 | D25: =SUMIF(Data!$A$2:$A$31;A2;Data!$D$2:$D$31)
A26: 6 | B26: Pada sheet Acuan, hitung total realisasi enam bulan tiap departemen. | C26: Sheet Acuan, kolom C (Total Realisasi), baris 2 sampai 6 | D26: =SUMIF(Data!$A$2:$A$31;A2;Data!$E$2:$E$31)
A27: 7 | B27: Pada sheet Acuan, hitung sisa anggaran tiap departemen: total anggaran dikurangi total realisasi. | C27: Sheet Acuan, kolom D (Sisa Departemen), baris 2 sampai 6 | D27: =B2-C2
A28: 8 | B28: Pada sheet Acuan, hitung persen serapan tiap departemen: total realisasi dibagi total anggaran. | C28: Sheet Acuan, kolom E (Serapan Departemen), baris 2 sampai 6 | D28: =C2/B2
A29: 9 | B29: Berapa total anggaran, total realisasi, dan total sisa anggaran seluruh departemen? | C29: Sheet Ringkasan, sel C4 sampai C6 | D29: =SUM(Data!$D$2:$D$31) =SUM(Data!$E$2:$E$31) =SUM(Data!$F$2:$F$31)
A30: 10 | B30: Berapa baris yang berstatus Melebihi, dan berapa baris Hemat pada departemen Produksi? | C30: Sheet Ringkasan, sel C7 sampai C8 | D30: =COUNTIF(Data!$H$2:$H$31;"Melebihi") =COUNTIFS(Data!$A$2:$A$31;"Produksi";Data!$H$2:$H$31;"Hemat")
A31: 11 | B31: Departemen mana yang serapannya tertinggi, dan departemen mana yang sisa anggarannya terbesar? | C31: Sheet Ringkasan, sel C9 sampai C10 | D31: =INDEX(Acuan!$A$2:$A$6;MATCH(MAX(Acuan!$E$2:$E$6);Acuan!$E$2:$E$6;0)) =INDEX(Acuan!$A$2:$A$6;MATCH(MAX(Acuan!$D$2:$D$6);Acuan!$D$2:$D$6;0))
... A33: 13 | B33: Berapa realisasi terbesar pada satu baris, dan berapa total realisasi pada bulan November? | C33: Sheet Ringkasan, sel C13 sampai C14 | D33: =MAX(Data!$E$2:$E$31) =SUMIF(Data!$B$2:$B$31;"November";Data!$E$2:$E$31)

Sheet Data
A1: Departemen | B1: Bulan | C1: No Bulan | D1: Anggaran | E1: Realisasi | F1: Sisa Anggaran | G1: Persen Serapan | H1: Status Serapan | I1: Realisasi Kumulatif | K1: Parameter | L1: Nilai | M1: Keterangan
A2: Produksi | B2: Juli | C2: 1 | D2: 88000000 | E2: 61300000 | F2: =D2-E2 -> 26700000 | G2: =E2/D2 -> 0.69659091 | H2: =IF(G2<$L$2,"Hemat",IF(G2<=$L$3,"Wajar","Melebihi")) -> Hemat | I2: =SUMIFS($E$2:$E$31,$A$2:$A$31,A2,$C$2:$C$31,"<="&C2) -> 61300000 | K2: Batas hemat | L2: 0.85 | M2: Serapan di bawah batas ini = Hemat
A3: Pemasaran | B3: Juli | C3: 1 | D3: 40500000 | E3: 40000000 | F3: =D3-E3 -> 500000 | G3: =E3/D3 -> 0.98765432 | H3: =IF(G3<$L$2,"Hemat",IF(G3<=$L$3,"Wajar","Melebihi")) -> Wajar | I3: =SUMIFS($E$2:$E$31,$A$2:$A$31,A3,$C$2:$C$31,"<="&C3) -> 40000000 | K3: Batas wajar | L3: 1 | M3: Serapan sampai batas ini = Wajar, di atasnya Melebihi
A4: Keuangan | B4: Juli | C4: 1 | D4: 30000000 | E4: 24000000 | F4: =D4-E4 -> 6000000 | G4: =E4/D4 -> 0.8 | H4: =IF(G4<$L$2,"Hemat",IF(G4<=$L$3,"Wajar","Melebihi")) -> Hemat | I4: =SUMIFS($E$2:$E$31,$A$2:$A$31,A4,$C$2:$C$31,"<="&C4) -> 24000000
A5: SDM | B5: Juli | C5: 1 | D5: 22500000 | E5: 16800000 | F5: =D5-E5 -> 5700000 | G5: =E5/D5 -> 0.74666667 | H5: =IF(G5<$L$2,"Hemat",IF(G5<=$L$3,"Wajar","Melebihi")) -> Hemat | I5: =SUMIFS($E$2:$E$31,$A$2:$A$31,A5,$C$2:$C$31,"<="&C5) -> 16800000
A6: Teknologi Informasi | B6: Juli | C6: 1 | D6: 38000000 | E6: 26400000 | F6: =D6-E6 -> 11600000 | G6: =E6/D6 -> 0.69473684 | H6: =IF(G6<$L$2,"Hemat",IF(G6<=$L$3,"Wajar","Melebihi")) -> Hemat | I6: =SUMIFS($E$2:$E$31,$A$2:$A$31,A6,$C$2:$C$31,"<="&C6) -> 26400000
A7: Produksi | B7: Agustus | C7: 2 | D7: 80000000 | E7: 92800000 | F7: =D7-E7 -> -12800000 | G7: =E7/D7 -> 1.16 | H7: =IF(G7<$L$2,"Hemat",IF(G7<=$L$3,"Wajar","Melebihi")) -> Melebihi | I7: =SUMIFS($E$2:$E$31,$A$2:$A$31,A7,$C$2:$C$31,"<="&C7) -> 154100000
A8: Pemasaran | B8: Agustus | C8: 2 | D8: 40500000 | E8: 44200000 | F8: =D8-E8 -> -3700000 | G8: =E8/D8 -> 1.091358 | H8: =IF(G8<$L$2,"Hemat",IF(G8<=$L$3,"Wajar","Melebihi")) -> Melebihi | I8: =SUMIFS($E$2:$E$31,$A$2:$A$31,A8,$C$2:$C$31,"<="&C8) -> 84200000
A9: Keuangan | B9: Agustus | C9: 2 | D9: 27000000 | E9: 24800000 | F9: =D9-E9 -> 2200000 | G9: =E9/D9 -> 0.91851852 | H9: =IF(G9<$L$2,"Hemat",IF(G9<=$L$3,"Wajar","Melebihi")) -> Wajar | I9: =SUMIFS($E$2:$E$31,$A$2:$A$31,A9,$C$2:$C$31,"<="&C9) -> 48800000
A10: SDM | B10: Agustus | C10: 2 | D10: 22500000 | E10: 21100000 | F10: =D10-E10 -> 1400000 | G10: =E10/D10 -> 0.93777778 | H10: =IF(G10<$L$2,"Hemat",IF(G10<=$L$3,"Wajar","Melebihi")) -> Wajar | I10: =SUMIFS($E$2:$E$31,$A$2:$A$31,A10,$C$2:$C$31,"<="&C10) -> 37900000
A11: Teknologi Informasi | B11: Agustus | C11: 2 | D11: 38000000 | E11: 28100000 | F11: =D11-E11 -> 9900000 | G11: =E11/D11 -> 0.73947368 | H11: =IF(G11<$L$2,"Hemat",IF(G11<=$L$3,"Wajar","Melebihi")) -> Hemat | I11: =SUMIFS($E$2:$E$31,$A$2:$A$31,A11,$C$2:$C$31,"<="&C11) -> 54500000
A12: Produksi | B12: September | C12: 3 | D12: 96000000 | E12: 93200000 | F12: =D12-E12 -> 2800000 | G12: =E12/D12 -> 0.97083333 | H12: =IF(G12<$L$2,"Hemat",IF(G12<=$L$3,"Wajar","Melebihi")) -> Wajar | I12: =SUMIFS($E$2:$E$31,$A$2:$A$31,A12,$C$2:$C$31,"<="&C12) -> 247300000
A13: Pemasaran | B13: September | C13: 3 | D13: 40500000 | E13: 41000000 | F13: =D13-E13 -> -500000 | G13: =E13/D13 -> 1.0123457 | H13: =IF(G13<$L$2,"Hemat",IF(G13<=$L$3,"Wajar","Melebihi")) -> Melebihi | I13: =SUMIFS($E$2:$E$31,$A$2:$A$31,A13,$C$2:$C$31,"<="&C13) -> 125200000
A14: Keuangan | B14: September | C14: 3 | D14: 30000000 | E14: 28800000 | F14: =D14-E14 -> 1200000 | G14: =E14/D14 -> 0.96 | H14: =IF(G14<$L$2,"Hemat",IF(G14<=$L$3,"Wajar","Melebihi")) -> Wajar | I14: =SUMIFS($E$2:$E$31,$A$2:$A$31,A14,$C$2:$C$31,"<="&C14) -> 77600000
A15: SDM | B15: September | C15: 3 | D15: 25000000 | E15: 24200000 | F15: =D15-E15 -> 800000 | G15: =E15/D15 -> 0.968 | H15: =IF(G15<$L$2,"Hemat",IF(G15<=$L$3,"Wajar","Melebihi")) -> Wajar | I15: =SUMIFS($E$2:$E$31,$A$2:$A$31,A15,$C$2:$C$31,"<="&C15) -> 62100000
... A31: Teknologi Informasi | B31: Desember | C31: 6 | D31: 38000000 | E31: 26900000 | F31: =D31-E31 -> 11100000 | G31: =E31/D31 -> 0.70789474 | H31: =IF(G31<$L$2,"Hemat",IF(G31<=$L$3,"Wajar","Melebihi")) -> Hemat | I31: =SUMIFS($E$2:$E$31,$A$2:$A$31,A31,$C$2:$C$31,"<="&C31) -> 188700000

Sheet Acuan
A1: Departemen | B1: Total Anggaran | C1: Total Realisasi | D1: Sisa Departemen | E1: Serapan Departemen
A2: Produksi | B2: =SUMIF(Data!$A$2:$A$31,A2,Data!$D$2:$D$31) -> 504000000 | C2: =SUMIF(Data!$A$2:$A$31,A2,Data!$E$2:$E$31) -> 455500000 | D2: =B2-C2 -> 48500000 | E2: =C2/B2 -> 0.90376984
A3: Pemasaran | B3: =SUMIF(Data!$A$2:$A$31,A3,Data!$D$2:$D$31) -> 265500000 | C3: =SUMIF(Data!$A$2:$A$31,A3,Data!$E$2:$E$31) -> 268100000 | D3: =B3-C3 -> -2600000 | E3: =C3/B3 -> 1.0097928
A4: Keuangan | B4: =SUMIF(Data!$A$2:$A$31,A4,Data!$D$2:$D$31) -> 186000000 | C4: =SUMIF(Data!$A$2:$A$31,A4,Data!$E$2:$E$31) -> 173300000 | D4: =B4-C4 -> 12700000 | E4: =C4/B4 -> 0.93172043
A5: SDM | B5: =SUMIF(Data!$A$2:$A$31,A5,Data!$D$2:$D$31) -> 147500000 | C5: =SUMIF(Data!$A$2:$A$31,A5,Data!$E$2:$E$31) -> 131100000 | D5: =B5-C5 -> 16400000 | E5: =C5/B5 -> 0.88881356
A6: Teknologi Informasi | B6: =SUMIF(Data!$A$2:$A$31,A6,Data!$D$2:$D$31) -> 224000000 | C6: =SUMIF(Data!$A$2:$A$31,A6,Data!$E$2:$E$31) -> 188700000 | D6: =B6-C6 -> 35300000 | E6: =C6/B6 -> 0.84241071

Sheet Ringkasan
A1: Ringkasan: lembar jawaban soal berjenis ringkasan
A2: Sel hijau berisi rumus kunci.
A3: No | B3: Pertanyaan | C3: Jawaban | D3: Contoh format hasil
A4: 9a | B4: Total anggaran | C4: =SUM(Data!$D$2:$D$31) -> 1327000000 | D4: Rupiah, mis. Rp 1.000.000.000
A5: 9b | B5: Total realisasi | C5: =SUM(Data!$E$2:$E$31) -> 1216700000 | D5: Rupiah, mis. Rp 900.000.000
A6: 9c | B6: Total sisa anggaran | C6: =SUM(Data!$F$2:$F$31) -> 110300000 | D6: Rupiah, mis. Rp 100.000.000
A7: 10a | B7: Baris Melebihi | C7: =COUNTIF(Data!$H$2:$H$31,"Melebihi") -> 9 | D7: Angka bulat, mis. 7
A8: 10b | B8: Baris Hemat departemen Produksi | C8: =COUNTIFS(Data!$A$2:$A$31,"Produksi",Data!$H$2:$H$31,"Hemat") -> 2 | D8: Angka bulat, mis. 3
A9: 11a | B9: Departemen dengan serapan tertinggi | C9: =INDEX(Acuan!$A$2:$A$6,MATCH(MAX(Acuan!$E$2:$E$6),Acuan!$E$2:$E$6,0)) -> Pemasaran | D9: Teks: nama departemen
A10: 11b | B10: Departemen dengan sisa terbesar | C10: =INDEX(Acuan!$A$2:$A$6,MATCH(MAX(Acuan!$D$2:$D$6),Acuan!$D$2:$D$6,0)) -> Produksi | D10: Teks: nama departemen
A11: 12a | B11: Rata-rata persen serapan | C11: =AVERAGE(Data!$G$2:$G$31) -> 0.9142453 | D11: Persen, mis. 90,5%
A12: 12b | B12: Rata-rata persen serapan Desember | C12: =AVERAGEIF(Data!$B$2:$B$31,"Desember",Data!$G$2:$G$31) -> 0.94411598 | D12: Persen, mis. 93,5%
A13: 13a | B13: Realisasi terbesar satu baris | C13: =MAX(Data!$E$2:$E$31) -> 93200000 | D13: Rupiah, mis. Rp 80.000.000
A14: 13b | B14: Total realisasi November | C14: =SUMIF(Data!$B$2:$B$31,"November",Data!$E$2:$E$31) -> 225700000 | D14: Rupiah, mis. Rp 150.000.000
