Workbook

Sheet Petunjuk
A1: Kunci Jawaban: Laporan Penjualan Kuartalan Lima Produk
A2: Latihan 54 dari 56 | Tingkat: Lanjutan | Perkiraan waktu: 70 menit | pushexcel.github.io/Pushexcel
A4: Skenario
A5: Kamu analis penjualan PT Nusa Rasa yang memasarkan lima produk di empat wilayah. Tabel berisi penjualan tiap kuartal tahun 2025 (dalam rupiah) dan target tahunan untuk 20 kombinasi produk dan wilayah. Capaian target adalah total setahun dibagi target. Status Tercapai bila capaian sama dengan atau di atas 100 persen, Hampir bila sama dengan atau di atas 90 persen, selain itu Belum. Tren Naik terus bila penjualan naik di setiap kuartal berturut-turut, Turun terus bila turun di setiap kuartal, selain itu Fluktuatif. Rekap per wilayah ada di sheet Acuan.
A7: Cara memakai kunci
A8: 1. | B8: Sel hijau berisi rumus kunci yang sudah dihitung. Klik sel untuk melihat rumusnya.
A9: 2. | B9: Kolom Rumus kunci di bawah menampilkan rumus untuk baris pertama atau tiap sel jawaban.
A10: 3. | B10: Rumus ditulis dengan titik koma (;). Ganti dengan koma (,) bila Excel kamu berbahasa Inggris.
A11: 4. | B11: Jawaban lain yang benar secara logika juga boleh, selama hasilnya sama.
A13: Arti warna
B14: Judul kolom data yang sudah diberikan
B15: Judul kolom hasil hitung
B16: Sel berisi rumus kunci
A18: Daftar soal
A19: No | B19: Soal | C19: Jawab di | D19: Rumus kunci
A20: 1 | B20: Hitung total penjualan setahun: jumlah keempat kuartal. | C20: Sheet Data, kolom H (Total Setahun), baris 2 sampai 21 | D20: =SUM(C2:F2)
A21: 2 | B21: Hitung rata-rata penjualan per kuartal. | C21: Sheet Data, kolom I (Rata-rata Kuartal), baris 2 sampai 21 | D21: =AVERAGE(C2:F2)
A22: 3 | B22: Hitung pertumbuhan kuartal 4 terhadap kuartal 1: selisih K4 dan K1 dibagi K1. Boleh negatif. | C22: Sheet Data, kolom J (Pertumbuhan K4 vs K1), baris 2 sampai 21 | D22: =(F2-C2)/C2
A23: 4 | B23: Tulis nama kuartal dengan penjualan tertinggi pada baris itu (Kuartal 1 sampai Kuartal 4). | C23: Sheet Data, kolom K (Kuartal Terbaik), baris 2 sampai 21 | D23: =CHOOSE(MATCH(MAX(C2:F2);C2:F2;0);"Kuartal 1";"Kuartal 2";"Kuartal 3";"Kuartal 4")
A24: 5 | B24: Hitung capaian target: total setahun dibagi target tahunan. | C24: Sheet Data, kolom L (Capaian Target), baris 2 sampai 21 | D24: =H2/G2
A25: 6 | B25: Beri status: Tercapai bila capaian 100 persen atau lebih, Hampir bila 90 persen atau lebih, selain itu Belum. | C25: Sheet Data, kolom M (Status Target), baris 2 sampai 21 | D25: =IF(L2>=1;"Tercapai";IF(L2>=0.9;"Hampir";"Belum"))
A26: 7 | B26: Tentukan tren: Naik terus bila setiap kuartal lebih besar dari kuartal sebelumnya, Turun terus bila setiap kuartal lebih kecil, selain itu Fluktuatif. | C26: Sheet Data, kolom N (Tren), baris 2 sampai 21 | D26: =IF(AND(D2>C2;E2>D2;F2>E2);"Naik terus";IF(AND(D2<C2;E2<D2;F2<E2);"Turun terus";"Fluktuatif"))
A27: 8 | B27: Beri peringkat tiap baris menurut total setahun, peringkat 1 untuk total terbesar. | C27: Sheet Data, kolom O (Peringkat), baris 2 sampai 21 | D27: =RANK(H2;$H$2:$H$21;0)
A28: 9 | B28: Hitung kontribusi tiap baris terhadap seluruh penjualan: total setahun dibagi jumlah seluruh total setahun. | C28: Sheet Data, kolom P (Kontribusi), baris 2 sampai 21 | D28: =H2/SUM($H$2:$H$21)
A29: 10 | B29: Pada sheet Acuan, hitung total setahun tiap wilayah. | C29: Sheet Acuan, kolom B (Total Wilayah), baris 2 sampai 5 | D29: =SUMIF(Data!$B$2:$B$21;A2;Data!$H$2:$H$21)
A30: 11 | B30: Pada sheet Acuan, hitung capaian tiap wilayah: total wilayah dibagi total target tahunan wilayah itu. | C30: Sheet Acuan, kolom C (Capaian Wilayah), baris 2 sampai 5 | D30: =B2/SUMIF(Data!$B$2:$B$21;A2;Data!$G$2:$G$21)
... A36: 17 | B36: Berapa total setahun terbesar ketiga, dan berapa rata-rata capaian target seluruh kombinasi? | C36: Sheet Ringkasan, sel C16 sampai C17 | D36: =LARGE(Data!$H$2:$H$21;3) =AVERAGE(Data!$L$2:$L$21)

Sheet Data
A1: Produk | B1: Wilayah | C1: Kuartal 1 | D1: Kuartal 2 | E1: Kuartal 3 | F1: Kuartal 4 | G1: Target Tahunan | H1: Total Setahun | I1: Rata-rata Kuartal | J1: Pertumbuhan K4 vs K1 | K1: Kuartal Terbaik | L1: Capaian Target | M1: Status Target | N1: Tren | O1: Peringkat | P1: Kontribusi
A2: Kopi Arabika | B2: Jawa Tengah | C2: 89000000 | D2: 101000000 | E2: 112000000 | F2: 115000000 | G2: 345000000 | H2: =SUM(C2:F2) -> 417000000 | I2: =AVERAGE(C2:F2) -> 104250000 | J2: =(F2-C2)/C2 -> 0.29213483 | K2: =CHOOSE(MATCH(MAX(C2:F2),C2:F2,0),"Kuartal 1","Kuartal 2","Kuartal 3","Kuartal 4") -> Kuartal 4 | L2: =H2/G2 -> 1.2086957 | M2: =IF(L2>=1,"Tercapai",IF(L2>=0.9,"Hampir","Belum")) -> Tercapai | N2: =IF(AND(D2>C2,E2>D2,F2>E2),"Naik terus",IF(AND(D2<C2,E2<D2,F2<E2),"Turun terus","Fluktuatif")) -> Naik terus | O2: =RANK(H2,$H$2:$H$21,0) -> 7 | P2: =H2/SUM($H$2:$H$21) -> 0.058518103
A3: Kopi Arabika | B3: Jawa Barat | C3: 136000000 | D3: 142000000 | E3: 126000000 | F3: 126000000 | G3: 600000000 | H3: =SUM(C3:F3) -> 530000000 | I3: =AVERAGE(C3:F3) -> 132500000 | J3: =(F3-C3)/C3 -> -0.073529412 | K3: =CHOOSE(MATCH(MAX(C3:F3),C3:F3,0),"Kuartal 1","Kuartal 2","Kuartal 3","Kuartal 4") -> Kuartal 2 | L3: =H3/G3 -> 0.88333333 | M3: =IF(L3>=1,"Tercapai",IF(L3>=0.9,"Hampir","Belum")) -> Belum | N3: =IF(AND(D3>C3,E3>D3,F3>E3),"Naik terus",IF(AND(D3<C3,E3<D3,F3<E3),"Turun terus","Fluktuatif")) -> Fluktuatif | O3: =RANK(H3,$H$2:$H$21,0) -> 4 | P3: =H3/SUM($H$2:$H$21) -> 0.074375526
A4: Kopi Arabika | B4: Jawa Timur | C4: 52000000 | D4: 57000000 | E4: 59000000 | F4: 69000000 | G4: 270000000 | H4: =SUM(C4:F4) -> 237000000 | I4: =AVERAGE(C4:F4) -> 59250000 | J4: =(F4-C4)/C4 -> 0.32692308 | K4: =CHOOSE(MATCH(MAX(C4:F4),C4:F4,0),"Kuartal 1","Kuartal 2","Kuartal 3","Kuartal 4") -> Kuartal 4 | L4: =H4/G4 -> 0.87777778 | M4: =IF(L4>=1,"Tercapai",IF(L4>=0.9,"Hampir","Belum")) -> Belum | N4: =IF(AND(D4>C4,E4>D4,F4>E4),"Naik terus",IF(AND(D4<C4,E4<D4,F4<E4),"Turun terus","Fluktuatif")) -> Naik terus | O4: =RANK(H4,$H$2:$H$21,0) -> 16 | P4: =H4/SUM($H$2:$H$21) -> 0.03325849
A5: Kopi Arabika | B5: Sumatera | C5: 131000000 | D5: 120000000 | E5: 94000000 | F5: 91000000 | G5: 410000000 | H5: =SUM(C5:F5) -> 436000000 | I5: =AVERAGE(C5:F5) -> 109000000 | J5: =(F5-C5)/C5 -> -0.30534351 | K5: =CHOOSE(MATCH(MAX(C5:F5),C5:F5,0),"Kuartal 1","Kuartal 2","Kuartal 3","Kuartal 4") -> Kuartal 1 | L5: =H5/G5 -> 1.0634146 | M5: =IF(L5>=1,"Tercapai",IF(L5>=0.9,"Hampir","Belum")) -> Tercapai | N5: =IF(AND(D5>C5,E5>D5,F5>E5),"Naik terus",IF(AND(D5<C5,E5<D5,F5<E5),"Turun terus","Fluktuatif")) -> Turun terus | O5: =RANK(H5,$H$2:$H$21,0) -> 6 | P5: =H5/SUM($H$2:$H$21) -> 0.061184395
A6: Kopi Robusta | B6: Jawa Tengah | C6: 87000000 | D6: 106000000 | E6: 107000000 | F6: 106000000 | G6: 460000000 | H6: =SUM(C6:F6) -> 406000000 | I6: =AVERAGE(C6:F6) -> 101500000 | J6: =(F6-C6)/C6 -> 0.2183908 | K6: =CHOOSE(MATCH(MAX(C6:F6),C6:F6,0),"Kuartal 1","Kuartal 2","Kuartal 3","Kuartal 4") -> Kuartal 3 | L6: =H6/G6 -> 0.8826087 | M6: =IF(L6>=1,"Tercapai",IF(L6>=0.9,"Hampir","Belum")) -> Belum | N6: =IF(AND(D6>C6,E6>D6,F6>E6),"Naik terus",IF(AND(D6<C6,E6<D6,F6<E6),"Turun terus","Fluktuatif")) -> Fluktuatif | O6: =RANK(H6,$H$2:$H$21,0) -> 8 | P6: =H6/SUM($H$2:$H$21) -> 0.05697446
A7: Kopi Robusta | B7: Jawa Barat | C7: 59000000 | D7: 57000000 | E7: 50000000 | F7: 51000000 | G7: 180000000 | H7: =SUM(C7:F7) -> 217000000 | I7: =AVERAGE(C7:F7) -> 54250000 | J7: =(F7-C7)/C7 -> -0.13559322 | K7: =CHOOSE(MATCH(MAX(C7:F7),C7:F7,0),"Kuartal 1","Kuartal 2","Kuartal 3","Kuartal 4") -> Kuartal 1 | L7: =H7/G7 -> 1.2055556 | M7: =IF(L7>=1,"Tercapai",IF(L7>=0.9,"Hampir","Belum")) -> Tercapai | N7: =IF(AND(D7>C7,E7>D7,F7>E7),"Naik terus",IF(AND(D7<C7,E7<D7,F7<E7),"Turun terus","Fluktuatif")) -> Fluktuatif | O7: =RANK(H7,$H$2:$H$21,0) -> 17 | P7: =H7/SUM($H$2:$H$21) -> 0.030451866
A8: Kopi Robusta | B8: Jawa Timur | C8: 51000000 | D8: 64000000 | E8: 68000000 | F8: 64000000 | G8: 220000000 | H8: =SUM(C8:F8) -> 247000000 | I8: =AVERAGE(C8:F8) -> 61750000 | J8: =(F8-C8)/C8 -> 0.25490196 | K8: =CHOOSE(MATCH(MAX(C8:F8),C8:F8,0),"Kuartal 1","Kuartal 2","Kuartal 3","Kuartal 4") -> Kuartal 3 | L8: =H8/G8 -> 1.1227273 | M8: =IF(L8>=1,"Tercapai",IF(L8>=0.9,"Hampir","Belum")) -> Tercapai | N8: =IF(AND(D8>C8,E8>D8,F8>E8),"Naik terus",IF(AND(D8<C8,E8<D8,F8<E8),"Turun terus","Fluktuatif")) -> Fluktuatif | O8: =RANK(H8,$H$2:$H$21,0) -> 14 | P8: =H8/SUM($H$2:$H$21) -> 0.034661802
A9: Kopi Robusta | B9: Sumatera | C9: 74000000 | D9: 80000000 | E9: 73000000 | F9: 81000000 | G9: 350000000 | H9: =SUM(C9:F9) -> 308000000 | I9: =AVERAGE(C9:F9) -> 77000000 | J9: =(F9-C9)/C9 -> 0.094594595 | K9: =CHOOSE(MATCH(MAX(C9:F9),C9:F9,0),"Kuartal 1","Kuartal 2","Kuartal 3","Kuartal 4") -> Kuartal 4 | L9: =H9/G9 -> 0.88 | M9: =IF(L9>=1,"Tercapai",IF(L9>=0.9,"Hampir","Belum")) -> Belum | N9: =IF(AND(D9>C9,E9>D9,F9>E9),"Naik terus",IF(AND(D9<C9,E9<D9,F9<E9),"Turun terus","Fluktuatif")) -> Fluktuatif | O9: =RANK(H9,$H$2:$H$21,0) -> 10 | P9: =H9/SUM($H$2:$H$21) -> 0.043222004
A10: Teh Hijau | B10: Jawa Tengah | C10: 43000000 | D10: 41000000 | E10: 44000000 | F10: 47000000 | G10: 190000000 | H10: =SUM(C10:F10) -> 175000000 | I10: =AVERAGE(C10:F10) -> 43750000 | J10: =(F10-C10)/C10 -> 0.093023256 | K10: =CHOOSE(MATCH(MAX(C10:F10),C10:F10,0),"Kuartal 1","Kuartal 2","Kuartal 3","Kuartal 4") -> Kuartal 4 | L10: =H10/G10 -> 0.92105263 | M10: =IF(L10>=1,"Tercapai",IF(L10>=0.9,"Hampir","Belum")) -> Hampir | N10: =IF(AND(D10>C10,E10>D10,F10>E10),"Naik terus",IF(AND(D10<C10,E10<D10,F10<E10),"Turun terus","Fluktuatif")) -> Fluktuatif | O10: =RANK(H10,$H$2:$H$21,0) -> 18 | P10: =H10/SUM($H$2:$H$21) -> 0.024557957
A11: Teh Hijau | B11: Jawa Barat | C11: 124000000 | D11: 110000000 | E11: 121000000 | F11: 117000000 | G11: 520000000 | H11: =SUM(C11:F11) -> 472000000 | I11: =AVERAGE(C11:F11) -> 118000000 | J11: =(F11-C11)/C11 -> -0.056451613 | K11: =CHOOSE(MATCH(MAX(C11:F11),C11:F11,0),"Kuartal 1","Kuartal 2","Kuartal 3","Kuartal 4") -> Kuartal 1 | L11: =H11/G11 -> 0.90769231 | M11: =IF(L11>=1,"Tercapai",IF(L11>=0.9,"Hampir","Belum")) -> Hampir | N11: =IF(AND(D11>C11,E11>D11,F11>E11),"Naik terus",IF(AND(D11<C11,E11<D11,F11<E11),"Turun terus","Fluktuatif")) -> Fluktuatif | O11: =RANK(H11,$H$2:$H$21,0) -> 5 | P11: =H11/SUM($H$2:$H$21) -> 0.066236318
A12: Teh Hijau | B12: Jawa Timur | C12: 154000000 | D12: 168000000 | E12: 182000000 | F12: 183000000 | G12: 685000000 | H12: =SUM(C12:F12) -> 687000000 | I12: =AVERAGE(C12:F12) -> 171750000 | J12: =(F12-C12)/C12 -> 0.18831169 | K12: =CHOOSE(MATCH(MAX(C12:F12),C12:F12,0),"Kuartal 1","Kuartal 2","Kuartal 3","Kuartal 4") -> Kuartal 4 | L12: =H12/G12 -> 1.0029197 | M12: =IF(L12>=1,"Tercapai",IF(L12>=0.9,"Hampir","Belum")) -> Tercapai | N12: =IF(AND(D12>C12,E12>D12,F12>E12),"Naik terus",IF(AND(D12<C12,E12<D12,F12<E12),"Turun terus","Fluktuatif")) -> Naik terus | O12: =RANK(H12,$H$2:$H$21,0) -> 1 | P12: =H12/SUM($H$2:$H$21) -> 0.096407522
A13: Teh Hijau | B13: Sumatera | C13: 44000000 | D13: 37000000 | E13: 38000000 | F13: 40000000 | G13: 170000000 | H13: =SUM(C13:F13) -> 159000000 | I13: =AVERAGE(C13:F13) -> 39750000 | J13: =(F13-C13)/C13 -> -0.090909091 | K13: =CHOOSE(MATCH(MAX(C13:F13),C13:F13,0),"Kuartal 1","Kuartal 2","Kuartal 3","Kuartal 4") -> Kuartal 1 | L13: =H13/G13 -> 0.93529412 | M13: =IF(L13>=1,"Tercapai",IF(L13>=0.9,"Hampir","Belum")) -> Hampir | N13: =IF(AND(D13>C13,E13>D13,F13>E13),"Naik terus",IF(AND(D13<C13,E13<D13,F13<E13),"Turun terus","Fluktuatif")) -> Fluktuatif | O13: =RANK(H13,$H$2:$H$21,0) -> 19 | P13: =H13/SUM($H$2:$H$21) -> 0.022312658
... A21: Gula Aren | B21: Sumatera | C21: 53000000 | D21: 63000000 | E21: 64000000 | F21: 73000000 | G21: 290000000 | H21: =SUM(C21:F21) -> 253000000 | I21: =AVERAGE(C21:F21) -> 63250000 | J21: =(F21-C21)/C21 -> 0.37735849 | K21: =CHOOSE(MATCH(MAX(C21:F21),C21:F21,0),"Kuartal 1","Kuartal 2","Kuartal 3","Kuartal 4") -> Kuartal 4 | L21: =H21/G21 -> 0.87241379 | M21: =IF(L21>=1,"Tercapai",IF(L21>=0.9,"Hampir","Belum")) -> Belum | N21: =IF(AND(D21>C21,E21>D21,F21>E21),"Naik terus",IF(AND(D21<C21,E21<D21,F21<E21),"Turun terus","Fluktuatif")) -> Naik terus | O21: =RANK(H21,$H$2:$H$21,0) -> 13 | P21: =H21/SUM($H$2:$H$21) -> 0.035503789

Sheet Acuan
A1: Wilayah | B1: Total Wilayah | C1: Capaian Wilayah | D1: Peringkat Wilayah
A2: Jawa Tengah | B2: =SUMIF(Data!$B$2:$B$21,A2,Data!$H$2:$H$21) -> 1641000000 | C2: =B2/SUMIF(Data!$B$2:$B$21,A2,Data!$G$2:$G$21) -> 1.0519231 | D2: =RANK(B2,$B$2:$B$5,0) -> 2
A3: Jawa Barat | B3: =SUMIF(Data!$B$2:$B$21,A3,Data!$H$2:$H$21) -> 1604000000 | C3: =B3/SUMIF(Data!$B$2:$B$21,A3,Data!$G$2:$G$21) -> 0.9547619 | D3: =RANK(B3,$B$2:$B$5,0) -> 3
A4: Jawa Timur | B4: =SUMIF(Data!$B$2:$B$21,A4,Data!$H$2:$H$21) -> 2428000000 | C4: =B4/SUMIF(Data!$B$2:$B$21,A4,Data!$G$2:$G$21) -> 1.0579521 | D4: =RANK(B4,$B$2:$B$5,0) -> 1
A5: Sumatera | B5: =SUMIF(Data!$B$2:$B$21,A5,Data!$H$2:$H$21) -> 1453000000 | C5: =B5/SUMIF(Data!$B$2:$B$21,A5,Data!$G$2:$G$21) -> 0.97190635 | D5: =RANK(B5,$B$2:$B$5,0) -> 4

Sheet Ringkasan
A1: Ringkasan: lembar jawaban soal berjenis ringkasan
A2: Sel hijau berisi rumus kunci.
A3: No | B3: Pertanyaan | C3: Jawaban | D3: Contoh format hasil
A4: 13a | B4: Total Kuartal 1 | C4: =SUM(Data!$C$2:$C$21) -> 1722000000 | D4: Rupiah, mis. Rp 1.000.000.000
A5: 13b | B5: Total Kuartal 2 | C5: =SUM(Data!$D$2:$D$21) -> 1803000000 | D5: Rupiah, mis. Rp 1.000.000.000
A6: 13c | B6: Total Kuartal 3 | C6: =SUM(Data!$E$2:$E$21) -> 1790000000 | D6: Rupiah, mis. Rp 1.000.000.000
A7: 13d | B7: Total Kuartal 4 | C7: =SUM(Data!$F$2:$F$21) -> 1811000000 | D7: Rupiah, mis. Rp 1.000.000.000
A8: 13e | B8: Total setahun seluruhnya | C8: =SUM(Data!$H$2:$H$21) -> 7126000000 | D8: Rupiah, mis. Rp 4.000.000.000
A9: 14a | B9: Produk pada total terbesar | C9: =INDEX(Data!$A$2:$A$21,MATCH(MAX(Data!$H$2:$H$21),Data!$H$2:$H$21,0)) -> Teh Hijau | D9: Teks: nama produk
A10: 14b | B10: Wilayah pada total terbesar | C10: =INDEX(Data!$B$2:$B$21,MATCH(MAX(Data!$H$2:$H$21),Data!$H$2:$H$21,0)) -> Jawa Timur | D10: Teks: nama wilayah
A11: 15a | B11: Kombinasi Tercapai | C11: =COUNTIF(Data!$M$2:$M$21,"Tercapai") -> 11 | D11: Angka bulat, mis. 7
A12: 15b | B12: Kombinasi Naik terus | C12: =COUNTIF(Data!$N$2:$N$21,"Naik terus") -> 4 | D12: Angka bulat, mis. 5
A13: 15c | B13: Tercapai sekaligus Naik terus | C13: =COUNTIFS(Data!$M$2:$M$21,"Tercapai",Data!$N$2:$N$21,"Naik terus") -> 2 | D13: Angka bulat, mis. 3
A14: 16a | B14: Wilayah peringkat 1 | C14: =INDEX(Acuan!$A$2:$A$5,MATCH(1,Acuan!$D$2:$D$5,0)) -> Jawa Timur | D14: Teks: nama wilayah
A15: 16b | B15: Total setahun Kopi Arabika | C15: =SUMIF(Data!$A$2:$A$21,"Kopi Arabika",Data!$H$2:$H$21) -> 1620000000 | D15: Rupiah, mis. Rp 900.000.000
A16: 17a | B16: Total setahun terbesar ketiga | C16: =LARGE(Data!$H$2:$H$21,3) -> 597000000 | D16: Rupiah, mis. Rp 600.000.000
A17: 17b | B17: Rata-rata capaian target | C17: =AVERAGE(Data!$L$2:$L$21) -> 1.0184257 | D17: Persen, mis. 99,5%
