Workbook

Sheet Petunjuk
A1: Kunci Jawaban: Rekap Penjualan Sales per Wilayah dan Produk
A2: Latihan 74 dari 40 | Tingkat: Menengah | Perkiraan waktu: 50 menit | pushexcel.github.io/Pushexcel
A4: Skenario
A5: Kamu analis penjualan PT Bersih Lestari yang merekap penjualan bulan Oktober 2026 dari 8 sales di 4 wilayah. Tiap sales menjual 4 produk, dan setiap produk punya target unit sendiri. Harga satuan tiap produk ada di sheet Acuan. Omzet adalah unit terjual dikali harga satuan. Pencapaian adalah unit terjual dibagi target unit. Status Tercapai bila pencapaian 100 persen atau lebih, Hampir bila 80 persen atau lebih, dan Belum bila di bawah itu (batasnya ada di blok Parameter).
A7: Cara memakai kunci
A8: 1. | B8: Sel hijau berisi rumus kunci yang sudah dihitung. Klik sel untuk melihat rumusnya.
A9: 2. | B9: Kolom Rumus kunci di bawah menampilkan rumus untuk baris pertama atau tiap sel jawaban.
A10: 3. | B10: Rumus ditulis dengan titik koma (;). Ganti dengan koma (,) bila Excel kamu berbahasa Inggris.
A11: 4. | B11: Jawaban lain yang benar secara logika juga boleh, selama hasilnya sama.
A13: Arti warna
B14: Judul kolom data yang sudah diberikan
B15: Judul kolom hasil hitung
B16: Sel berisi rumus kunci
B17: Angka berwarna biru pada blok Parameter = nilai tetap yang boleh dirujuk
A19: Daftar soal
A20: No | B20: Soal | C20: Jawab di | D20: Rumus kunci
A21: 1 | B21: Ambil harga satuan tiap produk dari tabel di sheet Acuan. | C21: Sheet Data, kolom F (Harga Satuan), baris 2 sampai 33 | D21: =VLOOKUP(C2;Acuan!$A$2:$B$5;2;FALSE)
A22: 2 | B22: Hitung omzet: unit terjual dikali harga satuan. | C22: Sheet Data, kolom G (Omzet), baris 2 sampai 33 | D22: =D2*F2
A23: 3 | B23: Hitung pencapaian: unit terjual dibagi target unit. | C23: Sheet Data, kolom H (Pencapaian), baris 2 sampai 33 | D23: =D2/E2
A24: 4 | B24: Beri status Tercapai bila pencapaian sama dengan atau di atas batas tercapai, Hampir bila sama dengan atau di atas batas hampir, selain itu Belum. | C24: Sheet Data, kolom I (Status Target), baris 2 sampai 33 | D24: =IF(H2>=$N$2;"Tercapai";IF(H2>=$N$3;"Hampir";"Belum"))
A25: 5 | B25: Hitung kekurangan unit terhadap target. Bila sudah mencapai atau melebihi target, hasilnya 0. | C25: Sheet Data, kolom J (Kekurangan Unit), baris 2 sampai 33 | D25: =MAX(0;E2-D2)
A26: 6 | B26: Hitung porsi omzet baris ini terhadap total omzet seluruh baris di wilayah yang sama. | C26: Sheet Data, kolom K (Porsi Omzet Wilayah), baris 2 sampai 33 | D26: =G2/SUMIF($B$2:$B$33;B2;$G$2:$G$33)
A27: 7 | B27: Pada sheet Acuan, hitung total unit terjual tiap produk. | C27: Sheet Acuan, kolom C (Total Unit), baris 2 sampai 5 | D27: =SUMIF(Data!$C$2:$C$33;A2;Data!$D$2:$D$33)
A28: 8 | B28: Pada sheet Acuan, hitung total omzet tiap produk. | C28: Sheet Acuan, kolom D (Total Omzet), baris 2 sampai 5 | D28: =SUMIF(Data!$C$2:$C$33;A2;Data!$G$2:$G$33)
A29: 9 | B29: Berapa total unit terjual dan total omzet seluruh sales? | C29: Sheet Ringkasan, sel C4 sampai C5 | D29: =SUM(Data!$D$2:$D$33) =SUM(Data!$G$2:$G$33)
A30: 10 | B30: Berapa omzet produk Detergen di wilayah Timur, dan berapa unit Sabun Cair yang terjual di wilayah Barat? | C30: Sheet Ringkasan, sel C6 sampai C7 | D30: =SUMIFS(Data!$G$2:$G$33;Data!$C$2:$C$33;"Detergen";Data!$B$2:$B$33;"Timur") =SUMIFS(Data!$D$2:$D$33;Data!$C$2:$C$33;"Sabun Cair";Data!$B$2:$B$33;"Barat")
A31: 11 | B31: Berapa catatan penjualan yang berstatus Tercapai, dan berapa yang berstatus Belum? | C31: Sheet Ringkasan, sel C8 sampai C9 | D31: =COUNTIF(Data!$I$2:$I$33;"Tercapai") =COUNTIF(Data!$I$2:$I$33;"Belum")
... A34: 14 | B34: Berapa total kekurangan unit seluruh catatan, dan berapa kekurangan unit terbesar pada satu catatan? | C34: Sheet Ringkasan, sel C14 sampai C15 | D34: =SUM(Data!$J$2:$J$33) =MAX(Data!$J$2:$J$33)

Sheet Data
A1: Sales | B1: Wilayah | C1: Produk | D1: Unit Terjual | E1: Target Unit | F1: Harga Satuan | G1: Omzet | H1: Pencapaian | I1: Status Target | J1: Kekurangan Unit | K1: Porsi Omzet Wilayah | M1: Parameter | N1: Nilai | O1: Keterangan
A2: Zainal Pratama | B2: Timur | C2: Detergen | D2: 83 | E2: 100 | F2: =VLOOKUP(C2,Acuan!$A$2:$B$5,2,FALSE()) -> 32000 | G2: =D2*F2 -> 2656000 | H2: =D2/E2 -> 0.83 | I2: =IF(H2>=$N$2,"Tercapai",IF(H2>=$N$3,"Hampir","Belum")) -> Hampir | J2: =MAX(0,E2-D2) -> 17 | K2: =G2/SUMIF($B$2:$B$33,B2,$G$2:$G$33) -> 0.15017953 | M2: Batas tercapai | N2: 1 | O2: Pencapaian sama dengan atau di atas batas ini = Tercapai
A3: Zainal Pratama | B3: Timur | C3: Sabun Cair | D3: 49 | E3: 60 | F3: =VLOOKUP(C3,Acuan!$A$2:$B$5,2,FALSE()) -> 18500 | G3: =D3*F3 -> 906500 | H3: =D3/E3 -> 0.81666667 | I3: =IF(H3>=$N$2,"Tercapai",IF(H3>=$N$3,"Hampir","Belum")) -> Hampir | J3: =MAX(0,E3-D3) -> 11 | K3: =G3/SUMIF($B$2:$B$33,B3,$G$2:$G$33) -> 0.051256679 | M3: Batas hampir | N3: 0.8 | O3: Pencapaian sama dengan atau di atas batas ini = Hampir
A4: Wahyu Rahayu | B4: Selatan | C4: Detergen | D4: 142 | E4: 100 | F4: =VLOOKUP(C4,Acuan!$A$2:$B$5,2,FALSE()) -> 32000 | G4: =D4*F4 -> 4544000 | H4: =D4/E4 -> 1.42 | I4: =IF(H4>=$N$2,"Tercapai",IF(H4>=$N$3,"Hampir","Belum")) -> Tercapai | J4: =MAX(0,E4-D4) -> 0 | K4: =G4/SUMIF($B$2:$B$33,B4,$G$2:$G$33) -> 0.23271535
A5: Fajar Kusuma | B5: Utara | C5: Pembersih Lantai | D5: 107 | E5: 120 | F5: =VLOOKUP(C5,Acuan!$A$2:$B$5,2,FALSE()) -> 27500 | G5: =D5*F5 -> 2942500 | H5: =D5/E5 -> 0.89166667 | I5: =IF(H5>=$N$2,"Tercapai",IF(H5>=$N$3,"Hampir","Belum")) -> Hampir | J5: =MAX(0,E5-D5) -> 13 | K5: =G5/SUMIF($B$2:$B$33,B5,$G$2:$G$33) -> 0.11355304
A6: Khoirul Pratama | B6: Utara | C6: Pewangi Pakaian | D6: 211 | E6: 200 | F6: =VLOOKUP(C6,Acuan!$A$2:$B$5,2,FALSE()) -> 24500 | G6: =D6*F6 -> 5169500 | H6: =D6/E6 -> 1.055 | I6: =IF(H6>=$N$2,"Tercapai",IF(H6>=$N$3,"Hampir","Belum")) -> Tercapai | J6: =MAX(0,E6-D6) -> 0 | K6: =G6/SUMIF($B$2:$B$33,B6,$G$2:$G$33) -> 0.19949446
A7: Wawan Fauzi | B7: Barat | C7: Detergen | D7: 240 | E7: 200 | F7: =VLOOKUP(C7,Acuan!$A$2:$B$5,2,FALSE()) -> 32000 | G7: =D7*F7 -> 7680000 | H7: =D7/E7 -> 1.2 | I7: =IF(H7>=$N$2,"Tercapai",IF(H7>=$N$3,"Hampir","Belum")) -> Tercapai | J7: =MAX(0,E7-D7) -> 0 | K7: =G7/SUMIF($B$2:$B$33,B7,$G$2:$G$33) -> 0.28842904
A8: Fajar Kusuma | B8: Utara | C8: Sabun Cair | D8: 108 | E8: 120 | F8: =VLOOKUP(C8,Acuan!$A$2:$B$5,2,FALSE()) -> 18500 | G8: =D8*F8 -> 1998000 | H8: =D8/E8 -> 0.9 | I8: =IF(H8>=$N$2,"Tercapai",IF(H8>=$N$3,"Hampir","Belum")) -> Hampir | J8: =MAX(0,E8-D8) -> 12 | K8: =G8/SUMIF($B$2:$B$33,B8,$G$2:$G$33) -> 0.077104156
A9: Fajar Kusuma | B9: Utara | C9: Detergen | D9: 114 | E9: 100 | F9: =VLOOKUP(C9,Acuan!$A$2:$B$5,2,FALSE()) -> 32000 | G9: =D9*F9 -> 3648000 | H9: =D9/E9 -> 1.14 | I9: =IF(H9>=$N$2,"Tercapai",IF(H9>=$N$3,"Hampir","Belum")) -> Tercapai | J9: =MAX(0,E9-D9) -> 0 | K9: =G9/SUMIF($B$2:$B$33,B9,$G$2:$G$33) -> 0.14077876
A10: Khoirul Pratama | B10: Utara | C10: Detergen | D10: 125 | E10: 120 | F10: =VLOOKUP(C10,Acuan!$A$2:$B$5,2,FALSE()) -> 32000 | G10: =D10*F10 -> 4000000 | H10: =D10/E10 -> 1.0416667 | I10: =IF(H10>=$N$2,"Tercapai",IF(H10>=$N$3,"Hampir","Belum")) -> Tercapai | J10: =MAX(0,E10-D10) -> 0 | K10: =G10/SUMIF($B$2:$B$33,B10,$G$2:$G$33) -> 0.15436268
A11: Wawan Fauzi | B11: Barat | C11: Pembersih Lantai | D11: 181 | E11: 200 | F11: =VLOOKUP(C11,Acuan!$A$2:$B$5,2,FALSE()) -> 27500 | G11: =D11*F11 -> 4977500 | H11: =D11/E11 -> 0.905 | I11: =IF(H11>=$N$2,"Tercapai",IF(H11>=$N$3,"Hampir","Belum")) -> Hampir | J11: =MAX(0,E11-D11) -> 19 | K11: =G11/SUMIF($B$2:$B$33,B11,$G$2:$G$33) -> 0.18693431
A12: Khoirul Pratama | B12: Utara | C12: Pembersih Lantai | D12: 141 | E12: 200 | F12: =VLOOKUP(C12,Acuan!$A$2:$B$5,2,FALSE()) -> 27500 | G12: =D12*F12 -> 3877500 | H12: =D12/E12 -> 0.705 | I12: =IF(H12>=$N$2,"Tercapai",IF(H12>=$N$3,"Hampir","Belum")) -> Belum | J12: =MAX(0,E12-D12) -> 59 | K12: =G12/SUMIF($B$2:$B$33,B12,$G$2:$G$33) -> 0.14963532
A13: Wahyu Rahayu | B13: Selatan | C13: Sabun Cair | D13: 56 | E13: 80 | F13: =VLOOKUP(C13,Acuan!$A$2:$B$5,2,FALSE()) -> 18500 | G13: =D13*F13 -> 1036000 | H13: =D13/E13 -> 0.7 | I13: =IF(H13>=$N$2,"Tercapai",IF(H13>=$N$3,"Hampir","Belum")) -> Belum | J13: =MAX(0,E13-D13) -> 24 | K13: =G13/SUMIF($B$2:$B$33,B13,$G$2:$G$33) -> 0.053057462
A14: Wahyu Rahayu | B14: Selatan | C14: Pembersih Lantai | D14: 112 | E14: 120 | F14: =VLOOKUP(C14,Acuan!$A$2:$B$5,2,FALSE()) -> 27500 | G14: =D14*F14 -> 3080000 | H14: =D14/E14 -> 0.93333333 | I14: =IF(H14>=$N$2,"Tercapai",IF(H14>=$N$3,"Hampir","Belum")) -> Hampir | J14: =MAX(0,E14-D14) -> 8 | K14: =G14/SUMIF($B$2:$B$33,B14,$G$2:$G$33) -> 0.1577384
A15: Zainal Pratama | B15: Timur | C15: Pewangi Pakaian | D15: 46 | E15: 60 | F15: =VLOOKUP(C15,Acuan!$A$2:$B$5,2,FALSE()) -> 24500 | G15: =D15*F15 -> 1127000 | H15: =D15/E15 -> 0.76666667 | I15: =IF(H15>=$N$2,"Tercapai",IF(H15>=$N$3,"Hampir","Belum")) -> Belum | J15: =MAX(0,E15-D15) -> 14 | K15: =G15/SUMIF($B$2:$B$33,B15,$G$2:$G$33) -> 0.06372452
... A33: Fajar Kusuma | B33: Utara | C33: Pewangi Pakaian | D33: 87 | E33: 60 | F33: =VLOOKUP(C33,Acuan!$A$2:$B$5,2,FALSE()) -> 24500 | G33: =D33*F33 -> 2131500 | H33: =D33/E33 -> 1.45 | I33: =IF(H33>=$N$2,"Tercapai",IF(H33>=$N$3,"Hampir","Belum")) -> Tercapai | J33: =MAX(0,E33-D33) -> 0 | K33: =G33/SUMIF($B$2:$B$33,B33,$G$2:$G$33) -> 0.08225601

Sheet Acuan
A1: Produk | B1: Harga Satuan | C1: Total Unit | D1: Total Omzet
A2: Sabun Cair | B2: 18500 | C2: =SUMIF(Data!$C$2:$C$33,A2,Data!$D$2:$D$33) -> 623 | D2: =SUMIF(Data!$C$2:$C$33,A2,Data!$G$2:$G$33) -> 11525500
A3: Detergen | B3: 32000 | C3: =SUMIF(Data!$C$2:$C$33,A3,Data!$D$2:$D$33) -> 969 | D3: =SUMIF(Data!$C$2:$C$33,A3,Data!$G$2:$G$33) -> 31008000
A4: Pewangi Pakaian | B4: 24500 | C4: =SUMIF(Data!$C$2:$C$33,A4,Data!$D$2:$D$33) -> 724 | D4: =SUMIF(Data!$C$2:$C$33,A4,Data!$G$2:$G$33) -> 17738000
A5: Pembersih Lantai | B5: 27500 | C5: =SUMIF(Data!$C$2:$C$33,A5,Data!$D$2:$D$33) -> 1072 | D5: =SUMIF(Data!$C$2:$C$33,A5,Data!$G$2:$G$33) -> 29480000

Sheet Ringkasan
A1: Ringkasan: lembar jawaban soal berjenis ringkasan
A2: Sel hijau berisi rumus kunci.
A3: No | B3: Pertanyaan | C3: Jawaban | D3: Contoh format hasil
A4: 9a | B4: Total unit terjual | C4: =SUM(Data!$D$2:$D$33) -> 3388 | D4: Angka bulat, mis. 1.500
A5: 9b | B5: Total omzet | C5: =SUM(Data!$G$2:$G$33) -> 89751500 | D5: Rupiah, mis. Rp 40.000.000
A6: 10a | B6: Omzet Detergen wilayah Timur | C6: =SUMIFS(Data!$G$2:$G$33,Data!$C$2:$C$33,"Detergen",Data!$B$2:$B$33,"Timur") -> 4480000 | D6: Rupiah, mis. Rp 6.000.000
A7: 10b | B7: Unit Sabun Cair wilayah Barat | C7: =SUMIFS(Data!$D$2:$D$33,Data!$C$2:$C$33,"Sabun Cair",Data!$B$2:$B$33,"Barat") -> 193 | D7: Angka bulat, mis. 210
A8: 11a | B8: Catatan Tercapai | C8: =COUNTIF(Data!$I$2:$I$33,"Tercapai") -> 12 | D8: Angka bulat, mis. 10
A9: 11b | B9: Catatan Belum | C9: =COUNTIF(Data!$I$2:$I$33,"Belum") -> 8 | D9: Angka bulat, mis. 6
A10: 12a | B10: Sales pada omzet terbesar | C10: =INDEX(Data!$A$2:$A$33,MATCH(MAX(Data!$G$2:$G$33),Data!$G$2:$G$33,0)) -> Wawan Fauzi | D10: Teks: nama sales
A11: 12b | B11: Produk dengan total omzet terbesar | C11: =INDEX(Acuan!$A$2:$A$5,MATCH(MAX(Acuan!$D$2:$D$5),Acuan!$D$2:$D$5,0)) -> Detergen | D11: Teks: nama produk
A12: 13a | B12: Rata-rata pencapaian | C12: =AVERAGE(Data!$H$2:$H$33) -> 0.95638021 | D12: Persen, mis. 88,5%
A13: 13b | B13: Rata-rata pencapaian wilayah Selatan | C13: =AVERAGEIF(Data!$B$2:$B$33,"Selatan",Data!$H$2:$H$33) -> 0.94958333 | D13: Persen, mis. 95,2%
A14: 14a | B14: Total kekurangan unit | C14: =SUM(Data!$J$2:$J$33) -> 360 | D14: Angka bulat, mis. 350
A15: 14b | B15: Kekurangan unit terbesar | C15: =MAX(Data!$J$2:$J$33) -> 59 | D15: Angka bulat, mis. 60
