Workbook

Sheet Petunjuk
A1: Kunci Jawaban: THR dan Bonus Tahunan Karyawan
A2: Latihan 38 dari 56 | Tingkat: Lanjutan | Perkiraan waktu: 65 menit | pushexcel.github.io/Pushexcel
A4: Skenario
A5: Kamu staf HRD PT Sinar Bahari yang menyiapkan pembayaran THR dan bonus akhir tahun untuk 28 karyawan. Masa kerja dihitung dalam bulan penuh sampai tanggal acuan 30 November 2026. Karyawan dengan masa kerja 12 bulan atau lebih menerima THR sebesar satu kali gaji pokok, yang kurang dari itu menerima THR proporsional: gaji pokok x masa kerja / 12, dibulatkan ke rupiah. Persen bonus ditentukan dari nilai kinerja memakai tabel di sheet Acuan. Pajak pada latihan ini disederhanakan dan bersifat fiktif: bagian THR + bonus di atas Rp 10.000.000 sampai Rp 25.000.000 dikenai 5 persen, bagian di atas Rp 25.000.000 dikenai 10 persen.
A7: Cara memakai kunci
A8: 1. | B8: Sel hijau berisi rumus kunci yang sudah dihitung. Klik sel untuk melihat rumusnya.
A9: 2. | B9: Kolom Rumus kunci di bawah menampilkan rumus untuk baris pertama atau tiap sel jawaban.
A10: 3. | B10: Rumus ditulis dengan titik koma (;). Ganti dengan koma (,) bila Excel kamu berbahasa Inggris.
A11: 4. | B11: Jawaban lain yang benar secara logika juga boleh, selama hasilnya sama.
A13: Arti warna
B14: Judul kolom data yang sudah diberikan
B15: Judul kolom hasil hitung
B16: Sel berisi rumus kunci
B17: Angka berwarna biru pada blok Parameter = nilai tetap yang boleh dirujuk
A19: Daftar soal
A20: No | B20: Soal | C20: Jawab di | D20: Rumus kunci
A21: 1 | B21: Hitung masa kerja dalam bulan penuh dari tanggal masuk sampai tanggal acuan. | C21: Sheet Data, kolom G (Masa Kerja (bulan)), baris 2 sampai 29 | D21: =DATEDIF(D2;$P$2;"m")
A22: 2 | B22: Hitung THR: masa kerja 12 bulan atau lebih menerima satu kali gaji pokok, selain itu gaji pokok x masa kerja / 12 dibulatkan ke rupiah. | C22: Sheet Data, kolom H (THR), baris 2 sampai 29 | D22: =IF(G2>=12;E2;ROUND(E2*G2/12;0))
A23: 3 | B23: Cari persen bonus dari tabel di sheet Acuan berdasarkan nilai kinerja. Pakai pencocokan perkiraan (nilai minimal terdekat di bawahnya). | C23: Sheet Data, kolom I (Persen Bonus), baris 2 sampai 29 | D23: =VLOOKUP(F2;Acuan!$A$2:$D$6;4;TRUE)
A24: 4 | B24: Hitung bonus: gaji pokok dikali persen bonus, dibulatkan ke rupiah. | C24: Sheet Data, kolom J (Bonus), baris 2 sampai 29 | D24: =ROUND(E2*I2;0)
A25: 5 | B25: Hitung pajak (sederhana) atas THR + bonus: 0 bila tidak melebihi batas tarif 1, tarif 1 untuk bagian di atas batas 1 sampai batas 2, dan tarif 2 untuk bagian di atas batas 2 (ditambah pajak penuh bagian tarif 1). Bulatkan ke rupiah. | C25: Sheet Data, kolom K (Pajak), baris 2 sampai 29 | D25: =IF(H2+J2>$P$5;ROUND((H2+J2-$P$5)*$P$6+($P$5-$P$3)*$P$4;0);IF(H2+J2>$P$3;ROUND((H2+J2-$P$3)*$P$4;0);0))
A26: 6 | B26: Hitung total diterima: THR ditambah bonus dikurangi pajak. | C26: Sheet Data, kolom L (Total Diterima), baris 2 sampai 29 | D26: =H2+J2-K2
A27: 7 | B27: Beri peringkat total diterima, peringkat 1 untuk yang terbesar. | C27: Sheet Data, kolom M (Peringkat), baris 2 sampai 29 | D27: =RANK(L2;$L$2:$L$29;0)
A28: 8 | B28: Pada sheet Acuan, hitung jumlah karyawan pada tiap rentang nilai kinerja (nilai minimal sampai nilai maksimal). | C28: Sheet Acuan, kolom E (Jumlah Karyawan), baris 2 sampai 6 | D28: =COUNTIFS(Data!$F$2:$F$29;">="&A2;Data!$F$2:$F$29;"<="&B2)
A29: 9 | B29: Berapa total THR, total bonus, total pajak, dan total yang diterima seluruh karyawan? | C29: Sheet Ringkasan, sel C4 sampai C7 | D29: =SUM(Data!$H$2:$H$29) =SUM(Data!$J$2:$J$29) =SUM(Data!$K$2:$K$29) =SUM(Data!$L$2:$L$29)
A30: 10 | B30: Berapa karyawan yang masa kerjanya kurang dari 12 bulan, dan berapa karyawan yang tidak dikenai pajak sama sekali? | C30: Sheet Ringkasan, sel C8 sampai C9 | D30: =COUNTIF(Data!$G$2:$G$29;"<12") =COUNTIF(Data!$K$2:$K$29;0)
A31: 11 | B31: Berapa total diterima karyawan departemen Produksi, dan berapa rata-rata bonus karyawan departemen Pemasaran? | C31: Sheet Ringkasan, sel C10 sampai C11 | D31: =SUMIF(Data!$C$2:$C$29;"Produksi";Data!$L$2:$L$29) =AVERAGEIF(Data!$C$2:$C$29;"Pemasaran";Data!$J$2:$J$29)
... A33: 13 | B33: Berapa karyawan Produksi yang bernilai kinerja 80 ke atas, dan berapa persen total bonus terhadap total THR? | C33: Sheet Ringkasan, sel C14 sampai C15 | D33: =COUNTIFS(Data!$C$2:$C$29;"Produksi";Data!$F$2:$F$29;">=80") =SUM(Data!$J$2:$J$29)/SUM(Data!$H$2:$H$29)

Sheet Data
A1: No | B1: Nama Karyawan | C1: Departemen | D1: Tanggal Masuk | E1: Gaji Pokok | F1: Nilai Kinerja | G1: Masa Kerja (bulan) | H1: THR | I1: Persen Bonus | J1: Bonus | K1: Pajak | L1: Total Diterima | M1: Peringkat | O1: Parameter | P1: Nilai | Q1: Keterangan
A2: 1 | B2: Dimas Amalia | C2: Keuangan | D2: 46258 | E2: 8500000 | F2: 95 | G2: =DATEDIF(D2,$P$2,"m") -> 3 | H2: =IF(G2>=12,E2,ROUND(E2*G2/12,0)) -> 2125000 | I2: =VLOOKUP(F2,Acuan!$A$2:$D$6,4,TRUE()) -> 1.5 | J2: =ROUND(E2*I2,0) -> 12750000 | K2: =IF(H2+J2>$P$5,ROUND((H2+J2-$P$5)*$P$6+($P$5-$P$3)*$P$4,0),IF(H2+J2>$P$3,ROUND((H2+J2-$P$3)*$P$4,0),0)) -> 243750 | L2: =H2+J2-K2 -> 14631250 | M2: =RANK(L2,$L$2:$L$29,0) -> 9 | O2: Tanggal acuan | P2: 46356 | Q2: Masa kerja dihitung sampai tanggal ini
A3: 2 | B3: Bambang Wijaya | C3: Umum | D3: 46281 | E3: 8500000 | F3: 82 | G3: =DATEDIF(D3,$P$2,"m") -> 2 | H3: =IF(G3>=12,E3,ROUND(E3*G3/12,0)) -> 1416667 | I3: =VLOOKUP(F3,Acuan!$A$2:$D$6,4,TRUE()) -> 1 | J3: =ROUND(E3*I3,0) -> 8500000 | K3: =IF(H3+J3>$P$5,ROUND((H3+J3-$P$5)*$P$6+($P$5-$P$3)*$P$4,0),IF(H3+J3>$P$3,ROUND((H3+J3-$P$3)*$P$4,0),0)) -> 0 | L3: =H3+J3-K3 -> 9916667 | M3: =RANK(L3,$L$2:$L$29,0) -> 17 | O3: Batas tarif 1 | P3: 10000000 | Q3: Bagian di atas ini dikenai tarif 1
A4: 3 | B4: Citra Permana | C4: Keuangan | D4: 46146 | E4: 7500000 | F4: 88 | G4: =DATEDIF(D4,$P$2,"m") -> 6 | H4: =IF(G4>=12,E4,ROUND(E4*G4/12,0)) -> 3750000 | I4: =VLOOKUP(F4,Acuan!$A$2:$D$6,4,TRUE()) -> 1 | J4: =ROUND(E4*I4,0) -> 7500000 | K4: =IF(H4+J4>$P$5,ROUND((H4+J4-$P$5)*$P$6+($P$5-$P$3)*$P$4,0),IF(H4+J4>$P$3,ROUND((H4+J4-$P$3)*$P$4,0),0)) -> 62500 | L4: =H4+J4-K4 -> 11187500 | M4: =RANK(L4,$L$2:$L$29,0) -> 13 | O4: Tarif 1 | P4: 0.05
A5: 4 | B5: Tika Sari | C5: Pemasaran | D5: 46093 | E5: 11000000 | F5: 63 | G5: =DATEDIF(D5,$P$2,"m") -> 8 | H5: =IF(G5>=12,E5,ROUND(E5*G5/12,0)) -> 7333333 | I5: =VLOOKUP(F5,Acuan!$A$2:$D$6,4,TRUE()) -> 0.25 | J5: =ROUND(E5*I5,0) -> 2750000 | K5: =IF(H5+J5>$P$5,ROUND((H5+J5-$P$5)*$P$6+($P$5-$P$3)*$P$4,0),IF(H5+J5>$P$3,ROUND((H5+J5-$P$3)*$P$4,0),0)) -> 4167 | L5: =H5+J5-K5 -> 10079166 | M5: =RANK(L5,$L$2:$L$29,0) -> 16 | O5: Batas tarif 2 | P5: 25000000 | Q5: Bagian di atas ini dikenai tarif 2
A6: 5 | B6: Intan Suryani | C6: Pemasaran | D6: 46092 | E6: 5500000 | F6: 53 | G6: =DATEDIF(D6,$P$2,"m") -> 8 | H6: =IF(G6>=12,E6,ROUND(E6*G6/12,0)) -> 3666667 | I6: =VLOOKUP(F6,Acuan!$A$2:$D$6,4,TRUE()) -> 0 | J6: =ROUND(E6*I6,0) -> 0 | K6: =IF(H6+J6>$P$5,ROUND((H6+J6-$P$5)*$P$6+($P$5-$P$3)*$P$4,0),IF(H6+J6>$P$3,ROUND((H6+J6-$P$3)*$P$4,0),0)) -> 0 | L6: =H6+J6-K6 -> 3666667 | M6: =RANK(L6,$L$2:$L$29,0) -> 28 | O6: Tarif 2 | P6: 0.1
A7: 6 | B7: Vina Ramadhan | C7: Umum | D7: 44464 | E7: 8500000 | F7: 57 | G7: =DATEDIF(D7,$P$2,"m") -> 62 | H7: =IF(G7>=12,E7,ROUND(E7*G7/12,0)) -> 8500000 | I7: =VLOOKUP(F7,Acuan!$A$2:$D$6,4,TRUE()) -> 0 | J7: =ROUND(E7*I7,0) -> 0 | K7: =IF(H7+J7>$P$5,ROUND((H7+J7-$P$5)*$P$6+($P$5-$P$3)*$P$4,0),IF(H7+J7>$P$3,ROUND((H7+J7-$P$3)*$P$4,0),0)) -> 0 | L7: =H7+J7-K7 -> 8500000 | M7: =RANK(L7,$L$2:$L$29,0) -> 20
A8: 7 | B8: Vivi Santoso | C8: Pemasaran | D8: 43254 | E8: 14000000 | F8: 54 | G8: =DATEDIF(D8,$P$2,"m") -> 101 | H8: =IF(G8>=12,E8,ROUND(E8*G8/12,0)) -> 14000000 | I8: =VLOOKUP(F8,Acuan!$A$2:$D$6,4,TRUE()) -> 0 | J8: =ROUND(E8*I8,0) -> 0 | K8: =IF(H8+J8>$P$5,ROUND((H8+J8-$P$5)*$P$6+($P$5-$P$3)*$P$4,0),IF(H8+J8>$P$3,ROUND((H8+J8-$P$3)*$P$4,0),0)) -> 200000 | L8: =H8+J8-K8 -> 13800000 | M8: =RANK(L8,$L$2:$L$29,0) -> 11
A9: 8 | B9: Rahmat Permana | C9: Produksi | D9: 45248 | E9: 11000000 | F9: 91 | G9: =DATEDIF(D9,$P$2,"m") -> 36 | H9: =IF(G9>=12,E9,ROUND(E9*G9/12,0)) -> 11000000 | I9: =VLOOKUP(F9,Acuan!$A$2:$D$6,4,TRUE()) -> 1.5 | J9: =ROUND(E9*I9,0) -> 16500000 | K9: =IF(H9+J9>$P$5,ROUND((H9+J9-$P$5)*$P$6+($P$5-$P$3)*$P$4,0),IF(H9+J9>$P$3,ROUND((H9+J9-$P$3)*$P$4,0),0)) -> 1000000 | L9: =H9+J9-K9 -> 26500000 | M9: =RANK(L9,$L$2:$L$29,0) -> 2
A10: 9 | B10: Budi Putra | C10: Umum | D10: 44223 | E10: 14000000 | F10: 87 | G10: =DATEDIF(D10,$P$2,"m") -> 70 | H10: =IF(G10>=12,E10,ROUND(E10*G10/12,0)) -> 14000000 | I10: =VLOOKUP(F10,Acuan!$A$2:$D$6,4,TRUE()) -> 1 | J10: =ROUND(E10*I10,0) -> 14000000 | K10: =IF(H10+J10>$P$5,ROUND((H10+J10-$P$5)*$P$6+($P$5-$P$3)*$P$4,0),IF(H10+J10>$P$3,ROUND((H10+J10-$P$3)*$P$4,0),0)) -> 1050000 | L10: =H10+J10-K10 -> 26950000 | M10: =RANK(L10,$L$2:$L$29,0) -> 1
A11: 10 | B11: Rizki Saputra | C11: Pemasaran | D11: 43591 | E11: 7500000 | F11: 85 | G11: =DATEDIF(D11,$P$2,"m") -> 90 | H11: =IF(G11>=12,E11,ROUND(E11*G11/12,0)) -> 7500000 | I11: =VLOOKUP(F11,Acuan!$A$2:$D$6,4,TRUE()) -> 1 | J11: =ROUND(E11*I11,0) -> 7500000 | K11: =IF(H11+J11>$P$5,ROUND((H11+J11-$P$5)*$P$6+($P$5-$P$3)*$P$4,0),IF(H11+J11>$P$3,ROUND((H11+J11-$P$3)*$P$4,0),0)) -> 250000 | L11: =H11+J11-K11 -> 14750000 | M11: =RANK(L11,$L$2:$L$29,0) -> 8
A12: 11 | B12: Sari Fauzi | C12: Keuangan | D12: 44821 | E12: 8500000 | F12: 86 | G12: =DATEDIF(D12,$P$2,"m") -> 50 | H12: =IF(G12>=12,E12,ROUND(E12*G12/12,0)) -> 8500000 | I12: =VLOOKUP(F12,Acuan!$A$2:$D$6,4,TRUE()) -> 1 | J12: =ROUND(E12*I12,0) -> 8500000 | K12: =IF(H12+J12>$P$5,ROUND((H12+J12-$P$5)*$P$6+($P$5-$P$3)*$P$4,0),IF(H12+J12>$P$3,ROUND((H12+J12-$P$3)*$P$4,0),0)) -> 350000 | L12: =H12+J12-K12 -> 16650000 | M12: =RANK(L12,$L$2:$L$29,0) -> 7
A13: 12 | B13: Rina Pratama | C13: Pemasaran | D13: 45944 | E13: 5000000 | F13: 79 | G13: =DATEDIF(D13,$P$2,"m") -> 13 | H13: =IF(G13>=12,E13,ROUND(E13*G13/12,0)) -> 5000000 | I13: =VLOOKUP(F13,Acuan!$A$2:$D$6,4,TRUE()) -> 0.5 | J13: =ROUND(E13*I13,0) -> 2500000 | K13: =IF(H13+J13>$P$5,ROUND((H13+J13-$P$5)*$P$6+($P$5-$P$3)*$P$4,0),IF(H13+J13>$P$3,ROUND((H13+J13-$P$3)*$P$4,0),0)) -> 0 | L13: =H13+J13-K13 -> 7500000 | M13: =RANK(L13,$L$2:$L$29,0) -> 23
A14: 13 | B14: Vivi Sari | C14: Pemasaran | D14: 44417 | E14: 9500000 | F14: 92 | G14: =DATEDIF(D14,$P$2,"m") -> 63 | H14: =IF(G14>=12,E14,ROUND(E14*G14/12,0)) -> 9500000 | I14: =VLOOKUP(F14,Acuan!$A$2:$D$6,4,TRUE()) -> 1.5 | J14: =ROUND(E14*I14,0) -> 14250000 | K14: =IF(H14+J14>$P$5,ROUND((H14+J14-$P$5)*$P$6+($P$5-$P$3)*$P$4,0),IF(H14+J14>$P$3,ROUND((H14+J14-$P$3)*$P$4,0),0)) -> 687500 | L14: =H14+J14-K14 -> 23062500 | M14: =RANK(L14,$L$2:$L$29,0) -> 3
A15: 14 | B15: Andi Rahayu | C15: Keuangan | D15: 44273 | E15: 6500000 | F15: 57 | G15: =DATEDIF(D15,$P$2,"m") -> 68 | H15: =IF(G15>=12,E15,ROUND(E15*G15/12,0)) -> 6500000 | I15: =VLOOKUP(F15,Acuan!$A$2:$D$6,4,TRUE()) -> 0 | J15: =ROUND(E15*I15,0) -> 0 | K15: =IF(H15+J15>$P$5,ROUND((H15+J15-$P$5)*$P$6+($P$5-$P$3)*$P$4,0),IF(H15+J15>$P$3,ROUND((H15+J15-$P$3)*$P$4,0),0)) -> 0 | L15: =H15+J15-K15 -> 6500000 | M15: =RANK(L15,$L$2:$L$29,0) -> 25
A16: 15 | B16: Vina Pangestu | C16: Keuangan | D16: 44694 | E16: 8500000 | F16: 70 | G16: =DATEDIF(D16,$P$2,"m") -> 54 | H16: =IF(G16>=12,E16,ROUND(E16*G16/12,0)) -> 8500000 | I16: =VLOOKUP(F16,Acuan!$A$2:$D$6,4,TRUE()) -> 0.5 | J16: =ROUND(E16*I16,0) -> 4250000 | K16: =IF(H16+J16>$P$5,ROUND((H16+J16-$P$5)*$P$6+($P$5-$P$3)*$P$4,0),IF(H16+J16>$P$3,ROUND((H16+J16-$P$3)*$P$4,0),0)) -> 137500 | L16: =H16+J16-K16 -> 12612500 | M16: =RANK(L16,$L$2:$L$29,0) -> 12
A17: 16 | B17: Dewi Saputra | C17: Produksi | D17: 45363 | E17: 6500000 | F17: 68 | G17: =DATEDIF(D17,$P$2,"m") -> 32 | H17: =IF(G17>=12,E17,ROUND(E17*G17/12,0)) -> 6500000 | I17: =VLOOKUP(F17,Acuan!$A$2:$D$6,4,TRUE()) -> 0.25 | J17: =ROUND(E17*I17,0) -> 1625000 | K17: =IF(H17+J17>$P$5,ROUND((H17+J17-$P$5)*$P$6+($P$5-$P$3)*$P$4,0),IF(H17+J17>$P$3,ROUND((H17+J17-$P$3)*$P$4,0),0)) -> 0 | L17: =H17+J17-K17 -> 8125000 | M17: =RANK(L17,$L$2:$L$29,0) -> 22
A18: 17 | B18: Dewi Anggraini | C18: Pemasaran | D18: 43361 | E18: 7500000 | F18: 96 | G18: =DATEDIF(D18,$P$2,"m") -> 98 | H18: =IF(G18>=12,E18,ROUND(E18*G18/12,0)) -> 7500000 | I18: =VLOOKUP(F18,Acuan!$A$2:$D$6,4,TRUE()) -> 1.5 | J18: =ROUND(E18*I18,0) -> 11250000 | K18: =IF(H18+J18>$P$5,ROUND((H18+J18-$P$5)*$P$6+($P$5-$P$3)*$P$4,0),IF(H18+J18>$P$3,ROUND((H18+J18-$P$3)*$P$4,0),0)) -> 437500 | L18: =H18+J18-K18 -> 18312500 | M18: =RANK(L18,$L$2:$L$29,0) -> 5
... A29: 28 | B29: Eka Kurniawan | C29: Pemasaran | D29: 43566 | E29: 4500000 | F29: 77 | G29: =DATEDIF(D29,$P$2,"m") -> 91 | H29: =IF(G29>=12,E29,ROUND(E29*G29/12,0)) -> 4500000 | I29: =VLOOKUP(F29,Acuan!$A$2:$D$6,4,TRUE()) -> 0.5 | J29: =ROUND(E29*I29,0) -> 2250000 | K29: =IF(H29+J29>$P$5,ROUND((H29+J29-$P$5)*$P$6+($P$5-$P$3)*$P$4,0),IF(H29+J29>$P$3,ROUND((H29+J29-$P$3)*$P$4,0),0)) -> 0 | L29: =H29+J29-K29 -> 6750000 | M29: =RANK(L29,$L$2:$L$29,0) -> 24

Sheet Acuan
A1: Nilai Minimal | B1: Nilai Maksimal | C1: Predikat | D1: Persen Bonus | E1: Jumlah Karyawan
A2: 0 | B2: 59 | C2: Kurang | D2: 0 | E2: =COUNTIFS(Data!$F$2:$F$29,">="&A2,Data!$F$2:$F$29,"<="&B2) -> 6
A3: 60 | B3: 69 | C3: Cukup | D3: 0.25 | E3: =COUNTIFS(Data!$F$2:$F$29,">="&A3,Data!$F$2:$F$29,"<="&B3) -> 6
A4: 70 | B4: 79 | C4: Baik | D4: 0.5 | E4: =COUNTIFS(Data!$F$2:$F$29,">="&A4,Data!$F$2:$F$29,"<="&B4) -> 5
A5: 80 | B5: 89 | C5: Sangat Baik | D5: 1 | E5: =COUNTIFS(Data!$F$2:$F$29,">="&A5,Data!$F$2:$F$29,"<="&B5) -> 7
A6: 90 | B6: 100 | C6: Istimewa | D6: 1.5 | E6: =COUNTIFS(Data!$F$2:$F$29,">="&A6,Data!$F$2:$F$29,"<="&B6) -> 4

Sheet Ringkasan
A1: Ringkasan: lembar jawaban soal berjenis ringkasan
A2: Sel hijau berisi rumus kunci.
A3: No | B3: Pertanyaan | C3: Jawaban | D3: Contoh format hasil
A4: 9a | B4: Total THR | C4: =SUM(Data!$H$2:$H$29) -> 208791667 | D4: Rupiah, mis. Rp 200.000.000
A5: 9b | B5: Total bonus | C5: =SUM(Data!$J$2:$J$29) -> 144250000 | D5: Rupiah, mis. Rp 150.000.000
A6: 9c | B6: Total pajak | C6: =SUM(Data!$K$2:$K$29) -> 5541667 | D6: Rupiah, mis. Rp 20.000.000
A7: 9d | B7: Total diterima seluruh karyawan | C7: =SUM(Data!$L$2:$L$29) -> 347500000 | D7: Rupiah, mis. Rp 330.000.000
A8: 10a | B8: Karyawan dengan masa kerja kurang dari 12 bulan | C8: =COUNTIF(Data!$G$2:$G$29,"<12") -> 5 | D8: Angka bulat, mis. 3
A9: 10b | B9: Karyawan tanpa pajak | C9: =COUNTIF(Data!$K$2:$K$29,0) -> 12 | D9: Angka bulat, mis. 10
A10: 11a | B10: Total diterima departemen Produksi | C10: =SUMIF(Data!$C$2:$C$29,"Produksi",Data!$L$2:$L$29) -> 57875000 | D10: Rupiah, mis. Rp 90.000.000
A11: 11b | B11: Rata-rata bonus departemen Pemasaran | C11: =AVERAGEIF(Data!$C$2:$C$29,"Pemasaran",Data!$J$2:$J$29) -> 4888888.9 | D11: Rupiah, mis. Rp 4.500.000
A12: 12a | B12: Karyawan dengan total diterima terbesar | C12: =INDEX(Data!$B$2:$B$29,MATCH(MAX(Data!$L$2:$L$29),Data!$L$2:$L$29,0)) -> Budi Putra | D12: Teks: nama karyawan
A13: 12b | B13: Predikat dengan karyawan terbanyak | C13: =INDEX(Acuan!$C$2:$C$6,MATCH(MAX(Acuan!$E$2:$E$6),Acuan!$E$2:$E$6,0)) -> Sangat Baik | D13: Teks: nama predikat
A14: 13a | B14: Karyawan Produksi dengan nilai kinerja 80 ke atas | C14: =COUNTIFS(Data!$C$2:$C$29,"Produksi",Data!$F$2:$F$29,">=80") -> 1 | D14: Angka bulat, mis. 4
A15: 13b | B15: Persentase total bonus terhadap total THR | C15: =SUM(Data!$J$2:$J$29)/SUM(Data!$H$2:$H$29) -> 0.69088006 | D15: Persen, mis. 55,5%
