Workbook

Sheet Petunjuk
A1: Kunci Jawaban: Pajak Penghasilan Berlapis (Tarif Fiktif)
A2: Latihan 94 dari 40 | Tingkat: Lanjutan | Perkiraan waktu: 70 menit | pushexcel.github.io/Pushexcel
A4: Skenario
A5: Kamu staf payroll PT Garda Konsultan yang menghitung pajak tahunan 30 pegawai dengan aturan fiktif yang disederhanakan (bukan aturan pajak sebenarnya). Penghasilan bruto setahun adalah gaji bulanan dikali 12 ditambah bonus tahunan. Biaya jabatan 5 persen dari bruto, paling banyak Rp 6.000.000. PTKP adalah Rp 54.000.000 ditambah Rp 4.500.000 per tanggungan (semua angka ini ada di blok Parameter). Penghasilan kena pajak (PKP) adalah bruto dikurangi biaya jabatan dan PTKP, paling kecil 0. Pajak dihitung per lapis memakai tabel di sheet Acuan: lapis 1 dari 0 sampai 50 juta tarif 5 persen, lapis 2 sampai 200 juta tarif 15 persen, lapis 3 sampai 400 juta tarif 25 persen, dan lapis 4 di atas 400 juta tarif 30 persen. Tiap lapis hanya mengenai bagian PKP yang masuk ke lapis itu.
A7: Cara memakai kunci
A8: 1. | B8: Sel hijau berisi rumus kunci yang sudah dihitung. Klik sel untuk melihat rumusnya.
A9: 2. | B9: Kolom Rumus kunci di bawah menampilkan rumus untuk baris pertama atau tiap sel jawaban.
A10: 3. | B10: Rumus ditulis dengan titik koma (;). Ganti dengan koma (,) bila Excel kamu berbahasa Inggris.
A11: 4. | B11: Jawaban lain yang benar secara logika juga boleh, selama hasilnya sama.
A13: Arti warna
B14: Judul kolom data yang sudah diberikan
B15: Judul kolom hasil hitung
B16: Sel berisi rumus kunci
B17: Angka berwarna biru pada blok Parameter = nilai tetap yang boleh dirujuk
A19: Daftar soal
A20: No | B20: Soal | C20: Jawab di | D20: Rumus kunci
A21: 1 | B21: Hitung penghasilan bruto setahun: gaji bulanan dikali 12, ditambah bonus tahunan. | C21: Sheet Data, kolom F (Bruto Setahun), baris 2 sampai 31 | D21: =C2*12+D2
A22: 2 | B22: Hitung biaya jabatan: persen biaya jabatan dari bruto, tetapi tidak boleh melebihi batas maksimum di sel Parameter. | C22: Sheet Data, kolom G (Biaya Jabatan), baris 2 sampai 31 | D22: =MIN(F2*$R$2;$R$3)
A23: 3 | B23: Hitung PTKP: PTKP dasar ditambah PTKP per tanggungan dikali jumlah tanggungan. | C23: Sheet Data, kolom H (PTKP), baris 2 sampai 31 | D23: =$R$4+E2*$R$5
A24: 4 | B24: Hitung PKP: bruto dikurangi biaya jabatan dan PTKP. Bila hasilnya negatif, isi 0. | C24: Sheet Data, kolom I (PKP), baris 2 sampai 31 | D24: =MAX(0;F2-G2-H2)
A25: 5 | B25: Hitung pajak lapis 1: bagian PKP yang masuk lapis 1 (dari batas bawah lapis 1 sampai batas bawah lapis 2) dikali tarif lapis 1. Ambil angka dari sheet Acuan. | C25: Sheet Data, kolom J (Pajak Lapis 1), baris 2 sampai 31 | D25: =MAX(0;MIN(I2;Acuan!$B$3)-Acuan!$B$2)*Acuan!$C$2
A26: 6 | B26: Hitung pajak lapis 2 dengan cara yang sama: bagian PKP antara batas bawah lapis 2 dan lapis 3, dikali tarif lapis 2. | C26: Sheet Data, kolom K (Pajak Lapis 2), baris 2 sampai 31 | D26: =MAX(0;MIN(I2;Acuan!$B$4)-Acuan!$B$3)*Acuan!$C$3
A27: 7 | B27: Hitung pajak lapis 3: bagian PKP antara batas bawah lapis 3 dan lapis 4, dikali tarif lapis 3. | C27: Sheet Data, kolom L (Pajak Lapis 3), baris 2 sampai 31 | D27: =MAX(0;MIN(I2;Acuan!$B$5)-Acuan!$B$4)*Acuan!$C$4
A28: 8 | B28: Hitung pajak lapis 4: bagian PKP di atas batas bawah lapis 4, dikali tarif lapis 4. Lapis ini tidak punya batas atas. | C28: Sheet Data, kolom M (Pajak Lapis 4), baris 2 sampai 31 | D28: =MAX(0;I2-Acuan!$B$5)*Acuan!$C$5
A29: 9 | B29: Hitung total pajak setahun: jumlah pajak keempat lapis. | C29: Sheet Data, kolom N (Total Pajak), baris 2 sampai 31 | D29: =J2+K2+L2+M2
A30: 10 | B30: Hitung tarif efektif: total pajak dibagi PKP. Bila PKP sama dengan 0, isi 0. | C30: Sheet Data, kolom O (Tarif Efektif), baris 2 sampai 31 | D30: =IF(I2=0;0;N2/I2)
A31: 11 | B31: Pada sheet Acuan, hitung jumlah pegawai yang PKP-nya melewati batas bawah tiap lapis (artinya sudah membayar pajak di lapis itu). | C31: Sheet Acuan, kolom D (Jumlah Pegawai), baris 2 sampai 5 | D31: =COUNTIF(Data!$I$2:$I$31;">"&B2)
... A35: 15 | B35: Berapa total pajak seluruh Manajer, dan berapa rata-rata tarif efektif para Direktur? | C35: Sheet Ringkasan, sel C11 sampai C12 | D35: =SUMIF(Data!$B$2:$B$31;"Manajer";Data!$N$2:$N$31) =AVERAGEIF(Data!$B$2:$B$31;"Direktur";Data!$O$2:$O$31)

Sheet Data
A1: Nama | B1: Jabatan | C1: Gaji Bulanan | D1: Bonus Tahunan | E1: Tanggungan | F1: Bruto Setahun | G1: Biaya Jabatan | H1: PTKP | I1: PKP | J1: Pajak Lapis 1 | K1: Pajak Lapis 2 | L1: Pajak Lapis 3 | M1: Pajak Lapis 4 | N1: Total Pajak | O1: Tarif Efektif | Q1: Parameter | R1: Nilai | S1: Keterangan
A2: Irfan Santoso | B2: Manajer | C2: 20300000 | D2: 20000000 | E2: 3 | F2: =C2*12+D2 -> 263600000 | G2: =MIN(F2*$R$2,$R$3) -> 6000000 | H2: =$R$4+E2*$R$5 -> 67500000 | I2: =MAX(0,F2-G2-H2) -> 190100000 | J2: =MAX(0,MIN(I2,Acuan!$B$3)-Acuan!$B$2)*Acuan!$C$2 -> 2500000 | K2: =MAX(0,MIN(I2,Acuan!$B$4)-Acuan!$B$3)*Acuan!$C$3 -> 21015000 | L2: =MAX(0,MIN(I2,Acuan!$B$5)-Acuan!$B$4)*Acuan!$C$4 -> 0 | M2: =MAX(0,I2-Acuan!$B$5)*Acuan!$C$5 -> 0 | N2: =J2+K2+L2+M2 -> 23515000 | O2: =IF(I2=0,0,N2/I2) -> 0.12369805 | Q2: Persen biaya jabatan | R2: 0.05
A3: Lina Lestari | B3: Manajer | C3: 21300000 | D3: 18000000 | E3: 3 | F3: =C3*12+D3 -> 273600000 | G3: =MIN(F3*$R$2,$R$3) -> 6000000 | H3: =$R$4+E3*$R$5 -> 67500000 | I3: =MAX(0,F3-G3-H3) -> 200100000 | J3: =MAX(0,MIN(I3,Acuan!$B$3)-Acuan!$B$2)*Acuan!$C$2 -> 2500000 | K3: =MAX(0,MIN(I3,Acuan!$B$4)-Acuan!$B$3)*Acuan!$C$3 -> 22500000 | L3: =MAX(0,MIN(I3,Acuan!$B$5)-Acuan!$B$4)*Acuan!$C$4 -> 25000 | M3: =MAX(0,I3-Acuan!$B$5)*Acuan!$C$5 -> 0 | N3: =J3+K3+L3+M3 -> 25025000 | O3: =IF(I3=0,0,N3/I3) -> 0.12506247 | Q3: Biaya jabatan maksimum | R3: 6000000
A4: Siti Wijaya | B4: Manajer | C4: 31900000 | D4: 28000000 | E4: 0 | F4: =C4*12+D4 -> 410800000 | G4: =MIN(F4*$R$2,$R$3) -> 6000000 | H4: =$R$4+E4*$R$5 -> 54000000 | I4: =MAX(0,F4-G4-H4) -> 350800000 | J4: =MAX(0,MIN(I4,Acuan!$B$3)-Acuan!$B$2)*Acuan!$C$2 -> 2500000 | K4: =MAX(0,MIN(I4,Acuan!$B$4)-Acuan!$B$3)*Acuan!$C$3 -> 22500000 | L4: =MAX(0,MIN(I4,Acuan!$B$5)-Acuan!$B$4)*Acuan!$C$4 -> 37700000 | M4: =MAX(0,I4-Acuan!$B$5)*Acuan!$C$5 -> 0 | N4: =J4+K4+L4+M4 -> 62700000 | O4: =IF(I4=0,0,N4/I4) -> 0.17873432 | Q4: PTKP dasar | R4: 54000000
A5: Joko Santoso | B5: Staf | C5: 4400000 | D5: 1500000 | E5: 0 | F5: =C5*12+D5 -> 54300000 | G5: =MIN(F5*$R$2,$R$3) -> 2715000 | H5: =$R$4+E5*$R$5 -> 54000000 | I5: =MAX(0,F5-G5-H5) -> 0 | J5: =MAX(0,MIN(I5,Acuan!$B$3)-Acuan!$B$2)*Acuan!$C$2 -> 0 | K5: =MAX(0,MIN(I5,Acuan!$B$4)-Acuan!$B$3)*Acuan!$C$3 -> 0 | L5: =MAX(0,MIN(I5,Acuan!$B$5)-Acuan!$B$4)*Acuan!$C$4 -> 0 | M5: =MAX(0,I5-Acuan!$B$5)*Acuan!$C$5 -> 0 | N5: =J5+K5+L5+M5 -> 0 | O5: =IF(I5=0,0,N5/I5) -> 0 | Q5: PTKP per tanggungan | R5: 4500000
A6: Eko Anggraini | B6: Direktur | C6: 48700000 | D6: 29500000 | E6: 2 | F6: =C6*12+D6 -> 613900000 | G6: =MIN(F6*$R$2,$R$3) -> 6000000 | H6: =$R$4+E6*$R$5 -> 63000000 | I6: =MAX(0,F6-G6-H6) -> 544900000 | J6: =MAX(0,MIN(I6,Acuan!$B$3)-Acuan!$B$2)*Acuan!$C$2 -> 2500000 | K6: =MAX(0,MIN(I6,Acuan!$B$4)-Acuan!$B$3)*Acuan!$C$3 -> 22500000 | L6: =MAX(0,MIN(I6,Acuan!$B$5)-Acuan!$B$4)*Acuan!$C$4 -> 50000000 | M6: =MAX(0,I6-Acuan!$B$5)*Acuan!$C$5 -> 43470000 | N6: =J6+K6+L6+M6 -> 118470000 | O6: =IF(I6=0,0,N6/I6) -> 0.21741604
A7: Putri Saputra | B7: Staf | C7: 7600000 | D7: 7000000 | E7: 2 | F7: =C7*12+D7 -> 98200000 | G7: =MIN(F7*$R$2,$R$3) -> 4910000 | H7: =$R$4+E7*$R$5 -> 63000000 | I7: =MAX(0,F7-G7-H7) -> 30290000 | J7: =MAX(0,MIN(I7,Acuan!$B$3)-Acuan!$B$2)*Acuan!$C$2 -> 1514500 | K7: =MAX(0,MIN(I7,Acuan!$B$4)-Acuan!$B$3)*Acuan!$C$3 -> 0 | L7: =MAX(0,MIN(I7,Acuan!$B$5)-Acuan!$B$4)*Acuan!$C$4 -> 0 | M7: =MAX(0,I7-Acuan!$B$5)*Acuan!$C$5 -> 0 | N7: =J7+K7+L7+M7 -> 1514500 | O7: =IF(I7=0,0,N7/I7) -> 0.05
A8: Vina Nugroho | B8: Staf | C8: 8000000 | D8: 500000 | E8: 0 | F8: =C8*12+D8 -> 96500000 | G8: =MIN(F8*$R$2,$R$3) -> 4825000 | H8: =$R$4+E8*$R$5 -> 54000000 | I8: =MAX(0,F8-G8-H8) -> 37675000 | J8: =MAX(0,MIN(I8,Acuan!$B$3)-Acuan!$B$2)*Acuan!$C$2 -> 1883750 | K8: =MAX(0,MIN(I8,Acuan!$B$4)-Acuan!$B$3)*Acuan!$C$3 -> 0 | L8: =MAX(0,MIN(I8,Acuan!$B$5)-Acuan!$B$4)*Acuan!$C$4 -> 0 | M8: =MAX(0,I8-Acuan!$B$5)*Acuan!$C$5 -> 0 | N8: =J8+K8+L8+M8 -> 1883750 | O8: =IF(I8=0,0,N8/I8) -> 0.05
A9: Vina Kurniawan | B9: Supervisor | C9: 11700000 | D9: 6000000 | E9: 3 | F9: =C9*12+D9 -> 146400000 | G9: =MIN(F9*$R$2,$R$3) -> 6000000 | H9: =$R$4+E9*$R$5 -> 67500000 | I9: =MAX(0,F9-G9-H9) -> 72900000 | J9: =MAX(0,MIN(I9,Acuan!$B$3)-Acuan!$B$2)*Acuan!$C$2 -> 2500000 | K9: =MAX(0,MIN(I9,Acuan!$B$4)-Acuan!$B$3)*Acuan!$C$3 -> 3435000 | L9: =MAX(0,MIN(I9,Acuan!$B$5)-Acuan!$B$4)*Acuan!$C$4 -> 0 | M9: =MAX(0,I9-Acuan!$B$5)*Acuan!$C$5 -> 0 | N9: =J9+K9+L9+M9 -> 5935000 | O9: =IF(I9=0,0,N9/I9) -> 0.081412894
A10: Joko Syahputra | B10: Direktur | C10: 59300000 | D10: 40000000 | E10: 3 | F10: =C10*12+D10 -> 751600000 | G10: =MIN(F10*$R$2,$R$3) -> 6000000 | H10: =$R$4+E10*$R$5 -> 67500000 | I10: =MAX(0,F10-G10-H10) -> 678100000 | J10: =MAX(0,MIN(I10,Acuan!$B$3)-Acuan!$B$2)*Acuan!$C$2 -> 2500000 | K10: =MAX(0,MIN(I10,Acuan!$B$4)-Acuan!$B$3)*Acuan!$C$3 -> 22500000 | L10: =MAX(0,MIN(I10,Acuan!$B$5)-Acuan!$B$4)*Acuan!$C$4 -> 50000000 | M10: =MAX(0,I10-Acuan!$B$5)*Acuan!$C$5 -> 83430000 | N10: =J10+K10+L10+M10 -> 158430000 | O10: =IF(I10=0,0,N10/I10) -> 0.23363811
A11: Prasetyo Kurniawan | B11: Staf | C11: 5000000 | D11: 4000000 | E11: 2 | F11: =C11*12+D11 -> 64000000 | G11: =MIN(F11*$R$2,$R$3) -> 3200000 | H11: =$R$4+E11*$R$5 -> 63000000 | I11: =MAX(0,F11-G11-H11) -> 0 | J11: =MAX(0,MIN(I11,Acuan!$B$3)-Acuan!$B$2)*Acuan!$C$2 -> 0 | K11: =MAX(0,MIN(I11,Acuan!$B$4)-Acuan!$B$3)*Acuan!$C$3 -> 0 | L11: =MAX(0,MIN(I11,Acuan!$B$5)-Acuan!$B$4)*Acuan!$C$4 -> 0 | M11: =MAX(0,I11-Acuan!$B$5)*Acuan!$C$5 -> 0 | N11: =J11+K11+L11+M11 -> 0 | O11: =IF(I11=0,0,N11/I11) -> 0
A12: Joko Pratama | B12: Supervisor | C12: 13000000 | D12: 15000000 | E12: 2 | F12: =C12*12+D12 -> 171000000 | G12: =MIN(F12*$R$2,$R$3) -> 6000000 | H12: =$R$4+E12*$R$5 -> 63000000 | I12: =MAX(0,F12-G12-H12) -> 102000000 | J12: =MAX(0,MIN(I12,Acuan!$B$3)-Acuan!$B$2)*Acuan!$C$2 -> 2500000 | K12: =MAX(0,MIN(I12,Acuan!$B$4)-Acuan!$B$3)*Acuan!$C$3 -> 7800000 | L12: =MAX(0,MIN(I12,Acuan!$B$5)-Acuan!$B$4)*Acuan!$C$4 -> 0 | M12: =MAX(0,I12-Acuan!$B$5)*Acuan!$C$5 -> 0 | N12: =J12+K12+L12+M12 -> 10300000 | O12: =IF(I12=0,0,N12/I12) -> 0.10098039
A13: Gita Maharani | B13: Supervisor | C13: 12200000 | D13: 14500000 | E13: 0 | F13: =C13*12+D13 -> 160900000 | G13: =MIN(F13*$R$2,$R$3) -> 6000000 | H13: =$R$4+E13*$R$5 -> 54000000 | I13: =MAX(0,F13-G13-H13) -> 100900000 | J13: =MAX(0,MIN(I13,Acuan!$B$3)-Acuan!$B$2)*Acuan!$C$2 -> 2500000 | K13: =MAX(0,MIN(I13,Acuan!$B$4)-Acuan!$B$3)*Acuan!$C$3 -> 7635000 | L13: =MAX(0,MIN(I13,Acuan!$B$5)-Acuan!$B$4)*Acuan!$C$4 -> 0 | M13: =MAX(0,I13-Acuan!$B$5)*Acuan!$C$5 -> 0 | N13: =J13+K13+L13+M13 -> 10135000 | O13: =IF(I13=0,0,N13/I13) -> 0.10044599
A14: Indah Anggraini | B14: Supervisor | C14: 8600000 | D14: 13000000 | E14: 0 | F14: =C14*12+D14 -> 116200000 | G14: =MIN(F14*$R$2,$R$3) -> 5810000 | H14: =$R$4+E14*$R$5 -> 54000000 | I14: =MAX(0,F14-G14-H14) -> 56390000 | J14: =MAX(0,MIN(I14,Acuan!$B$3)-Acuan!$B$2)*Acuan!$C$2 -> 2500000 | K14: =MAX(0,MIN(I14,Acuan!$B$4)-Acuan!$B$3)*Acuan!$C$3 -> 958500 | L14: =MAX(0,MIN(I14,Acuan!$B$5)-Acuan!$B$4)*Acuan!$C$4 -> 0 | M14: =MAX(0,I14-Acuan!$B$5)*Acuan!$C$5 -> 0 | N14: =J14+K14+L14+M14 -> 3458500 | O14: =IF(I14=0,0,N14/I14) -> 0.061331796
A15: Lestari Setiawan | B15: Staf | C15: 6300000 | D15: 2500000 | E15: 2 | F15: =C15*12+D15 -> 78100000 | G15: =MIN(F15*$R$2,$R$3) -> 3905000 | H15: =$R$4+E15*$R$5 -> 63000000 | I15: =MAX(0,F15-G15-H15) -> 11195000 | J15: =MAX(0,MIN(I15,Acuan!$B$3)-Acuan!$B$2)*Acuan!$C$2 -> 559750 | K15: =MAX(0,MIN(I15,Acuan!$B$4)-Acuan!$B$3)*Acuan!$C$3 -> 0 | L15: =MAX(0,MIN(I15,Acuan!$B$5)-Acuan!$B$4)*Acuan!$C$4 -> 0 | M15: =MAX(0,I15-Acuan!$B$5)*Acuan!$C$5 -> 0 | N15: =J15+K15+L15+M15 -> 559750 | O15: =IF(I15=0,0,N15/I15) -> 0.05
A16: Yoga Susanto | B16: Staf | C16: 4600000 | D16: 7000000 | E16: 0 | F16: =C16*12+D16 -> 62200000 | G16: =MIN(F16*$R$2,$R$3) -> 3110000 | H16: =$R$4+E16*$R$5 -> 54000000 | I16: =MAX(0,F16-G16-H16) -> 5090000 | J16: =MAX(0,MIN(I16,Acuan!$B$3)-Acuan!$B$2)*Acuan!$C$2 -> 254500 | K16: =MAX(0,MIN(I16,Acuan!$B$4)-Acuan!$B$3)*Acuan!$C$3 -> 0 | L16: =MAX(0,MIN(I16,Acuan!$B$5)-Acuan!$B$4)*Acuan!$C$4 -> 0 | M16: =MAX(0,I16-Acuan!$B$5)*Acuan!$C$5 -> 0 | N16: =J16+K16+L16+M16 -> 254500 | O16: =IF(I16=0,0,N16/I16) -> 0.05
A17: Fitri Lestari | B17: Staf | C17: 6900000 | D17: 7000000 | E17: 1 | F17: =C17*12+D17 -> 89800000 | G17: =MIN(F17*$R$2,$R$3) -> 4490000 | H17: =$R$4+E17*$R$5 -> 58500000 | I17: =MAX(0,F17-G17-H17) -> 26810000 | J17: =MAX(0,MIN(I17,Acuan!$B$3)-Acuan!$B$2)*Acuan!$C$2 -> 1340500 | K17: =MAX(0,MIN(I17,Acuan!$B$4)-Acuan!$B$3)*Acuan!$C$3 -> 0 | L17: =MAX(0,MIN(I17,Acuan!$B$5)-Acuan!$B$4)*Acuan!$C$4 -> 0 | M17: =MAX(0,I17-Acuan!$B$5)*Acuan!$C$5 -> 0 | N17: =J17+K17+L17+M17 -> 1340500 | O17: =IF(I17=0,0,N17/I17) -> 0.05
... A31: Oki Pangestu | B31: Manajer | C31: 31400000 | D31: 32000000 | E31: 1 | F31: =C31*12+D31 -> 408800000 | G31: =MIN(F31*$R$2,$R$3) -> 6000000 | H31: =$R$4+E31*$R$5 -> 58500000 | I31: =MAX(0,F31-G31-H31) -> 344300000 | J31: =MAX(0,MIN(I31,Acuan!$B$3)-Acuan!$B$2)*Acuan!$C$2 -> 2500000 | K31: =MAX(0,MIN(I31,Acuan!$B$4)-Acuan!$B$3)*Acuan!$C$3 -> 22500000 | L31: =MAX(0,MIN(I31,Acuan!$B$5)-Acuan!$B$4)*Acuan!$C$4 -> 36075000 | M31: =MAX(0,I31-Acuan!$B$5)*Acuan!$C$5 -> 0 | N31: =J31+K31+L31+M31 -> 61075000 | O31: =IF(I31=0,0,N31/I31) -> 0.17738891

Sheet Acuan
A1: Lapis | B1: Batas Bawah | C1: Tarif | D1: Jumlah Pegawai
A2: 1 | B2: 0 | C2: 0.05 | D2: =COUNTIF(Data!$I$2:$I$31,">"&B2) -> 27
A3: 2 | B3: 50000000 | C3: 0.15 | D3: =COUNTIF(Data!$I$2:$I$31,">"&B3) -> 18
A4: 3 | B4: 200000000 | C4: 0.25 | D4: =COUNTIF(Data!$I$2:$I$31,">"&B4) -> 9
A5: 4 | B5: 400000000 | C5: 0.3 | D5: =COUNTIF(Data!$I$2:$I$31,">"&B5) -> 3

Sheet Ringkasan
A1: Ringkasan: lembar jawaban soal berjenis ringkasan
A2: Sel hijau berisi rumus kunci.
A3: No | B3: Pertanyaan | C3: Jawaban | D3: Contoh format hasil
A4: 12a | B4: Total bruto setahun | C4: =SUM(Data!$F$2:$F$31) -> 6472600000 | D4: Rupiah, mis. Rp 4.000.000.000
A5: 12b | B5: Total pajak | C5: =SUM(Data!$N$2:$N$31) -> 768881250 | D5: Rupiah, mis. Rp 500.000.000
A6: 12c | B6: Persen pajak terhadap bruto | C6: =C5/C4 -> 0.11879017 | D6: Persen, mis. 12,5%
A7: 13a | B7: Pegawai dengan total pajak terbesar | C7: =INDEX(Data!$A$2:$A$31,MATCH(MAX(Data!$N$2:$N$31),Data!$N$2:$N$31,0)) -> Joko Syahputra | D7: Teks: nama pegawai
A8: 13b | B8: Rata-rata total pajak per pegawai | C8: =AVERAGE(Data!$N$2:$N$31) -> 25629375 | D8: Rupiah, mis. Rp 18.000.000
A9: 14a | B9: Pegawai tanpa pajak | C9: =COUNTIF(Data!$N$2:$N$31,0) -> 3 | D9: Angka bulat, mis. 6
A10: 14b | B10: Pegawai sampai lapis 4 | C10: =INDEX(Acuan!$D$2:$D$5,MATCH(4,Acuan!$A$2:$A$5,0)) -> 3 | D10: Angka bulat, mis. 5
A11: 15a | B11: Total pajak Manajer | C11: =SUMIF(Data!$B$2:$B$31,"Manajer",Data!$N$2:$N$31) -> 304415000 | D11: Rupiah, mis. Rp 120.000.000
A12: 15b | B12: Rata-rata tarif efektif Direktur | C12: =AVERAGEIF(Data!$B$2:$B$31,"Direktur",Data!$O$2:$O$31) -> 0.22224044 | D12: Persen, mis. 22,5%
