Workbook

Sheet Petunjuk
A1: Kunci Jawaban: Rekap Penjualan Harian Kantin Sekolah
A2: Latihan 26 dari 56 | Tingkat: Pemula | Perkiraan waktu: 35 menit | pushexcel.github.io/Pushexcel
A4: Skenario
A5: Kamu mengelola pembukuan kantin SMP Harapan Bangsa. Data berisi jumlah terjual empat jenis menu selama 30 hari kerja, dari 7 September sampai 16 Oktober 2026. Harga satuan: nasi Rp 8.000 per porsi, minuman Rp 3.000, gorengan Rp 1.000 per buah, dan jajanan Rp 2.000. Target omzet harian adalah Rp 1.400.000. Kamu menyusun rekap untuk kepala sekolah.
A7: Cara memakai kunci
A8: 1. | B8: Sel hijau berisi rumus kunci yang sudah dihitung. Klik sel untuk melihat rumusnya.
A9: 2. | B9: Kolom Rumus kunci di bawah menampilkan rumus untuk baris pertama atau tiap sel jawaban.
A10: 3. | B10: Rumus ditulis dengan titik koma (;). Ganti dengan koma (,) bila Excel kamu berbahasa Inggris.
A11: 4. | B11: Jawaban lain yang benar secara logika juga boleh, selama hasilnya sama.
A13: Arti warna
B14: Judul kolom data yang sudah diberikan
B15: Judul kolom hasil hitung
B16: Sel berisi rumus kunci
B17: Angka berwarna biru pada blok Parameter = nilai tetap yang boleh dirujuk
A19: Daftar soal
A20: No | B20: Soal | C20: Jawab di | D20: Rumus kunci
A21: 1 | B21: Hitung omzet nasi tiap hari: jumlah porsi nasi dikali harga nasi. | C21: Sheet Data, kolom G (Omzet Nasi), baris 2 sampai 31 | D21: =C2*$N$2
A22: 2 | B22: Hitung omzet minuman tiap hari: jumlah gelas dikali harga minuman. | C22: Sheet Data, kolom H (Omzet Minuman), baris 2 sampai 31 | D22: =D2*$N$3
A23: 3 | B23: Hitung omzet camilan tiap hari, yaitu gabungan gorengan dan jajanan, masing-masing dikali harganya. | C23: Sheet Data, kolom I (Omzet Camilan), baris 2 sampai 31 | D23: =E2*$N$4+F2*$N$5
A24: 4 | B24: Hitung total omzet harian dari omzet nasi, omzet minuman, dan omzet camilan. | C24: Sheet Data, kolom J (Total Omzet), baris 2 sampai 31 | D24: =G2+H2+I2
A25: 5 | B25: Beri status Tercapai bila total omzet sama dengan atau lebih dari target omzet harian. Selain itu tulis Belum. | C25: Sheet Data, kolom K (Status Target), baris 2 sampai 31 | D25: =IF(J2>=$N$6;"Tercapai";"Belum")
A26: 6 | B26: Berapa total omzet kantin selama 30 hari, dan berapa rata-rata omzet per hari? | C26: Sheet Ringkasan, sel C4 sampai C5 | D26: =SUM(Data!$J$2:$J$31) =AVERAGE(Data!$J$2:$J$31)
A27: 7 | B27: Berapa omzet harian tertinggi dan berapa yang terendah? | C27: Sheet Ringkasan, sel C6 sampai C7 | D27: =MAX(Data!$J$2:$J$31) =MIN(Data!$J$2:$J$31)
A28: 8 | B28: Pada tanggal berapa omzet harian paling tinggi? | C28: Sheet Ringkasan, sel C8 | D28: =INDEX(Data!$A$2:$A$31;MATCH(MAX(Data!$J$2:$J$31);Data!$J$2:$J$31;0))
A29: 9 | B29: Berapa hari target tercapai, dan berapa hari yang belum? | C29: Sheet Ringkasan, sel C9 sampai C10 | D29: =COUNTIF(Data!$K$2:$K$31;"Tercapai") =COUNTIF(Data!$K$2:$K$31;"Belum")
A30: 10 | B30: Berapa total porsi nasi yang terjual selama 30 hari, dan berapa persen omzet nasi terhadap total omzet? | C30: Sheet Ringkasan, sel C11 sampai C12 | D30: =SUM(Data!$C$2:$C$31) =SUM(Data!$G$2:$G$31)/SUM(Data!$J$2:$J$31)
A31: 11 | B31: Berapa hari gorengan terjual lebih dari 150 buah? | C31: Sheet Ringkasan, sel C13 | D31: =COUNTIF(Data!$E$2:$E$31;">150")
A32: 12 | B32: Berapa kali omzet harian tercapai pada hari Jumat, dan berapa rata-rata total omzet pada hari Jumat? | C32: Sheet Ringkasan, sel C14 sampai C15 | D32: =COUNTIFS(Data!$B$2:$B$31;"Jumat";Data!$K$2:$K$31;"Tercapai") =AVERAGEIF(Data!$B$2:$B$31;"Jumat";Data!$J$2:$J$31)

Sheet Data
A1: Tanggal | B1: Hari | C1: Nasi (porsi) | D1: Minuman (gelas) | E1: Gorengan (buah) | F1: Jajanan (bungkus) | G1: Omzet Nasi | H1: Omzet Minuman | I1: Omzet Camilan | J1: Total Omzet | K1: Status Target | M1: Parameter | N1: Nilai | O1: Keterangan
A2: 46272 | B2: Senin | C2: 82 | D2: 162 | E2: 172 | F2: 120 | G2: =C2*$N$2 -> 656000 | H2: =D2*$N$3 -> 486000 | I2: =E2*$N$4+F2*$N$5 -> 412000 | J2: =G2+H2+I2 -> 1554000 | K2: =IF(J2>=$N$6,"Tercapai","Belum") -> Tercapai | M2: Harga nasi | N2: 8000 | O2: Per porsi
A3: 46273 | B3: Selasa | C3: 109 | D3: 159 | E3: 145 | F3: 119 | G3: =C3*$N$2 -> 872000 | H3: =D3*$N$3 -> 477000 | I3: =E3*$N$4+F3*$N$5 -> 383000 | J3: =G3+H3+I3 -> 1732000 | K3: =IF(J3>=$N$6,"Tercapai","Belum") -> Tercapai | M3: Harga minuman | N3: 3000 | O3: Per gelas
A4: 46274 | B4: Rabu | C4: 107 | D4: 127 | E4: 171 | F4: 84 | G4: =C4*$N$2 -> 856000 | H4: =D4*$N$3 -> 381000 | I4: =E4*$N$4+F4*$N$5 -> 339000 | J4: =G4+H4+I4 -> 1576000 | K4: =IF(J4>=$N$6,"Tercapai","Belum") -> Tercapai | M4: Harga gorengan | N4: 1000 | O4: Per buah
A5: 46275 | B5: Kamis | C5: 114 | D5: 127 | E5: 144 | F5: 122 | G5: =C5*$N$2 -> 912000 | H5: =D5*$N$3 -> 381000 | I5: =E5*$N$4+F5*$N$5 -> 388000 | J5: =G5+H5+I5 -> 1681000 | K5: =IF(J5>=$N$6,"Tercapai","Belum") -> Tercapai | M5: Harga jajanan | N5: 2000 | O5: Per bungkus
A6: 46276 | B6: Jumat | C6: 67 | D6: 113 | E6: 130 | F6: 84 | G6: =C6*$N$2 -> 536000 | H6: =D6*$N$3 -> 339000 | I6: =E6*$N$4+F6*$N$5 -> 298000 | J6: =G6+H6+I6 -> 1173000 | K6: =IF(J6>=$N$6,"Tercapai","Belum") -> Belum | M6: Target omzet harian | N6: 1400000 | O6: Omzet sama dengan target atau lebih = Tercapai
A7: 46279 | B7: Senin | C7: 87 | D7: 122 | E7: 172 | F7: 92 | G7: =C7*$N$2 -> 696000 | H7: =D7*$N$3 -> 366000 | I7: =E7*$N$4+F7*$N$5 -> 356000 | J7: =G7+H7+I7 -> 1418000 | K7: =IF(J7>=$N$6,"Tercapai","Belum") -> Tercapai
A8: 46280 | B8: Selasa | C8: 91 | D8: 146 | E8: 151 | F8: 83 | G8: =C8*$N$2 -> 728000 | H8: =D8*$N$3 -> 438000 | I8: =E8*$N$4+F8*$N$5 -> 317000 | J8: =G8+H8+I8 -> 1483000 | K8: =IF(J8>=$N$6,"Tercapai","Belum") -> Tercapai
A9: 46281 | B9: Rabu | C9: 94 | D9: 127 | E9: 188 | F9: 81 | G9: =C9*$N$2 -> 752000 | H9: =D9*$N$3 -> 381000 | I9: =E9*$N$4+F9*$N$5 -> 350000 | J9: =G9+H9+I9 -> 1483000 | K9: =IF(J9>=$N$6,"Tercapai","Belum") -> Tercapai
A10: 46282 | B10: Kamis | C10: 92 | D10: 129 | E10: 125 | F10: 83 | G10: =C10*$N$2 -> 736000 | H10: =D10*$N$3 -> 387000 | I10: =E10*$N$4+F10*$N$5 -> 291000 | J10: =G10+H10+I10 -> 1414000 | K10: =IF(J10>=$N$6,"Tercapai","Belum") -> Tercapai
A11: 46283 | B11: Jumat | C11: 70 | D11: 87 | E11: 95 | F11: 62 | G11: =C11*$N$2 -> 560000 | H11: =D11*$N$3 -> 261000 | I11: =E11*$N$4+F11*$N$5 -> 219000 | J11: =G11+H11+I11 -> 1040000 | K11: =IF(J11>=$N$6,"Tercapai","Belum") -> Belum
A12: 46286 | B12: Senin | C12: 96 | D12: 158 | E12: 170 | F12: 105 | G12: =C12*$N$2 -> 768000 | H12: =D12*$N$3 -> 474000 | I12: =E12*$N$4+F12*$N$5 -> 380000 | J12: =G12+H12+I12 -> 1622000 | K12: =IF(J12>=$N$6,"Tercapai","Belum") -> Tercapai
A13: 46287 | B13: Selasa | C13: 101 | D13: 137 | E13: 148 | F13: 80 | G13: =C13*$N$2 -> 808000 | H13: =D13*$N$3 -> 411000 | I13: =E13*$N$4+F13*$N$5 -> 308000 | J13: =G13+H13+I13 -> 1527000 | K13: =IF(J13>=$N$6,"Tercapai","Belum") -> Tercapai
A14: 46288 | B14: Rabu | C14: 91 | D14: 116 | E14: 187 | F14: 103 | G14: =C14*$N$2 -> 728000 | H14: =D14*$N$3 -> 348000 | I14: =E14*$N$4+F14*$N$5 -> 393000 | J14: =G14+H14+I14 -> 1469000 | K14: =IF(J14>=$N$6,"Tercapai","Belum") -> Tercapai
A15: 46289 | B15: Kamis | C15: 112 | D15: 154 | E15: 144 | F15: 93 | G15: =C15*$N$2 -> 896000 | H15: =D15*$N$3 -> 462000 | I15: =E15*$N$4+F15*$N$5 -> 330000 | J15: =G15+H15+I15 -> 1688000 | K15: =IF(J15>=$N$6,"Tercapai","Belum") -> Tercapai
A16: 46290 | B16: Jumat | C16: 80 | D16: 109 | E16: 104 | F16: 83 | G16: =C16*$N$2 -> 640000 | H16: =D16*$N$3 -> 327000 | I16: =E16*$N$4+F16*$N$5 -> 270000 | J16: =G16+H16+I16 -> 1237000 | K16: =IF(J16>=$N$6,"Tercapai","Belum") -> Belum
A17: 46293 | B17: Senin | C17: 116 | D17: 142 | E17: 154 | F17: 109 | G17: =C17*$N$2 -> 928000 | H17: =D17*$N$3 -> 426000 | I17: =E17*$N$4+F17*$N$5 -> 372000 | J17: =G17+H17+I17 -> 1726000 | K17: =IF(J17>=$N$6,"Tercapai","Belum") -> Tercapai
A18: 46294 | B18: Selasa | C18: 91 | D18: 124 | E18: 132 | F18: 123 | G18: =C18*$N$2 -> 728000 | H18: =D18*$N$3 -> 372000 | I18: =E18*$N$4+F18*$N$5 -> 378000 | J18: =G18+H18+I18 -> 1478000 | K18: =IF(J18>=$N$6,"Tercapai","Belum") -> Tercapai
... A31: 46311 | B31: Jumat | C31: 60 | D31: 97 | E31: 123 | F31: 60 | G31: =C31*$N$2 -> 480000 | H31: =D31*$N$3 -> 291000 | I31: =E31*$N$4+F31*$N$5 -> 243000 | J31: =G31+H31+I31 -> 1014000 | K31: =IF(J31>=$N$6,"Tercapai","Belum") -> Belum

Sheet Ringkasan
A1: Ringkasan: lembar jawaban soal berjenis ringkasan
A2: Sel hijau berisi rumus kunci.
A3: No | B3: Pertanyaan | C3: Jawaban | D3: Contoh format hasil
A4: 6a | B4: Total omzet 30 hari | C4: =SUM(Data!$J$2:$J$31) -> 44450000 | D4: Rupiah, mis. Rp 35.000.000
A5: 6b | B5: Rata-rata omzet per hari | C5: =AVERAGE(Data!$J$2:$J$31) -> 1481666.7 | D5: Rupiah, mis. Rp 1.250.000
A6: 7a | B6: Omzet harian tertinggi | C6: =MAX(Data!$J$2:$J$31) -> 1821000 | D6: Rupiah, mis. Rp 1.800.000
A7: 7b | B7: Omzet harian terendah | C7: =MIN(Data!$J$2:$J$31) -> 1013000 | D7: Rupiah, mis. Rp 900.000
A8: 8 | B8: Tanggal omzet tertinggi | C8: =INDEX(Data!$A$2:$A$31,MATCH(MAX(Data!$J$2:$J$31),Data!$J$2:$J$31,0)) -> 46295 | D8: Tanggal, mis. 14/10/2026
A9: 9a | B9: Jumlah hari target tercapai | C9: =COUNTIF(Data!$K$2:$K$31,"Tercapai") -> 24 | D9: Angka bulat, mis. 15
A10: 9b | B10: Jumlah hari target belum tercapai | C10: =COUNTIF(Data!$K$2:$K$31,"Belum") -> 6 | D10: Angka bulat, mis. 15
A11: 10a | B11: Total porsi nasi terjual | C11: =SUM(Data!$C$2:$C$31) -> 2809 | D11: Angka bulat, mis. 2500
A12: 10b | B12: Persentase omzet nasi terhadap total | C12: =SUM(Data!$G$2:$G$31)/SUM(Data!$J$2:$J$31) -> 0.50555681 | D12: Persen, mis. 48,5%
A13: 11 | B13: Jumlah hari gorengan terjual lebih dari 150 buah | C13: =COUNTIF(Data!$E$2:$E$31,">150") -> 14 | D13: Angka bulat, mis. 9
A14: 12a | B14: Jumlah hari Jumat dengan target tercapai | C14: =COUNTIFS(Data!$B$2:$B$31,"Jumat",Data!$K$2:$K$31,"Tercapai") -> 0 | D14: Angka bulat, mis. 2
A15: 12b | B15: Rata-rata total omzet hari Jumat | C15: =AVERAGEIF(Data!$B$2:$B$31,"Jumat",Data!$J$2:$J$31) -> 1096500 | D15: Rupiah, mis. Rp 1.100.000
