Workbook

Sheet Petunjuk
A1: Kunci Jawaban: Arisan Bulanan: Setoran, Giliran, dan Status Bayar
A2: Latihan 63 dari 40 | Tingkat: Pemula | Perkiraan waktu: 35 menit | pushexcel.github.io/Pushexcel
A4: Skenario
A5: Kamu bendahara arisan ibu-ibu RW 03 yang beranggotakan 24 peserta. Setiap bulan tiap peserta menyetor Rp 100.000, dan dana yang terkumpul diterima satu peserta sesuai nomor giliran (giliran 1 pada bulan ke-1, dan seterusnya). Sekarang sudah bulan ke-6. Kolom Bulan Dibayar berisi berapa bulan yang sudah dibayar peserta, dihitung berurutan dari bulan ke-1. Status bayar: Lunas bila tidak ada bulan kurang, Menunggak bila kurang 3 bulan atau lebih, selain itu Terlambat. Angka tetap ada di blok Parameter.
A7: Cara memakai kunci
A8: 1. | B8: Sel hijau berisi rumus kunci yang sudah dihitung. Klik sel untuk melihat rumusnya.
A9: 2. | B9: Kolom Rumus kunci di bawah menampilkan rumus untuk baris pertama atau tiap sel jawaban.
A10: 3. | B10: Rumus ditulis dengan titik koma (;). Ganti dengan koma (,) bila Excel kamu berbahasa Inggris.
A11: 4. | B11: Jawaban lain yang benar secara logika juga boleh, selama hasilnya sama.
A13: Arti warna
B14: Judul kolom data yang sudah diberikan
B15: Judul kolom hasil hitung
B16: Sel berisi rumus kunci
B17: Angka berwarna biru pada blok Parameter = nilai tetap yang boleh dirujuk
A19: Daftar soal
A20: No | B20: Soal | C20: Jawab di | D20: Rumus kunci
A21: 1 | B21: Hitung total setoran tiap peserta: bulan dibayar dikali setoran per bulan. | C21: Sheet Data, kolom E (Total Setoran), baris 2 sampai 25 | D21: =D2*$K$2
A22: 2 | B22: Hitung bulan kurang: bulan berjalan dikurangi bulan dibayar. | C22: Sheet Data, kolom F (Bulan Kurang), baris 2 sampai 25 | D22: =$K$3-D2
A23: 3 | B23: Beri status: Lunas bila bulan kurang 0, Menunggak bila sama dengan atau lebih dari batas menunggak, selain itu Terlambat. | C23: Sheet Data, kolom G (Status Bayar), baris 2 sampai 25 | D23: =IF(F2=0;"Lunas";IF(F2>=$K$4;"Menunggak";"Terlambat"))
A24: 4 | B24: Beri status Sudah Menerima bila nomor giliran sama dengan atau lebih kecil dari bulan berjalan. Selain itu Belum Menerima. | C24: Sheet Data, kolom H (Status Giliran), baris 2 sampai 25 | D24: =IF(C2<=$K$3;"Sudah Menerima";"Belum Menerima")
A25: 5 | B25: Pada sheet Acuan, cari nama penerima arisan tiap bulan: peserta yang nomor gilirannya sama dengan bulan ke. | C25: Sheet Acuan, kolom B (Penerima Arisan), baris 2 sampai 7 | D25: =INDEX(Data!$B$2:$B$25;MATCH(A2;Data!$C$2:$C$25;0))
A26: 6 | B26: Pada sheet Acuan, hitung berapa peserta yang sudah membayar sampai bulan itu, yaitu yang bulan dibayarnya sama dengan atau lebih dari bulan ke. | C26: Sheet Acuan, kolom C (Peserta Sudah Bayar), baris 2 sampai 7 | D26: =COUNTIF(Data!$D$2:$D$25;">="&A2)
A27: 7 | B27: Pada sheet Acuan, hitung dana yang terkumpul tiap bulan: peserta sudah bayar dikali setoran per bulan. | C27: Sheet Acuan, kolom D (Total Terkumpul), baris 2 sampai 7 | D27: =C2*Data!$K$2
A28: 8 | B28: Berapa peserta yang Lunas, Terlambat, dan Menunggak? | C28: Sheet Ringkasan, sel C4 sampai C6 | D28: =COUNTIF(Data!$G$2:$G$25;"Lunas") =COUNTIF(Data!$G$2:$G$25;"Terlambat") =COUNTIF(Data!$G$2:$G$25;"Menunggak")
A29: 9 | B29: Berapa total setoran seluruh peserta sampai bulan ke-6, dan berapa kekurangan dana dibanding bila semua peserta lunas? | C29: Sheet Ringkasan, sel C7 sampai C8 | D29: =SUM(Data!$E$2:$E$25) =Data!$K$5*Data!$K$3*Data!$K$2-C7
A30: 10 | B30: Siapa peserta yang menerima arisan pada bulan ke-4, dan siapa yang akan menerima pada giliran ke-10? | C30: Sheet Ringkasan, sel C9 sampai C10 | D30: =INDEX(Data!$B$2:$B$25;MATCH(4;Data!$C$2:$C$25;0)) =INDEX(Data!$B$2:$B$25;MATCH(10;Data!$C$2:$C$25;0))
A31: 11 | B31: Berapa peserta yang sudah menerima arisan tetapi belum Lunas, dan berapa peserta yang belum menerima tetapi sudah Lunas? | C31: Sheet Ringkasan, sel C11 sampai C12 | D31: =COUNTIFS(Data!$H$2:$H$25;"Sudah Menerima";Data!$G$2:$G$25;"<>Lunas") =COUNTIFS(Data!$H$2:$H$25;"Belum Menerima";Data!$G$2:$G$25;"Lunas")

Sheet Data
A1: No | B1: Nama Peserta | C1: Nomor Giliran | D1: Bulan Dibayar | E1: Total Setoran | F1: Bulan Kurang | G1: Status Bayar | H1: Status Giliran | J1: Parameter | K1: Nilai | L1: Keterangan
A2: 1 | B2: Fajar Kusuma | C2: 16 | D2: 6 | E2: =D2*$K$2 -> 600000 | F2: =$K$3-D2 -> 0 | G2: =IF(F2=0,"Lunas",IF(F2>=$K$4,"Menunggak","Terlambat")) -> Lunas | H2: =IF(C2<=$K$3,"Sudah Menerima","Belum Menerima") -> Belum Menerima | J2: Setoran per bulan | K2: 100000
A3: 2 | B3: Fajar Kurniawan | C3: 4 | D3: 6 | E3: =D3*$K$2 -> 600000 | F3: =$K$3-D3 -> 0 | G3: =IF(F3=0,"Lunas",IF(F3>=$K$4,"Menunggak","Terlambat")) -> Lunas | H3: =IF(C3<=$K$3,"Sudah Menerima","Belum Menerima") -> Sudah Menerima | J3: Bulan berjalan | K3: 6 | L3: Bulan ke berapa arisan sekarang
A4: 3 | B4: Ayu Permana | C4: 13 | D4: 6 | E4: =D4*$K$2 -> 600000 | F4: =$K$3-D4 -> 0 | G4: =IF(F4=0,"Lunas",IF(F4>=$K$4,"Menunggak","Terlambat")) -> Lunas | H4: =IF(C4<=$K$3,"Sudah Menerima","Belum Menerima") -> Belum Menerima | J4: Batas menunggak | K4: 3 | L4: Bulan kurang sama dengan atau lebih dari angka ini
A5: 4 | B5: Novi Hidayat | C5: 11 | D5: 6 | E5: =D5*$K$2 -> 600000 | F5: =$K$3-D5 -> 0 | G5: =IF(F5=0,"Lunas",IF(F5>=$K$4,"Menunggak","Terlambat")) -> Lunas | H5: =IF(C5<=$K$3,"Sudah Menerima","Belum Menerima") -> Belum Menerima | J5: Jumlah peserta | K5: 24
A6: 5 | B6: Khoirul Putra | C6: 9 | D6: 6 | E6: =D6*$K$2 -> 600000 | F6: =$K$3-D6 -> 0 | G6: =IF(F6=0,"Lunas",IF(F6>=$K$4,"Menunggak","Terlambat")) -> Lunas | H6: =IF(C6<=$K$3,"Sudah Menerima","Belum Menerima") -> Belum Menerima
A7: 6 | B7: Eka Kusuma | C7: 23 | D7: 6 | E7: =D7*$K$2 -> 600000 | F7: =$K$3-D7 -> 0 | G7: =IF(F7=0,"Lunas",IF(F7>=$K$4,"Menunggak","Terlambat")) -> Lunas | H7: =IF(C7<=$K$3,"Sudah Menerima","Belum Menerima") -> Belum Menerima
A8: 7 | B8: Lestari Susanto | C8: 15 | D8: 6 | E8: =D8*$K$2 -> 600000 | F8: =$K$3-D8 -> 0 | G8: =IF(F8=0,"Lunas",IF(F8>=$K$4,"Menunggak","Terlambat")) -> Lunas | H8: =IF(C8<=$K$3,"Sudah Menerima","Belum Menerima") -> Belum Menerima
A9: 8 | B9: Siti Permana | C9: 14 | D9: 6 | E9: =D9*$K$2 -> 600000 | F9: =$K$3-D9 -> 0 | G9: =IF(F9=0,"Lunas",IF(F9>=$K$4,"Menunggak","Terlambat")) -> Lunas | H9: =IF(C9<=$K$3,"Sudah Menerima","Belum Menerima") -> Belum Menerima
A10: 9 | B10: Novi Yulianto | C10: 1 | D10: 1 | E10: =D10*$K$2 -> 100000 | F10: =$K$3-D10 -> 5 | G10: =IF(F10=0,"Lunas",IF(F10>=$K$4,"Menunggak","Terlambat")) -> Menunggak | H10: =IF(C10<=$K$3,"Sudah Menerima","Belum Menerima") -> Sudah Menerima
A11: 10 | B11: Siti Hidayat | C11: 24 | D11: 4 | E11: =D11*$K$2 -> 400000 | F11: =$K$3-D11 -> 2 | G11: =IF(F11=0,"Lunas",IF(F11>=$K$4,"Menunggak","Terlambat")) -> Terlambat | H11: =IF(C11<=$K$3,"Sudah Menerima","Belum Menerima") -> Belum Menerima
A12: 11 | B12: Yuni Hartono | C12: 21 | D12: 6 | E12: =D12*$K$2 -> 600000 | F12: =$K$3-D12 -> 0 | G12: =IF(F12=0,"Lunas",IF(F12>=$K$4,"Menunggak","Terlambat")) -> Lunas | H12: =IF(C12<=$K$3,"Sudah Menerima","Belum Menerima") -> Belum Menerima
A13: 12 | B13: Citra Setiawan | C13: 17 | D13: 6 | E13: =D13*$K$2 -> 600000 | F13: =$K$3-D13 -> 0 | G13: =IF(F13=0,"Lunas",IF(F13>=$K$4,"Menunggak","Terlambat")) -> Lunas | H13: =IF(C13<=$K$3,"Sudah Menerima","Belum Menerima") -> Belum Menerima
A14: 13 | B14: Jihan Hartono | C14: 8 | D14: 4 | E14: =D14*$K$2 -> 400000 | F14: =$K$3-D14 -> 2 | G14: =IF(F14=0,"Lunas",IF(F14>=$K$4,"Menunggak","Terlambat")) -> Terlambat | H14: =IF(C14<=$K$3,"Sudah Menerima","Belum Menerima") -> Belum Menerima
A15: 14 | B15: Galih Kurniawan | C15: 10 | D15: 0 | E15: =D15*$K$2 -> 0 | F15: =$K$3-D15 -> 6 | G15: =IF(F15=0,"Lunas",IF(F15>=$K$4,"Menunggak","Terlambat")) -> Menunggak | H15: =IF(C15<=$K$3,"Sudah Menerima","Belum Menerima") -> Belum Menerima
A16: 15 | B16: Utami Lestari | C16: 19 | D16: 3 | E16: =D16*$K$2 -> 300000 | F16: =$K$3-D16 -> 3 | G16: =IF(F16=0,"Lunas",IF(F16>=$K$4,"Menunggak","Terlambat")) -> Menunggak | H16: =IF(C16<=$K$3,"Sudah Menerima","Belum Menerima") -> Belum Menerima
A17: 16 | B17: Gita Wibowo | C17: 18 | D17: 4 | E17: =D17*$K$2 -> 400000 | F17: =$K$3-D17 -> 2 | G17: =IF(F17=0,"Lunas",IF(F17>=$K$4,"Menunggak","Terlambat")) -> Terlambat | H17: =IF(C17<=$K$3,"Sudah Menerima","Belum Menerima") -> Belum Menerima
... A25: 24 | B25: Rahmat Hartono | C25: 20 | D25: 2 | E25: =D25*$K$2 -> 200000 | F25: =$K$3-D25 -> 4 | G25: =IF(F25=0,"Lunas",IF(F25>=$K$4,"Menunggak","Terlambat")) -> Menunggak | H25: =IF(C25<=$K$3,"Sudah Menerima","Belum Menerima") -> Belum Menerima

Sheet Acuan
A1: Bulan Ke | B1: Penerima Arisan | C1: Peserta Sudah Bayar | D1: Total Terkumpul
A2: 1 | B2: =INDEX(Data!$B$2:$B$25,MATCH(A2,Data!$C$2:$C$25,0)) -> Novi Yulianto | C2: =COUNTIF(Data!$D$2:$D$25,">="&A2) -> 23 | D2: =C2*Data!$K$2 -> 2300000
A3: 2 | B3: =INDEX(Data!$B$2:$B$25,MATCH(A3,Data!$C$2:$C$25,0)) -> Mulyadi Firmansyah | C3: =COUNTIF(Data!$D$2:$D$25,">="&A3) -> 22 | D3: =C3*Data!$K$2 -> 2200000
A4: 3 | B4: =INDEX(Data!$B$2:$B$25,MATCH(A4,Data!$C$2:$C$25,0)) -> Putri Ramadhan | C4: =COUNTIF(Data!$D$2:$D$25,">="&A4) -> 20 | D4: =C4*Data!$K$2 -> 2000000
A5: 4 | B5: =INDEX(Data!$B$2:$B$25,MATCH(A5,Data!$C$2:$C$25,0)) -> Fajar Kurniawan | C5: =COUNTIF(Data!$D$2:$D$25,">="&A5) -> 17 | D5: =C5*Data!$K$2 -> 1700000
A6: 5 | B6: =INDEX(Data!$B$2:$B$25,MATCH(A6,Data!$C$2:$C$25,0)) -> Dewi Santoso | C6: =COUNTIF(Data!$D$2:$D$25,">="&A6) -> 13 | D6: =C6*Data!$K$2 -> 1300000
A7: 6 | B7: =INDEX(Data!$B$2:$B$25,MATCH(A7,Data!$C$2:$C$25,0)) -> Lina Putra | C7: =COUNTIF(Data!$D$2:$D$25,">="&A7) -> 12 | D7: =C7*Data!$K$2 -> 1200000

Sheet Ringkasan
A1: Ringkasan: lembar jawaban soal berjenis ringkasan
A2: Sel hijau berisi rumus kunci.
A3: No | B3: Pertanyaan | C3: Jawaban | D3: Contoh format hasil
A4: 8a | B4: Peserta Lunas | C4: =COUNTIF(Data!$G$2:$G$25,"Lunas") -> 12 | D4: Angka bulat, mis. 10
A5: 8b | B5: Peserta Terlambat | C5: =COUNTIF(Data!$G$2:$G$25,"Terlambat") -> 5 | D5: Angka bulat, mis. 8
A6: 8c | B6: Peserta Menunggak | C6: =COUNTIF(Data!$G$2:$G$25,"Menunggak") -> 7 | D6: Angka bulat, mis. 6
A7: 9a | B7: Total setoran seluruh peserta | C7: =SUM(Data!$E$2:$E$25) -> 10700000 | D7: Rupiah, mis. Rp 12.000.000
A8: 9b | B8: Kekurangan dana | C8: =Data!$K$5*Data!$K$3*Data!$K$2-C7 -> 3700000 | D8: Rupiah, mis. Rp 1.500.000
A9: 10a | B9: Penerima bulan ke-4 | C9: =INDEX(Data!$B$2:$B$25,MATCH(4,Data!$C$2:$C$25,0)) -> Fajar Kurniawan | D9: Teks: nama peserta
A10: 10b | B10: Penerima giliran ke-10 | C10: =INDEX(Data!$B$2:$B$25,MATCH(10,Data!$C$2:$C$25,0)) -> Galih Kurniawan | D10: Teks: nama peserta
A11: 11a | B11: Sudah menerima, belum lunas | C11: =COUNTIFS(Data!$H$2:$H$25,"Sudah Menerima",Data!$G$2:$G$25,"<>Lunas") -> 4 | D11: Angka bulat, mis. 2
A12: 11b | B12: Belum menerima, sudah lunas | C12: =COUNTIFS(Data!$H$2:$H$25,"Belum Menerima",Data!$G$2:$G$25,"Lunas") -> 10 | D12: Angka bulat, mis. 9
