Workbook

Sheet Petunjuk
A1: Kunci Jawaban: Jadwal Shift, Lembur, dan Premi Pabrik
A2: Latihan 73 dari 40 | Tingkat: Menengah | Perkiraan waktu: 55 menit | pushexcel.github.io/Pushexcel
A4: Skenario
A5: Kamu staf administrasi produksi PT Sinar Tirta Plastik yang merekap kehadiran 30 karyawan dalam satu hari produksi. Pabrik punya tiga shift: Pagi, Siang, dan Malam. Jam masuk standar dan premi shift tiap shift ada di sheet Acuan. Jam kerja dihitung dari jam masuk sampai jam pulang (shift Malam pulang setelah tengah malam) dikurangi 1 jam istirahat. Jam kerja normal 7 jam, kelebihannya jadi jam lembur dengan upah Rp 25.000 per jam. Karyawan dinyatakan Terlambat bila masuk lebih dari 10 menit setelah jam masuk standar (semua angka tetap ada di blok Parameter).
A7: Cara memakai kunci
A8: 1. | B8: Sel hijau berisi rumus kunci yang sudah dihitung. Klik sel untuk melihat rumusnya.
A9: 2. | B9: Kolom Rumus kunci di bawah menampilkan rumus untuk baris pertama atau tiap sel jawaban.
A10: 3. | B10: Rumus ditulis dengan titik koma (;). Ganti dengan koma (,) bila Excel kamu berbahasa Inggris.
A11: 4. | B11: Jawaban lain yang benar secara logika juga boleh, selama hasilnya sama.
A13: Arti warna
B14: Judul kolom data yang sudah diberikan
B15: Judul kolom hasil hitung
B16: Sel berisi rumus kunci
B17: Angka berwarna biru pada blok Parameter = nilai tetap yang boleh dirujuk
A19: Daftar soal
A20: No | B20: Soal | C20: Jawab di | D20: Rumus kunci
A21: 1 | B21: Hitung jam kerja bersih: selisih jam pulang dan jam masuk (dalam jam), dikurangi jam istirahat. Hati-hati, shift Malam pulang setelah tengah malam. | C21: Sheet Data, kolom F (Jam Kerja), baris 2 sampai 31 | D21: =ROUND(MOD(E2-D2;1)*24;2)-$O$2
A22: 2 | B22: Hitung jam lembur: kelebihan jam kerja di atas jam kerja normal. Bila tidak lebih, hasilnya 0. | C22: Sheet Data, kolom G (Jam Lembur), baris 2 sampai 31 | D22: =MAX(0;F2-$O$3)
A23: 3 | B23: Hitung menit terlambat: selisih menit antara jam masuk dan masuk standar shift (dari Acuan). Bila masuk lebih awal, hasilnya 0. | C23: Sheet Data, kolom H (Menit Terlambat), baris 2 sampai 31 | D23: =MAX(0;(HOUR(D2)*60+MINUTE(D2))-(HOUR(VLOOKUP(C2;Acuan!$A$2:$C$4;2;FALSE))*60+MINUTE(VLOOKUP(C2;Acuan!$A$2:$C$4;2;FALSE))))
A24: 4 | B24: Beri status Terlambat bila menit terlambat lebih dari toleransi. Selain itu Tepat Waktu. | C24: Sheet Data, kolom I (Status Masuk), baris 2 sampai 31 | D24: =IF(H2>$O$5;"Terlambat";"Tepat Waktu")
A25: 5 | B25: Ambil premi shift tiap karyawan dari tabel di sheet Acuan berdasarkan shiftnya. | C25: Sheet Data, kolom J (Premi Shift), baris 2 sampai 31 | D25: =VLOOKUP(C2;Acuan!$A$2:$C$4;3;FALSE)
A26: 6 | B26: Hitung upah lembur: jam lembur dikali upah lembur per jam, dibulatkan ke rupiah. | C26: Sheet Data, kolom K (Upah Lembur), baris 2 sampai 31 | D26: =ROUND(G2*$O$4;0)
A27: 7 | B27: Hitung total tambahan penghasilan: premi shift ditambah upah lembur. | C27: Sheet Data, kolom L (Total Tambahan), baris 2 sampai 31 | D27: =J2+K2
A28: 8 | B28: Pada sheet Acuan, hitung jumlah karyawan tiap shift. | C28: Sheet Acuan, kolom D (Jumlah Karyawan), baris 2 sampai 4 | D28: =COUNTIF(Data!$C$2:$C$31;A2)
A29: 9 | B29: Pada sheet Acuan, hitung total jam lembur tiap shift. | C29: Sheet Acuan, kolom E (Total Jam Lembur), baris 2 sampai 4 | D29: =SUMIF(Data!$C$2:$C$31;A2;Data!$G$2:$G$31)
A30: 10 | B30: Berapa karyawan yang Terlambat, dan berapa karyawan shift Malam yang Terlambat? | C30: Sheet Ringkasan, sel C4 sampai C5 | D30: =COUNTIF(Data!$I$2:$I$31;"Terlambat") =COUNTIFS(Data!$C$2:$C$31;"Malam";Data!$I$2:$I$31;"Terlambat")
A31: 11 | B31: Berapa total jam lembur, total upah lembur, dan total premi shift seluruh karyawan? | C31: Sheet Ringkasan, sel C6 sampai C8 | D31: =SUM(Data!$G$2:$G$31) =SUM(Data!$K$2:$K$31) =SUM(Data!$J$2:$J$31)
... A34: 14 | B34: Berapa jam lembur terbanyak oleh satu karyawan, dan berapa total tambahan bagian Perakitan? | C34: Sheet Ringkasan, sel C13 sampai C14 | D34: =MAX(Data!$G$2:$G$31) =SUMIF(Data!$B$2:$B$31;"Perakitan";Data!$L$2:$L$31)

Sheet Data
A1: Nama | B1: Bagian | C1: Shift | D1: Jam Masuk | E1: Jam Pulang | F1: Jam Kerja | G1: Jam Lembur | H1: Menit Terlambat | I1: Status Masuk | J1: Premi Shift | K1: Upah Lembur | L1: Total Tambahan | N1: Parameter | O1: Nilai | P1: Keterangan
A2: Indah Firmansyah | B2: Gudang | C2: Siang | D2: 0.625 | E2: 0.95833333 | F2: =ROUND(MOD(E2-D2,1)*24,2)-$O$2 -> 7 | G2: =MAX(0,F2-$O$3) -> 0 | H2: =MAX(0,(HOUR(D2)*60+MINUTE(D2))-(HOUR(VLOOKUP(C2,Acuan!$A$2:$C$4,2,FALSE()))*60+MINUTE(VLOOKUP(C2,Acuan!$A$2:$C$4,2,FALSE())))) -> 0 | I2: =IF(H2>$O$5,"Terlambat","Tepat Waktu") -> Tepat Waktu | J2: =VLOOKUP(C2,Acuan!$A$2:$C$4,3,FALSE()) -> 12000 | K2: =ROUND(G2*$O$4,0) -> 0 | L2: =J2+K2 -> 12000 | N2: Jam istirahat | O2: 1 | P2: Jam, dikurangkan dari jam kerja
A3: Umar Kurniawan | B3: Gudang | C3: Malam | D3: 0.97569444 | E3: 0.29166667 | F3: =ROUND(MOD(E3-D3,1)*24,2)-$O$2 -> 6.58 | G3: =MAX(0,F3-$O$3) -> 0 | H3: =MAX(0,(HOUR(D3)*60+MINUTE(D3))-(HOUR(VLOOKUP(C3,Acuan!$A$2:$C$4,2,FALSE()))*60+MINUTE(VLOOKUP(C3,Acuan!$A$2:$C$4,2,FALSE())))) -> 25 | I3: =IF(H3>$O$5,"Terlambat","Tepat Waktu") -> Terlambat | J3: =VLOOKUP(C3,Acuan!$A$2:$C$4,3,FALSE()) -> 25000 | K3: =ROUND(G3*$O$4,0) -> 0 | L3: =J3+K3 -> 25000 | N3: Jam kerja normal | O3: 7 | P3: Jam kerja bersih per hari
A4: Intan Anggraini | B4: Pengemasan | C4: Malam | D4: 0.95486111 | E4: 0.33333333 | F4: =ROUND(MOD(E4-D4,1)*24,2)-$O$2 -> 8.08 | G4: =MAX(0,F4-$O$3) -> 1.08 | H4: =MAX(0,(HOUR(D4)*60+MINUTE(D4))-(HOUR(VLOOKUP(C4,Acuan!$A$2:$C$4,2,FALSE()))*60+MINUTE(VLOOKUP(C4,Acuan!$A$2:$C$4,2,FALSE())))) -> 0 | I4: =IF(H4>$O$5,"Terlambat","Tepat Waktu") -> Tepat Waktu | J4: =VLOOKUP(C4,Acuan!$A$2:$C$4,3,FALSE()) -> 25000 | K4: =ROUND(G4*$O$4,0) -> 27000 | L4: =J4+K4 -> 52000 | N4: Upah lembur per jam | O4: 25000
A5: Bayu Maharani | B5: Gudang | C5: Pagi | D5: 0.28472222 | E5: 0.66666667 | F5: =ROUND(MOD(E5-D5,1)*24,2)-$O$2 -> 8.17 | G5: =MAX(0,F5-$O$3) -> 1.17 | H5: =MAX(0,(HOUR(D5)*60+MINUTE(D5))-(HOUR(VLOOKUP(C5,Acuan!$A$2:$C$4,2,FALSE()))*60+MINUTE(VLOOKUP(C5,Acuan!$A$2:$C$4,2,FALSE())))) -> 0 | I5: =IF(H5>$O$5,"Terlambat","Tepat Waktu") -> Tepat Waktu | J5: =VLOOKUP(C5,Acuan!$A$2:$C$4,3,FALSE()) -> 0 | K5: =ROUND(G5*$O$4,0) -> 29250 | L5: =J5+K5 -> 29250 | N5: Toleransi terlambat (menit) | O5: 10
A6: Nurul Santoso | B6: Pengemasan | C6: Pagi | D6: 0.29861111 | E6: 0.625 | F6: =ROUND(MOD(E6-D6,1)*24,2)-$O$2 -> 6.83 | G6: =MAX(0,F6-$O$3) -> 0 | H6: =MAX(0,(HOUR(D6)*60+MINUTE(D6))-(HOUR(VLOOKUP(C6,Acuan!$A$2:$C$4,2,FALSE()))*60+MINUTE(VLOOKUP(C6,Acuan!$A$2:$C$4,2,FALSE())))) -> 10 | I6: =IF(H6>$O$5,"Terlambat","Tepat Waktu") -> Tepat Waktu | J6: =VLOOKUP(C6,Acuan!$A$2:$C$4,3,FALSE()) -> 0 | K6: =ROUND(G6*$O$4,0) -> 0 | L6: =J6+K6 -> 0
A7: Yoga Permana | B7: Pengecatan | C7: Pagi | D7: 0.29861111 | E7: 0.6875 | F7: =ROUND(MOD(E7-D7,1)*24,2)-$O$2 -> 8.33 | G7: =MAX(0,F7-$O$3) -> 1.33 | H7: =MAX(0,(HOUR(D7)*60+MINUTE(D7))-(HOUR(VLOOKUP(C7,Acuan!$A$2:$C$4,2,FALSE()))*60+MINUTE(VLOOKUP(C7,Acuan!$A$2:$C$4,2,FALSE())))) -> 10 | I7: =IF(H7>$O$5,"Terlambat","Tepat Waktu") -> Tepat Waktu | J7: =VLOOKUP(C7,Acuan!$A$2:$C$4,3,FALSE()) -> 0 | K7: =ROUND(G7*$O$4,0) -> 33250 | L7: =J7+K7 -> 33250
A8: Rahmat Sari | B8: Perakitan | C8: Siang | D8: 0.63541667 | E8: 0 | F8: =ROUND(MOD(E8-D8,1)*24,2)-$O$2 -> 7.75 | G8: =MAX(0,F8-$O$3) -> 0.75 | H8: =MAX(0,(HOUR(D8)*60+MINUTE(D8))-(HOUR(VLOOKUP(C8,Acuan!$A$2:$C$4,2,FALSE()))*60+MINUTE(VLOOKUP(C8,Acuan!$A$2:$C$4,2,FALSE())))) -> 15 | I8: =IF(H8>$O$5,"Terlambat","Tepat Waktu") -> Terlambat | J8: =VLOOKUP(C8,Acuan!$A$2:$C$4,3,FALSE()) -> 12000 | K8: =ROUND(G8*$O$4,0) -> 18750 | L8: =J8+K8 -> 30750
A9: Siti Saputra | B9: Pengecatan | C9: Pagi | D9: 0.30902778 | E9: 0.625 | F9: =ROUND(MOD(E9-D9,1)*24,2)-$O$2 -> 6.58 | G9: =MAX(0,F9-$O$3) -> 0 | H9: =MAX(0,(HOUR(D9)*60+MINUTE(D9))-(HOUR(VLOOKUP(C9,Acuan!$A$2:$C$4,2,FALSE()))*60+MINUTE(VLOOKUP(C9,Acuan!$A$2:$C$4,2,FALSE())))) -> 25 | I9: =IF(H9>$O$5,"Terlambat","Tepat Waktu") -> Terlambat | J9: =VLOOKUP(C9,Acuan!$A$2:$C$4,3,FALSE()) -> 0 | K9: =ROUND(G9*$O$4,0) -> 0 | L9: =J9+K9 -> 0
A10: Galih Saputra | B10: Pengecatan | C10: Siang | D10: 0.62152778 | E10: 0.95833333 | F10: =ROUND(MOD(E10-D10,1)*24,2)-$O$2 -> 7.08 | G10: =MAX(0,F10-$O$3) -> 0.08 | H10: =MAX(0,(HOUR(D10)*60+MINUTE(D10))-(HOUR(VLOOKUP(C10,Acuan!$A$2:$C$4,2,FALSE()))*60+MINUTE(VLOOKUP(C10,Acuan!$A$2:$C$4,2,FALSE())))) -> 0 | I10: =IF(H10>$O$5,"Terlambat","Tepat Waktu") -> Tepat Waktu | J10: =VLOOKUP(C10,Acuan!$A$2:$C$4,3,FALSE()) -> 12000 | K10: =ROUND(G10*$O$4,0) -> 2000 | L10: =J10+K10 -> 14000
A11: Fajar Hidayat | B11: Pengemasan | C11: Siang | D11: 0.63541667 | E11: 0 | F11: =ROUND(MOD(E11-D11,1)*24,2)-$O$2 -> 7.75 | G11: =MAX(0,F11-$O$3) -> 0.75 | H11: =MAX(0,(HOUR(D11)*60+MINUTE(D11))-(HOUR(VLOOKUP(C11,Acuan!$A$2:$C$4,2,FALSE()))*60+MINUTE(VLOOKUP(C11,Acuan!$A$2:$C$4,2,FALSE())))) -> 15 | I11: =IF(H11>$O$5,"Terlambat","Tepat Waktu") -> Terlambat | J11: =VLOOKUP(C11,Acuan!$A$2:$C$4,3,FALSE()) -> 12000 | K11: =ROUND(G11*$O$4,0) -> 18750 | L11: =J11+K11 -> 30750
A12: Rina Wibowo | B12: Perakitan | C12: Siang | D12: 0.63194444 | E12: 0.95833333 | F12: =ROUND(MOD(E12-D12,1)*24,2)-$O$2 -> 6.83 | G12: =MAX(0,F12-$O$3) -> 0 | H12: =MAX(0,(HOUR(D12)*60+MINUTE(D12))-(HOUR(VLOOKUP(C12,Acuan!$A$2:$C$4,2,FALSE()))*60+MINUTE(VLOOKUP(C12,Acuan!$A$2:$C$4,2,FALSE())))) -> 10 | I12: =IF(H12>$O$5,"Terlambat","Tepat Waktu") -> Tepat Waktu | J12: =VLOOKUP(C12,Acuan!$A$2:$C$4,3,FALSE()) -> 12000 | K12: =ROUND(G12*$O$4,0) -> 0 | L12: =J12+K12 -> 12000
A13: Oki Kurniawan | B13: Perakitan | C13: Pagi | D13: 0.28819444 | E13: 0.64583333 | F13: =ROUND(MOD(E13-D13,1)*24,2)-$O$2 -> 7.58 | G13: =MAX(0,F13-$O$3) -> 0.58 | H13: =MAX(0,(HOUR(D13)*60+MINUTE(D13))-(HOUR(VLOOKUP(C13,Acuan!$A$2:$C$4,2,FALSE()))*60+MINUTE(VLOOKUP(C13,Acuan!$A$2:$C$4,2,FALSE())))) -> 0 | I13: =IF(H13>$O$5,"Terlambat","Tepat Waktu") -> Tepat Waktu | J13: =VLOOKUP(C13,Acuan!$A$2:$C$4,3,FALSE()) -> 0 | K13: =ROUND(G13*$O$4,0) -> 14500 | L13: =J13+K13 -> 14500
A14: Bambang Syahputra | B14: Perakitan | C14: Malam | D14: 0.95833333 | E14: 0.29166667 | F14: =ROUND(MOD(E14-D14,1)*24,2)-$O$2 -> 7 | G14: =MAX(0,F14-$O$3) -> 0 | H14: =MAX(0,(HOUR(D14)*60+MINUTE(D14))-(HOUR(VLOOKUP(C14,Acuan!$A$2:$C$4,2,FALSE()))*60+MINUTE(VLOOKUP(C14,Acuan!$A$2:$C$4,2,FALSE())))) -> 0 | I14: =IF(H14>$O$5,"Terlambat","Tepat Waktu") -> Tepat Waktu | J14: =VLOOKUP(C14,Acuan!$A$2:$C$4,3,FALSE()) -> 25000 | K14: =ROUND(G14*$O$4,0) -> 0 | L14: =J14+K14 -> 25000
A15: Wahyu Kurniawan | B15: Gudang | C15: Siang | D15: 0.62847222 | E15: 0 | F15: =ROUND(MOD(E15-D15,1)*24,2)-$O$2 -> 7.92 | G15: =MAX(0,F15-$O$3) -> 0.92 | H15: =MAX(0,(HOUR(D15)*60+MINUTE(D15))-(HOUR(VLOOKUP(C15,Acuan!$A$2:$C$4,2,FALSE()))*60+MINUTE(VLOOKUP(C15,Acuan!$A$2:$C$4,2,FALSE())))) -> 5 | I15: =IF(H15>$O$5,"Terlambat","Tepat Waktu") -> Tepat Waktu | J15: =VLOOKUP(C15,Acuan!$A$2:$C$4,3,FALSE()) -> 12000 | K15: =ROUND(G15*$O$4,0) -> 23000 | L15: =J15+K15 -> 35000
A16: Utami Permana | B16: Perakitan | C16: Malam | D16: 0.95138889 | E16: 0.28125 | F16: =ROUND(MOD(E16-D16,1)*24,2)-$O$2 -> 6.92 | G16: =MAX(0,F16-$O$3) -> 0 | H16: =MAX(0,(HOUR(D16)*60+MINUTE(D16))-(HOUR(VLOOKUP(C16,Acuan!$A$2:$C$4,2,FALSE()))*60+MINUTE(VLOOKUP(C16,Acuan!$A$2:$C$4,2,FALSE())))) -> 0 | I16: =IF(H16>$O$5,"Terlambat","Tepat Waktu") -> Tepat Waktu | J16: =VLOOKUP(C16,Acuan!$A$2:$C$4,3,FALSE()) -> 25000 | K16: =ROUND(G16*$O$4,0) -> 0 | L16: =J16+K16 -> 25000
A17: Fajar Amalia | B17: Pengecatan | C17: Pagi | D17: 0.29861111 | E17: 0.6875 | F17: =ROUND(MOD(E17-D17,1)*24,2)-$O$2 -> 8.33 | G17: =MAX(0,F17-$O$3) -> 1.33 | H17: =MAX(0,(HOUR(D17)*60+MINUTE(D17))-(HOUR(VLOOKUP(C17,Acuan!$A$2:$C$4,2,FALSE()))*60+MINUTE(VLOOKUP(C17,Acuan!$A$2:$C$4,2,FALSE())))) -> 10 | I17: =IF(H17>$O$5,"Terlambat","Tepat Waktu") -> Tepat Waktu | J17: =VLOOKUP(C17,Acuan!$A$2:$C$4,3,FALSE()) -> 0 | K17: =ROUND(G17*$O$4,0) -> 33250 | L17: =J17+K17 -> 33250
... A31: Putri Hartono | B31: Gudang | C31: Pagi | D31: 0.28472222 | E31: 0.66666667 | F31: =ROUND(MOD(E31-D31,1)*24,2)-$O$2 -> 8.17 | G31: =MAX(0,F31-$O$3) -> 1.17 | H31: =MAX(0,(HOUR(D31)*60+MINUTE(D31))-(HOUR(VLOOKUP(C31,Acuan!$A$2:$C$4,2,FALSE()))*60+MINUTE(VLOOKUP(C31,Acuan!$A$2:$C$4,2,FALSE())))) -> 0 | I31: =IF(H31>$O$5,"Terlambat","Tepat Waktu") -> Tepat Waktu | J31: =VLOOKUP(C31,Acuan!$A$2:$C$4,3,FALSE()) -> 0 | K31: =ROUND(G31*$O$4,0) -> 29250 | L31: =J31+K31 -> 29250

Sheet Acuan
A1: Shift | B1: Masuk Standar | C1: Premi Shift | D1: Jumlah Karyawan | E1: Total Jam Lembur
A2: Pagi | B2: 0.29166667 | C2: 0 | D2: =COUNTIF(Data!$C$2:$C$31,A2) -> 11 | E2: =SUMIF(Data!$C$2:$C$31,A2,Data!$G$2:$G$31) -> 6.99
A3: Siang | B3: 0.625 | C3: 12000 | D3: =COUNTIF(Data!$C$2:$C$31,A3) -> 10 | E3: =SUMIF(Data!$C$2:$C$31,A3,Data!$G$2:$G$31) -> 5.42
A4: Malam | B4: 0.95833333 | C4: 25000 | D4: =COUNTIF(Data!$C$2:$C$31,A4) -> 9 | E4: =SUMIF(Data!$C$2:$C$31,A4,Data!$G$2:$G$31) -> 6.25

Sheet Ringkasan
A1: Ringkasan: lembar jawaban soal berjenis ringkasan
A2: Sel hijau berisi rumus kunci.
A3: No | B3: Pertanyaan | C3: Jawaban | D3: Contoh format hasil
A4: 10a | B4: Karyawan terlambat | C4: =COUNTIF(Data!$I$2:$I$31,"Terlambat") -> 7 | D4: Angka bulat, mis. 5
A5: 10b | B5: Karyawan shift Malam yang terlambat | C5: =COUNTIFS(Data!$C$2:$C$31,"Malam",Data!$I$2:$I$31,"Terlambat") -> 2 | D5: Angka bulat, mis. 3
A6: 11a | B6: Total jam lembur | C6: =SUM(Data!$G$2:$G$31) -> 18.66 | D6: Angka desimal, mis. 40,5
A7: 11b | B7: Total upah lembur | C7: =SUM(Data!$K$2:$K$31) -> 466500 | D7: Rupiah, mis. Rp 900.000
A8: 11c | B8: Total premi shift | C8: =SUM(Data!$J$2:$J$31) -> 345000 | D8: Rupiah, mis. Rp 400.000
A9: 12a | B9: Karyawan dengan total tambahan terbesar | C9: =INDEX(Data!$A$2:$A$31,MATCH(MAX(Data!$L$2:$L$31),Data!$L$2:$L$31,0)) -> Mulyadi Lestari | D9: Teks: nama karyawan
A10: 12b | B10: Shift dengan jam lembur terbanyak | C10: =INDEX(Acuan!$A$2:$A$4,MATCH(MAX(Acuan!$E$2:$E$4),Acuan!$E$2:$E$4,0)) -> Pagi | D10: Teks: nama shift
A11: 13a | B11: Rata-rata jam kerja | C11: =AVERAGE(Data!$F$2:$F$31) -> 7.5576667 | D11: Angka desimal, mis. 7,40
A12: 13b | B12: Rata-rata jam kerja shift Malam | C12: =AVERAGEIF(Data!$C$2:$C$31,"Malam",Data!$F$2:$F$31) -> 7.62 | D12: Angka desimal, mis. 7,60
A13: 14a | B13: Jam lembur terbanyak satu karyawan | C13: =MAX(Data!$G$2:$G$31) -> 2 | D13: Angka desimal, mis. 3,25
A14: 14b | B14: Total tambahan bagian Perakitan | C14: =SUMIF(Data!$B$2:$B$31,"Perakitan",Data!$L$2:$L$31) -> 192750 | D14: Rupiah, mis. Rp 350.000
