Workbook

Sheet Petunjuk
A1: Kunci Jawaban: Perputaran dan Hari Persediaan Barang
A2: Latihan 99 dari 40 | Tingkat: Lanjutan | Perkiraan waktu: 65 menit | pushexcel.github.io/Pushexcel
A4: Skenario
A5: Kamu staf keuangan UD Sumber Pangan Lestari yang menilai perputaran persediaan 30 barang dagang selama setahun (365 hari). Data berisi persediaan awal, pembelian, dan persediaan akhir dalam rupiah. Rata-rata persediaan adalah rata-rata persediaan awal dan akhir. HPP adalah persediaan awal ditambah pembelian dikurangi persediaan akhir. Perputaran adalah HPP dibagi rata-rata persediaan, dibulatkan dua desimal, dan hari persediaan adalah jumlah hari periode dibagi perputaran, dibulatkan ke bilangan bulat. Status Lambat bila perputaran kurang dari 6 kali, Cepat bila lebih dari 12 kali, selain itu Normal (batas dan jumlah hari ada di blok Parameter).
A7: Cara memakai kunci
A8: 1. | B8: Sel hijau berisi rumus kunci yang sudah dihitung. Klik sel untuk melihat rumusnya.
A9: 2. | B9: Kolom Rumus kunci di bawah menampilkan rumus untuk baris pertama atau tiap sel jawaban.
A10: 3. | B10: Rumus ditulis dengan titik koma (;). Ganti dengan koma (,) bila Excel kamu berbahasa Inggris.
A11: 4. | B11: Jawaban lain yang benar secara logika juga boleh, selama hasilnya sama.
A13: Arti warna
B14: Judul kolom data yang sudah diberikan
B15: Judul kolom hasil hitung
B16: Sel berisi rumus kunci
B17: Angka berwarna biru pada blok Parameter = nilai tetap yang boleh dirujuk
A19: Daftar soal
A20: No | B20: Soal | C20: Jawab di | D20: Rumus kunci
A21: 1 | B21: Hitung rata-rata persediaan tiap barang: persediaan awal ditambah persediaan akhir, dibagi 2. | C21: Sheet Data, kolom G (Rata-rata Persediaan), baris 2 sampai 31 | D21: =(D2+F2)/2
A22: 2 | B22: Hitung harga pokok penjualan: persediaan awal ditambah pembelian, dikurangi persediaan akhir. | C22: Sheet Data, kolom H (HPP), baris 2 sampai 31 | D22: =D2+E2-F2
A23: 3 | B23: Hitung perputaran persediaan: HPP dibagi rata-rata persediaan, dibulatkan dua desimal. | C23: Sheet Data, kolom I (Perputaran), baris 2 sampai 31 | D23: =ROUND(H2/G2;2)
A24: 4 | B24: Hitung hari persediaan: jumlah hari periode dibagi perputaran, dibulatkan ke bilangan bulat. | C24: Sheet Data, kolom J (Hari Persediaan), baris 2 sampai 31 | D24: =ROUND($N$2/I2;0)
A25: 5 | B25: Beri status: Lambat bila perputaran kurang dari batas lambat, Cepat bila lebih dari batas cepat, selain itu Normal. | C25: Sheet Data, kolom K (Status Perputaran), baris 2 sampai 31 | D25: =IF(I2<$N$3;"Lambat";IF(I2>$N$4;"Cepat";"Normal"))
A26: 6 | B26: Pada sheet Acuan, hitung total HPP tiap kategori. | C26: Sheet Acuan, kolom B (Total HPP), baris 2 sampai 5 | D26: =SUMIF(Data!$C$2:$C$31;A2;Data!$H$2:$H$31)
A27: 7 | B27: Pada sheet Acuan, hitung total rata-rata persediaan tiap kategori. | C27: Sheet Acuan, kolom C (Total Rata-rata Persediaan), baris 2 sampai 5 | D27: =SUMIF(Data!$C$2:$C$31;A2;Data!$G$2:$G$31)
A28: 8 | B28: Pada sheet Acuan, hitung perputaran tiap kategori: total HPP dibagi total rata-rata persediaan, dibulatkan dua desimal. | C28: Sheet Acuan, kolom D (Perputaran Kategori), baris 2 sampai 5 | D28: =ROUND(B2/C2;2)
A29: 9 | B29: Pada sheet Acuan, hitung jumlah barang berstatus Lambat tiap kategori. | C29: Sheet Acuan, kolom E (Barang Lambat), baris 2 sampai 5 | D29: =COUNTIFS(Data!$C$2:$C$31;A2;Data!$K$2:$K$31;"Lambat")
A30: 10 | B30: Berapa total persediaan awal, total persediaan akhir, dan total HPP seluruh barang? | C30: Sheet Ringkasan, sel C4 sampai C6 | D30: =SUM(Data!$D$2:$D$31) =SUM(Data!$F$2:$F$31) =SUM(Data!$H$2:$H$31)
A31: 11 | B31: Barang apa yang HPP-nya terbesar, dan barang apa yang perputarannya paling tinggi? | C31: Sheet Ringkasan, sel C7 sampai C8 | D31: =INDEX(Data!$B$2:$B$31;MATCH(MAX(Data!$H$2:$H$31);Data!$H$2:$H$31;0)) =INDEX(Data!$B$2:$B$31;MATCH(MAX(Data!$I$2:$I$31);Data!$I$2:$I$31;0))
... A35: 15 | B35: Berapa rata-rata hari persediaan barang kategori Minuman (satu desimal), dan berapa total HPP barang berstatus Lambat pada kategori Makanan Ringan? | C35: Sheet Ringkasan, sel C18 sampai C19 | D35: =ROUND(AVERAGEIF(Data!$C$2:$C$31;"Minuman";Data!$J$2:$J$31);1) =SUMIFS(Data!$H$2:$H$31;Data!$C$2:$C$31;"Makanan Ringan";Data!$K$2:$K$31;"Lambat")

Sheet Data
A1: Kode | B1: Nama Barang | C1: Kategori | D1: Persediaan Awal | E1: Pembelian | F1: Persediaan Akhir | G1: Rata-rata Persediaan | H1: HPP | I1: Perputaran | J1: Hari Persediaan | K1: Status Perputaran | M1: Parameter | N1: Nilai | O1: Keterangan
A2: BRG-01 | B2: Beras Premium 5 kg | C2: Beras dan Tepung | D2: 2100000 | E2: 24400000 | F2: 2200000 | G2: =(D2+F2)/2 -> 2150000 | H2: =D2+E2-F2 -> 24300000 | I2: =ROUND(H2/G2,2) -> 11.3 | J2: =ROUND($N$2/I2,0) -> 32 | K2: =IF(I2<$N$3,"Lambat",IF(I2>$N$4,"Cepat","Normal")) -> Normal | M2: Jumlah hari periode | N2: 365
A3: BRG-02 | B3: Beras Medium 25 kg | C3: Beras dan Tepung | D3: 5400000 | E3: 51400000 | F3: 5500000 | G3: =(D3+F3)/2 -> 5450000 | H3: =D3+E3-F3 -> 51300000 | I3: =ROUND(H3/G3,2) -> 9.41 | J3: =ROUND($N$2/I3,0) -> 39 | K3: =IF(I3<$N$3,"Lambat",IF(I3>$N$4,"Cepat","Normal")) -> Normal | M3: Batas lambat | N3: 6 | O3: Perputaran di bawah batas ini berstatus Lambat
A4: BRG-03 | B4: Tepung Terigu 1 kg | C4: Beras dan Tepung | D4: 5200000 | E4: 45400000 | F4: 5100000 | G4: =(D4+F4)/2 -> 5150000 | H4: =D4+E4-F4 -> 45500000 | I4: =ROUND(H4/G4,2) -> 8.83 | J4: =ROUND($N$2/I4,0) -> 41 | K4: =IF(I4<$N$3,"Lambat",IF(I4>$N$4,"Cepat","Normal")) -> Normal | M4: Batas cepat | N4: 12 | O4: Perputaran di atas batas ini berstatus Cepat
A5: BRG-04 | B5: Tepung Tapioka 500 g | C5: Beras dan Tepung | D5: 4400000 | E5: 71200000 | F5: 4100000 | G5: =(D5+F5)/2 -> 4250000 | H5: =D5+E5-F5 -> 71500000 | I5: =ROUND(H5/G5,2) -> 16.82 | J5: =ROUND($N$2/I5,0) -> 22 | K5: =IF(I5<$N$3,"Lambat",IF(I5>$N$4,"Cepat","Normal")) -> Cepat
A6: BRG-05 | B6: Gula Pasir 1 kg | C6: Beras dan Tepung | D6: 1200000 | E6: 3000000 | F6: 900000 | G6: =(D6+F6)/2 -> 1050000 | H6: =D6+E6-F6 -> 3300000 | I6: =ROUND(H6/G6,2) -> 3.14 | J6: =ROUND($N$2/I6,0) -> 116 | K6: =IF(I6<$N$3,"Lambat",IF(I6>$N$4,"Cepat","Normal")) -> Lambat
A7: BRG-06 | B7: Gula Merah 500 g | C7: Beras dan Tepung | D7: 6700000 | E7: 83000000 | F7: 6400000 | G7: =(D7+F7)/2 -> 6550000 | H7: =D7+E7-F7 -> 83300000 | I7: =ROUND(H7/G7,2) -> 12.72 | J7: =ROUND($N$2/I7,0) -> 29 | K7: =IF(I7<$N$3,"Lambat",IF(I7>$N$4,"Cepat","Normal")) -> Cepat
A8: BRG-07 | B8: Tepung Beras 500 g | C8: Beras dan Tepung | D8: 900000 | E8: 5300000 | F8: 1100000 | G8: =(D8+F8)/2 -> 1000000 | H8: =D8+E8-F8 -> 5100000 | I8: =ROUND(H8/G8,2) -> 5.1 | J8: =ROUND($N$2/I8,0) -> 72 | K8: =IF(I8<$N$3,"Lambat",IF(I8>$N$4,"Cepat","Normal")) -> Lambat
A9: BRG-08 | B9: Minyak Goreng 2 L | C9: Minyak dan Bumbu | D9: 1800000 | E9: 16300000 | F9: 1400000 | G9: =(D9+F9)/2 -> 1600000 | H9: =D9+E9-F9 -> 16700000 | I9: =ROUND(H9/G9,2) -> 10.44 | J9: =ROUND($N$2/I9,0) -> 35 | K9: =IF(I9<$N$3,"Lambat",IF(I9>$N$4,"Cepat","Normal")) -> Normal
A10: BRG-09 | B10: Minyak Goreng 5 L | C10: Minyak dan Bumbu | D10: 5700000 | E10: 9600000 | F10: 5400000 | G10: =(D10+F10)/2 -> 5550000 | H10: =D10+E10-F10 -> 9900000 | I10: =ROUND(H10/G10,2) -> 1.78 | J10: =ROUND($N$2/I10,0) -> 205 | K10: =IF(I10<$N$3,"Lambat",IF(I10>$N$4,"Cepat","Normal")) -> Lambat
A11: BRG-10 | B11: Garam Halus 250 g | C11: Minyak dan Bumbu | D11: 2800000 | E11: 15700000 | F11: 2600000 | G11: =(D11+F11)/2 -> 2700000 | H11: =D11+E11-F11 -> 15900000 | I11: =ROUND(H11/G11,2) -> 5.89 | J11: =ROUND($N$2/I11,0) -> 62 | K11: =IF(I11<$N$3,"Lambat",IF(I11>$N$4,"Cepat","Normal")) -> Lambat
A12: BRG-11 | B12: Kecap Manis 600 ml | C12: Minyak dan Bumbu | D12: 3300000 | E12: 14000000 | F12: 3700000 | G12: =(D12+F12)/2 -> 3500000 | H12: =D12+E12-F12 -> 13600000 | I12: =ROUND(H12/G12,2) -> 3.89 | J12: =ROUND($N$2/I12,0) -> 94 | K12: =IF(I12<$N$3,"Lambat",IF(I12>$N$4,"Cepat","Normal")) -> Lambat
A13: BRG-12 | B13: Saus Sambal 340 ml | C13: Minyak dan Bumbu | D13: 4000000 | E13: 12300000 | F13: 5200000 | G13: =(D13+F13)/2 -> 4600000 | H13: =D13+E13-F13 -> 11100000 | I13: =ROUND(H13/G13,2) -> 2.41 | J13: =ROUND($N$2/I13,0) -> 151 | K13: =IF(I13<$N$3,"Lambat",IF(I13>$N$4,"Cepat","Normal")) -> Lambat
A14: BRG-13 | B14: Kaldu Bubuk 100 g | C14: Minyak dan Bumbu | D14: 3500000 | E14: 64600000 | F14: 3900000 | G14: =(D14+F14)/2 -> 3700000 | H14: =D14+E14-F14 -> 64200000 | I14: =ROUND(H14/G14,2) -> 17.35 | J14: =ROUND($N$2/I14,0) -> 21 | K14: =IF(I14<$N$3,"Lambat",IF(I14>$N$4,"Cepat","Normal")) -> Cepat
A15: BRG-14 | B15: Merica Bubuk 50 g | C15: Minyak dan Bumbu | D15: 3200000 | E15: 8900000 | F15: 3000000 | G15: =(D15+F15)/2 -> 3100000 | H15: =D15+E15-F15 -> 9100000 | I15: =ROUND(H15/G15,2) -> 2.94 | J15: =ROUND($N$2/I15,0) -> 124 | K15: =IF(I15<$N$3,"Lambat",IF(I15>$N$4,"Cepat","Normal")) -> Lambat
A16: BRG-15 | B16: Santan Instan 200 ml | C16: Minyak dan Bumbu | D16: 5800000 | E16: 107300000 | F16: 6100000 | G16: =(D16+F16)/2 -> 5950000 | H16: =D16+E16-F16 -> 107000000 | I16: =ROUND(H16/G16,2) -> 17.98 | J16: =ROUND($N$2/I16,0) -> 20 | K16: =IF(I16<$N$3,"Lambat",IF(I16>$N$4,"Cepat","Normal")) -> Cepat
... A31: BRG-30 | B31: Cokelat Batang 80 g | C31: Makanan Ringan | D31: 3500000 | E31: 77600000 | F31: 4100000 | G31: =(D31+F31)/2 -> 3800000 | H31: =D31+E31-F31 -> 77000000 | I31: =ROUND(H31/G31,2) -> 20.26 | J31: =ROUND($N$2/I31,0) -> 18 | K31: =IF(I31<$N$3,"Lambat",IF(I31>$N$4,"Cepat","Normal")) -> Cepat

Sheet Acuan
A1: Kategori | B1: Total HPP | C1: Total Rata-rata Persediaan | D1: Perputaran Kategori | E1: Barang Lambat
A2: Beras dan Tepung | B2: =SUMIF(Data!$C$2:$C$31,A2,Data!$H$2:$H$31) -> 284300000 | C2: =SUMIF(Data!$C$2:$C$31,A2,Data!$G$2:$G$31) -> 25600000 | D2: =ROUND(B2/C2,2) -> 11.11 | E2: =COUNTIFS(Data!$C$2:$C$31,A2,Data!$K$2:$K$31,"Lambat") -> 2
A3: Minyak dan Bumbu | B3: =SUMIF(Data!$C$2:$C$31,A3,Data!$H$2:$H$31) -> 247500000 | C3: =SUMIF(Data!$C$2:$C$31,A3,Data!$G$2:$G$31) -> 30700000 | D3: =ROUND(B3/C3,2) -> 8.06 | E3: =COUNTIFS(Data!$C$2:$C$31,A3,Data!$K$2:$K$31,"Lambat") -> 5
A4: Minuman | B4: =SUMIF(Data!$C$2:$C$31,A4,Data!$H$2:$H$31) -> 276300000 | C4: =SUMIF(Data!$C$2:$C$31,A4,Data!$G$2:$G$31) -> 23650000 | D4: =ROUND(B4/C4,2) -> 11.68 | E4: =COUNTIFS(Data!$C$2:$C$31,A4,Data!$K$2:$K$31,"Lambat") -> 2
A5: Makanan Ringan | B5: =SUMIF(Data!$C$2:$C$31,A5,Data!$H$2:$H$31) -> 238700000 | C5: =SUMIF(Data!$C$2:$C$31,A5,Data!$G$2:$G$31) -> 26200000 | D5: =ROUND(B5/C5,2) -> 9.11 | E5: =COUNTIFS(Data!$C$2:$C$31,A5,Data!$K$2:$K$31,"Lambat") -> 3

Sheet Ringkasan
A1: Ringkasan: lembar jawaban soal berjenis ringkasan
A2: Sel hijau berisi rumus kunci.
A3: No | B3: Pertanyaan | C3: Jawaban | D3: Contoh format hasil
A4: 10a | B4: Total persediaan awal | C4: =SUM(Data!$D$2:$D$31) -> 105300000 | D4: Rupiah, mis. Rp 800.000.000
A5: 10b | B5: Total persediaan akhir | C5: =SUM(Data!$F$2:$F$31) -> 107000000 | D5: Rupiah, mis. Rp 850.000.000
A6: 10c | B6: Total HPP | C6: =SUM(Data!$H$2:$H$31) -> 1046800000 | D6: Rupiah, mis. Rp 4.500.000.000
A7: 11a | B7: Barang dengan HPP terbesar | C7: =INDEX(Data!$B$2:$B$31,MATCH(MAX(Data!$H$2:$H$31),Data!$H$2:$H$31,0)) -> Santan Instan 200 ml | D7: Teks: nama barang
A8: 11b | B8: Barang dengan perputaran tertinggi | C8: =INDEX(Data!$B$2:$B$31,MATCH(MAX(Data!$I$2:$I$31),Data!$I$2:$I$31,0)) -> Cokelat Batang 80 g | D8: Teks: nama barang
A9: 12a | B9: Hari persediaan terlama | C9: =MAX(Data!$J$2:$J$31) -> 205 | D9: Angka bulat, mis. 120
A10: 12b | B10: Barang dengan hari persediaan terlama | C10: =INDEX(Data!$B$2:$B$31,MATCH(C9,Data!$J$2:$J$31,0)) -> Minyak Goreng 5 L | D10: Teks: nama barang
A11: 12c | B11: Perputaran terendah | C11: =MIN(Data!$I$2:$I$31) -> 1.78 | D11: Angka desimal, mis. 1,50
A12: 13a | B12: Barang Lambat | C12: =COUNTIF(Data!$K$2:$K$31,"Lambat") -> 12 | D12: Angka bulat, mis. 7
A13: 13b | B13: Barang Normal | C13: =COUNTIF(Data!$K$2:$K$31,"Normal") -> 10 | D13: Angka bulat, mis. 12
A14: 13c | B14: Barang Cepat | C14: =COUNTIF(Data!$K$2:$K$31,"Cepat") -> 8 | D14: Angka bulat, mis. 10
A15: 14a | B15: Kategori perputaran tertinggi | C15: =INDEX(Acuan!$A$2:$A$5,MATCH(MAX(Acuan!$D$2:$D$5),Acuan!$D$2:$D$5,0)) -> Minuman | D15: Teks: nama kategori
A16: 14b | B16: Kategori perputaran terendah | C16: =INDEX(Acuan!$A$2:$A$5,MATCH(MIN(Acuan!$D$2:$D$5),Acuan!$D$2:$D$5,0)) -> Minyak dan Bumbu | D16: Teks: nama kategori
A17: 14c | B17: Perputaran seluruh barang | C17: =ROUND(SUM(Data!$H$2:$H$31)/SUM(Data!$G$2:$G$31),2) -> 9.86 | D17: Angka desimal, mis. 8,10
A18: 15a | B18: Rata-rata hari persediaan Minuman | C18: =ROUND(AVERAGEIF(Data!$C$2:$C$31,"Minuman",Data!$J$2:$J$31),1) -> 54.3 | D18: Angka desimal, mis. 45,5
A19: 15b | B19: Total HPP Makanan Ringan berstatus Lambat | C19: =SUMIFS(Data!$H$2:$H$31,Data!$C$2:$C$31,"Makanan Ringan",Data!$K$2:$K$31,"Lambat") -> 39700000 | D19: Rupiah, mis. Rp 120.000.000
