Workbook

Sheet Petunjuk
A1: Kunci Jawaban: Pesanan Seragam Sekolah dan Sisa Pembayaran
A2: Latihan 43 dari 56 | Tingkat: Pemula | Perkiraan waktu: 40 menit | pushexcel.github.io/Pushexcel
A4: Skenario
A5: Kamu admin koperasi SMP Tunas Harapan yang menerima pesanan seragam untuk siswa baru. Ada 26 pesanan. Harga dasar tiap jenis seragam ada di sheet Acuan, dan ukuran XL dikenai tambahan Rp 10.000 per potong (nilainya di blok Parameter). Tiap pemesan membayar uang muka. Pesanan berstatus Lunas bila sisa bayar sudah 0, selain itu Belum Lunas. Kamu menyusun rekap untuk bendahara koperasi.
A7: Cara memakai kunci
A8: 1. | B8: Sel hijau berisi rumus kunci yang sudah dihitung. Klik sel untuk melihat rumusnya.
A9: 2. | B9: Kolom Rumus kunci di bawah menampilkan rumus untuk baris pertama atau tiap sel jawaban.
A10: 3. | B10: Rumus ditulis dengan titik koma (;). Ganti dengan koma (,) bila Excel kamu berbahasa Inggris.
A11: 4. | B11: Jawaban lain yang benar secara logika juga boleh, selama hasilnya sama.
A13: Arti warna
B14: Judul kolom data yang sudah diberikan
B15: Judul kolom hasil hitung
B16: Sel berisi rumus kunci
B17: Angka berwarna biru pada blok Parameter = nilai tetap yang boleh dirujuk
A19: Daftar soal
A20: No | B20: Soal | C20: Jawab di | D20: Rumus kunci
A21: 1 | B21: Ambil harga dasar tiap seragam dari sheet Acuan berdasarkan Jenis Seragam. | C21: Sheet Data, kolom H (Harga Dasar), baris 2 sampai 27 | D21: =VLOOKUP(D2;Acuan!$A$2:$B$6;2;FALSE)
A22: 2 | B22: Beri tambahan harga per potong bila ukuran XL. Ukuran lain 0. | C22: Sheet Data, kolom I (Tambahan Ukuran), baris 2 sampai 27 | D22: =IF(E2="XL";$P$2;0)
A23: 3 | B23: Hitung harga satuan: harga dasar ditambah tambahan ukuran. | C23: Sheet Data, kolom J (Harga Satuan), baris 2 sampai 27 | D23: =H2+I2
A24: 4 | B24: Hitung total harga pesanan: jumlah dikali harga satuan. | C24: Sheet Data, kolom K (Total Harga), baris 2 sampai 27 | D24: =F2*J2
A25: 5 | B25: Hitung sisa bayar: total harga dikurangi uang muka. | C25: Sheet Data, kolom L (Sisa Bayar), baris 2 sampai 27 | D25: =K2-G2
A26: 6 | B26: Beri status Lunas bila sisa bayar 0. Selain itu Belum Lunas. | C26: Sheet Data, kolom M (Status), baris 2 sampai 27 | D26: =IF(L2=0;"Lunas";"Belum Lunas")
A27: 7 | B27: Pada sheet Acuan, hitung jumlah potong yang dipesan untuk tiap jenis seragam. | C27: Sheet Acuan, kolom C (Jumlah Terpesan), baris 2 sampai 6 | D27: =SUMIF(Data!$D$2:$D$27;A2;Data!$F$2:$F$27)
A28: 8 | B28: Pada sheet Acuan, hitung total harga pesanan tiap jenis seragam. | C28: Sheet Acuan, kolom D (Pendapatan), baris 2 sampai 6 | D28: =SUMIF(Data!$D$2:$D$27;A2;Data!$K$2:$K$27)
A29: 9 | B29: Berapa total potong seragam yang dipesan, dan berapa total harga seluruh pesanan? | C29: Sheet Ringkasan, sel C4 sampai C5 | D29: =SUM(Data!$F$2:$F$27) =SUM(Data!$K$2:$K$27)
A30: 10 | B30: Berapa pesanan yang sudah Lunas, dan berapa total sisa bayar yang masih harus ditagih? | C30: Sheet Ringkasan, sel C6 sampai C7 | D30: =COUNTIF(Data!$M$2:$M$27;"Lunas") =SUM(Data!$L$2:$L$27)
A31: 11 | B31: Jenis seragam apa yang paling banyak dipesan, dan jenis apa yang paling sedikit dipesan? | C31: Sheet Ringkasan, sel C8 sampai C9 | D31: =INDEX(Acuan!$A$2:$A$6;MATCH(MAX(Acuan!$C$2:$C$6);Acuan!$C$2:$C$6;0)) =INDEX(Acuan!$A$2:$A$6;MATCH(MIN(Acuan!$C$2:$C$6);Acuan!$C$2:$C$6;0))
A32: 12 | B32: Berapa pesanan ukuran XL, dan berapa total harga pesanan siswa kelas VII-A? | C32: Sheet Ringkasan, sel C10 sampai C11 | D32: =COUNTIF(Data!$E$2:$E$27;"XL") =SUMIF(Data!$C$2:$C$27;"VII-A";Data!$K$2:$K$27)

Sheet Data
A1: No Pesanan | B1: Nama Siswa | C1: Kelas | D1: Jenis Seragam | E1: Ukuran | F1: Jumlah | G1: Uang Muka | H1: Harga Dasar | I1: Tambahan Ukuran | J1: Harga Satuan | K1: Total Harga | L1: Sisa Bayar | M1: Status | O1: Parameter | P1: Nilai | Q1: Keterangan
A2: SRG-001 | B2: Yoga Firmansyah | C2: VII-B | D2: Baju Putih | E2: M | F2: 1 | G2: 85000 | H2: =VLOOKUP(D2,Acuan!$A$2:$B$6,2,FALSE()) -> 85000 | I2: =IF(E2="XL",$P$2,0) -> 0 | J2: =H2+I2 -> 85000 | K2: =F2*J2 -> 85000 | L2: =K2-G2 -> 0 | M2: =IF(L2=0,"Lunas","Belum Lunas") -> Lunas | O2: Tambahan ukuran XL | P2: 10000 | Q2: Per potong untuk ukuran XL
A3: SRG-002 | B3: Citra Setiawan | C3: VII-C | D3: Baju Putih | E3: S | F3: 3 | G3: 76000 | H3: =VLOOKUP(D3,Acuan!$A$2:$B$6,2,FALSE()) -> 85000 | I3: =IF(E3="XL",$P$2,0) -> 0 | J3: =H3+I3 -> 85000 | K3: =F3*J3 -> 255000 | L3: =K3-G3 -> 179000 | M3: =IF(L3=0,"Lunas","Belum Lunas") -> Belum Lunas
A4: SRG-003 | B4: Sari Nugroho | C4: VII-B | D4: Baju Olahraga | E4: M | F4: 2 | G4: 190000 | H4: =VLOOKUP(D4,Acuan!$A$2:$B$6,2,FALSE()) -> 95000 | I4: =IF(E4="XL",$P$2,0) -> 0 | J4: =H4+I4 -> 95000 | K4: =F4*J4 -> 190000 | L4: =K4-G4 -> 0 | M4: =IF(L4=0,"Lunas","Belum Lunas") -> Lunas
A5: SRG-004 | B5: Umar Permana | C5: VII-B | D5: Dasi dan Topi | E5: S | F5: 2 | G5: 0 | H5: =VLOOKUP(D5,Acuan!$A$2:$B$6,2,FALSE()) -> 25000 | I5: =IF(E5="XL",$P$2,0) -> 0 | J5: =H5+I5 -> 25000 | K5: =F5*J5 -> 50000 | L5: =K5-G5 -> 50000 | M5: =IF(L5=0,"Lunas","Belum Lunas") -> Belum Lunas
A6: SRG-005 | B6: Dimas Lestari | C6: VII-A | D6: Celana atau Rok Biru | E6: XL | F6: 2 | G6: 200000 | H6: =VLOOKUP(D6,Acuan!$A$2:$B$6,2,FALSE()) -> 90000 | I6: =IF(E6="XL",$P$2,0) -> 10000 | J6: =H6+I6 -> 100000 | K6: =F6*J6 -> 200000 | L6: =K6-G6 -> 0 | M6: =IF(L6=0,"Lunas","Belum Lunas") -> Lunas
A7: SRG-006 | B7: Dimas Anggraini | C7: VII-A | D7: Baju Putih | E7: L | F7: 1 | G7: 85000 | H7: =VLOOKUP(D7,Acuan!$A$2:$B$6,2,FALSE()) -> 85000 | I7: =IF(E7="XL",$P$2,0) -> 0 | J7: =H7+I7 -> 85000 | K7: =F7*J7 -> 85000 | L7: =K7-G7 -> 0 | M7: =IF(L7=0,"Lunas","Belum Lunas") -> Lunas
A8: SRG-007 | B8: Yuni Firmansyah | C8: VII-B | D8: Dasi dan Topi | E8: M | F8: 2 | G8: 50000 | H8: =VLOOKUP(D8,Acuan!$A$2:$B$6,2,FALSE()) -> 25000 | I8: =IF(E8="XL",$P$2,0) -> 0 | J8: =H8+I8 -> 25000 | K8: =F8*J8 -> 50000 | L8: =K8-G8 -> 0 | M8: =IF(L8=0,"Lunas","Belum Lunas") -> Lunas
A9: SRG-008 | B9: Hadi Suryani | C9: VII-A | D9: Baju Putih | E9: L | F9: 3 | G9: 76000 | H9: =VLOOKUP(D9,Acuan!$A$2:$B$6,2,FALSE()) -> 85000 | I9: =IF(E9="XL",$P$2,0) -> 0 | J9: =H9+I9 -> 85000 | K9: =F9*J9 -> 255000 | L9: =K9-G9 -> 179000 | M9: =IF(L9=0,"Lunas","Belum Lunas") -> Belum Lunas
A10: SRG-009 | B10: Rahmat Suryani | C10: VII-C | D10: Batik | E10: L | F10: 1 | G10: 55000 | H10: =VLOOKUP(D10,Acuan!$A$2:$B$6,2,FALSE()) -> 110000 | I10: =IF(E10="XL",$P$2,0) -> 0 | J10: =H10+I10 -> 110000 | K10: =F10*J10 -> 110000 | L10: =K10-G10 -> 55000 | M10: =IF(L10=0,"Lunas","Belum Lunas") -> Belum Lunas
A11: SRG-010 | B11: Rina Permana | C11: VII-A | D11: Baju Olahraga | E11: L | F11: 1 | G11: 95000 | H11: =VLOOKUP(D11,Acuan!$A$2:$B$6,2,FALSE()) -> 95000 | I11: =IF(E11="XL",$P$2,0) -> 0 | J11: =H11+I11 -> 95000 | K11: =F11*J11 -> 95000 | L11: =K11-G11 -> 0 | M11: =IF(L11=0,"Lunas","Belum Lunas") -> Lunas
A12: SRG-011 | B12: Eko Santoso | C12: VII-B | D12: Celana atau Rok Biru | E12: L | F12: 1 | G12: 0 | H12: =VLOOKUP(D12,Acuan!$A$2:$B$6,2,FALSE()) -> 90000 | I12: =IF(E12="XL",$P$2,0) -> 0 | J12: =H12+I12 -> 90000 | K12: =F12*J12 -> 90000 | L12: =K12-G12 -> 90000 | M12: =IF(L12=0,"Lunas","Belum Lunas") -> Belum Lunas
A13: SRG-012 | B13: Mulyadi Handayani | C13: VII-A | D13: Celana atau Rok Biru | E13: M | F13: 2 | G13: 90000 | H13: =VLOOKUP(D13,Acuan!$A$2:$B$6,2,FALSE()) -> 90000 | I13: =IF(E13="XL",$P$2,0) -> 0 | J13: =H13+I13 -> 90000 | K13: =F13*J13 -> 180000 | L13: =K13-G13 -> 90000 | M13: =IF(L13=0,"Lunas","Belum Lunas") -> Belum Lunas
A14: SRG-013 | B14: Joko Nugroho | C14: VII-A | D14: Baju Putih | E14: S | F14: 2 | G14: 85000 | H14: =VLOOKUP(D14,Acuan!$A$2:$B$6,2,FALSE()) -> 85000 | I14: =IF(E14="XL",$P$2,0) -> 0 | J14: =H14+I14 -> 85000 | K14: =F14*J14 -> 170000 | L14: =K14-G14 -> 85000 | M14: =IF(L14=0,"Lunas","Belum Lunas") -> Belum Lunas
... A27: SRG-026 | B27: Andi Purnomo | C27: VII-C | D27: Batik | E27: M | F27: 2 | G27: 220000 | H27: =VLOOKUP(D27,Acuan!$A$2:$B$6,2,FALSE()) -> 110000 | I27: =IF(E27="XL",$P$2,0) -> 0 | J27: =H27+I27 -> 110000 | K27: =F27*J27 -> 220000 | L27: =K27-G27 -> 0 | M27: =IF(L27=0,"Lunas","Belum Lunas") -> Lunas

Sheet Acuan
A1: Jenis Seragam | B1: Harga Dasar | C1: Jumlah Terpesan | D1: Pendapatan
A2: Baju Putih | B2: 85000 | C2: =SUMIF(Data!$D$2:$D$27,A2,Data!$F$2:$F$27) -> 17 | D2: =SUMIF(Data!$D$2:$D$27,A2,Data!$K$2:$K$27) -> 1485000
A3: Celana atau Rok Biru | B3: 90000 | C3: =SUMIF(Data!$D$2:$D$27,A3,Data!$F$2:$F$27) -> 8 | D3: =SUMIF(Data!$D$2:$D$27,A3,Data!$K$2:$K$27) -> 740000
A4: Batik | B4: 110000 | C4: =SUMIF(Data!$D$2:$D$27,A4,Data!$F$2:$F$27) -> 7 | D4: =SUMIF(Data!$D$2:$D$27,A4,Data!$K$2:$K$27) -> 770000
A5: Baju Olahraga | B5: 95000 | C5: =SUMIF(Data!$D$2:$D$27,A5,Data!$F$2:$F$27) -> 12 | D5: =SUMIF(Data!$D$2:$D$27,A5,Data!$K$2:$K$27) -> 1140000
A6: Dasi dan Topi | B6: 25000 | C6: =SUMIF(Data!$D$2:$D$27,A6,Data!$F$2:$F$27) -> 6 | D6: =SUMIF(Data!$D$2:$D$27,A6,Data!$K$2:$K$27) -> 150000

Sheet Ringkasan
A1: Ringkasan: lembar jawaban soal berjenis ringkasan
A2: Sel hijau berisi rumus kunci.
A3: No | B3: Pertanyaan | C3: Jawaban | D3: Contoh format hasil
A4: 9a | B4: Total potong dipesan | C4: =SUM(Data!$F$2:$F$27) -> 50 | D4: Angka bulat, mis. 60
A5: 9b | B5: Total harga seluruh pesanan | C5: =SUM(Data!$K$2:$K$27) -> 4285000 | D5: Rupiah, mis. Rp 4.000.000
A6: 10a | B6: Jumlah pesanan Lunas | C6: =COUNTIF(Data!$M$2:$M$27,"Lunas") -> 12 | D6: Angka bulat, mis. 10
A7: 10b | B7: Total sisa bayar | C7: =SUM(Data!$L$2:$L$27) -> 1836000 | D7: Rupiah, mis. Rp 1.000.000
A8: 11a | B8: Jenis seragam paling banyak dipesan | C8: =INDEX(Acuan!$A$2:$A$6,MATCH(MAX(Acuan!$C$2:$C$6),Acuan!$C$2:$C$6,0)) -> Baju Putih | D8: Teks: jenis seragam
A9: 11b | B9: Jenis seragam paling sedikit dipesan | C9: =INDEX(Acuan!$A$2:$A$6,MATCH(MIN(Acuan!$C$2:$C$6),Acuan!$C$2:$C$6,0)) -> Dasi dan Topi | D9: Teks: jenis seragam
A10: 12a | B10: Jumlah pesanan ukuran XL | C10: =COUNTIF(Data!$E$2:$E$27,"XL") -> 3 | D10: Angka bulat, mis. 4
A11: 12b | B11: Total harga pesanan kelas VII-A | C11: =SUMIF(Data!$C$2:$C$27,"VII-A",Data!$K$2:$K$27) -> 1905000 | D11: Rupiah, mis. Rp 1.300.000
