Workbook

Sheet Petunjuk
A1: Kunci Jawaban: Simpan Pinjam Koperasi: Simpanan, Plafon, dan Angsuran
A2: Latihan 71 dari 40 | Tingkat: Menengah | Perkiraan waktu: 50 menit | pushexcel.github.io/Pushexcel
A4: Skenario
A5: Kamu pengurus Koperasi Maju Bersama yang mencatat 32 anggota. Setiap anggota membayar simpanan pokok Rp 100.000 satu kali dan simpanan wajib Rp 50.000 per bulan sejak bulan bergabung, ditambah simpanan sukarela bila ada. Lama keanggotaan dihitung dalam bulan penuh sampai tanggal acuan 31 Oktober 2026. Golongan dan plafon pinjaman ditentukan dari total simpanan memakai tabel di sheet Acuan. Pinjaman disetujui bila jumlahnya tidak melebihi plafon, selain itu ditolak. Bunga flat 1 persen per bulan dihitung dari pokok pinjaman dikali tenor, lalu angsuran per bulan adalah pokok ditambah bunga dibagi tenor, dibulatkan ke rupiah. Anggota yang tidak meminjam ditandai Tidak Ada.
A7: Cara memakai kunci
A8: 1. | B8: Sel hijau berisi rumus kunci yang sudah dihitung. Klik sel untuk melihat rumusnya.
A9: 2. | B9: Kolom Rumus kunci di bawah menampilkan rumus untuk baris pertama atau tiap sel jawaban.
A10: 3. | B10: Rumus ditulis dengan titik koma (;). Ganti dengan koma (,) bila Excel kamu berbahasa Inggris.
A11: 4. | B11: Jawaban lain yang benar secara logika juga boleh, selama hasilnya sama.
A13: Arti warna
B14: Judul kolom data yang sudah diberikan
B15: Judul kolom hasil hitung
B16: Sel berisi rumus kunci
B17: Angka berwarna biru pada blok Parameter = nilai tetap yang boleh dirujuk
A19: Daftar soal
A20: No | B20: Soal | C20: Jawab di | D20: Rumus kunci
A21: 1 | B21: Hitung lama keanggotaan dalam bulan penuh dari tanggal masuk sampai tanggal acuan. | C21: Sheet Data, kolom F (Lama Anggota (Bulan)), baris 2 sampai 33 | D21: =DATEDIF(B2;$P$2;"m")
A22: 2 | B22: Hitung simpanan wajib terkumpul: lama anggota dalam bulan dikali simpanan wajib per bulan. | C22: Sheet Data, kolom G (Simpanan Wajib), baris 2 sampai 33 | D22: =F2*$P$4
A23: 3 | B23: Hitung total simpanan: simpanan pokok ditambah simpanan wajib ditambah simpanan sukarela. | C23: Sheet Data, kolom H (Total Simpanan), baris 2 sampai 33 | D23: =$P$3+G2+C2
A24: 4 | B24: Tentukan golongan anggota dari total simpanan memakai tabel di sheet Acuan (pencocokan perkiraan, bukan persis). | C24: Sheet Data, kolom I (Golongan), baris 2 sampai 33 | D24: =VLOOKUP(H2;Acuan!$A$2:$C$5;2;TRUE)
A25: 5 | B25: Ambil plafon pinjaman anggota dari tabel Acuan berdasarkan total simpanan. | C25: Sheet Data, kolom J (Plafon Pinjaman), baris 2 sampai 33 | D25: =VLOOKUP(H2;Acuan!$A$2:$C$5;3;TRUE)
A26: 6 | B26: Beri status: Tidak Ada bila pinjaman 0, Disetujui bila pinjaman tidak melebihi plafon, selain itu Ditolak. | C26: Sheet Data, kolom K (Status Pinjaman), baris 2 sampai 33 | D26: =IF(D2=0;"Tidak Ada";IF(D2<=J2;"Disetujui";"Ditolak"))
A27: 7 | B27: Hitung total bunga flat untuk pinjaman yang Disetujui: pokok pinjaman dikali bunga per bulan dikali tenor. Selain itu 0. | C27: Sheet Data, kolom L (Total Bunga), baris 2 sampai 33 | D27: =IF(K2="Disetujui";D2*$P$5*E2;0)
A28: 8 | B28: Hitung angsuran per bulan untuk pinjaman yang Disetujui: (pinjaman + total bunga) dibagi tenor, dibulatkan ke rupiah. Selain itu 0. | C28: Sheet Data, kolom M (Angsuran per Bulan), baris 2 sampai 33 | D28: =IF(K2="Disetujui";ROUND((D2+L2)/E2;0);0)
A29: 9 | B29: Pada sheet Acuan, hitung jumlah anggota tiap golongan. | C29: Sheet Acuan, kolom D (Jumlah Anggota), baris 2 sampai 5 | D29: =COUNTIF(Data!$I$2:$I$33;B2)
A30: 10 | B30: Pada sheet Acuan, hitung total pinjaman yang berstatus Disetujui untuk tiap golongan. | C30: Sheet Acuan, kolom E (Pinjaman Disetujui), baris 2 sampai 5 | D30: =SUMIFS(Data!$D$2:$D$33;Data!$I$2:$I$33;B2;Data!$K$2:$K$33;"Disetujui")
A31: 11 | B31: Berapa total simpanan seluruh anggota, dan berapa rata-rata lama keanggotaan (bulan)? | C31: Sheet Ringkasan, sel C4 sampai C5 | D31: =SUM(Data!$H$2:$H$33) =AVERAGE(Data!$F$2:$F$33)
... A34: 14 | B34: Berapa total bunga seluruh pinjaman disetujui, dan berapa total angsuran per bulan yang harus ditagih? | C34: Sheet Ringkasan, sel C11 sampai C12 | D34: =SUM(Data!$L$2:$L$33) =SUM(Data!$M$2:$M$33)

Sheet Data
A1: Nama Anggota | B1: Tanggal Masuk | C1: Simpanan Sukarela | D1: Pinjaman | E1: Tenor (Bulan) | F1: Lama Anggota (Bulan) | G1: Simpanan Wajib | H1: Total Simpanan | I1: Golongan | J1: Plafon Pinjaman | K1: Status Pinjaman | L1: Total Bunga | M1: Angsuran per Bulan | O1: Parameter | P1: Nilai | Q1: Keterangan
A2: Prasetyo Pratama | B2: 43893 | C2: 0 | D2: 2000000 | E2: 10 | F2: =DATEDIF(B2,$P$2,"m") -> 79 | G2: =F2*$P$4 -> 3950000 | H2: =$P$3+G2+C2 -> 4050000 | I2: =VLOOKUP(H2,Acuan!$A$2:$C$5,2,TRUE()) -> Golongan IV | J2: =VLOOKUP(H2,Acuan!$A$2:$C$5,3,TRUE()) -> 20000000 | K2: =IF(D2=0,"Tidak Ada",IF(D2<=J2,"Disetujui","Ditolak")) -> Disetujui | L2: =IF(K2="Disetujui",D2*$P$5*E2,0) -> 200000 | M2: =IF(K2="Disetujui",ROUND((D2+L2)/E2,0),0) -> 220000 | O2: Tanggal acuan | P2: 46326 | Q2: Batas perhitungan lama anggota
A3: Farida Hidayat | B3: 43995 | C3: 0 | D3: 7500000 | E3: 12 | F3: =DATEDIF(B3,$P$2,"m") -> 76 | G3: =F3*$P$4 -> 3800000 | H3: =$P$3+G3+C3 -> 3900000 | I3: =VLOOKUP(H3,Acuan!$A$2:$C$5,2,TRUE()) -> Golongan III | J3: =VLOOKUP(H3,Acuan!$A$2:$C$5,3,TRUE()) -> 10000000 | K3: =IF(D3=0,"Tidak Ada",IF(D3<=J3,"Disetujui","Ditolak")) -> Disetujui | L3: =IF(K3="Disetujui",D3*$P$5*E3,0) -> 900000 | M3: =IF(K3="Disetujui",ROUND((D3+L3)/E3,0),0) -> 700000 | O3: Simpanan pokok | P3: 100000
A4: Yoga Kurniawan | B4: 44005 | C4: 0 | D4: 15000000 | E4: 10 | F4: =DATEDIF(B4,$P$2,"m") -> 76 | G4: =F4*$P$4 -> 3800000 | H4: =$P$3+G4+C4 -> 3900000 | I4: =VLOOKUP(H4,Acuan!$A$2:$C$5,2,TRUE()) -> Golongan III | J4: =VLOOKUP(H4,Acuan!$A$2:$C$5,3,TRUE()) -> 10000000 | K4: =IF(D4=0,"Tidak Ada",IF(D4<=J4,"Disetujui","Ditolak")) -> Ditolak | L4: =IF(K4="Disetujui",D4*$P$5*E4,0) -> 0 | M4: =IF(K4="Disetujui",ROUND((D4+L4)/E4,0),0) -> 0 | O4: Simpanan wajib per bulan | P4: 50000
A5: Indah Sari | B5: 44013 | C5: 200000 | D5: 3000000 | E5: 6 | F5: =DATEDIF(B5,$P$2,"m") -> 75 | G5: =F5*$P$4 -> 3750000 | H5: =$P$3+G5+C5 -> 4050000 | I5: =VLOOKUP(H5,Acuan!$A$2:$C$5,2,TRUE()) -> Golongan IV | J5: =VLOOKUP(H5,Acuan!$A$2:$C$5,3,TRUE()) -> 20000000 | K5: =IF(D5=0,"Tidak Ada",IF(D5<=J5,"Disetujui","Ditolak")) -> Disetujui | L5: =IF(K5="Disetujui",D5*$P$5*E5,0) -> 180000 | M5: =IF(K5="Disetujui",ROUND((D5+L5)/E5,0),0) -> 530000 | O5: Bunga flat per bulan | P5: 0.01 | Q5: Dikali pokok pinjaman dan tenor
A6: Bambang Kurniawan | B6: 44057 | C6: 500000 | D6: 15000000 | E6: 12 | F6: =DATEDIF(B6,$P$2,"m") -> 74 | G6: =F6*$P$4 -> 3700000 | H6: =$P$3+G6+C6 -> 4300000 | I6: =VLOOKUP(H6,Acuan!$A$2:$C$5,2,TRUE()) -> Golongan IV | J6: =VLOOKUP(H6,Acuan!$A$2:$C$5,3,TRUE()) -> 20000000 | K6: =IF(D6=0,"Tidak Ada",IF(D6<=J6,"Disetujui","Ditolak")) -> Disetujui | L6: =IF(K6="Disetujui",D6*$P$5*E6,0) -> 1800000 | M6: =IF(K6="Disetujui",ROUND((D6+L6)/E6,0),0) -> 1400000
A7: Fitri Ramadhan | B7: 44113 | C7: 0 | D7: 0 | E7: 0 | F7: =DATEDIF(B7,$P$2,"m") -> 72 | G7: =F7*$P$4 -> 3600000 | H7: =$P$3+G7+C7 -> 3700000 | I7: =VLOOKUP(H7,Acuan!$A$2:$C$5,2,TRUE()) -> Golongan III | J7: =VLOOKUP(H7,Acuan!$A$2:$C$5,3,TRUE()) -> 10000000 | K7: =IF(D7=0,"Tidak Ada",IF(D7<=J7,"Disetujui","Ditolak")) -> Tidak Ada | L7: =IF(K7="Disetujui",D7*$P$5*E7,0) -> 0 | M7: =IF(K7="Disetujui",ROUND((D7+L7)/E7,0),0) -> 0
A8: Galih Putra | B8: 44193 | C8: 100000 | D8: 0 | E8: 0 | F8: =DATEDIF(B8,$P$2,"m") -> 70 | G8: =F8*$P$4 -> 3500000 | H8: =$P$3+G8+C8 -> 3700000 | I8: =VLOOKUP(H8,Acuan!$A$2:$C$5,2,TRUE()) -> Golongan III | J8: =VLOOKUP(H8,Acuan!$A$2:$C$5,3,TRUE()) -> 10000000 | K8: =IF(D8=0,"Tidak Ada",IF(D8<=J8,"Disetujui","Ditolak")) -> Tidak Ada | L8: =IF(K8="Disetujui",D8*$P$5*E8,0) -> 0 | M8: =IF(K8="Disetujui",ROUND((D8+L8)/E8,0),0) -> 0
A9: Nurul Santoso | B9: 44305 | C9: 200000 | D9: 0 | E9: 0 | F9: =DATEDIF(B9,$P$2,"m") -> 66 | G9: =F9*$P$4 -> 3300000 | H9: =$P$3+G9+C9 -> 3600000 | I9: =VLOOKUP(H9,Acuan!$A$2:$C$5,2,TRUE()) -> Golongan III | J9: =VLOOKUP(H9,Acuan!$A$2:$C$5,3,TRUE()) -> 10000000 | K9: =IF(D9=0,"Tidak Ada",IF(D9<=J9,"Disetujui","Ditolak")) -> Tidak Ada | L9: =IF(K9="Disetujui",D9*$P$5*E9,0) -> 0 | M9: =IF(K9="Disetujui",ROUND((D9+L9)/E9,0),0) -> 0
A10: Eka Pratama | B10: 44392 | C10: 0 | D10: 0 | E10: 0 | F10: =DATEDIF(B10,$P$2,"m") -> 63 | G10: =F10*$P$4 -> 3150000 | H10: =$P$3+G10+C10 -> 3250000 | I10: =VLOOKUP(H10,Acuan!$A$2:$C$5,2,TRUE()) -> Golongan III | J10: =VLOOKUP(H10,Acuan!$A$2:$C$5,3,TRUE()) -> 10000000 | K10: =IF(D10=0,"Tidak Ada",IF(D10<=J10,"Disetujui","Ditolak")) -> Tidak Ada | L10: =IF(K10="Disetujui",D10*$P$5*E10,0) -> 0 | M10: =IF(K10="Disetujui",ROUND((D10+L10)/E10,0),0) -> 0
A11: Rina Kurniawan | B11: 44432 | C11: 300000 | D11: 7500000 | E11: 12 | F11: =DATEDIF(B11,$P$2,"m") -> 62 | G11: =F11*$P$4 -> 3100000 | H11: =$P$3+G11+C11 -> 3500000 | I11: =VLOOKUP(H11,Acuan!$A$2:$C$5,2,TRUE()) -> Golongan III | J11: =VLOOKUP(H11,Acuan!$A$2:$C$5,3,TRUE()) -> 10000000 | K11: =IF(D11=0,"Tidak Ada",IF(D11<=J11,"Disetujui","Ditolak")) -> Disetujui | L11: =IF(K11="Disetujui",D11*$P$5*E11,0) -> 900000 | M11: =IF(K11="Disetujui",ROUND((D11+L11)/E11,0),0) -> 700000
A12: Ayu Fauzi | B12: 44504 | C12: 500000 | D12: 3000000 | E12: 12 | F12: =DATEDIF(B12,$P$2,"m") -> 59 | G12: =F12*$P$4 -> 2950000 | H12: =$P$3+G12+C12 -> 3550000 | I12: =VLOOKUP(H12,Acuan!$A$2:$C$5,2,TRUE()) -> Golongan III | J12: =VLOOKUP(H12,Acuan!$A$2:$C$5,3,TRUE()) -> 10000000 | K12: =IF(D12=0,"Tidak Ada",IF(D12<=J12,"Disetujui","Ditolak")) -> Disetujui | L12: =IF(K12="Disetujui",D12*$P$5*E12,0) -> 360000 | M12: =IF(K12="Disetujui",ROUND((D12+L12)/E12,0),0) -> 280000
A13: Hesti Nugroho | B13: 44521 | C13: 500000 | D13: 0 | E13: 0 | F13: =DATEDIF(B13,$P$2,"m") -> 59 | G13: =F13*$P$4 -> 2950000 | H13: =$P$3+G13+C13 -> 3550000 | I13: =VLOOKUP(H13,Acuan!$A$2:$C$5,2,TRUE()) -> Golongan III | J13: =VLOOKUP(H13,Acuan!$A$2:$C$5,3,TRUE()) -> 10000000 | K13: =IF(D13=0,"Tidak Ada",IF(D13<=J13,"Disetujui","Ditolak")) -> Tidak Ada | L13: =IF(K13="Disetujui",D13*$P$5*E13,0) -> 0 | M13: =IF(K13="Disetujui",ROUND((D13+L13)/E13,0),0) -> 0
A14: Eka Hartono | B14: 44552 | C14: 100000 | D14: 0 | E14: 0 | F14: =DATEDIF(B14,$P$2,"m") -> 58 | G14: =F14*$P$4 -> 2900000 | H14: =$P$3+G14+C14 -> 3100000 | I14: =VLOOKUP(H14,Acuan!$A$2:$C$5,2,TRUE()) -> Golongan III | J14: =VLOOKUP(H14,Acuan!$A$2:$C$5,3,TRUE()) -> 10000000 | K14: =IF(D14=0,"Tidak Ada",IF(D14<=J14,"Disetujui","Ditolak")) -> Tidak Ada | L14: =IF(K14="Disetujui",D14*$P$5*E14,0) -> 0 | M14: =IF(K14="Disetujui",ROUND((D14+L14)/E14,0),0) -> 0
A15: Rina Pratama | B15: 44582 | C15: 200000 | D15: 3000000 | E15: 18 | F15: =DATEDIF(B15,$P$2,"m") -> 57 | G15: =F15*$P$4 -> 2850000 | H15: =$P$3+G15+C15 -> 3150000 | I15: =VLOOKUP(H15,Acuan!$A$2:$C$5,2,TRUE()) -> Golongan III | J15: =VLOOKUP(H15,Acuan!$A$2:$C$5,3,TRUE()) -> 10000000 | K15: =IF(D15=0,"Tidak Ada",IF(D15<=J15,"Disetujui","Ditolak")) -> Disetujui | L15: =IF(K15="Disetujui",D15*$P$5*E15,0) -> 540000 | M15: =IF(K15="Disetujui",ROUND((D15+L15)/E15,0),0) -> 196667
A16: Utami Pratama | B16: 44760 | C16: 300000 | D16: 15000000 | E16: 24 | F16: =DATEDIF(B16,$P$2,"m") -> 51 | G16: =F16*$P$4 -> 2550000 | H16: =$P$3+G16+C16 -> 2950000 | I16: =VLOOKUP(H16,Acuan!$A$2:$C$5,2,TRUE()) -> Golongan II | J16: =VLOOKUP(H16,Acuan!$A$2:$C$5,3,TRUE()) -> 5000000 | K16: =IF(D16=0,"Tidak Ada",IF(D16<=J16,"Disetujui","Ditolak")) -> Ditolak | L16: =IF(K16="Disetujui",D16*$P$5*E16,0) -> 0 | M16: =IF(K16="Disetujui",ROUND((D16+L16)/E16,0),0) -> 0
A17: Fitri Saputra | B17: 44949 | C17: 0 | D17: 7500000 | E17: 18 | F17: =DATEDIF(B17,$P$2,"m") -> 45 | G17: =F17*$P$4 -> 2250000 | H17: =$P$3+G17+C17 -> 2350000 | I17: =VLOOKUP(H17,Acuan!$A$2:$C$5,2,TRUE()) -> Golongan II | J17: =VLOOKUP(H17,Acuan!$A$2:$C$5,3,TRUE()) -> 5000000 | K17: =IF(D17=0,"Tidak Ada",IF(D17<=J17,"Disetujui","Ditolak")) -> Ditolak | L17: =IF(K17="Disetujui",D17*$P$5*E17,0) -> 0 | M17: =IF(K17="Disetujui",ROUND((D17+L17)/E17,0),0) -> 0
... A33: Utami Hidayat | B33: 45897 | C33: 300000 | D33: 2000000 | E33: 12 | F33: =DATEDIF(B33,$P$2,"m") -> 14 | G33: =F33*$P$4 -> 700000 | H33: =$P$3+G33+C33 -> 1100000 | I33: =VLOOKUP(H33,Acuan!$A$2:$C$5,2,TRUE()) -> Golongan I | J33: =VLOOKUP(H33,Acuan!$A$2:$C$5,3,TRUE()) -> 2000000 | K33: =IF(D33=0,"Tidak Ada",IF(D33<=J33,"Disetujui","Ditolak")) -> Disetujui | L33: =IF(K33="Disetujui",D33*$P$5*E33,0) -> 240000 | M33: =IF(K33="Disetujui",ROUND((D33+L33)/E33,0),0) -> 186667

Sheet Acuan
A1: Simpanan Minimal | B1: Golongan | C1: Plafon Pinjaman | D1: Jumlah Anggota | E1: Pinjaman Disetujui
A2: 0 | B2: Golongan I | C2: 2000000 | D2: =COUNTIF(Data!$I$2:$I$33,B2) -> 9 | E2: =SUMIFS(Data!$D$2:$D$33,Data!$I$2:$I$33,B2,Data!$K$2:$K$33,"Disetujui") -> 2000000
A3: 1500000 | B3: Golongan II | C3: 5000000 | D3: =COUNTIF(Data!$I$2:$I$33,B3) -> 9 | E3: =SUMIFS(Data!$D$2:$D$33,Data!$I$2:$I$33,B3,Data!$K$2:$K$33,"Disetujui") -> 3000000
A4: 3000000 | B4: Golongan III | C4: 10000000 | D4: =COUNTIF(Data!$I$2:$I$33,B4) -> 11 | E4: =SUMIFS(Data!$D$2:$D$33,Data!$I$2:$I$33,B4,Data!$K$2:$K$33,"Disetujui") -> 21000000
A5: 4000000 | B5: Golongan IV | C5: 20000000 | D5: =COUNTIF(Data!$I$2:$I$33,B5) -> 3 | E5: =SUMIFS(Data!$D$2:$D$33,Data!$I$2:$I$33,B5,Data!$K$2:$K$33,"Disetujui") -> 20000000

Sheet Ringkasan
A1: Ringkasan: lembar jawaban soal berjenis ringkasan
A2: Sel hijau berisi rumus kunci.
A3: No | B3: Pertanyaan | C3: Jawaban | D3: Contoh format hasil
A4: 11a | B4: Total simpanan seluruh anggota | C4: =SUM(Data!$H$2:$H$33) -> 79750000 | D4: Rupiah, mis. Rp 85.000.000
A5: 11b | B5: Rata-rata lama anggota (bulan) | C5: =AVERAGE(Data!$F$2:$F$33) -> 44.03125 | D5: Angka desimal, mis. 40,5
A6: 12a | B6: Pengajuan disetujui | C6: =COUNTIF(Data!$K$2:$K$33,"Disetujui") -> 10 | D6: Angka bulat, mis. 14
A7: 12b | B7: Pengajuan ditolak | C7: =COUNTIF(Data!$K$2:$K$33,"Ditolak") -> 10 | D7: Angka bulat, mis. 3
A8: 12c | B8: Total pinjaman disetujui | C8: =SUMIF(Data!$K$2:$K$33,"Disetujui",Data!$D$2:$D$33) -> 46000000 | D8: Rupiah, mis. Rp 90.000.000
A9: 13a | B9: Anggota dengan angsuran terbesar | C9: =INDEX(Data!$A$2:$A$33,MATCH(MAX(Data!$M$2:$M$33),Data!$M$2:$M$33,0)) -> Bambang Kurniawan | D9: Teks: nama anggota
A10: 13b | B10: Golongan dengan anggota terbanyak | C10: =INDEX(Acuan!$B$2:$B$5,MATCH(MAX(Acuan!$D$2:$D$5),Acuan!$D$2:$D$5,0)) -> Golongan III | D10: Teks: nama golongan
A11: 14a | B11: Total bunga | C11: =SUM(Data!$L$2:$L$33) -> 5560000 | D11: Rupiah, mis. Rp 12.000.000
A12: 14b | B12: Total angsuran per bulan | C12: =SUM(Data!$M$2:$M$33) -> 4485001 | D12: Rupiah, mis. Rp 15.000.000
