Workbook

Sheet Petunjuk
A1: Kunci Jawaban: Evaluasi Vendor: Skor Berbobot, Kategori, dan Peringkat
A2: Latihan 88 dari 40 | Tingkat: Menengah | Perkiraan waktu: 50 menit | pushexcel.github.io/Pushexcel
A4: Skenario
A5: Kamu staf pengadaan PT Sinar Pangan Nusantara yang mengevaluasi 24 vendor pemasok. Setiap vendor dinilai 0 sampai 100 untuk harga, mutu barang, dan ketepatan waktu. Skor akhir adalah rata-rata berbobot dengan bobot harga 40 persen, mutu 35 persen, dan ketepatan waktu 25 persen (ada di blok Parameter). Kategori vendor dan masa kontrak lanjutan (bulan) ditentukan dari tabel di sheet Acuan memakai skor akhir. Terakhir, kamu memberi peringkat vendor dari skor akhir tertinggi.
A7: Cara memakai kunci
A8: 1. | B8: Sel hijau berisi rumus kunci yang sudah dihitung. Klik sel untuk melihat rumusnya.
A9: 2. | B9: Kolom Rumus kunci di bawah menampilkan rumus untuk baris pertama atau tiap sel jawaban.
A10: 3. | B10: Rumus ditulis dengan titik koma (;). Ganti dengan koma (,) bila Excel kamu berbahasa Inggris.
A11: 4. | B11: Jawaban lain yang benar secara logika juga boleh, selama hasilnya sama.
A13: Arti warna
B14: Judul kolom data yang sudah diberikan
B15: Judul kolom hasil hitung
B16: Sel berisi rumus kunci
B17: Angka berwarna biru pada blok Parameter = nilai tetap yang boleh dirujuk
A19: Daftar soal
A20: No | B20: Soal | C20: Jawab di | D20: Rumus kunci
A21: 1 | B21: Hitung skor akhir berbobot: tiap skor dikali bobotnya, lalu dijumlahkan. | C21: Sheet Data, kolom G (Skor Akhir), baris 2 sampai 25 | D21: =D2*$M$2+E2*$M$3+F2*$M$4
A22: 2 | B22: Tentukan kategori vendor dari skor akhir memakai tabel di sheet Acuan (pencocokan perkiraan, bukan persis). | C22: Sheet Data, kolom H (Kategori), baris 2 sampai 25 | D22: =VLOOKUP(G2;Acuan!$A$2:$C$5;2;TRUE)
A23: 3 | B23: Ambil masa kontrak lanjutan (bulan) dari tabel Acuan berdasarkan skor akhir. | C23: Sheet Data, kolom I (Masa Kontrak (Bulan)), baris 2 sampai 25 | D23: =VLOOKUP(G2;Acuan!$A$2:$C$5;3;TRUE)
A24: 4 | B24: Beri peringkat tiap vendor berdasarkan skor akhir, dari tertinggi (peringkat 1). | C24: Sheet Data, kolom J (Peringkat), baris 2 sampai 25 | D24: =RANK(G2;$G$2:$G$25;0)
A25: 5 | B25: Pada sheet Acuan, hitung jumlah vendor tiap kategori. | C25: Sheet Acuan, kolom D (Jumlah Vendor), baris 2 sampai 5 | D25: =COUNTIF(Data!$H$2:$H$25;B2)
A26: 6 | B26: Pada sheet Acuan, hitung rata-rata skor akhir tiap kategori. | C26: Sheet Acuan, kolom E (Rata-rata Skor), baris 2 sampai 5 | D26: =AVERAGEIF(Data!$H$2:$H$25;B2;Data!$G$2:$G$25)
A27: 7 | B27: Berapa rata-rata skor harga, rata-rata skor mutu, dan rata-rata skor ketepatan seluruh vendor? | C27: Sheet Ringkasan, sel C4 sampai C6 | D27: =AVERAGE(Data!$D$2:$D$25) =AVERAGE(Data!$E$2:$E$25) =AVERAGE(Data!$F$2:$F$25)
A28: 8 | B28: Siapa vendor peringkat 1, dan siapa vendor dengan skor ketepatan terendah? | C28: Sheet Ringkasan, sel C7 sampai C8 | D28: =INDEX(Data!$B$2:$B$25;MATCH(1;Data!$J$2:$J$25;0)) =INDEX(Data!$B$2:$B$25;MATCH(MIN(Data!$F$2:$F$25);Data!$F$2:$F$25;0))
A29: 9 | B29: Berapa vendor berkategori Pilihan Utama, dan berapa vendor yang masa kontraknya 0 bulan (Dicoret)? | C29: Sheet Ringkasan, sel C9 sampai C10 | D29: =COUNTIF(Data!$H$2:$H$25;"Pilihan Utama") =COUNTIF(Data!$I$2:$I$25;0)
A30: 10 | B30: Kategori apa yang rata-rata skornya tertinggi, dan berapa total masa kontrak (bulan) seluruh vendor? | C30: Sheet Ringkasan, sel C11 sampai C12 | D30: =INDEX(Acuan!$B$2:$B$5;MATCH(MAX(Acuan!$E$2:$E$5);Acuan!$E$2:$E$5;0)) =SUM(Data!$I$2:$I$25)
A31: 11 | B31: Berapa rata-rata skor akhir vendor Bahan Baku, dan berapa vendor Kemasan yang berkategori Disetujui? | C31: Sheet Ringkasan, sel C13 sampai C14 | D31: =AVERAGEIF(Data!$C$2:$C$25;"Bahan Baku";Data!$G$2:$G$25) =COUNTIFS(Data!$C$2:$C$25;"Kemasan";Data!$H$2:$H$25;"Disetujui")
... A33: 13 | B33: Berapa vendor Angkutan yang skor mutunya 80 ke atas, dan berapa total skor ketepatan vendor Kemasan? | C33: Sheet Ringkasan, sel C17 sampai C18 | D33: =COUNTIFS(Data!$C$2:$C$25;"Angkutan";Data!$E$2:$E$25;">=80") =SUMIF(Data!$C$2:$C$25;"Kemasan";Data!$F$2:$F$25)

Sheet Data
A1: Kode | B1: Nama Vendor | C1: Jenis Pasokan | D1: Skor Harga | E1: Skor Mutu | F1: Skor Ketepatan | G1: Skor Akhir | H1: Kategori | I1: Masa Kontrak (Bulan) | J1: Peringkat | L1: Parameter | M1: Nilai | N1: Keterangan
A2: V-01 | B2: CV Karya Persada | C2: Bahan Baku | D2: 99 | E2: 91 | F2: 92 | G2: =D2*$M$2+E2*$M$3+F2*$M$4 -> 94.45 | H2: =VLOOKUP(G2,Acuan!$A$2:$C$5,2,TRUE()) -> Pilihan Utama | I2: =VLOOKUP(G2,Acuan!$A$2:$C$5,3,TRUE()) -> 24 | J2: =RANK(G2,$G$2:$G$25,0) -> 1 | L2: Bobot harga | M2: 0.4
A3: V-02 | B3: PT Harapan Makmur | C3: Kemasan | D3: 50 | E3: 45 | F3: 58 | G3: =D3*$M$2+E3*$M$3+F3*$M$4 -> 50.25 | H3: =VLOOKUP(G3,Acuan!$A$2:$C$5,2,TRUE()) -> Dicoret | I3: =VLOOKUP(G3,Acuan!$A$2:$C$5,3,TRUE()) -> 0 | J3: =RANK(G3,$G$2:$G$25,0) -> 23 | L3: Bobot mutu | M3: 0.35
A4: V-03 | B4: PT Mitra Utama | C4: Angkutan | D4: 72 | E4: 90 | F4: 75 | G4: =D4*$M$2+E4*$M$3+F4*$M$4 -> 79.05 | H4: =VLOOKUP(G4,Acuan!$A$2:$C$5,2,TRUE()) -> Disetujui | I4: =VLOOKUP(G4,Acuan!$A$2:$C$5,3,TRUE()) -> 12 | J4: =RANK(G4,$G$2:$G$25,0) -> 10 | L4: Bobot ketepatan | M4: 0.25
A5: V-04 | B5: CV Harapan Sejahtera | C5: Bahan Baku | D5: 90 | E5: 81 | F5: 77 | G5: =D5*$M$2+E5*$M$3+F5*$M$4 -> 83.6 | H5: =VLOOKUP(G5,Acuan!$A$2:$C$5,2,TRUE()) -> Disetujui | I5: =VLOOKUP(G5,Acuan!$A$2:$C$5,3,TRUE()) -> 12 | J5: =RANK(G5,$G$2:$G$25,0) -> 4
A6: V-05 | B6: PT Mitra Makmur | C6: Kemasan | D6: 45 | E6: 45 | F6: 53 | G6: =D6*$M$2+E6*$M$3+F6*$M$4 -> 47 | H6: =VLOOKUP(G6,Acuan!$A$2:$C$5,2,TRUE()) -> Dicoret | I6: =VLOOKUP(G6,Acuan!$A$2:$C$5,3,TRUE()) -> 0 | J6: =RANK(G6,$G$2:$G$25,0) -> 24
A7: V-06 | B7: PT Anugerah Jaya | C7: Angkutan | D7: 86 | E7: 77 | F7: 72 | G7: =D7*$M$2+E7*$M$3+F7*$M$4 -> 79.35 | H7: =VLOOKUP(G7,Acuan!$A$2:$C$5,2,TRUE()) -> Disetujui | I7: =VLOOKUP(G7,Acuan!$A$2:$C$5,3,TRUE()) -> 12 | J7: =RANK(G7,$G$2:$G$25,0) -> 9
A8: V-07 | B8: CV Karya Mandiri | C8: Bahan Baku | D8: 61 | E8: 45 | F8: 63 | G8: =D8*$M$2+E8*$M$3+F8*$M$4 -> 55.9 | H8: =VLOOKUP(G8,Acuan!$A$2:$C$5,2,TRUE()) -> Dicoret | I8: =VLOOKUP(G8,Acuan!$A$2:$C$5,3,TRUE()) -> 0 | J8: =RANK(G8,$G$2:$G$25,0) -> 21
A9: V-08 | B9: PT Cahaya Abadi | C9: Kemasan | D9: 88 | E9: 77 | F9: 76 | G9: =D9*$M$2+E9*$M$3+F9*$M$4 -> 81.15 | H9: =VLOOKUP(G9,Acuan!$A$2:$C$5,2,TRUE()) -> Disetujui | I9: =VLOOKUP(G9,Acuan!$A$2:$C$5,3,TRUE()) -> 12 | J9: =RANK(G9,$G$2:$G$25,0) -> 7
A10: V-09 | B10: PT Bintang Nusa | C10: Angkutan | D10: 71 | E10: 55 | F10: 79 | G10: =D10*$M$2+E10*$M$3+F10*$M$4 -> 67.4 | H10: =VLOOKUP(G10,Acuan!$A$2:$C$5,2,TRUE()) -> Dipantau | I10: =VLOOKUP(G10,Acuan!$A$2:$C$5,3,TRUE()) -> 6 | J10: =RANK(G10,$G$2:$G$25,0) -> 18
A11: V-10 | B11: CV Lestari Nusa | C11: Bahan Baku | D11: 52 | E11: 50 | F11: 60 | G11: =D11*$M$2+E11*$M$3+F11*$M$4 -> 53.3 | H11: =VLOOKUP(G11,Acuan!$A$2:$C$5,2,TRUE()) -> Dicoret | I11: =VLOOKUP(G11,Acuan!$A$2:$C$5,3,TRUE()) -> 0 | J11: =RANK(G11,$G$2:$G$25,0) -> 22
A12: V-11 | B12: PT Cahaya Mandiri | C12: Kemasan | D12: 69 | E12: 70 | F12: 69 | G12: =D12*$M$2+E12*$M$3+F12*$M$4 -> 69.35 | H12: =VLOOKUP(G12,Acuan!$A$2:$C$5,2,TRUE()) -> Dipantau | I12: =VLOOKUP(G12,Acuan!$A$2:$C$5,3,TRUE()) -> 6 | J12: =RANK(G12,$G$2:$G$25,0) -> 17
A13: V-12 | B13: PT Prima Jaya | C13: Angkutan | D13: 74 | E13: 74 | F13: 81 | G13: =D13*$M$2+E13*$M$3+F13*$M$4 -> 75.75 | H13: =VLOOKUP(G13,Acuan!$A$2:$C$5,2,TRUE()) -> Disetujui | I13: =VLOOKUP(G13,Acuan!$A$2:$C$5,3,TRUE()) -> 12 | J13: =RANK(G13,$G$2:$G$25,0) -> 12
A14: V-13 | B14: CV Prima Makmur | C14: Bahan Baku | D14: 69 | E14: 68 | F14: 81 | G14: =D14*$M$2+E14*$M$3+F14*$M$4 -> 71.65 | H14: =VLOOKUP(G14,Acuan!$A$2:$C$5,2,TRUE()) -> Dipantau | I14: =VLOOKUP(G14,Acuan!$A$2:$C$5,3,TRUE()) -> 6 | J14: =RANK(G14,$G$2:$G$25,0) -> 16
A15: V-14 | B15: PT Sumber Jaya | C15: Kemasan | D15: 67 | E15: 66 | F15: 60 | G15: =D15*$M$2+E15*$M$3+F15*$M$4 -> 64.9 | H15: =VLOOKUP(G15,Acuan!$A$2:$C$5,2,TRUE()) -> Dipantau | I15: =VLOOKUP(G15,Acuan!$A$2:$C$5,3,TRUE()) -> 6 | J15: =RANK(G15,$G$2:$G$25,0) -> 20
A16: V-15 | B16: PT Lestari Abadi | C16: Angkutan | D16: 92 | E16: 88 | F16: 80 | G16: =D16*$M$2+E16*$M$3+F16*$M$4 -> 87.6 | H16: =VLOOKUP(G16,Acuan!$A$2:$C$5,2,TRUE()) -> Pilihan Utama | I16: =VLOOKUP(G16,Acuan!$A$2:$C$5,3,TRUE()) -> 24 | J16: =RANK(G16,$G$2:$G$25,0) -> 3
... A25: V-24 | B25: PT Cahaya Makmur | C25: Kemasan | D25: 90 | E25: 79 | F25: 72 | G25: =D25*$M$2+E25*$M$3+F25*$M$4 -> 81.65 | H25: =VLOOKUP(G25,Acuan!$A$2:$C$5,2,TRUE()) -> Disetujui | I25: =VLOOKUP(G25,Acuan!$A$2:$C$5,3,TRUE()) -> 12 | J25: =RANK(G25,$G$2:$G$25,0) -> 6

Sheet Acuan
A1: Skor Minimal | B1: Kategori | C1: Masa Kontrak (Bulan) | D1: Jumlah Vendor | E1: Rata-rata Skor
A2: 0 | B2: Dicoret | C2: 0 | D2: =COUNTIF(Data!$H$2:$H$25,B2) -> 4 | E2: =AVERAGEIF(Data!$H$2:$H$25,B2,Data!$G$2:$G$25) -> 51.6125
A3: 60 | B3: Dipantau | C3: 6 | D3: =COUNTIF(Data!$H$2:$H$25,B3) -> 8 | E3: =AVERAGEIF(Data!$H$2:$H$25,B3,Data!$G$2:$G$25) -> 69.8
A4: 75 | B4: Disetujui | C4: 12 | D4: =COUNTIF(Data!$H$2:$H$25,B4) -> 9 | E4: =AVERAGEIF(Data!$H$2:$H$25,B4,Data!$G$2:$G$25) -> 79.944444
A5: 85 | B5: Pilihan Utama | C5: 24 | D5: =COUNTIF(Data!$H$2:$H$25,B5) -> 3 | E5: =AVERAGEIF(Data!$H$2:$H$25,B5,Data!$G$2:$G$25) -> 90.25

Sheet Ringkasan
A1: Ringkasan: lembar jawaban soal berjenis ringkasan
A2: Sel hijau berisi rumus kunci.
A3: No | B3: Pertanyaan | C3: Jawaban | D3: Contoh format hasil
A4: 7a | B4: Rata-rata skor harga | C4: =AVERAGE(Data!$D$2:$D$25) -> 75.291667 | D4: Angka desimal, mis. 75,5
A5: 7b | B5: Rata-rata skor mutu | C5: =AVERAGE(Data!$E$2:$E$25) -> 70.958333 | D5: Angka desimal, mis. 77,5
A6: 7c | B6: Rata-rata skor ketepatan | C6: =AVERAGE(Data!$F$2:$F$25) -> 72.708333 | D6: Angka desimal, mis. 74,5
A7: 8a | B7: Vendor peringkat 1 | C7: =INDEX(Data!$B$2:$B$25,MATCH(1,Data!$J$2:$J$25,0)) -> CV Karya Persada | D7: Teks: nama vendor
A8: 8b | B8: Vendor dengan skor ketepatan terendah | C8: =INDEX(Data!$B$2:$B$25,MATCH(MIN(Data!$F$2:$F$25),Data!$F$2:$F$25,0)) -> PT Mitra Makmur | D8: Teks: nama vendor
A9: 9a | B9: Vendor Pilihan Utama | C9: =COUNTIF(Data!$H$2:$H$25,"Pilihan Utama") -> 3 | D9: Angka bulat, mis. 5
A10: 9b | B10: Vendor dengan kontrak 0 bulan | C10: =COUNTIF(Data!$I$2:$I$25,0) -> 4 | D10: Angka bulat, mis. 3
A11: 10a | B11: Kategori dengan rata-rata skor tertinggi | C11: =INDEX(Acuan!$B$2:$B$5,MATCH(MAX(Acuan!$E$2:$E$5),Acuan!$E$2:$E$5,0)) -> Pilihan Utama | D11: Teks: nama kategori
A12: 10b | B12: Total masa kontrak seluruh vendor | C12: =SUM(Data!$I$2:$I$25) -> 228 | D12: Angka bulat, mis. 250
A13: 11a | B13: Rata-rata skor akhir vendor Bahan Baku | C13: =AVERAGEIF(Data!$C$2:$C$25,"Bahan Baku",Data!$G$2:$G$25) -> 74.60625 | D13: Angka desimal, mis. 76,50
A14: 11b | B14: Vendor Kemasan berkategori Disetujui | C14: =COUNTIFS(Data!$C$2:$C$25,"Kemasan",Data!$H$2:$H$25,"Disetujui") -> 3 | D14: Angka bulat, mis. 2
A15: 12a | B15: Skor akhir tertinggi | C15: =MAX(Data!$G$2:$G$25) -> 94.45 | D15: Angka desimal, mis. 92,50
A16: 12b | B16: Skor akhir terendah | C16: =MIN(Data!$G$2:$G$25) -> 47 | D16: Angka desimal, mis. 55,25
A17: 13a | B17: Vendor Angkutan dengan skor mutu 80 ke atas | C17: =COUNTIFS(Data!$C$2:$C$25,"Angkutan",Data!$E$2:$E$25,">=80") -> 3 | D17: Angka bulat, mis. 4
A18: 13b | B18: Total skor ketepatan vendor Kemasan | C18: =SUMIF(Data!$C$2:$C$25,"Kemasan",Data!$F$2:$F$25) -> 609 | D18: Angka bulat, mis. 600
