Workbook

Sheet Petunjuk
A1: Kunci Jawaban: Neraca Saldo dari Jurnal Umum
A2: Latihan 37 dari 56 | Tingkat: Lanjutan | Perkiraan waktu: 70 menit | pushexcel.github.io/Pushexcel
A4: Skenario
A5: Kamu staf akuntansi UD Berkah Jaya. Jurnal umum bulan Juli sampai September 2026 berisi 43 baris yang sudah seimbang antara debit dan kredit. Daftar 12 akun beserta tipenya ada di sheet Acuan. Kamu menyusun neraca saldo: menjumlahkan debit dan kredit tiap akun, menentukan saldo debit atau saldo kredit, lalu memeriksa apakah total saldo debit sama dengan total saldo kredit dan menghitung laba bersih periode ini.
A7: Cara memakai kunci
A8: 1. | B8: Sel hijau berisi rumus kunci yang sudah dihitung. Klik sel untuk melihat rumusnya.
A9: 2. | B9: Kolom Rumus kunci di bawah menampilkan rumus untuk baris pertama atau tiap sel jawaban.
A10: 3. | B10: Rumus ditulis dengan titik koma (;). Ganti dengan koma (,) bila Excel kamu berbahasa Inggris.
A11: 4. | B11: Jawaban lain yang benar secara logika juga boleh, selama hasilnya sama.
A13: Arti warna
B14: Judul kolom data yang sudah diberikan
B15: Judul kolom hasil hitung
B16: Sel berisi rumus kunci
A18: Daftar soal
A19: No | B19: Soal | C19: Jawab di | D19: Rumus kunci
A20: 1 | B20: Ambil nama akun dari sheet Acuan berdasarkan Kode Akun. | C20: Sheet Data, kolom G (Nama Akun), baris 2 sampai 44 | D20: =VLOOKUP(C2;Acuan!$A$2:$C$13;2;FALSE)
A21: 2 | B21: Ambil tipe akun (Aset, Utang, Modal, Pendapatan, atau Beban) dari sheet Acuan. | C21: Sheet Data, kolom H (Tipe Akun), baris 2 sampai 44 | D21: =VLOOKUP(C2;Acuan!$A$2:$C$13;3;FALSE)
A22: 3 | B22: Pada sheet Acuan, hitung total debit tiap akun dari jurnal. | C22: Sheet Acuan, kolom D (Total Debit), baris 2 sampai 13 | D22: =SUMIF(Data!$C$2:$C$44;A2;Data!$E$2:$E$44)
A23: 4 | B23: Pada sheet Acuan, hitung total kredit tiap akun dari jurnal. | C23: Sheet Acuan, kolom E (Total Kredit), baris 2 sampai 13 | D23: =SUMIF(Data!$C$2:$C$44;A2;Data!$F$2:$F$44)
A24: 5 | B24: Pada sheet Acuan, hitung saldo debit: selisih total debit dan total kredit bila debit lebih besar. Selain itu 0. | C24: Sheet Acuan, kolom F (Saldo Debit), baris 2 sampai 13 | D24: =IF(D2>E2;D2-E2;0)
A25: 6 | B25: Pada sheet Acuan, hitung saldo kredit: selisih total kredit dan total debit bila kredit lebih besar. Selain itu 0. | C25: Sheet Acuan, kolom G (Saldo Kredit), baris 2 sampai 13 | D25: =IF(E2>D2;E2-D2;0)
A26: 7 | B26: Berapa total debit dan total kredit seluruh jurnal, dan apakah keduanya seimbang? | C26: Sheet Ringkasan, sel C4 sampai C6 | D26: =SUM(Data!$E$2:$E$44) =SUM(Data!$F$2:$F$44) =IF(C4=C5;"Seimbang";"Tidak Seimbang")
A27: 8 | B27: Berapa total saldo debit dan total saldo kredit pada neraca saldo, dan apakah keduanya sama? | C27: Sheet Ringkasan, sel C7 sampai C9 | D27: =SUM(Acuan!$F$2:$F$13) =SUM(Acuan!$G$2:$G$13) =IF(C7=C8;"Ya";"Tidak")
A28: 9 | B28: Berapa total saldo debit akun bertipe Aset, dan berapa total saldo kredit akun bertipe Utang dan Modal? | C28: Sheet Ringkasan, sel C10 sampai C11 | D28: =SUMIF(Acuan!$C$2:$C$13;"Aset";Acuan!$F$2:$F$13) =SUMIF(Acuan!$C$2:$C$13;"Utang";Acuan!$G$2:$G$13)+SUMIF(Acuan!$C$2:$C$13;"Modal";Acuan!$G$2:$G$13)
A29: 10 | B29: Berapa laba bersih periode ini, yaitu pendapatan dikurangi seluruh beban? | C29: Sheet Ringkasan, sel C12 | D29: =SUMIF(Acuan!$C$2:$C$13;"Pendapatan";Acuan!$G$2:$G$13)-SUMIF(Acuan!$C$2:$C$13;"Beban";Acuan!$F$2:$F$13)
A30: 11 | B30: Akun apa yang saldo debitnya terbesar, dan berapa akun yang bersaldo kredit? | C30: Sheet Ringkasan, sel C13 sampai C14 | D30: =INDEX(Acuan!$B$2:$B$13;MATCH(MAX(Acuan!$F$2:$F$13);Acuan!$F$2:$F$13;0)) =COUNTIF(Acuan!$G$2:$G$13;">0")
A31: 12 | B31: Berapa baris jurnal yang memakai akun Kas (kode 1101), dan berapa total kredit akun Kas? | C31: Sheet Ringkasan, sel C15 sampai C16 | D31: =COUNTIF(Data!$C$2:$C$44;1101) =SUMIF(Data!$C$2:$C$44;1101;Data!$F$2:$F$44)

Sheet Data
A1: No Bukti | B1: Tanggal | C1: Kode Akun | D1: Keterangan | E1: Debit | F1: Kredit | G1: Nama Akun | H1: Tipe Akun
A2: JU-001 | B2: 46204 | C2: 1101 | D2: Setoran modal awal | E2: 100000000 | F2: 0 | G2: =VLOOKUP(C2,Acuan!$A$2:$C$13,2,FALSE()) -> Kas | H2: =VLOOKUP(C2,Acuan!$A$2:$C$13,3,FALSE()) -> Aset
A3: JU-001 | B3: 46204 | C3: 1102 | D3: Setoran modal awal | E3: 50000000 | F3: 0 | G3: =VLOOKUP(C3,Acuan!$A$2:$C$13,2,FALSE()) -> Bank | H3: =VLOOKUP(C3,Acuan!$A$2:$C$13,3,FALSE()) -> Aset
A4: JU-001 | B4: 46204 | C4: 3101 | D4: Setoran modal awal | E4: 0 | F4: 150000000 | G4: =VLOOKUP(C4,Acuan!$A$2:$C$13,2,FALSE()) -> Modal Pemilik | H4: =VLOOKUP(C4,Acuan!$A$2:$C$13,3,FALSE()) -> Modal
A5: JU-002 | B5: 46206 | C5: 5201 | D5: Pembayaran gaji | E5: 3125000 | F5: 0 | G5: =VLOOKUP(C5,Acuan!$A$2:$C$13,2,FALSE()) -> Beban Gaji | H5: =VLOOKUP(C5,Acuan!$A$2:$C$13,3,FALSE()) -> Beban
A6: JU-002 | B6: 46206 | C6: 1101 | D6: Pembayaran gaji | E6: 0 | F6: 3125000 | G6: =VLOOKUP(C6,Acuan!$A$2:$C$13,2,FALSE()) -> Kas | H6: =VLOOKUP(C6,Acuan!$A$2:$C$13,3,FALSE()) -> Aset
A7: JU-003 | B7: 46207 | C7: 1201 | D7: Penjualan kredit | E7: 2000000 | F7: 0 | G7: =VLOOKUP(C7,Acuan!$A$2:$C$13,2,FALSE()) -> Piutang Usaha | H7: =VLOOKUP(C7,Acuan!$A$2:$C$13,3,FALSE()) -> Aset
A8: JU-003 | B8: 46207 | C8: 4101 | D8: Penjualan kredit | E8: 0 | F8: 2000000 | G8: =VLOOKUP(C8,Acuan!$A$2:$C$13,2,FALSE()) -> Penjualan | H8: =VLOOKUP(C8,Acuan!$A$2:$C$13,3,FALSE()) -> Pendapatan
A9: JU-004 | B9: 46211 | C9: 1201 | D9: Penjualan kredit | E9: 2000000 | F9: 0 | G9: =VLOOKUP(C9,Acuan!$A$2:$C$13,2,FALSE()) -> Piutang Usaha | H9: =VLOOKUP(C9,Acuan!$A$2:$C$13,3,FALSE()) -> Aset
A10: JU-004 | B10: 46211 | C10: 4101 | D10: Penjualan kredit | E10: 0 | F10: 2000000 | G10: =VLOOKUP(C10,Acuan!$A$2:$C$13,2,FALSE()) -> Penjualan | H10: =VLOOKUP(C10,Acuan!$A$2:$C$13,3,FALSE()) -> Pendapatan
A11: JU-005 | B11: 46214 | C11: 5202 | D11: Pembayaran listrik dan air | E11: 812500 | F11: 0 | G11: =VLOOKUP(C11,Acuan!$A$2:$C$13,2,FALSE()) -> Beban Listrik dan Air | H11: =VLOOKUP(C11,Acuan!$A$2:$C$13,3,FALSE()) -> Beban
A12: JU-005 | B12: 46214 | C12: 1102 | D12: Pembayaran listrik dan air | E12: 0 | F12: 812500 | G12: =VLOOKUP(C12,Acuan!$A$2:$C$13,2,FALSE()) -> Bank | H12: =VLOOKUP(C12,Acuan!$A$2:$C$13,3,FALSE()) -> Aset
A13: JU-006 | B13: 46215 | C13: 5201 | D13: Pembayaran gaji | E13: 4875000 | F13: 0 | G13: =VLOOKUP(C13,Acuan!$A$2:$C$13,2,FALSE()) -> Beban Gaji | H13: =VLOOKUP(C13,Acuan!$A$2:$C$13,3,FALSE()) -> Beban
... A44: JU-021 | B44: 46251 | C44: 4101 | D44: Penjualan kredit | E44: 0 | F44: 11500000 | G44: =VLOOKUP(C44,Acuan!$A$2:$C$13,2,FALSE()) -> Penjualan | H44: =VLOOKUP(C44,Acuan!$A$2:$C$13,3,FALSE()) -> Pendapatan

Sheet Acuan
A1: Kode Akun | B1: Nama Akun | C1: Tipe Akun | D1: Total Debit | E1: Total Kredit | F1: Saldo Debit | G1: Saldo Kredit
A2: 1101 | B2: Kas | C2: Aset | D2: =SUMIF(Data!$C$2:$C$44,A2,Data!$E$2:$E$44) -> 131500000 | E2: =SUMIF(Data!$C$2:$C$44,A2,Data!$F$2:$F$44) -> 17750000 | F2: =IF(D2>E2,D2-E2,0) -> 113750000 | G2: =IF(E2>D2,E2-D2,0) -> 0
A3: 1102 | B3: Bank | C3: Aset | D3: =SUMIF(Data!$C$2:$C$44,A3,Data!$E$2:$E$44) -> 53500000 | E3: =SUMIF(Data!$C$2:$C$44,A3,Data!$F$2:$F$44) -> 8687500 | F3: =IF(D3>E3,D3-E3,0) -> 44812500 | G3: =IF(E3>D3,E3-D3,0) -> 0
A4: 1201 | B4: Piutang Usaha | C4: Aset | D4: =SUMIF(Data!$C$2:$C$44,A4,Data!$E$2:$E$44) -> 18500000 | E4: =SUMIF(Data!$C$2:$C$44,A4,Data!$F$2:$F$44) -> 3500000 | F4: =IF(D4>E4,D4-E4,0) -> 15000000 | G4: =IF(E4>D4,E4-D4,0) -> 0
A5: 1301 | B5: Persediaan Barang | C5: Aset | D5: =SUMIF(Data!$C$2:$C$44,A5,Data!$E$2:$E$44) -> 28500000 | E5: =SUMIF(Data!$C$2:$C$44,A5,Data!$F$2:$F$44) -> 9750000 | F5: =IF(D5>E5,D5-E5,0) -> 18750000 | G5: =IF(E5>D5,E5-D5,0) -> 0
A6: 2101 | B6: Utang Usaha | C6: Utang | D6: =SUMIF(Data!$C$2:$C$44,A6,Data!$E$2:$E$44) -> 0 | E6: =SUMIF(Data!$C$2:$C$44,A6,Data!$F$2:$F$44) -> 28500000 | F6: =IF(D6>E6,D6-E6,0) -> 0 | G6: =IF(E6>D6,E6-D6,0) -> 28500000
A7: 3101 | B7: Modal Pemilik | C7: Modal | D7: =SUMIF(Data!$C$2:$C$44,A7,Data!$E$2:$E$44) -> 0 | E7: =SUMIF(Data!$C$2:$C$44,A7,Data!$F$2:$F$44) -> 150000000 | F7: =IF(D7>E7,D7-E7,0) -> 0 | G7: =IF(E7>D7,E7-D7,0) -> 150000000
A8: 4101 | B8: Penjualan | C8: Pendapatan | D8: =SUMIF(Data!$C$2:$C$44,A8,Data!$E$2:$E$44) -> 0 | E8: =SUMIF(Data!$C$2:$C$44,A8,Data!$F$2:$F$44) -> 50000000 | F8: =IF(D8>E8,D8-E8,0) -> 0 | G8: =IF(E8>D8,E8-D8,0) -> 50000000
A9: 5101 | B9: Harga Pokok Penjualan | C9: Beban | D9: =SUMIF(Data!$C$2:$C$44,A9,Data!$E$2:$E$44) -> 9750000 | E9: =SUMIF(Data!$C$2:$C$44,A9,Data!$F$2:$F$44) -> 0 | F9: =IF(D9>E9,D9-E9,0) -> 9750000 | G9: =IF(E9>D9,E9-D9,0) -> 0
A10: 5201 | B10: Beban Gaji | C10: Beban | D10: =SUMIF(Data!$C$2:$C$44,A10,Data!$E$2:$E$44) -> 12750000 | E10: =SUMIF(Data!$C$2:$C$44,A10,Data!$F$2:$F$44) -> 0 | F10: =IF(D10>E10,D10-E10,0) -> 12750000 | G10: =IF(E10>D10,E10-D10,0) -> 0
A11: 5202 | B11: Beban Listrik dan Air | C11: Beban | D11: =SUMIF(Data!$C$2:$C$44,A11,Data!$E$2:$E$44) -> 2687500 | E11: =SUMIF(Data!$C$2:$C$44,A11,Data!$F$2:$F$44) -> 0 | F11: =IF(D11>E11,D11-E11,0) -> 2687500 | G11: =IF(E11>D11,E11-D11,0) -> 0
A12: 5203 | B12: Beban Sewa | C12: Beban | D12: =SUMIF(Data!$C$2:$C$44,A12,Data!$E$2:$E$44) -> 6000000 | E12: =SUMIF(Data!$C$2:$C$44,A12,Data!$F$2:$F$44) -> 0 | F12: =IF(D12>E12,D12-E12,0) -> 6000000 | G12: =IF(E12>D12,E12-D12,0) -> 0
A13: 5204 | B13: Beban Perlengkapan | C13: Beban | D13: =SUMIF(Data!$C$2:$C$44,A13,Data!$E$2:$E$44) -> 5000000 | E13: =SUMIF(Data!$C$2:$C$44,A13,Data!$F$2:$F$44) -> 0 | F13: =IF(D13>E13,D13-E13,0) -> 5000000 | G13: =IF(E13>D13,E13-D13,0) -> 0

Sheet Ringkasan
A1: Ringkasan: lembar jawaban soal berjenis ringkasan
A2: Sel hijau berisi rumus kunci.
A3: No | B3: Pertanyaan | C3: Jawaban | D3: Contoh format hasil
A4: 7a | B4: Total debit jurnal | C4: =SUM(Data!$E$2:$E$44) -> 268187500 | D4: Rupiah, mis. Rp 400.000.000
A5: 7b | B5: Total kredit jurnal | C5: =SUM(Data!$F$2:$F$44) -> 268187500 | D5: Rupiah, mis. Rp 400.000.000
A6: 7c | B6: Status keseimbangan jurnal | C6: =IF(C4=C5,"Seimbang","Tidak Seimbang") -> Seimbang | D6: Teks: Seimbang atau Tidak Seimbang
A7: 8a | B7: Total saldo debit | C7: =SUM(Acuan!$F$2:$F$13) -> 228500000 | D7: Rupiah, mis. Rp 300.000.000
A8: 8b | B8: Total saldo kredit | C8: =SUM(Acuan!$G$2:$G$13) -> 228500000 | D8: Rupiah, mis. Rp 300.000.000
A9: 8c | B9: Neraca saldo seimbang? | C9: =IF(C7=C8,"Ya","Tidak") -> Ya | D9: Teks: Ya atau Tidak
A10: 9a | B10: Total aset (saldo debit tipe Aset) | C10: =SUMIF(Acuan!$C$2:$C$13,"Aset",Acuan!$F$2:$F$13) -> 192312500 | D10: Rupiah, mis. Rp 250.000.000
A11: 9b | B11: Total utang dan modal (saldo kredit) | C11: =SUMIF(Acuan!$C$2:$C$13,"Utang",Acuan!$G$2:$G$13)+SUMIF(Acuan!$C$2:$C$13,"Modal",Acuan!$G$2:$G$13) -> 178500000 | D11: Rupiah, mis. Rp 200.000.000
A12: 10 | B12: Laba bersih periode ini | C12: =SUMIF(Acuan!$C$2:$C$13,"Pendapatan",Acuan!$G$2:$G$13)-SUMIF(Acuan!$C$2:$C$13,"Beban",Acuan!$F$2:$F$13) -> 13812500 | D12: Rupiah, mis. Rp 15.000.000
A13: 11a | B13: Akun dengan saldo debit terbesar | C13: =INDEX(Acuan!$B$2:$B$13,MATCH(MAX(Acuan!$F$2:$F$13),Acuan!$F$2:$F$13,0)) -> Kas | D13: Teks: nama akun
A14: 11b | B14: Jumlah akun bersaldo kredit | C14: =COUNTIF(Acuan!$G$2:$G$13,">0") -> 3 | D14: Angka bulat, mis. 4
A15: 12a | B15: Jumlah baris jurnal akun Kas | C15: =COUNTIF(Data!$C$2:$C$44,1101) -> 9 | D15: Angka bulat, mis. 10
A16: 12b | B16: Total kredit akun Kas | C16: =SUMIF(Data!$C$2:$C$44,1101,Data!$F$2:$F$44) -> 17750000 | D16: Rupiah, mis. Rp 5.000.000
