Workbook

Sheet Petunjuk
A1: Kunci Jawaban: Segmentasi Pelanggan dengan Skor RFM
A2: Latihan 92 dari 40 | Tingkat: Lanjutan | Perkiraan waktu: 65 menit | pushexcel.github.io/Pushexcel
A4: Skenario
A5: Kamu staf pemasaran Toko Kopi Nusa yang menyegmentasikan 32 pelanggan berdasarkan RFM. Tiap pelanggan punya tanggal belanja terakhir, frekuensi belanja (jumlah transaksi dalam 12 bulan terakhir), dan total nilai belanja. Hari sejak belanja dihitung dari tanggal acuan 31 Desember 2026 (ada di blok Parameter). Skor R, F, dan M (1 sampai 5) diambil dari tabel batas di sheet Acuan: makin baru belanja makin tinggi skor R, makin sering dan makin besar belanja makin tinggi skor F dan M. Skor total adalah jumlah ketiga skor, lalu segmen ditentukan dari tabel segmen di sheet Acuan.
A7: Cara memakai kunci
A8: 1. | B8: Sel hijau berisi rumus kunci yang sudah dihitung. Klik sel untuk melihat rumusnya.
A9: 2. | B9: Kolom Rumus kunci di bawah menampilkan rumus untuk baris pertama atau tiap sel jawaban.
A10: 3. | B10: Rumus ditulis dengan titik koma (;). Ganti dengan koma (,) bila Excel kamu berbahasa Inggris.
A11: 4. | B11: Jawaban lain yang benar secara logika juga boleh, selama hasilnya sama.
A13: Arti warna
B14: Judul kolom data yang sudah diberikan
B15: Judul kolom hasil hitung
B16: Sel berisi rumus kunci
B17: Angka berwarna biru pada blok Parameter = nilai tetap yang boleh dirujuk
A19: Daftar soal
A20: No | B20: Soal | C20: Jawab di | D20: Rumus kunci
A21: 1 | B21: Hitung berapa hari sejak belanja terakhir sampai tanggal acuan di sel Parameter. | C21: Sheet Data, kolom F (Hari Sejak Belanja), baris 2 sampai 33 | D21: =$O$2-C2
A22: 2 | B22: Ambil skor R dari tabel Batas Hari di sheet Acuan memakai hari sejak belanja (pencocokan perkiraan). | C22: Sheet Data, kolom G (Skor R), baris 2 sampai 33 | D22: =VLOOKUP(F2;Acuan!$A$2:$B$6;2;TRUE)
A23: 3 | B23: Ambil skor F dari tabel Batas Frekuensi di sheet Acuan memakai frekuensi belanja. | C23: Sheet Data, kolom H (Skor F), baris 2 sampai 33 | D23: =VLOOKUP(D2;Acuan!$C$2:$D$6;2;TRUE)
A24: 4 | B24: Ambil skor M dari tabel Batas Nilai di sheet Acuan memakai nilai belanja. | C24: Sheet Data, kolom I (Skor M), baris 2 sampai 33 | D24: =VLOOKUP(E2;Acuan!$E$2:$F$6;2;TRUE)
A25: 5 | B25: Hitung skor total: Skor R ditambah Skor F ditambah Skor M. | C25: Sheet Data, kolom J (Skor Total), baris 2 sampai 33 | D25: =G2+H2+I2
A26: 6 | B26: Tentukan segmen dari skor total memakai tabel Skor Total Minimal di sheet Acuan (pencocokan perkiraan). | C26: Sheet Data, kolom K (Segmen), baris 2 sampai 33 | D26: =VLOOKUP(J2;Acuan!$G$2:$H$6;2;TRUE)
A27: 7 | B27: Hitung rata-rata nilai satu transaksi: nilai belanja dibagi frekuensi. | C27: Sheet Data, kolom L (Nilai per Transaksi), baris 2 sampai 33 | D27: =E2/D2
A28: 8 | B28: Pada sheet Acuan, hitung jumlah pelanggan tiap segmen. | C28: Sheet Acuan, kolom I (Jumlah Pelanggan), baris 2 sampai 6 | D28: =COUNTIF(Data!$K$2:$K$33;H2)
A29: 9 | B29: Pada sheet Acuan, hitung total nilai belanja tiap segmen. | C29: Sheet Acuan, kolom J (Total Nilai Segmen), baris 2 sampai 6 | D29: =SUMIF(Data!$K$2:$K$33;H2;Data!$E$2:$E$33)
A30: 10 | B30: Berapa rata-rata hari sejak belanja seluruh pelanggan, dan berapa pelanggan yang belanja dalam 30 hari terakhir? | C30: Sheet Ringkasan, sel C4 sampai C5 | D30: =AVERAGE(Data!$F$2:$F$33) =COUNTIF(Data!$F$2:$F$33;"<=30")
A31: 11 | B31: Berapa total nilai belanja seluruh pelanggan, dan berapa rata-rata skor total? | C31: Sheet Ringkasan, sel C6 sampai C7 | D31: =SUM(Data!$E$2:$E$33) =AVERAGE(Data!$J$2:$J$33)
... A34: 14 | B34: Berapa pelanggan yang baru belanja (Skor R 4 ke atas) tetapi jarang belanja (Skor F 2 ke bawah), dan berapa persen nilai belanja total yang disumbang segmen Juara? | C34: Sheet Ringkasan, sel C13 sampai C14 | D34: =COUNTIFS(Data!$G$2:$G$33;">=4";Data!$H$2:$H$33;"<=2") =SUMIF(Data!$K$2:$K$33;"Juara";Data!$E$2:$E$33)/SUM(Data!$E$2:$E$33)

Sheet Data
A1: ID | B1: Nama Pelanggan | C1: Belanja Terakhir | D1: Frekuensi | E1: Nilai Belanja | F1: Hari Sejak Belanja | G1: Skor R | H1: Skor F | I1: Skor M | J1: Skor Total | K1: Segmen | L1: Nilai per Transaksi | N1: Parameter | O1: Nilai | P1: Keterangan
A2: PLG-01 | B2: Indah Sari | C2: 46305 | D2: 5 | E2: 2250000 | F2: =$O$2-C2 -> 82 | G2: =VLOOKUP(F2,Acuan!$A$2:$B$6,2,TRUE()) -> 3 | H2: =VLOOKUP(D2,Acuan!$C$2:$D$6,2,TRUE()) -> 2 | I2: =VLOOKUP(E2,Acuan!$E$2:$F$6,2,TRUE()) -> 2 | J2: =G2+H2+I2 -> 7 | K2: =VLOOKUP(J2,Acuan!$G$2:$H$6,2,TRUE()) -> Tidur | L2: =E2/D2 -> 450000 | N2: Tanggal acuan | O2: 46387 | P2: Pengganti tanggal hari ini
A3: PLG-02 | B3: Fitri Amalia | C3: 46346 | D3: 13 | E3: 7800000 | F3: =$O$2-C3 -> 41 | G3: =VLOOKUP(F3,Acuan!$A$2:$B$6,2,TRUE()) -> 4 | H3: =VLOOKUP(D3,Acuan!$C$2:$D$6,2,TRUE()) -> 4 | I3: =VLOOKUP(E3,Acuan!$E$2:$F$6,2,TRUE()) -> 4 | J3: =G3+H3+I3 -> 12 | K3: =VLOOKUP(J3,Acuan!$G$2:$H$6,2,TRUE()) -> Setia | L3: =E3/D3 -> 600000
A4: PLG-03 | B4: Bambang Kurniawan | C4: 46192 | D4: 7 | E4: 2100000 | F4: =$O$2-C4 -> 195 | G4: =VLOOKUP(F4,Acuan!$A$2:$B$6,2,TRUE()) -> 2 | H4: =VLOOKUP(D4,Acuan!$C$2:$D$6,2,TRUE()) -> 3 | I4: =VLOOKUP(E4,Acuan!$E$2:$F$6,2,TRUE()) -> 2 | J4: =G4+H4+I4 -> 7 | K4: =VLOOKUP(J4,Acuan!$G$2:$H$6,2,TRUE()) -> Tidur | L4: =E4/D4 -> 300000
A5: PLG-04 | B5: Lina Pangestu | C5: 46175 | D5: 1 | E5: 350000 | F5: =$O$2-C5 -> 212 | G5: =VLOOKUP(F5,Acuan!$A$2:$B$6,2,TRUE()) -> 2 | H5: =VLOOKUP(D5,Acuan!$C$2:$D$6,2,TRUE()) -> 1 | I5: =VLOOKUP(E5,Acuan!$E$2:$F$6,2,TRUE()) -> 1 | J5: =G5+H5+I5 -> 4 | K5: =VLOOKUP(J5,Acuan!$G$2:$H$6,2,TRUE()) -> Hilang | L5: =E5/D5 -> 350000
A6: PLG-05 | B6: Yoga Suryani | C6: 46331 | D6: 3 | E6: 1350000 | F6: =$O$2-C6 -> 56 | G6: =VLOOKUP(F6,Acuan!$A$2:$B$6,2,TRUE()) -> 4 | H6: =VLOOKUP(D6,Acuan!$C$2:$D$6,2,TRUE()) -> 2 | I6: =VLOOKUP(E6,Acuan!$E$2:$F$6,2,TRUE()) -> 2 | J6: =G6+H6+I6 -> 8 | K6: =VLOOKUP(J6,Acuan!$G$2:$H$6,2,TRUE()) -> Berpotensi | L6: =E6/D6 -> 450000
A7: PLG-06 | B7: Lestari Kurniawan | C7: 46230 | D7: 6 | E7: 1200000 | F7: =$O$2-C7 -> 157 | G7: =VLOOKUP(F7,Acuan!$A$2:$B$6,2,TRUE()) -> 2 | H7: =VLOOKUP(D7,Acuan!$C$2:$D$6,2,TRUE()) -> 3 | I7: =VLOOKUP(E7,Acuan!$E$2:$F$6,2,TRUE()) -> 2 | J7: =G7+H7+I7 -> 7 | K7: =VLOOKUP(J7,Acuan!$G$2:$H$6,2,TRUE()) -> Tidur | L7: =E7/D7 -> 200000
A8: PLG-07 | B8: Zainal Ramadhan | C8: 46350 | D8: 6 | E8: 1800000 | F8: =$O$2-C8 -> 37 | G8: =VLOOKUP(F8,Acuan!$A$2:$B$6,2,TRUE()) -> 4 | H8: =VLOOKUP(D8,Acuan!$C$2:$D$6,2,TRUE()) -> 3 | I8: =VLOOKUP(E8,Acuan!$E$2:$F$6,2,TRUE()) -> 2 | J8: =G8+H8+I8 -> 9 | K8: =VLOOKUP(J8,Acuan!$G$2:$H$6,2,TRUE()) -> Berpotensi | L8: =E8/D8 -> 300000
A9: PLG-08 | B9: Kartika Wijaya | C9: 46302 | D9: 5 | E9: 750000 | F9: =$O$2-C9 -> 85 | G9: =VLOOKUP(F9,Acuan!$A$2:$B$6,2,TRUE()) -> 3 | H9: =VLOOKUP(D9,Acuan!$C$2:$D$6,2,TRUE()) -> 2 | I9: =VLOOKUP(E9,Acuan!$E$2:$F$6,2,TRUE()) -> 1 | J9: =G9+H9+I9 -> 6 | K9: =VLOOKUP(J9,Acuan!$G$2:$H$6,2,TRUE()) -> Tidur | L9: =E9/D9 -> 150000
A10: PLG-09 | B10: Lina Nugroho | C10: 46371 | D10: 2 | E10: 400000 | F10: =$O$2-C10 -> 16 | G10: =VLOOKUP(F10,Acuan!$A$2:$B$6,2,TRUE()) -> 5 | H10: =VLOOKUP(D10,Acuan!$C$2:$D$6,2,TRUE()) -> 1 | I10: =VLOOKUP(E10,Acuan!$E$2:$F$6,2,TRUE()) -> 1 | J10: =G10+H10+I10 -> 7 | K10: =VLOOKUP(J10,Acuan!$G$2:$H$6,2,TRUE()) -> Tidur | L10: =E10/D10 -> 200000
A11: PLG-10 | B11: Zainal Putra | C11: 46150 | D11: 1 | E11: 100000 | F11: =$O$2-C11 -> 237 | G11: =VLOOKUP(F11,Acuan!$A$2:$B$6,2,TRUE()) -> 2 | H11: =VLOOKUP(D11,Acuan!$C$2:$D$6,2,TRUE()) -> 1 | I11: =VLOOKUP(E11,Acuan!$E$2:$F$6,2,TRUE()) -> 1 | J11: =G11+H11+I11 -> 4 | K11: =VLOOKUP(J11,Acuan!$G$2:$H$6,2,TRUE()) -> Hilang | L11: =E11/D11 -> 100000
A12: PLG-11 | B12: Dewi Syahputra | C12: 46334 | D12: 8 | E12: 2400000 | F12: =$O$2-C12 -> 53 | G12: =VLOOKUP(F12,Acuan!$A$2:$B$6,2,TRUE()) -> 4 | H12: =VLOOKUP(D12,Acuan!$C$2:$D$6,2,TRUE()) -> 3 | I12: =VLOOKUP(E12,Acuan!$E$2:$F$6,2,TRUE()) -> 2 | J12: =G12+H12+I12 -> 9 | K12: =VLOOKUP(J12,Acuan!$G$2:$H$6,2,TRUE()) -> Berpotensi | L12: =E12/D12 -> 300000
A13: PLG-12 | B13: Lina Hidayat | C13: 46327 | D13: 13 | E13: 4550000 | F13: =$O$2-C13 -> 60 | G13: =VLOOKUP(F13,Acuan!$A$2:$B$6,2,TRUE()) -> 4 | H13: =VLOOKUP(D13,Acuan!$C$2:$D$6,2,TRUE()) -> 4 | I13: =VLOOKUP(E13,Acuan!$E$2:$F$6,2,TRUE()) -> 3 | J13: =G13+H13+I13 -> 11 | K13: =VLOOKUP(J13,Acuan!$G$2:$H$6,2,TRUE()) -> Setia | L13: =E13/D13 -> 350000
A14: PLG-13 | B14: Farida Permana | C14: 46372 | D14: 13 | E14: 3900000 | F14: =$O$2-C14 -> 15 | G14: =VLOOKUP(F14,Acuan!$A$2:$B$6,2,TRUE()) -> 5 | H14: =VLOOKUP(D14,Acuan!$C$2:$D$6,2,TRUE()) -> 4 | I14: =VLOOKUP(E14,Acuan!$E$2:$F$6,2,TRUE()) -> 3 | J14: =G14+H14+I14 -> 12 | K14: =VLOOKUP(J14,Acuan!$G$2:$H$6,2,TRUE()) -> Setia | L14: =E14/D14 -> 300000
... A33: PLG-32 | B33: Eka Firmansyah | C33: 46229 | D33: 7 | E33: 3500000 | F33: =$O$2-C33 -> 158 | G33: =VLOOKUP(F33,Acuan!$A$2:$B$6,2,TRUE()) -> 2 | H33: =VLOOKUP(D33,Acuan!$C$2:$D$6,2,TRUE()) -> 3 | I33: =VLOOKUP(E33,Acuan!$E$2:$F$6,2,TRUE()) -> 3 | J33: =G33+H33+I33 -> 8 | K33: =VLOOKUP(J33,Acuan!$G$2:$H$6,2,TRUE()) -> Berpotensi | L33: =E33/D33 -> 500000

Sheet Acuan
A1: Batas Hari | B1: Skor R | C1: Batas Frekuensi | D1: Skor F | E1: Batas Nilai | F1: Skor M | G1: Skor Total Minimal | H1: Segmen | I1: Jumlah Pelanggan | J1: Total Nilai Segmen
A2: 0 | B2: 5 | C2: 1 | D2: 1 | E2: 0 | F2: 1 | G2: 3 | H2: Hilang | I2: =COUNTIF(Data!$K$2:$K$33,H2) -> 5 | J2: =SUMIF(Data!$K$2:$K$33,H2,Data!$E$2:$E$33) -> 1850000
A3: 31 | B3: 4 | C3: 3 | D3: 2 | E3: 1000000 | F3: 2 | G3: 6 | H3: Tidur | I3: =COUNTIF(Data!$K$2:$K$33,H3) -> 8 | J3: =SUMIF(Data!$K$2:$K$33,H3,Data!$E$2:$E$33) -> 11100000
A4: 61 | B4: 3 | C4: 6 | D4: 3 | E4: 3000000 | F4: 3 | G4: 8 | H4: Berpotensi | I4: =COUNTIF(Data!$K$2:$K$33,H4) -> 10 | J4: =SUMIF(Data!$K$2:$K$33,H4,Data!$E$2:$E$33) -> 27800000
A5: 121 | B5: 2 | C5: 10 | D5: 4 | E5: 6000000 | F5: 4 | G5: 11 | H5: Setia | I5: =COUNTIF(Data!$K$2:$K$33,H5) -> 6 | J5: =SUMIF(Data!$K$2:$K$33,H5,Data!$E$2:$E$33) -> 33200000
A6: 241 | B6: 1 | C6: 15 | D6: 5 | E6: 10000000 | F6: 5 | G6: 13 | H6: Juara | I6: =COUNTIF(Data!$K$2:$K$33,H6) -> 3 | J6: =SUMIF(Data!$K$2:$K$33,H6,Data!$E$2:$E$33) -> 29600000

Sheet Ringkasan
A1: Ringkasan: lembar jawaban soal berjenis ringkasan
A2: Sel hijau berisi rumus kunci.
A3: No | B3: Pertanyaan | C3: Jawaban | D3: Contoh format hasil
A4: 10a | B4: Rata-rata hari sejak belanja | C4: =AVERAGE(Data!$F$2:$F$33) -> 102.875 | D4: Angka desimal, mis. 85,5
A5: 10b | B5: Pelanggan belanja dalam 30 hari terakhir | C5: =COUNTIF(Data!$F$2:$F$33,"<=30") -> 7 | D5: Angka bulat, mis. 9
A6: 11a | B6: Total nilai belanja | C6: =SUM(Data!$E$2:$E$33) -> 103550000 | D6: Rupiah, mis. Rp 250.000.000
A7: 11b | B7: Rata-rata skor total | C7: =AVERAGE(Data!$J$2:$J$33) -> 8.40625 | D7: Angka desimal, mis. 8,25
A8: 12a | B8: Pelanggan dengan nilai belanja terbesar | C8: =INDEX(Data!$B$2:$B$33,MATCH(MAX(Data!$E$2:$E$33),Data!$E$2:$E$33,0)) -> Wahyu Putra | D8: Teks: nama pelanggan
A9: 12b | B9: Pelanggan paling lama tidak belanja | C9: =INDEX(Data!$B$2:$B$33,MATCH(MAX(Data!$F$2:$F$33),Data!$F$2:$F$33,0)) -> Sari Saputra | D9: Teks: nama pelanggan
A10: 13a | B10: Pelanggan segmen Juara | C10: =COUNTIF(Data!$K$2:$K$33,"Juara") -> 3 | D10: Angka bulat, mis. 2
A11: 13b | B11: Pelanggan segmen Hilang | C11: =COUNTIF(Data!$K$2:$K$33,"Hilang") -> 5 | D11: Angka bulat, mis. 4
A12: 13c | B12: Segmen dengan pelanggan terbanyak | C12: =INDEX(Acuan!$H$2:$H$6,MATCH(MAX(Acuan!$I$2:$I$6),Acuan!$I$2:$I$6,0)) -> Berpotensi | D12: Teks: nama segmen
A13: 14a | B13: Pelanggan baru tetapi jarang belanja | C13: =COUNTIFS(Data!$G$2:$G$33,">=4",Data!$H$2:$H$33,"<=2") -> 4 | D13: Angka bulat, mis. 5
A14: 14b | B14: Persen nilai belanja segmen Juara | C14: =SUMIF(Data!$K$2:$K$33,"Juara",Data!$E$2:$E$33)/SUM(Data!$E$2:$E$33) -> 0.28585225 | D14: Persen, mis. 25,5%
