Workbook

Sheet Petunjuk
A1: Kunci Jawaban: Hasil Panen Petani, Pendapatan, dan Grade
A2: Latihan 67 dari 40 | Tingkat: Pemula | Perkiraan waktu: 35 menit | pushexcel.github.io/Pushexcel
A4: Skenario
A5: Kamu pengurus Kelompok Tani Sumber Makmur di sebuah desa dataran tinggi fiktif. Ada 30 petani yang menanam lima jenis sayur dan melaporkan luas lahan (dalam are) serta hasil panen (kg) musim ini. Harga per kg tiap komoditas ada di sheet Acuan. Hasil per are adalah panen dibagi luas lahan, dibulatkan satu desimal. Grade A bila hasil per are sama dengan atau di atas 50 kg, Grade B bila sama dengan atau di atas 35 kg, selain itu Grade C (batasnya ada di blok Parameter).
A7: Cara memakai kunci
A8: 1. | B8: Sel hijau berisi rumus kunci yang sudah dihitung. Klik sel untuk melihat rumusnya.
A9: 2. | B9: Kolom Rumus kunci di bawah menampilkan rumus untuk baris pertama atau tiap sel jawaban.
A10: 3. | B10: Rumus ditulis dengan titik koma (;). Ganti dengan koma (,) bila Excel kamu berbahasa Inggris.
A11: 4. | B11: Jawaban lain yang benar secara logika juga boleh, selama hasilnya sama.
A13: Arti warna
B14: Judul kolom data yang sudah diberikan
B15: Judul kolom hasil hitung
B16: Sel berisi rumus kunci
B17: Angka berwarna biru pada blok Parameter = nilai tetap yang boleh dirujuk
A19: Daftar soal
A20: No | B20: Soal | C20: Jawab di | D20: Rumus kunci
A21: 1 | B21: Ambil harga per kg tiap petani dari tabel harga di sheet Acuan berdasarkan komoditasnya (pencocokan persis). | C21: Sheet Data, kolom E (Harga per Kg), baris 2 sampai 31 | D21: =VLOOKUP(B2;Acuan!$A$2:$B$6;2;FALSE)
A22: 2 | B22: Hitung pendapatan: hasil panen (kg) dikali harga per kg. | C22: Sheet Data, kolom F (Pendapatan), baris 2 sampai 31 | D22: =D2*E2
A23: 3 | B23: Hitung hasil per are: panen dibagi luas lahan, dibulatkan satu desimal. | C23: Sheet Data, kolom G (Hasil per Are), baris 2 sampai 31 | D23: =ROUND(D2/C2;1)
A24: 4 | B24: Beri grade: A bila hasil per are sama dengan atau di atas batas grade A, B bila sama dengan atau di atas batas grade B, selain itu C. | C24: Sheet Data, kolom H (Grade), baris 2 sampai 31 | D24: =IF(G2>=$K$2;"A";IF(G2>=$K$3;"B";"C"))
A25: 5 | B25: Pada sheet Acuan, hitung jumlah petani tiap komoditas. | C25: Sheet Acuan, kolom C (Jumlah Petani), baris 2 sampai 6 | D25: =COUNTIF(Data!$B$2:$B$31;A2)
A26: 6 | B26: Pada sheet Acuan, hitung total panen (kg) tiap komoditas. | C26: Sheet Acuan, kolom D (Total Panen (Kg)), baris 2 sampai 6 | D26: =SUMIF(Data!$B$2:$B$31;A2;Data!$D$2:$D$31)
A27: 7 | B27: Pada sheet Acuan, hitung total pendapatan tiap komoditas. | C27: Sheet Acuan, kolom E (Total Pendapatan), baris 2 sampai 6 | D27: =SUMIF(Data!$B$2:$B$31;A2;Data!$F$2:$F$31)
A28: 8 | B28: Berapa jumlah petani, total panen, dan total pendapatan seluruh petani? | C28: Sheet Ringkasan, sel C4 sampai C6 | D28: =COUNTA(Data!$A$2:$A$31) =SUM(Data!$D$2:$D$31) =SUM(Data!$F$2:$F$31)
A29: 9 | B29: Berapa petani yang mendapat Grade A, Grade B, dan Grade C? | C29: Sheet Ringkasan, sel C7 sampai C9 | D29: =COUNTIF(Data!$H$2:$H$31;"A") =COUNTIF(Data!$H$2:$H$31;"B") =COUNTIF(Data!$H$2:$H$31;"C")
A30: 10 | B30: Siapa petani dengan pendapatan terbesar, dan komoditas apa yang total pendapatannya terbesar? | C30: Sheet Ringkasan, sel C10 sampai C11 | D30: =INDEX(Data!$A$2:$A$31;MATCH(MAX(Data!$F$2:$F$31);Data!$F$2:$F$31;0)) =INDEX(Acuan!$A$2:$A$6;MATCH(MAX(Acuan!$E$2:$E$6);Acuan!$E$2:$E$6;0))
A31: 11 | B31: Berapa rata-rata hasil per are seluruh petani, dan berapa petani Kentang yang mendapat Grade A? | C31: Sheet Ringkasan, sel C12 sampai C13 | D31: =AVERAGE(Data!$G$2:$G$31) =COUNTIFS(Data!$B$2:$B$31;"Kentang";Data!$H$2:$H$31;"A")

Sheet Data
A1: Nama Petani | B1: Komoditas | C1: Luas Lahan (Are) | D1: Panen (Kg) | E1: Harga per Kg | F1: Pendapatan | G1: Hasil per Are | H1: Grade | J1: Parameter | K1: Nilai | L1: Keterangan
A2: Gita Maharani | B2: Kentang | C2: 25 | D2: 1313 | E2: =VLOOKUP(B2,Acuan!$A$2:$B$6,2,FALSE()) -> 12000 | F2: =D2*E2 -> 15756000 | G2: =ROUND(D2/C2,1) -> 52.5 | H2: =IF(G2>=$K$2,"A",IF(G2>=$K$3,"B","C")) -> A | J2: Batas grade A | K2: 50 | L2: Hasil per are (kg) minimal untuk Grade A
A3: Farida Purnomo | B3: Kubis | C3: 30 | D3: 1178 | E3: =VLOOKUP(B3,Acuan!$A$2:$B$6,2,FALSE()) -> 5000 | F3: =D3*E3 -> 5890000 | G3: =ROUND(D3/C3,1) -> 39.3 | H3: =IF(G3>=$K$2,"A",IF(G3>=$K$3,"B","C")) -> B | J3: Batas grade B | K3: 35 | L3: Hasil per are (kg) minimal untuk Grade B
A4: Indah Saputra | B4: Wortel | C4: 40 | D4: 1510 | E4: =VLOOKUP(B4,Acuan!$A$2:$B$6,2,FALSE()) -> 7500 | F4: =D4*E4 -> 11325000 | G4: =ROUND(D4/C4,1) -> 37.8 | H4: =IF(G4>=$K$2,"A",IF(G4>=$K$3,"B","C")) -> B
A5: Eka Kusuma | B5: Cabai Rawit | C5: 40 | D5: 1470 | E5: =VLOOKUP(B5,Acuan!$A$2:$B$6,2,FALSE()) -> 38000 | F5: =D5*E5 -> 55860000 | G5: =ROUND(D5/C5,1) -> 36.8 | H5: =IF(G5>=$K$2,"A",IF(G5>=$K$3,"B","C")) -> B
A6: Utami Wijaya | B6: Bawang Daun | C6: 10 | D6: 241 | E6: =VLOOKUP(B6,Acuan!$A$2:$B$6,2,FALSE()) -> 14000 | F6: =D6*E6 -> 3374000 | G6: =ROUND(D6/C6,1) -> 24.1 | H6: =IF(G6>=$K$2,"A",IF(G6>=$K$3,"B","C")) -> C
A7: Vivi Maharani | B7: Kentang | C7: 10 | D7: 336 | E7: =VLOOKUP(B7,Acuan!$A$2:$B$6,2,FALSE()) -> 12000 | F7: =D7*E7 -> 4032000 | G7: =ROUND(D7/C7,1) -> 33.6 | H7: =IF(G7>=$K$2,"A",IF(G7>=$K$3,"B","C")) -> C
A8: Bambang Santoso | B8: Kubis | C8: 20 | D8: 576 | E8: =VLOOKUP(B8,Acuan!$A$2:$B$6,2,FALSE()) -> 5000 | F8: =D8*E8 -> 2880000 | G8: =ROUND(D8/C8,1) -> 28.8 | H8: =IF(G8>=$K$2,"A",IF(G8>=$K$3,"B","C")) -> C
A9: Rahmat Pratama | B9: Wortel | C9: 15 | D9: 781 | E9: =VLOOKUP(B9,Acuan!$A$2:$B$6,2,FALSE()) -> 7500 | F9: =D9*E9 -> 5857500 | G9: =ROUND(D9/C9,1) -> 52.1 | H9: =IF(G9>=$K$2,"A",IF(G9>=$K$3,"B","C")) -> A
A10: Bambang Ramadhan | B10: Cabai Rawit | C10: 40 | D10: 984 | E10: =VLOOKUP(B10,Acuan!$A$2:$B$6,2,FALSE()) -> 38000 | F10: =D10*E10 -> 37392000 | G10: =ROUND(D10/C10,1) -> 24.6 | H10: =IF(G10>=$K$2,"A",IF(G10>=$K$3,"B","C")) -> C
A11: Hadi Handayani | B11: Bawang Daun | C11: 10 | D11: 383 | E11: =VLOOKUP(B11,Acuan!$A$2:$B$6,2,FALSE()) -> 14000 | F11: =D11*E11 -> 5362000 | G11: =ROUND(D11/C11,1) -> 38.3 | H11: =IF(G11>=$K$2,"A",IF(G11>=$K$3,"B","C")) -> B
A12: Maman Utomo | B12: Kentang | C12: 20 | D12: 939 | E12: =VLOOKUP(B12,Acuan!$A$2:$B$6,2,FALSE()) -> 12000 | F12: =D12*E12 -> 11268000 | G12: =ROUND(D12/C12,1) -> 47 | H12: =IF(G12>=$K$2,"A",IF(G12>=$K$3,"B","C")) -> B
A13: Galih Anggraini | B13: Kubis | C13: 40 | D13: 2523 | E13: =VLOOKUP(B13,Acuan!$A$2:$B$6,2,FALSE()) -> 5000 | F13: =D13*E13 -> 12615000 | G13: =ROUND(D13/C13,1) -> 63.1 | H13: =IF(G13>=$K$2,"A",IF(G13>=$K$3,"B","C")) -> A
A14: Wawan Wibowo | B14: Wortel | C14: 40 | D14: 2510 | E14: =VLOOKUP(B14,Acuan!$A$2:$B$6,2,FALSE()) -> 7500 | F14: =D14*E14 -> 18825000 | G14: =ROUND(D14/C14,1) -> 62.8 | H14: =IF(G14>=$K$2,"A",IF(G14>=$K$3,"B","C")) -> A
A15: Rizki Wibowo | B15: Cabai Rawit | C15: 25 | D15: 735 | E15: =VLOOKUP(B15,Acuan!$A$2:$B$6,2,FALSE()) -> 38000 | F15: =D15*E15 -> 27930000 | G15: =ROUND(D15/C15,1) -> 29.4 | H15: =IF(G15>=$K$2,"A",IF(G15>=$K$3,"B","C")) -> C
... A31: Putri Wijaya | B31: Cabai Rawit | C31: 25 | D31: 1079 | E31: =VLOOKUP(B31,Acuan!$A$2:$B$6,2,FALSE()) -> 38000 | F31: =D31*E31 -> 41002000 | G31: =ROUND(D31/C31,1) -> 43.2 | H31: =IF(G31>=$K$2,"A",IF(G31>=$K$3,"B","C")) -> B

Sheet Acuan
A1: Komoditas | B1: Harga per Kg | C1: Jumlah Petani | D1: Total Panen (Kg) | E1: Total Pendapatan
A2: Kentang | B2: 12000 | C2: =COUNTIF(Data!$B$2:$B$31,A2) -> 5 | D2: =SUMIF(Data!$B$2:$B$31,A2,Data!$D$2:$D$31) -> 4370 | E2: =SUMIF(Data!$B$2:$B$31,A2,Data!$F$2:$F$31) -> 52440000
A3: Kubis | B3: 5000 | C3: =COUNTIF(Data!$B$2:$B$31,A3) -> 6 | D3: =SUMIF(Data!$B$2:$B$31,A3,Data!$D$2:$D$31) -> 7607 | E3: =SUMIF(Data!$B$2:$B$31,A3,Data!$F$2:$F$31) -> 38035000
A4: Wortel | B4: 7500 | C4: =COUNTIF(Data!$B$2:$B$31,A4) -> 6 | D4: =SUMIF(Data!$B$2:$B$31,A4,Data!$D$2:$D$31) -> 7871 | E4: =SUMIF(Data!$B$2:$B$31,A4,Data!$F$2:$F$31) -> 59032500
A5: Cabai Rawit | B5: 38000 | C5: =COUNTIF(Data!$B$2:$B$31,A5) -> 7 | D5: =SUMIF(Data!$B$2:$B$31,A5,Data!$D$2:$D$31) -> 7433 | E5: =SUMIF(Data!$B$2:$B$31,A5,Data!$F$2:$F$31) -> 282454000
A6: Bawang Daun | B6: 14000 | C6: =COUNTIF(Data!$B$2:$B$31,A6) -> 6 | D6: =SUMIF(Data!$B$2:$B$31,A6,Data!$D$2:$D$31) -> 3874 | E6: =SUMIF(Data!$B$2:$B$31,A6,Data!$F$2:$F$31) -> 54236000

Sheet Ringkasan
A1: Ringkasan: lembar jawaban soal berjenis ringkasan
A2: Sel hijau berisi rumus kunci.
A3: No | B3: Pertanyaan | C3: Jawaban | D3: Contoh format hasil
A4: 8a | B4: Jumlah petani | C4: =COUNTA(Data!$A$2:$A$31) -> 30 | D4: Angka bulat, mis. 25
A5: 8b | B5: Total panen (kg) | C5: =SUM(Data!$D$2:$D$31) -> 31155 | D5: Angka bulat, mis. 20.000
A6: 8c | B6: Total pendapatan | C6: =SUM(Data!$F$2:$F$31) -> 486197500 | D6: Rupiah, mis. Rp 150.000.000
A7: 9a | B7: Petani Grade A | C7: =COUNTIF(Data!$H$2:$H$31,"A") -> 7 | D7: Angka bulat, mis. 8
A8: 9b | B8: Petani Grade B | C8: =COUNTIF(Data!$H$2:$H$31,"B") -> 12 | D8: Angka bulat, mis. 14
A9: 9c | B9: Petani Grade C | C9: =COUNTIF(Data!$H$2:$H$31,"C") -> 11 | D9: Angka bulat, mis. 10
A10: 10a | B10: Petani dengan pendapatan terbesar | C10: =INDEX(Data!$A$2:$A$31,MATCH(MAX(Data!$F$2:$F$31),Data!$F$2:$F$31,0)) -> Dian Santoso | D10: Teks: nama petani
A11: 10b | B11: Komoditas dengan total pendapatan terbesar | C11: =INDEX(Acuan!$A$2:$A$6,MATCH(MAX(Acuan!$E$2:$E$6),Acuan!$E$2:$E$6,0)) -> Cabai Rawit | D11: Teks: nama komoditas
A12: 11a | B12: Rata-rata hasil per are | C12: =AVERAGE(Data!$G$2:$G$31) -> 40.346667 | D12: Angka desimal, mis. 43,2
A13: 11b | B13: Petani Kentang Grade A | C13: =COUNTIFS(Data!$B$2:$B$31,"Kentang",Data!$H$2:$H$31,"A") -> 2 | D13: Angka bulat, mis. 4
