Workbook

Sheet Petunjuk
A1: Kunci Jawaban: Persediaan Bahan Dapur dan Daftar Belanja
A2: Latihan 62 dari 40 | Tingkat: Pemula | Perkiraan waktu: 40 menit | pushexcel.github.io/Pushexcel
A4: Skenario
A5: Kamu kepala dapur Warung Makan Sedap Rasa yang menyusun daftar belanja akhir pekan dari 27 bahan. Tiap bahan punya stok awal, barang masuk, pemakaian, stok minimum, dan harga per satuan. Sisa stok adalah stok awal ditambah barang masuk dikurangi pemakaian. Bila sisa stok kurang dari stok minimum, bahan berstatus Perlu Belanja, selain itu Aman. Bahan yang perlu belanja dibeli sampai stoknya mencapai 2 kali stok minimum (faktor target di blok Parameter). Satuan stok adalah kg atau liter.
A7: Cara memakai kunci
A8: 1. | B8: Sel hijau berisi rumus kunci yang sudah dihitung. Klik sel untuk melihat rumusnya.
A9: 2. | B9: Kolom Rumus kunci di bawah menampilkan rumus untuk baris pertama atau tiap sel jawaban.
A10: 3. | B10: Rumus ditulis dengan titik koma (;). Ganti dengan koma (,) bila Excel kamu berbahasa Inggris.
A11: 4. | B11: Jawaban lain yang benar secara logika juga boleh, selama hasilnya sama.
A13: Arti warna
B14: Judul kolom data yang sudah diberikan
B15: Judul kolom hasil hitung
B16: Sel berisi rumus kunci
B17: Angka berwarna biru pada blok Parameter = nilai tetap yang boleh dirujuk
A19: Daftar soal
A20: No | B20: Soal | C20: Jawab di | D20: Rumus kunci
A21: 1 | B21: Hitung sisa stok: stok awal ditambah barang masuk, dikurangi pemakaian. | C21: Sheet Data, kolom J (Sisa Stok), baris 2 sampai 28 | D21: =G2+H2-I2
A22: 2 | B22: Beri status Perlu Belanja bila sisa stok kurang dari stok minimum. Bila sama atau lebih, statusnya Aman. | C22: Sheet Data, kolom K (Status Belanja), baris 2 sampai 28 | D22: =IF(J2<F2;"Perlu Belanja";"Aman")
A23: 3 | B23: Hitung jumlah yang dibeli: bila Perlu Belanja, stok minimum dikali faktor target dikurangi sisa stok. Selain itu 0. | C23: Sheet Data, kolom L (Jumlah Belanja), baris 2 sampai 28 | D23: =IF(K2="Perlu Belanja";F2*$P$2-J2;0)
A24: 4 | B24: Hitung biaya belanja: jumlah belanja dikali harga per satuan, dibulatkan ke rupiah. | C24: Sheet Data, kolom M (Biaya Belanja), baris 2 sampai 28 | D24: =ROUND(L2*E2;0)
A25: 5 | B25: Pada sheet Acuan, hitung jumlah bahan tiap kategori. | C25: Sheet Acuan, kolom B (Jumlah Bahan), baris 2 sampai 5 | D25: =COUNTIF(Data!$C$2:$C$28;A2)
A26: 6 | B26: Pada sheet Acuan, hitung berapa bahan yang Perlu Belanja di tiap kategori. | C26: Sheet Acuan, kolom C (Bahan Perlu Belanja), baris 2 sampai 5 | D26: =COUNTIFS(Data!$C$2:$C$28;A2;Data!$K$2:$K$28;"Perlu Belanja")
A27: 7 | B27: Pada sheet Acuan, hitung total biaya belanja tiap kategori. | C27: Sheet Acuan, kolom D (Total Biaya Belanja), baris 2 sampai 5 | D27: =SUMIF(Data!$C$2:$C$28;A2;Data!$M$2:$M$28)
A28: 8 | B28: Berapa bahan yang Perlu Belanja dan berapa yang Aman? | C28: Sheet Ringkasan, sel C4 sampai C5 | D28: =COUNTIF(Data!$K$2:$K$28;"Perlu Belanja") =COUNTIF(Data!$K$2:$K$28;"Aman")
A29: 9 | B29: Berapa total biaya belanja, dan berapa rata-rata biaya belanja per bahan yang perlu dibeli? | C29: Sheet Ringkasan, sel C6 sampai C7 | D29: =SUM(Data!$M$2:$M$28) =AVERAGEIF(Data!$K$2:$K$28;"Perlu Belanja";Data!$M$2:$M$28)
A30: 10 | B30: Bahan apa yang biaya belanjanya terbesar, dan bahan apa yang sisa stoknya paling banyak? | C30: Sheet Ringkasan, sel C8 sampai C9 | D30: =INDEX(Data!$B$2:$B$28;MATCH(MAX(Data!$M$2:$M$28);Data!$M$2:$M$28;0)) =INDEX(Data!$B$2:$B$28;MATCH(MAX(Data!$J$2:$J$28);Data!$J$2:$J$28;0))
A31: 11 | B31: Kategori mana yang paling banyak butuh belanja, dan kategori mana yang total biayanya terbesar? | C31: Sheet Ringkasan, sel C10 sampai C11 | D31: =INDEX(Acuan!$A$2:$A$5;MATCH(MAX(Acuan!$C$2:$C$5);Acuan!$C$2:$C$5;0)) =INDEX(Acuan!$A$2:$A$5;MATCH(MAX(Acuan!$D$2:$D$5);Acuan!$D$2:$D$5;0))

Sheet Data
A1: Kode | B1: Nama Bahan | C1: Kategori | D1: Satuan | E1: Harga per Satuan | F1: Stok Minimum | G1: Stok Awal | H1: Barang Masuk | I1: Pemakaian | J1: Sisa Stok | K1: Status Belanja | L1: Jumlah Belanja | M1: Biaya Belanja | O1: Parameter | P1: Nilai | Q1: Keterangan
A2: B-01 | B2: Bawang Merah | C2: Sayur | D2: kg | E2: 38000 | F2: 2 | G2: 10 | H2: 10 | I2: 8 | J2: =G2+H2-I2 -> 12 | K2: =IF(J2<F2,"Perlu Belanja","Aman") -> Aman | L2: =IF(K2="Perlu Belanja",F2*$P$2-J2,0) -> 0 | M2: =ROUND(L2*E2,0) -> 0 | O2: Faktor target stok | P2: 2 | Q2: Target stok = stok minimum dikali angka ini
A3: B-02 | B3: Cabai Rawit | C3: Sayur | D3: kg | E3: 60000 | F3: 6 | G3: 10 | H3: 10 | I3: 8.5 | J3: =G3+H3-I3 -> 11.5 | K3: =IF(J3<F3,"Perlu Belanja","Aman") -> Aman | L3: =IF(K3="Perlu Belanja",F3*$P$2-J3,0) -> 0 | M3: =ROUND(L3*E3,0) -> 0
A4: B-03 | B4: Tomat | C4: Sayur | D4: kg | E4: 14000 | F4: 6 | G4: 6.5 | H4: 0 | I4: 3.5 | J4: =G4+H4-I4 -> 3 | K4: =IF(J4<F4,"Perlu Belanja","Aman") -> Perlu Belanja | L4: =IF(K4="Perlu Belanja",F4*$P$2-J4,0) -> 9 | M4: =ROUND(L4*E4,0) -> 126000
A5: B-04 | B5: Kol | C5: Sayur | D5: kg | E5: 9000 | F5: 4 | G5: 4 | H5: 0 | I5: 2.5 | J5: =G5+H5-I5 -> 1.5 | K5: =IF(J5<F5,"Perlu Belanja","Aman") -> Perlu Belanja | L5: =IF(K5="Perlu Belanja",F5*$P$2-J5,0) -> 6.5 | M5: =ROUND(L5*E5,0) -> 58500
A6: B-05 | B6: Wortel | C6: Sayur | D6: kg | E6: 12000 | F6: 10 | G6: 8.5 | H6: 15 | I6: 11.5 | J6: =G6+H6-I6 -> 12 | K6: =IF(J6<F6,"Perlu Belanja","Aman") -> Aman | L6: =IF(K6="Perlu Belanja",F6*$P$2-J6,0) -> 0 | M6: =ROUND(L6*E6,0) -> 0
A7: B-06 | B7: Daun Bawang | C7: Sayur | D7: kg | E7: 22000 | F7: 5 | G7: 6.5 | H7: 5 | I7: 10 | J7: =G7+H7-I7 -> 1.5 | K7: =IF(J7<F7,"Perlu Belanja","Aman") -> Perlu Belanja | L7: =IF(K7="Perlu Belanja",F7*$P$2-J7,0) -> 8.5 | M7: =ROUND(L7*E7,0) -> 187000
A8: B-07 | B8: Kentang | C8: Sayur | D8: kg | E8: 16000 | F8: 4 | G8: 12 | H8: 0 | I8: 7 | J8: =G8+H8-I8 -> 5 | K8: =IF(J8<F8,"Perlu Belanja","Aman") -> Aman | L8: =IF(K8="Perlu Belanja",F8*$P$2-J8,0) -> 0 | M8: =ROUND(L8*E8,0) -> 0
A9: B-08 | B9: Daging Ayam | C9: Daging dan Ikan | D9: kg | E9: 38000 | F9: 5 | G9: 25 | H9: 5 | I9: 13.5 | J9: =G9+H9-I9 -> 16.5 | K9: =IF(J9<F9,"Perlu Belanja","Aman") -> Aman | L9: =IF(K9="Perlu Belanja",F9*$P$2-J9,0) -> 0 | M9: =ROUND(L9*E9,0) -> 0
A10: B-09 | B10: Daging Sapi | C10: Daging dan Ikan | D10: kg | E10: 130000 | F10: 10 | G10: 12.5 | H10: 15 | I10: 25.5 | J10: =G10+H10-I10 -> 2 | K10: =IF(J10<F10,"Perlu Belanja","Aman") -> Perlu Belanja | L10: =IF(K10="Perlu Belanja",F10*$P$2-J10,0) -> 18 | M10: =ROUND(L10*E10,0) -> 2340000
A11: B-10 | B11: Ikan Nila | C11: Daging dan Ikan | D11: kg | E11: 32000 | F11: 3 | G11: 12 | H11: 15 | I11: 9 | J11: =G11+H11-I11 -> 18 | K11: =IF(J11<F11,"Perlu Belanja","Aman") -> Aman | L11: =IF(K11="Perlu Belanja",F11*$P$2-J11,0) -> 0 | M11: =ROUND(L11*E11,0) -> 0
A12: B-11 | B12: Telur Ayam | C12: Daging dan Ikan | D12: kg | E12: 28000 | F12: 5 | G12: 15.5 | H12: 15 | I12: 22.5 | J12: =G12+H12-I12 -> 8 | K12: =IF(J12<F12,"Perlu Belanja","Aman") -> Aman | L12: =IF(K12="Perlu Belanja",F12*$P$2-J12,0) -> 0 | M12: =ROUND(L12*E12,0) -> 0
A13: B-12 | B13: Udang | C13: Daging dan Ikan | D13: kg | E13: 70000 | F13: 8 | G13: 4 | H13: 15 | I13: 9 | J13: =G13+H13-I13 -> 10 | K13: =IF(J13<F13,"Perlu Belanja","Aman") -> Aman | L13: =IF(K13="Perlu Belanja",F13*$P$2-J13,0) -> 0 | M13: =ROUND(L13*E13,0) -> 0
A14: B-13 | B14: Tahu | C14: Daging dan Ikan | D14: kg | E14: 15000 | F14: 10 | G14: 15 | H14: 5 | I14: 8 | J14: =G14+H14-I14 -> 12 | K14: =IF(J14<F14,"Perlu Belanja","Aman") -> Aman | L14: =IF(K14="Perlu Belanja",F14*$P$2-J14,0) -> 0 | M14: =ROUND(L14*E14,0) -> 0
... A28: B-27 | B28: Teh Celup | C28: Sembako | D28: kg | E28: 60000 | F28: 3 | G28: 12 | H28: 10 | I28: 7.5 | J28: =G28+H28-I28 -> 14.5 | K28: =IF(J28<F28,"Perlu Belanja","Aman") -> Aman | L28: =IF(K28="Perlu Belanja",F28*$P$2-J28,0) -> 0 | M28: =ROUND(L28*E28,0) -> 0

Sheet Acuan
A1: Kategori | B1: Jumlah Bahan | C1: Bahan Perlu Belanja | D1: Total Biaya Belanja
A2: Sayur | B2: =COUNTIF(Data!$C$2:$C$28,A2) -> 7 | C2: =COUNTIFS(Data!$C$2:$C$28,A2,Data!$K$2:$K$28,"Perlu Belanja") -> 3 | D2: =SUMIF(Data!$C$2:$C$28,A2,Data!$M$2:$M$28) -> 371500
A3: Daging dan Ikan | B3: =COUNTIF(Data!$C$2:$C$28,A3) -> 6 | C3: =COUNTIFS(Data!$C$2:$C$28,A3,Data!$K$2:$K$28,"Perlu Belanja") -> 1 | D3: =SUMIF(Data!$C$2:$C$28,A3,Data!$M$2:$M$28) -> 2340000
A4: Bumbu | B4: =COUNTIF(Data!$C$2:$C$28,A4) -> 7 | C4: =COUNTIFS(Data!$C$2:$C$28,A4,Data!$K$2:$K$28,"Perlu Belanja") -> 4 | D4: =SUMIF(Data!$C$2:$C$28,A4,Data!$M$2:$M$28) -> 1373000
A5: Sembako | B5: =COUNTIF(Data!$C$2:$C$28,A5) -> 7 | C5: =COUNTIFS(Data!$C$2:$C$28,A5,Data!$K$2:$K$28,"Perlu Belanja") -> 1 | D5: =SUMIF(Data!$C$2:$C$28,A5,Data!$M$2:$M$28) -> 132000

Sheet Ringkasan
A1: Ringkasan: lembar jawaban soal berjenis ringkasan
A2: Sel hijau berisi rumus kunci.
A3: No | B3: Pertanyaan | C3: Jawaban | D3: Contoh format hasil
A4: 8a | B4: Bahan Perlu Belanja | C4: =COUNTIF(Data!$K$2:$K$28,"Perlu Belanja") -> 9 | D4: Angka bulat, mis. 10
A5: 8b | B5: Bahan Aman | C5: =COUNTIF(Data!$K$2:$K$28,"Aman") -> 18 | D5: Angka bulat, mis. 17
A6: 9a | B6: Total biaya belanja | C6: =SUM(Data!$M$2:$M$28) -> 4216500 | D6: Rupiah, mis. Rp 1.500.000
A7: 9b | B7: Rata-rata biaya per bahan yang dibeli | C7: =AVERAGEIF(Data!$K$2:$K$28,"Perlu Belanja",Data!$M$2:$M$28) -> 468500 | D7: Rupiah, mis. Rp 150.000
A8: 10a | B8: Bahan dengan biaya belanja terbesar | C8: =INDEX(Data!$B$2:$B$28,MATCH(MAX(Data!$M$2:$M$28),Data!$M$2:$M$28,0)) -> Daging Sapi | D8: Teks: nama bahan
A9: 10b | B9: Bahan dengan sisa stok terbanyak | C9: =INDEX(Data!$B$2:$B$28,MATCH(MAX(Data!$J$2:$J$28),Data!$J$2:$J$28,0)) -> Ikan Nila | D9: Teks: nama bahan
A10: 11a | B10: Kategori paling banyak perlu belanja | C10: =INDEX(Acuan!$A$2:$A$5,MATCH(MAX(Acuan!$C$2:$C$5),Acuan!$C$2:$C$5,0)) -> Bumbu | D10: Teks: nama kategori
A11: 11b | B11: Kategori dengan biaya belanja terbesar | C11: =INDEX(Acuan!$A$2:$A$5,MATCH(MAX(Acuan!$D$2:$D$5),Acuan!$D$2:$D$5,0)) -> Daging dan Ikan | D11: Teks: nama kategori
