Workbook

Sheet Petunjuk
A1: Kunci Jawaban: Rekap Kehadiran Pegawai Setahun
A2: Latihan 100 dari 40 | Tingkat: Lanjutan | Perkiraan waktu: 65 menit | pushexcel.github.io/Pushexcel
A4: Skenario
A5: Kamu staf SDM CV Mitra Karya Abadi yang merekap kehadiran 25 pegawai selama 12 bulan (Januari sampai Desember). Setiap bulan ada 22 hari kerja, dan data berisi jumlah hari hadir tiap pegawai. Persen kehadiran adalah total hari hadir dibagi total hari kerja setahun (22 hari kali 12 bulan). Status kuartal Baik bila total hadir pada tiga bulan kuartal itu minimal 90 persen dari hari kerjanya, selain itu Kurang. Kategori tahunan: Teladan bila persen kehadiran minimal 95 persen, Baik bila minimal 85 persen, selain itu Perlu Pembinaan (semua batas ada di blok Parameter).
A7: Cara memakai kunci
A8: 1. | B8: Sel hijau berisi rumus kunci yang sudah dihitung. Klik sel untuk melihat rumusnya.
A9: 2. | B9: Kolom Rumus kunci di bawah menampilkan rumus untuk baris pertama atau tiap sel jawaban.
A10: 3. | B10: Rumus ditulis dengan titik koma (;). Ganti dengan koma (,) bila Excel kamu berbahasa Inggris.
A11: 4. | B11: Jawaban lain yang benar secara logika juga boleh, selama hasilnya sama.
A13: Arti warna
B14: Judul kolom data yang sudah diberikan
B15: Judul kolom hasil hitung
B16: Sel berisi rumus kunci
B17: Angka berwarna biru pada blok Parameter = nilai tetap yang boleh dirujuk
A19: Daftar soal
A20: No | B20: Soal | C20: Jawab di | D20: Rumus kunci
A21: 1 | B21: Hitung total hari hadir setahun tiap pegawai (Januari sampai Desember). | C21: Sheet Data, kolom O (Total Hadir), baris 2 sampai 26 | D21: =SUM(C2:N2)
A22: 2 | B22: Hitung rata-rata hari hadir per bulan tiap pegawai. | C22: Sheet Data, kolom P (Rata-rata Bulanan), baris 2 sampai 26 | D22: =AVERAGE(C2:N2)
A23: 3 | B23: Cari nomor bulan (1 sampai 12) saat tiap pegawai paling sedikit hadir. Tidak ada pegawai yang punya dua bulan terendah sama. | C23: Sheet Data, kolom Q (Bulan Terendah), baris 2 sampai 26 | D23: =MATCH(MIN(C2:N2);C2:N2;0)
A24: 4 | B24: Hitung persen kehadiran: total hadir dibagi hari kerja setahun (hari kerja per bulan kali 12). | C24: Sheet Data, kolom R (Persen Kehadiran), baris 2 sampai 26 | D24: =O2/($Z$2*12)
A25: 5 | B25: Beri status kuartal 1 (Januari sampai Maret): Baik bila total hadir dibagi hari kerja tiga bulan minimal batas hadir kuartal, selain itu Kurang. | C25: Sheet Data, kolom S (Status K1), baris 2 sampai 26 | D25: =IF(SUM(C2:E2)/(3*$Z$2)>=$Z$3;"Baik";"Kurang")
A26: 6 | B26: Beri status kuartal 2 (April sampai Juni) dengan aturan yang sama. | C26: Sheet Data, kolom T (Status K2), baris 2 sampai 26 | D26: =IF(SUM(F2:H2)/(3*$Z$2)>=$Z$3;"Baik";"Kurang")
A27: 7 | B27: Beri status kuartal 3 (Juli sampai September) dengan aturan yang sama. | C27: Sheet Data, kolom U (Status K3), baris 2 sampai 26 | D27: =IF(SUM(I2:K2)/(3*$Z$2)>=$Z$3;"Baik";"Kurang")
A28: 8 | B28: Beri status kuartal 4 (Oktober sampai Desember) dengan aturan yang sama. | C28: Sheet Data, kolom V (Status K4), baris 2 sampai 26 | D28: =IF(SUM(L2:N2)/(3*$Z$2)>=$Z$3;"Baik";"Kurang")
A29: 9 | B29: Tentukan kategori: Teladan bila persen kehadiran minimal batas teladan, Baik bila minimal batas baik, selain itu Perlu Pembinaan. | C29: Sheet Data, kolom W (Kategori Tahunan), baris 2 sampai 26 | D29: =IF(R2>=$Z$4;"Teladan";IF(R2>=$Z$5;"Baik";"Perlu Pembinaan"))
A30: 10 | B30: Pada sheet Acuan, hitung jumlah pegawai tiap divisi. | C30: Sheet Acuan, kolom B (Jumlah Pegawai), baris 2 sampai 5 | D30: =COUNTIF(Data!$B$2:$B$26;A2)
A31: 11 | B31: Pada sheet Acuan, hitung rata-rata persen kehadiran pegawai tiap divisi. | C31: Sheet Acuan, kolom C (Rata-rata Persen Kehadiran), baris 2 sampai 5 | D31: =AVERAGEIF(Data!$B$2:$B$26;A2;Data!$R$2:$R$26)
... A36: 16 | B36: Divisi apa yang rata-rata persen kehadirannya tertinggi, berapa total hari hadir pegawai Gudang, dan berapa pegawai yang bulan terendahnya Desember (bulan ke-12)? | C36: Sheet Ringkasan, sel C16 sampai C18 | D36: =INDEX(Acuan!$A$2:$A$5;MATCH(MAX(Acuan!$C$2:$C$5);Acuan!$C$2:$C$5;0)) =SUMIF(Data!$B$2:$B$26;"Gudang";Data!$O$2:$O$26) =COUNTIF(Data!$Q$2:$Q$26;12)

Sheet Data
A1: Nama | B1: Divisi | C1: Jan | D1: Feb | E1: Mar | F1: Apr | G1: Mei | H1: Jun | I1: Jul | J1: Agu | K1: Sep | L1: Okt | M1: Nov | N1: Des | O1: Total Hadir | P1: Rata-rata Bulanan | Q1: Bulan Terendah | R1: Persen Kehadiran | S1: Status K1 | T1: Status K2 | U1: Status K3 | V1: Status K4 | W1: Kategori Tahunan | Y1: Parameter | Z1: Nilai | AA1: Keterangan
A2: Edi Putra | B2: Gudang | C2: 19 | D2: 20 | E2: 20 | F2: 21 | G2: 19 | H2: 17 | I2: 21 | J2: 19 | K2: 20 | L2: 19 | M2: 19 | N2: 19 | O2: =SUM(C2:N2) -> 233 | P2: =AVERAGE(C2:N2) -> 19.416667 | Q2: =MATCH(MIN(C2:N2),C2:N2,0) -> 6 | R2: =O2/($Z$2*12) -> 0.88257576 | S2: =IF(SUM(C2:E2)/(3*$Z$2)>=$Z$3,"Baik","Kurang") -> Kurang | T2: =IF(SUM(F2:H2)/(3*$Z$2)>=$Z$3,"Baik","Kurang") -> Kurang | U2: =IF(SUM(I2:K2)/(3*$Z$2)>=$Z$3,"Baik","Kurang") -> Baik | V2: =IF(SUM(L2:N2)/(3*$Z$2)>=$Z$3,"Baik","Kurang") -> Kurang | W2: =IF(R2>=$Z$4,"Teladan",IF(R2>=$Z$5,"Baik","Perlu Pembinaan")) -> Baik | Y2: Hari kerja per bulan | Z2: 22
A3: Sari Maharani | B3: Produksi | C3: 19 | D3: 15 | E3: 19 | F3: 21 | G3: 20 | H3: 20 | I3: 19 | J3: 20 | K3: 19 | L3: 17 | M3: 19 | N3: 20 | O3: =SUM(C3:N3) -> 228 | P3: =AVERAGE(C3:N3) -> 19 | Q3: =MATCH(MIN(C3:N3),C3:N3,0) -> 2 | R3: =O3/($Z$2*12) -> 0.86363636 | S3: =IF(SUM(C3:E3)/(3*$Z$2)>=$Z$3,"Baik","Kurang") -> Kurang | T3: =IF(SUM(F3:H3)/(3*$Z$2)>=$Z$3,"Baik","Kurang") -> Baik | U3: =IF(SUM(I3:K3)/(3*$Z$2)>=$Z$3,"Baik","Kurang") -> Kurang | V3: =IF(SUM(L3:N3)/(3*$Z$2)>=$Z$3,"Baik","Kurang") -> Kurang | W3: =IF(R3>=$Z$4,"Teladan",IF(R3>=$Z$5,"Baik","Perlu Pembinaan")) -> Baik | Y3: Batas hadir kuartal | Z3: 0.9 | AA3: Minimal persen hadir per kuartal untuk status Baik
A4: Mulyadi Setiawan | B4: Pemasaran | C4: 19 | D4: 18 | E4: 18 | F4: 21 | G4: 19 | H4: 18 | I4: 19 | J4: 20 | K4: 19 | L4: 19 | M4: 18 | N4: 14 | O4: =SUM(C4:N4) -> 222 | P4: =AVERAGE(C4:N4) -> 18.5 | Q4: =MATCH(MIN(C4:N4),C4:N4,0) -> 12 | R4: =O4/($Z$2*12) -> 0.84090909 | S4: =IF(SUM(C4:E4)/(3*$Z$2)>=$Z$3,"Baik","Kurang") -> Kurang | T4: =IF(SUM(F4:H4)/(3*$Z$2)>=$Z$3,"Baik","Kurang") -> Kurang | U4: =IF(SUM(I4:K4)/(3*$Z$2)>=$Z$3,"Baik","Kurang") -> Kurang | V4: =IF(SUM(L4:N4)/(3*$Z$2)>=$Z$3,"Baik","Kurang") -> Kurang | W4: =IF(R4>=$Z$4,"Teladan",IF(R4>=$Z$5,"Baik","Perlu Pembinaan")) -> Perlu Pembinaan | Y4: Batas teladan | Z4: 0.95
A5: Lina Fauzi | B5: Administrasi | C5: 21 | D5: 20 | E5: 22 | F5: 22 | G5: 22 | H5: 17 | I5: 22 | J5: 22 | K5: 20 | L5: 20 | M5: 22 | N5: 20 | O5: =SUM(C5:N5) -> 250 | P5: =AVERAGE(C5:N5) -> 20.833333 | Q5: =MATCH(MIN(C5:N5),C5:N5,0) -> 6 | R5: =O5/($Z$2*12) -> 0.9469697 | S5: =IF(SUM(C5:E5)/(3*$Z$2)>=$Z$3,"Baik","Kurang") -> Baik | T5: =IF(SUM(F5:H5)/(3*$Z$2)>=$Z$3,"Baik","Kurang") -> Baik | U5: =IF(SUM(I5:K5)/(3*$Z$2)>=$Z$3,"Baik","Kurang") -> Baik | V5: =IF(SUM(L5:N5)/(3*$Z$2)>=$Z$3,"Baik","Kurang") -> Baik | W5: =IF(R5>=$Z$4,"Teladan",IF(R5>=$Z$5,"Baik","Perlu Pembinaan")) -> Baik | Y5: Batas baik | Z5: 0.85
A6: Citra Fauzi | B6: Gudang | C6: 20 | D6: 22 | E6: 22 | F6: 22 | G6: 22 | H6: 21 | I6: 21 | J6: 21 | K6: 22 | L6: 22 | M6: 18 | N6: 20 | O6: =SUM(C6:N6) -> 253 | P6: =AVERAGE(C6:N6) -> 21.083333 | Q6: =MATCH(MIN(C6:N6),C6:N6,0) -> 11 | R6: =O6/($Z$2*12) -> 0.95833333 | S6: =IF(SUM(C6:E6)/(3*$Z$2)>=$Z$3,"Baik","Kurang") -> Baik | T6: =IF(SUM(F6:H6)/(3*$Z$2)>=$Z$3,"Baik","Kurang") -> Baik | U6: =IF(SUM(I6:K6)/(3*$Z$2)>=$Z$3,"Baik","Kurang") -> Baik | V6: =IF(SUM(L6:N6)/(3*$Z$2)>=$Z$3,"Baik","Kurang") -> Baik | W6: =IF(R6>=$Z$4,"Teladan",IF(R6>=$Z$5,"Baik","Perlu Pembinaan")) -> Teladan
A7: Tono Yulianto | B7: Produksi | C7: 19 | D7: 20 | E7: 18 | F7: 19 | G7: 20 | H7: 17 | I7: 18 | J7: 20 | K7: 20 | L7: 20 | M7: 18 | N7: 16 | O7: =SUM(C7:N7) -> 225 | P7: =AVERAGE(C7:N7) -> 18.75 | Q7: =MATCH(MIN(C7:N7),C7:N7,0) -> 12 | R7: =O7/($Z$2*12) -> 0.85227273 | S7: =IF(SUM(C7:E7)/(3*$Z$2)>=$Z$3,"Baik","Kurang") -> Kurang | T7: =IF(SUM(F7:H7)/(3*$Z$2)>=$Z$3,"Baik","Kurang") -> Kurang | U7: =IF(SUM(I7:K7)/(3*$Z$2)>=$Z$3,"Baik","Kurang") -> Kurang | V7: =IF(SUM(L7:N7)/(3*$Z$2)>=$Z$3,"Baik","Kurang") -> Kurang | W7: =IF(R7>=$Z$4,"Teladan",IF(R7>=$Z$5,"Baik","Perlu Pembinaan")) -> Baik
A8: Joko Fauzi | B8: Administrasi | C8: 21 | D8: 19 | E8: 22 | F8: 21 | G8: 20 | H8: 21 | I8: 20 | J8: 20 | K8: 19 | L8: 21 | M8: 20 | N8: 15 | O8: =SUM(C8:N8) -> 239 | P8: =AVERAGE(C8:N8) -> 19.916667 | Q8: =MATCH(MIN(C8:N8),C8:N8,0) -> 12 | R8: =O8/($Z$2*12) -> 0.90530303 | S8: =IF(SUM(C8:E8)/(3*$Z$2)>=$Z$3,"Baik","Kurang") -> Baik | T8: =IF(SUM(F8:H8)/(3*$Z$2)>=$Z$3,"Baik","Kurang") -> Baik | U8: =IF(SUM(I8:K8)/(3*$Z$2)>=$Z$3,"Baik","Kurang") -> Kurang | V8: =IF(SUM(L8:N8)/(3*$Z$2)>=$Z$3,"Baik","Kurang") -> Kurang | W8: =IF(R8>=$Z$4,"Teladan",IF(R8>=$Z$5,"Baik","Perlu Pembinaan")) -> Baik
A9: Tika Kurniawan | B9: Gudang | C9: 18 | D9: 13 | E9: 17 | F9: 17 | G9: 18 | H9: 19 | I9: 18 | J9: 15 | K9: 18 | L9: 18 | M9: 18 | N9: 18 | O9: =SUM(C9:N9) -> 207 | P9: =AVERAGE(C9:N9) -> 17.25 | Q9: =MATCH(MIN(C9:N9),C9:N9,0) -> 2 | R9: =O9/($Z$2*12) -> 0.78409091 | S9: =IF(SUM(C9:E9)/(3*$Z$2)>=$Z$3,"Baik","Kurang") -> Kurang | T9: =IF(SUM(F9:H9)/(3*$Z$2)>=$Z$3,"Baik","Kurang") -> Kurang | U9: =IF(SUM(I9:K9)/(3*$Z$2)>=$Z$3,"Baik","Kurang") -> Kurang | V9: =IF(SUM(L9:N9)/(3*$Z$2)>=$Z$3,"Baik","Kurang") -> Kurang | W9: =IF(R9>=$Z$4,"Teladan",IF(R9>=$Z$5,"Baik","Perlu Pembinaan")) -> Perlu Pembinaan
A10: Umar Suryani | B10: Gudang | C10: 18 | D10: 16 | E10: 20 | F10: 18 | G10: 19 | H10: 19 | I10: 18 | J10: 19 | K10: 19 | L10: 14 | M10: 19 | N10: 17 | O10: =SUM(C10:N10) -> 216 | P10: =AVERAGE(C10:N10) -> 18 | Q10: =MATCH(MIN(C10:N10),C10:N10,0) -> 10 | R10: =O10/($Z$2*12) -> 0.81818182 | S10: =IF(SUM(C10:E10)/(3*$Z$2)>=$Z$3,"Baik","Kurang") -> Kurang | T10: =IF(SUM(F10:H10)/(3*$Z$2)>=$Z$3,"Baik","Kurang") -> Kurang | U10: =IF(SUM(I10:K10)/(3*$Z$2)>=$Z$3,"Baik","Kurang") -> Kurang | V10: =IF(SUM(L10:N10)/(3*$Z$2)>=$Z$3,"Baik","Kurang") -> Kurang | W10: =IF(R10>=$Z$4,"Teladan",IF(R10>=$Z$5,"Baik","Perlu Pembinaan")) -> Perlu Pembinaan
A11: Rizki Syahputra | B11: Produksi | C11: 20 | D11: 19 | E11: 14 | F11: 19 | G11: 20 | H11: 19 | I11: 18 | J11: 19 | K11: 19 | L11: 18 | M11: 20 | N11: 20 | O11: =SUM(C11:N11) -> 225 | P11: =AVERAGE(C11:N11) -> 18.75 | Q11: =MATCH(MIN(C11:N11),C11:N11,0) -> 3 | R11: =O11/($Z$2*12) -> 0.85227273 | S11: =IF(SUM(C11:E11)/(3*$Z$2)>=$Z$3,"Baik","Kurang") -> Kurang | T11: =IF(SUM(F11:H11)/(3*$Z$2)>=$Z$3,"Baik","Kurang") -> Kurang | U11: =IF(SUM(I11:K11)/(3*$Z$2)>=$Z$3,"Baik","Kurang") -> Kurang | V11: =IF(SUM(L11:N11)/(3*$Z$2)>=$Z$3,"Baik","Kurang") -> Kurang | W11: =IF(R11>=$Z$4,"Teladan",IF(R11>=$Z$5,"Baik","Perlu Pembinaan")) -> Baik
A12: Lina Hartono | B12: Administrasi | C12: 22 | D12: 20 | E12: 20 | F12: 19 | G12: 20 | H12: 22 | I12: 22 | J12: 20 | K12: 22 | L12: 16 | M12: 21 | N12: 20 | O12: =SUM(C12:N12) -> 244 | P12: =AVERAGE(C12:N12) -> 20.333333 | Q12: =MATCH(MIN(C12:N12),C12:N12,0) -> 10 | R12: =O12/($Z$2*12) -> 0.92424242 | S12: =IF(SUM(C12:E12)/(3*$Z$2)>=$Z$3,"Baik","Kurang") -> Baik | T12: =IF(SUM(F12:H12)/(3*$Z$2)>=$Z$3,"Baik","Kurang") -> Baik | U12: =IF(SUM(I12:K12)/(3*$Z$2)>=$Z$3,"Baik","Kurang") -> Baik | V12: =IF(SUM(L12:N12)/(3*$Z$2)>=$Z$3,"Baik","Kurang") -> Kurang | W12: =IF(R12>=$Z$4,"Teladan",IF(R12>=$Z$5,"Baik","Perlu Pembinaan")) -> Baik
A13: Zainal Yulianto | B13: Administrasi | C13: 19 | D13: 21 | E13: 20 | F13: 22 | G13: 22 | H13: 20 | I13: 22 | J13: 21 | K13: 22 | L13: 20 | M13: 22 | N13: 20 | O13: =SUM(C13:N13) -> 251 | P13: =AVERAGE(C13:N13) -> 20.916667 | Q13: =MATCH(MIN(C13:N13),C13:N13,0) -> 1 | R13: =O13/($Z$2*12) -> 0.95075758 | S13: =IF(SUM(C13:E13)/(3*$Z$2)>=$Z$3,"Baik","Kurang") -> Baik | T13: =IF(SUM(F13:H13)/(3*$Z$2)>=$Z$3,"Baik","Kurang") -> Baik | U13: =IF(SUM(I13:K13)/(3*$Z$2)>=$Z$3,"Baik","Kurang") -> Baik | V13: =IF(SUM(L13:N13)/(3*$Z$2)>=$Z$3,"Baik","Kurang") -> Baik | W13: =IF(R13>=$Z$4,"Teladan",IF(R13>=$Z$5,"Baik","Perlu Pembinaan")) -> Teladan
A14: Nurul Anggraini | B14: Gudang | C14: 17 | D14: 18 | E14: 19 | F14: 19 | G14: 15 | H14: 19 | I14: 18 | J14: 17 | K14: 18 | L14: 19 | M14: 19 | N14: 16 | O14: =SUM(C14:N14) -> 214 | P14: =AVERAGE(C14:N14) -> 17.833333 | Q14: =MATCH(MIN(C14:N14),C14:N14,0) -> 5 | R14: =O14/($Z$2*12) -> 0.81060606 | S14: =IF(SUM(C14:E14)/(3*$Z$2)>=$Z$3,"Baik","Kurang") -> Kurang | T14: =IF(SUM(F14:H14)/(3*$Z$2)>=$Z$3,"Baik","Kurang") -> Kurang | U14: =IF(SUM(I14:K14)/(3*$Z$2)>=$Z$3,"Baik","Kurang") -> Kurang | V14: =IF(SUM(L14:N14)/(3*$Z$2)>=$Z$3,"Baik","Kurang") -> Kurang | W14: =IF(R14>=$Z$4,"Teladan",IF(R14>=$Z$5,"Baik","Perlu Pembinaan")) -> Perlu Pembinaan
A15: Dimas Syahputra | B15: Pemasaran | C15: 20 | D15: 21 | E15: 22 | F15: 21 | G15: 20 | H15: 15 | I15: 20 | J15: 22 | K15: 20 | L15: 21 | M15: 21 | N15: 20 | O15: =SUM(C15:N15) -> 243 | P15: =AVERAGE(C15:N15) -> 20.25 | Q15: =MATCH(MIN(C15:N15),C15:N15,0) -> 6 | R15: =O15/($Z$2*12) -> 0.92045455 | S15: =IF(SUM(C15:E15)/(3*$Z$2)>=$Z$3,"Baik","Kurang") -> Baik | T15: =IF(SUM(F15:H15)/(3*$Z$2)>=$Z$3,"Baik","Kurang") -> Kurang | U15: =IF(SUM(I15:K15)/(3*$Z$2)>=$Z$3,"Baik","Kurang") -> Baik | V15: =IF(SUM(L15:N15)/(3*$Z$2)>=$Z$3,"Baik","Kurang") -> Baik | W15: =IF(R15>=$Z$4,"Teladan",IF(R15>=$Z$5,"Baik","Perlu Pembinaan")) -> Baik
A16: Oki Putra | B16: Administrasi | C16: 18 | D16: 18 | E16: 19 | F16: 17 | G16: 19 | H16: 18 | I16: 17 | J16: 17 | K16: 13 | L16: 19 | M16: 17 | N16: 17 | O16: =SUM(C16:N16) -> 209 | P16: =AVERAGE(C16:N16) -> 17.416667 | Q16: =MATCH(MIN(C16:N16),C16:N16,0) -> 9 | R16: =O16/($Z$2*12) -> 0.79166667 | S16: =IF(SUM(C16:E16)/(3*$Z$2)>=$Z$3,"Baik","Kurang") -> Kurang | T16: =IF(SUM(F16:H16)/(3*$Z$2)>=$Z$3,"Baik","Kurang") -> Kurang | U16: =IF(SUM(I16:K16)/(3*$Z$2)>=$Z$3,"Baik","Kurang") -> Kurang | V16: =IF(SUM(L16:N16)/(3*$Z$2)>=$Z$3,"Baik","Kurang") -> Kurang | W16: =IF(R16>=$Z$4,"Teladan",IF(R16>=$Z$5,"Baik","Perlu Pembinaan")) -> Perlu Pembinaan
A17: Bambang Ramadhan | B17: Administrasi | C17: 21 | D17: 22 | E17: 21 | F17: 22 | G17: 22 | H17: 21 | I17: 22 | J17: 22 | K17: 22 | L17: 21 | M17: 21 | N17: 20 | O17: =SUM(C17:N17) -> 257 | P17: =AVERAGE(C17:N17) -> 21.416667 | Q17: =MATCH(MIN(C17:N17),C17:N17,0) -> 12 | R17: =O17/($Z$2*12) -> 0.97348485 | S17: =IF(SUM(C17:E17)/(3*$Z$2)>=$Z$3,"Baik","Kurang") -> Baik | T17: =IF(SUM(F17:H17)/(3*$Z$2)>=$Z$3,"Baik","Kurang") -> Baik | U17: =IF(SUM(I17:K17)/(3*$Z$2)>=$Z$3,"Baik","Kurang") -> Baik | V17: =IF(SUM(L17:N17)/(3*$Z$2)>=$Z$3,"Baik","Kurang") -> Baik | W17: =IF(R17>=$Z$4,"Teladan",IF(R17>=$Z$5,"Baik","Perlu Pembinaan")) -> Teladan
... A26: Rina Hidayat | B26: Gudang | C26: 21 | D26: 20 | E26: 21 | F26: 14 | G26: 22 | H26: 19 | I26: 22 | J26: 20 | K26: 22 | L26: 21 | M26: 22 | N26: 21 | O26: =SUM(C26:N26) -> 245 | P26: =AVERAGE(C26:N26) -> 20.416667 | Q26: =MATCH(MIN(C26:N26),C26:N26,0) -> 4 | R26: =O26/($Z$2*12) -> 0.9280303 | S26: =IF(SUM(C26:E26)/(3*$Z$2)>=$Z$3,"Baik","Kurang") -> Baik | T26: =IF(SUM(F26:H26)/(3*$Z$2)>=$Z$3,"Baik","Kurang") -> Kurang | U26: =IF(SUM(I26:K26)/(3*$Z$2)>=$Z$3,"Baik","Kurang") -> Baik | V26: =IF(SUM(L26:N26)/(3*$Z$2)>=$Z$3,"Baik","Kurang") -> Baik | W26: =IF(R26>=$Z$4,"Teladan",IF(R26>=$Z$5,"Baik","Perlu Pembinaan")) -> Baik

Sheet Acuan
A1: Divisi | B1: Jumlah Pegawai | C1: Rata-rata Persen Kehadiran
A2: Produksi | B2: =COUNTIF(Data!$B$2:$B$26,A2) -> 4 | C2: =AVERAGEIF(Data!$B$2:$B$26,A2,Data!$R$2:$R$26) -> 0.84848485
A3: Gudang | B3: =COUNTIF(Data!$B$2:$B$26,A3) -> 9 | C3: =AVERAGEIF(Data!$B$2:$B$26,A3,Data!$R$2:$R$26) -> 0.89099327
A4: Administrasi | B4: =COUNTIF(Data!$B$2:$B$26,A4) -> 8 | C4: =AVERAGEIF(Data!$B$2:$B$26,A4,Data!$R$2:$R$26) -> 0.90246212
A5: Pemasaran | B5: =COUNTIF(Data!$B$2:$B$26,A5) -> 4 | C5: =AVERAGEIF(Data!$B$2:$B$26,A5,Data!$R$2:$R$26) -> 0.89393939

Sheet Ringkasan
A1: Ringkasan: lembar jawaban soal berjenis ringkasan
A2: Sel hijau berisi rumus kunci.
A3: No | B3: Pertanyaan | C3: Jawaban | D3: Contoh format hasil
A4: 12a | B4: Total hari hadir seluruh pegawai | C4: =SUM(Data!$O$2:$O$26) -> 5863 | D4: Angka bulat, mis. 5.000
A5: 12b | B5: Rata-rata total hadir per pegawai | C5: =AVERAGE(Data!$O$2:$O$26) -> 234.52 | D5: Angka desimal, mis. 240,5
A6: 12c | B6: Persen kehadiran seluruh pegawai | C6: =C4/(COUNTA(Data!$A$2:$A$26)*Data!$Z$2*12) -> 0.88833333 | D6: Persen, mis. 90,5%
A7: 13a | B7: Pegawai dengan kehadiran tertinggi | C7: =INDEX(Data!$A$2:$A$26,MATCH(MAX(Data!$R$2:$R$26),Data!$R$2:$R$26,0)) -> Bambang Ramadhan | D7: Teks: nama pegawai
A8: 13b | B8: Pegawai dengan kehadiran terendah | C8: =INDEX(Data!$A$2:$A$26,MATCH(MIN(Data!$R$2:$R$26),Data!$R$2:$R$26,0)) -> Tika Kurniawan | D8: Teks: nama pegawai
A9: 14a | B9: Baik pada K1 | C9: =COUNTIF(Data!$S$2:$S$26,"Baik") -> 13 | D9: Angka bulat, mis. 15
A10: 14b | B10: Baik pada K2 | C10: =COUNTIF(Data!$T$2:$T$26,"Baik") -> 13 | D10: Angka bulat, mis. 14
A11: 14c | B11: Baik pada K3 | C11: =COUNTIF(Data!$U$2:$U$26,"Baik") -> 11 | D11: Angka bulat, mis. 13
A12: 14d | B12: Baik pada K4 | C12: =COUNTIF(Data!$V$2:$V$26,"Baik") -> 11 | D12: Angka bulat, mis. 12
A13: 15a | B13: Pegawai Teladan | C13: =COUNTIF(Data!$W$2:$W$26,"Teladan") -> 6 | D13: Angka bulat, mis. 8
A14: 15b | B14: Pegawai Baik | C14: =COUNTIF(Data!$W$2:$W$26,"Baik") -> 12 | D14: Angka bulat, mis. 10
A15: 15c | B15: Pegawai Perlu Pembinaan | C15: =COUNTIF(Data!$W$2:$W$26,"Perlu Pembinaan") -> 7 | D15: Angka bulat, mis. 9
A16: 16a | B16: Divisi dengan kehadiran tertinggi | C16: =INDEX(Acuan!$A$2:$A$5,MATCH(MAX(Acuan!$C$2:$C$5),Acuan!$C$2:$C$5,0)) -> Administrasi | D16: Teks: nama divisi
A17: 16b | B17: Total hari hadir divisi Gudang | C17: =SUMIF(Data!$B$2:$B$26,"Gudang",Data!$O$2:$O$26) -> 2117 | D17: Angka bulat, mis. 1.500
A18: 16c | B18: Pegawai dengan bulan terendah Desember | C18: =COUNTIF(Data!$Q$2:$Q$26,12) -> 4 | D18: Angka bulat, mis. 5
