Workbook

Sheet Petunjuk
A1: Kunci Jawaban: Upah Buruh Harian: Hari Kerja, Tarif, dan Bonus Rajin
A2: Latihan 87 dari 40 | Tingkat: Menengah | Perkiraan waktu: 50 menit | pushexcel.github.io/Pushexcel
A4: Skenario
A5: Kamu juru bayar CV Cipta Griya yang menghitung upah empat minggu untuk 28 buruh harian proyek perumahan. Tiap buruh punya jumlah hari kerja pada minggu 1 sampai 4. Tarif harian ditentukan oleh jabatan memakai tabel di sheet Acuan. Upah pokok adalah total hari kerja dikali tarif. Minggu penuh adalah minggu dengan hari kerja 6 atau lebih, dan setiap minggu penuh mendapat bonus rajin Rp 60.000 (angka ada di blok Parameter). Total upah adalah upah pokok ditambah bonus.
A7: Cara memakai kunci
A8: 1. | B8: Sel hijau berisi rumus kunci yang sudah dihitung. Klik sel untuk melihat rumusnya.
A9: 2. | B9: Kolom Rumus kunci di bawah menampilkan rumus untuk baris pertama atau tiap sel jawaban.
A10: 3. | B10: Rumus ditulis dengan titik koma (;). Ganti dengan koma (,) bila Excel kamu berbahasa Inggris.
A11: 4. | B11: Jawaban lain yang benar secara logika juga boleh, selama hasilnya sama.
A13: Arti warna
B14: Judul kolom data yang sudah diberikan
B15: Judul kolom hasil hitung
B16: Sel berisi rumus kunci
B17: Angka berwarna biru pada blok Parameter = nilai tetap yang boleh dirujuk
A19: Daftar soal
A20: No | B20: Soal | C20: Jawab di | D20: Rumus kunci
A21: 1 | B21: Hitung total hari kerja dalam empat minggu. | C21: Sheet Data, kolom H (Total Hari), baris 2 sampai 29 | D21: =SUM(D2;E2;F2;G2)
A22: 2 | B22: Ambil tarif harian tiap buruh dari tabel di sheet Acuan berdasarkan jabatan (pencocokan persis). | C22: Sheet Data, kolom I (Tarif Harian), baris 2 sampai 29 | D22: =VLOOKUP(C2;Acuan!$A$2:$B$5;2;FALSE)
A23: 3 | B23: Hitung upah pokok: total hari dikali tarif harian. | C23: Sheet Data, kolom J (Upah Pokok), baris 2 sampai 29 | D23: =H2*I2
A24: 4 | B24: Hitung berapa minggu (dari empat minggu) yang hari kerjanya sama dengan atau lebih dari batas minggu penuh. | C24: Sheet Data, kolom K (Minggu Penuh), baris 2 sampai 29 | D24: =(D2>=$Q$2)+(E2>=$Q$2)+(F2>=$Q$2)+(G2>=$Q$2)
A25: 5 | B25: Hitung bonus rajin: jumlah minggu penuh dikali bonus per minggu penuh. | C25: Sheet Data, kolom L (Bonus Rajin), baris 2 sampai 29 | D25: =K2*$Q$3
A26: 6 | B26: Hitung total upah: upah pokok ditambah bonus rajin. | C26: Sheet Data, kolom M (Total Upah), baris 2 sampai 29 | D26: =J2+L2
A27: 7 | B27: Beri keterangan: Sangat Rajin bila keempat minggu penuh, Rajin bila minimal dua minggu penuh, selain itu Biasa. | C27: Sheet Data, kolom N (Keterangan), baris 2 sampai 29 | D27: =IF(K2=4;"Sangat Rajin";IF(K2>=2;"Rajin";"Biasa"))
A28: 8 | B28: Pada sheet Acuan, hitung jumlah buruh tiap jabatan. | C28: Sheet Acuan, kolom C (Jumlah Buruh), baris 2 sampai 5 | D28: =COUNTIF(Data!$C$2:$C$29;A2)
A29: 9 | B29: Pada sheet Acuan, hitung total upah yang dibayarkan untuk tiap jabatan. | C29: Sheet Acuan, kolom D (Total Upah Jabatan), baris 2 sampai 5 | D29: =SUMIF(Data!$C$2:$C$29;A2;Data!$M$2:$M$29)
A30: 10 | B30: Berapa total upah pokok, total bonus rajin, dan total upah yang harus disiapkan? | C30: Sheet Ringkasan, sel C4 sampai C6 | D30: =SUM(Data!$J$2:$J$29) =SUM(Data!$L$2:$L$29) =SUM(Data!$M$2:$M$29)
A31: 11 | B31: Berapa buruh yang Sangat Rajin, yang Rajin, dan yang Biasa? | C31: Sheet Ringkasan, sel C7 sampai C9 | D31: =COUNTIF(Data!$N$2:$N$29;"Sangat Rajin") =COUNTIF(Data!$N$2:$N$29;"Rajin") =COUNTIF(Data!$N$2:$N$29;"Biasa")
... A33: 13 | B33: Berapa rata-rata total hari kerja jabatan Kenek, dan berapa total bonus rajin buruh jabatan Tukang Batu? | C33: Sheet Ringkasan, sel C12 sampai C13 | D33: =AVERAGEIF(Data!$C$2:$C$29;"Kenek";Data!$H$2:$H$29) =SUMIF(Data!$C$2:$C$29;"Tukang Batu";Data!$L$2:$L$29)

Sheet Data
A1: ID Buruh | B1: Nama Buruh | C1: Jabatan | D1: Minggu 1 | E1: Minggu 2 | F1: Minggu 3 | G1: Minggu 4 | H1: Total Hari | I1: Tarif Harian | J1: Upah Pokok | K1: Minggu Penuh | L1: Bonus Rajin | M1: Total Upah | N1: Keterangan | P1: Parameter | Q1: Nilai | R1: Keterangan
A2: B-001 | B2: Ahmad Hidayat | C2: Mandor | D2: 5 | E2: 5 | F2: 6 | G2: 6 | H2: =SUM(D2,E2,F2,G2) -> 22 | I2: =VLOOKUP(C2,Acuan!$A$2:$B$5,2,FALSE()) -> 185000 | J2: =H2*I2 -> 4070000 | K2: =(D2>=$Q$2)+(E2>=$Q$2)+(F2>=$Q$2)+(G2>=$Q$2) -> 2 | L2: =K2*$Q$3 -> 120000 | M2: =J2+L2 -> 4190000 | N2: =IF(K2=4,"Sangat Rajin",IF(K2>=2,"Rajin","Biasa")) -> Rajin | P2: Hari minggu penuh | Q2: 6 | R2: Hari kerja minimal dalam satu minggu penuh
A3: B-002 | B3: Galih Firmansyah | C3: Tukang Batu | D3: 3 | E3: 6 | F3: 4 | G3: 5 | H3: =SUM(D3,E3,F3,G3) -> 18 | I3: =VLOOKUP(C3,Acuan!$A$2:$B$5,2,FALSE()) -> 160000 | J3: =H3*I3 -> 2880000 | K3: =(D3>=$Q$2)+(E3>=$Q$2)+(F3>=$Q$2)+(G3>=$Q$2) -> 1 | L3: =K3*$Q$3 -> 60000 | M3: =J3+L3 -> 2940000 | N3: =IF(K3=4,"Sangat Rajin",IF(K3>=2,"Rajin","Biasa")) -> Biasa | P3: Bonus per minggu penuh | Q3: 60000
A4: B-003 | B4: Bayu Putra | C4: Tukang Batu | D4: 5 | E4: 6 | F4: 5 | G4: 4 | H4: =SUM(D4,E4,F4,G4) -> 20 | I4: =VLOOKUP(C4,Acuan!$A$2:$B$5,2,FALSE()) -> 160000 | J4: =H4*I4 -> 3200000 | K4: =(D4>=$Q$2)+(E4>=$Q$2)+(F4>=$Q$2)+(G4>=$Q$2) -> 1 | L4: =K4*$Q$3 -> 60000 | M4: =J4+L4 -> 3260000 | N4: =IF(K4=4,"Sangat Rajin",IF(K4>=2,"Rajin","Biasa")) -> Biasa
A5: B-004 | B5: Vina Kusuma | C5: Operator Alat | D5: 5 | E5: 4 | F5: 3 | G5: 3 | H5: =SUM(D5,E5,F5,G5) -> 15 | I5: =VLOOKUP(C5,Acuan!$A$2:$B$5,2,FALSE()) -> 165000 | J5: =H5*I5 -> 2475000 | K5: =(D5>=$Q$2)+(E5>=$Q$2)+(F5>=$Q$2)+(G5>=$Q$2) -> 0 | L5: =K5*$Q$3 -> 0 | M5: =J5+L5 -> 2475000 | N5: =IF(K5=4,"Sangat Rajin",IF(K5>=2,"Rajin","Biasa")) -> Biasa
A6: B-005 | B6: Dimas Putra | C6: Kenek | D6: 3 | E6: 3 | F6: 3 | G6: 5 | H6: =SUM(D6,E6,F6,G6) -> 14 | I6: =VLOOKUP(C6,Acuan!$A$2:$B$5,2,FALSE()) -> 115000 | J6: =H6*I6 -> 1610000 | K6: =(D6>=$Q$2)+(E6>=$Q$2)+(F6>=$Q$2)+(G6>=$Q$2) -> 0 | L6: =K6*$Q$3 -> 0 | M6: =J6+L6 -> 1610000 | N6: =IF(K6=4,"Sangat Rajin",IF(K6>=2,"Rajin","Biasa")) -> Biasa
A7: B-006 | B7: Budi Handayani | C7: Kenek | D7: 6 | E7: 6 | F7: 6 | G7: 6 | H7: =SUM(D7,E7,F7,G7) -> 24 | I7: =VLOOKUP(C7,Acuan!$A$2:$B$5,2,FALSE()) -> 115000 | J7: =H7*I7 -> 2760000 | K7: =(D7>=$Q$2)+(E7>=$Q$2)+(F7>=$Q$2)+(G7>=$Q$2) -> 4 | L7: =K7*$Q$3 -> 240000 | M7: =J7+L7 -> 3000000 | N7: =IF(K7=4,"Sangat Rajin",IF(K7>=2,"Rajin","Biasa")) -> Sangat Rajin
A8: B-007 | B8: Bambang Hartono | C8: Mandor | D8: 5 | E8: 6 | F8: 6 | G8: 3 | H8: =SUM(D8,E8,F8,G8) -> 20 | I8: =VLOOKUP(C8,Acuan!$A$2:$B$5,2,FALSE()) -> 185000 | J8: =H8*I8 -> 3700000 | K8: =(D8>=$Q$2)+(E8>=$Q$2)+(F8>=$Q$2)+(G8>=$Q$2) -> 2 | L8: =K8*$Q$3 -> 120000 | M8: =J8+L8 -> 3820000 | N8: =IF(K8=4,"Sangat Rajin",IF(K8>=2,"Rajin","Biasa")) -> Rajin
A9: B-008 | B9: Irfan Amalia | C9: Tukang Batu | D9: 3 | E9: 6 | F9: 6 | G9: 4 | H9: =SUM(D9,E9,F9,G9) -> 19 | I9: =VLOOKUP(C9,Acuan!$A$2:$B$5,2,FALSE()) -> 160000 | J9: =H9*I9 -> 3040000 | K9: =(D9>=$Q$2)+(E9>=$Q$2)+(F9>=$Q$2)+(G9>=$Q$2) -> 2 | L9: =K9*$Q$3 -> 120000 | M9: =J9+L9 -> 3160000 | N9: =IF(K9=4,"Sangat Rajin",IF(K9>=2,"Rajin","Biasa")) -> Rajin
A10: B-009 | B10: Mulyadi Amalia | C10: Tukang Batu | D10: 6 | E10: 4 | F10: 4 | G10: 5 | H10: =SUM(D10,E10,F10,G10) -> 19 | I10: =VLOOKUP(C10,Acuan!$A$2:$B$5,2,FALSE()) -> 160000 | J10: =H10*I10 -> 3040000 | K10: =(D10>=$Q$2)+(E10>=$Q$2)+(F10>=$Q$2)+(G10>=$Q$2) -> 1 | L10: =K10*$Q$3 -> 60000 | M10: =J10+L10 -> 3100000 | N10: =IF(K10=4,"Sangat Rajin",IF(K10>=2,"Rajin","Biasa")) -> Biasa
A11: B-010 | B11: Ahmad Firmansyah | C11: Operator Alat | D11: 3 | E11: 6 | F11: 3 | G11: 4 | H11: =SUM(D11,E11,F11,G11) -> 16 | I11: =VLOOKUP(C11,Acuan!$A$2:$B$5,2,FALSE()) -> 165000 | J11: =H11*I11 -> 2640000 | K11: =(D11>=$Q$2)+(E11>=$Q$2)+(F11>=$Q$2)+(G11>=$Q$2) -> 1 | L11: =K11*$Q$3 -> 60000 | M11: =J11+L11 -> 2700000 | N11: =IF(K11=4,"Sangat Rajin",IF(K11>=2,"Rajin","Biasa")) -> Biasa
A12: B-011 | B12: Gita Nugroho | C12: Kenek | D12: 6 | E12: 4 | F12: 4 | G12: 4 | H12: =SUM(D12,E12,F12,G12) -> 18 | I12: =VLOOKUP(C12,Acuan!$A$2:$B$5,2,FALSE()) -> 115000 | J12: =H12*I12 -> 2070000 | K12: =(D12>=$Q$2)+(E12>=$Q$2)+(F12>=$Q$2)+(G12>=$Q$2) -> 1 | L12: =K12*$Q$3 -> 60000 | M12: =J12+L12 -> 2130000 | N12: =IF(K12=4,"Sangat Rajin",IF(K12>=2,"Rajin","Biasa")) -> Biasa
A13: B-012 | B13: Rahmat Putra | C13: Kenek | D13: 3 | E13: 6 | F13: 5 | G13: 6 | H13: =SUM(D13,E13,F13,G13) -> 20 | I13: =VLOOKUP(C13,Acuan!$A$2:$B$5,2,FALSE()) -> 115000 | J13: =H13*I13 -> 2300000 | K13: =(D13>=$Q$2)+(E13>=$Q$2)+(F13>=$Q$2)+(G13>=$Q$2) -> 2 | L13: =K13*$Q$3 -> 120000 | M13: =J13+L13 -> 2420000 | N13: =IF(K13=4,"Sangat Rajin",IF(K13>=2,"Rajin","Biasa")) -> Rajin
A14: B-013 | B14: Vivi Susanto | C14: Mandor | D14: 4 | E14: 6 | F14: 6 | G14: 6 | H14: =SUM(D14,E14,F14,G14) -> 22 | I14: =VLOOKUP(C14,Acuan!$A$2:$B$5,2,FALSE()) -> 185000 | J14: =H14*I14 -> 4070000 | K14: =(D14>=$Q$2)+(E14>=$Q$2)+(F14>=$Q$2)+(G14>=$Q$2) -> 3 | L14: =K14*$Q$3 -> 180000 | M14: =J14+L14 -> 4250000 | N14: =IF(K14=4,"Sangat Rajin",IF(K14>=2,"Rajin","Biasa")) -> Rajin
A15: B-014 | B15: Rina Susanto | C15: Tukang Batu | D15: 3 | E15: 6 | F15: 5 | G15: 4 | H15: =SUM(D15,E15,F15,G15) -> 18 | I15: =VLOOKUP(C15,Acuan!$A$2:$B$5,2,FALSE()) -> 160000 | J15: =H15*I15 -> 2880000 | K15: =(D15>=$Q$2)+(E15>=$Q$2)+(F15>=$Q$2)+(G15>=$Q$2) -> 1 | L15: =K15*$Q$3 -> 60000 | M15: =J15+L15 -> 2940000 | N15: =IF(K15=4,"Sangat Rajin",IF(K15>=2,"Rajin","Biasa")) -> Biasa
... A29: B-028 | B29: Khoirul Firmansyah | C29: Mandor | D29: 6 | E29: 6 | F29: 6 | G29: 6 | H29: =SUM(D29,E29,F29,G29) -> 24 | I29: =VLOOKUP(C29,Acuan!$A$2:$B$5,2,FALSE()) -> 185000 | J29: =H29*I29 -> 4440000 | K29: =(D29>=$Q$2)+(E29>=$Q$2)+(F29>=$Q$2)+(G29>=$Q$2) -> 4 | L29: =K29*$Q$3 -> 240000 | M29: =J29+L29 -> 4680000 | N29: =IF(K29=4,"Sangat Rajin",IF(K29>=2,"Rajin","Biasa")) -> Sangat Rajin

Sheet Acuan
A1: Jabatan | B1: Tarif Harian | C1: Jumlah Buruh | D1: Total Upah Jabatan
A2: Mandor | B2: 185000 | C2: =COUNTIF(Data!$C$2:$C$29,A2) -> 5 | D2: =SUMIF(Data!$C$2:$C$29,A2,Data!$M$2:$M$29) -> 21375000
A3: Tukang Batu | B3: 160000 | C3: =COUNTIF(Data!$C$2:$C$29,A3) -> 9 | D3: =SUMIF(Data!$C$2:$C$29,A3,Data!$M$2:$M$29) -> 29280000
A4: Operator Alat | B4: 165000 | C4: =COUNTIF(Data!$C$2:$C$29,A4) -> 6 | D4: =SUMIF(Data!$C$2:$C$29,A4,Data!$M$2:$M$29) -> 18510000
A5: Kenek | B5: 115000 | C5: =COUNTIF(Data!$C$2:$C$29,A5) -> 8 | D5: =SUMIF(Data!$C$2:$C$29,A5,Data!$M$2:$M$29) -> 19885000

Sheet Ringkasan
A1: Ringkasan: lembar jawaban soal berjenis ringkasan
A2: Sel hijau berisi rumus kunci.
A3: No | B3: Pertanyaan | C3: Jawaban | D3: Contoh format hasil
A4: 10a | B4: Total upah pokok | C4: =SUM(Data!$J$2:$J$29) -> 85750000 | D4: Rupiah, mis. Rp 80.000.000
A5: 10b | B5: Total bonus rajin | C5: =SUM(Data!$L$2:$L$29) -> 3300000 | D5: Rupiah, mis. Rp 4.000.000
A6: 10c | B6: Total upah seluruhnya | C6: =SUM(Data!$M$2:$M$29) -> 89050000 | D6: Rupiah, mis. Rp 84.000.000
A7: 11a | B7: Buruh Sangat Rajin | C7: =COUNTIF(Data!$N$2:$N$29,"Sangat Rajin") -> 8 | D7: Angka bulat, mis. 7
A8: 11b | B8: Buruh Rajin | C8: =COUNTIF(Data!$N$2:$N$29,"Rajin") -> 7 | D8: Angka bulat, mis. 12
A9: 11c | B9: Buruh Biasa | C9: =COUNTIF(Data!$N$2:$N$29,"Biasa") -> 13 | D9: Angka bulat, mis. 9
A10: 12a | B10: Buruh dengan total upah terbesar | C10: =INDEX(Data!$B$2:$B$29,MATCH(MAX(Data!$M$2:$M$29),Data!$M$2:$M$29,0)) -> Khoirul Firmansyah | D10: Teks: nama buruh
A11: 12b | B11: Jabatan dengan total upah terbesar | C11: =INDEX(Acuan!$A$2:$A$5,MATCH(MAX(Acuan!$D$2:$D$5),Acuan!$D$2:$D$5,0)) -> Tukang Batu | D11: Teks: nama jabatan
A12: 13a | B12: Rata-rata total hari jabatan Kenek | C12: =AVERAGEIF(Data!$C$2:$C$29,"Kenek",Data!$H$2:$H$29) -> 20.375 | D12: Angka desimal, mis. 18,5
A13: 13b | B13: Total bonus rajin Tukang Batu | C13: =SUMIF(Data!$C$2:$C$29,"Tukang Batu",Data!$L$2:$L$29) -> 960000 | D13: Rupiah, mis. Rp 600.000
