Workbook

Sheet Petunjuk
A1: Kunci Jawaban: Anggaran dan Realisasi Biaya Tahunan
A2: Latihan 93 dari 40 | Tingkat: Lanjutan | Perkiraan waktu: 65 menit | pushexcel.github.io/Pushexcel
A4: Skenario
A5: Kamu staf keuangan PT Cahaya Mulia yang mengevaluasi anggaran biaya tahun 2026 untuk tiga pos (Pemasaran, Operasional Kantor, Pelatihan), dicatat per bulan sehingga ada 36 baris. Selisih adalah realisasi dikurangi anggaran, jadi selisih negatif berarti hemat. Persen realisasi adalah realisasi dibagi anggaran. Kuartal ditentukan dari nomor bulan: bulan 1 sampai 3 kuartal 1, bulan 4 sampai 6 kuartal 2, dan seterusnya. Status: Melebihi bila persen realisasi di atas 105 persen, Hemat bila di bawah 90 persen, selain itu Sesuai (kedua batas ada di blok Parameter).
A7: Cara memakai kunci
A8: 1. | B8: Sel hijau berisi rumus kunci yang sudah dihitung. Klik sel untuk melihat rumusnya.
A9: 2. | B9: Kolom Rumus kunci di bawah menampilkan rumus untuk baris pertama atau tiap sel jawaban.
A10: 3. | B10: Rumus ditulis dengan titik koma (;). Ganti dengan koma (,) bila Excel kamu berbahasa Inggris.
A11: 4. | B11: Jawaban lain yang benar secara logika juga boleh, selama hasilnya sama.
A13: Arti warna
B14: Judul kolom data yang sudah diberikan
B15: Judul kolom hasil hitung
B16: Sel berisi rumus kunci
B17: Angka berwarna biru pada blok Parameter = nilai tetap yang boleh dirujuk
A19: Daftar soal
A20: No | B20: Soal | C20: Jawab di | D20: Rumus kunci
A21: 1 | B21: Hitung selisih: realisasi dikurangi anggaran. Hasil negatif berarti hemat. | C21: Sheet Data, kolom E (Selisih), baris 2 sampai 37 | D21: =D2-C2
A22: 2 | B22: Hitung persen realisasi terhadap anggaran. | C22: Sheet Data, kolom F (Persen Realisasi), baris 2 sampai 37 | D22: =D2/C2
A23: 3 | B23: Tentukan kuartal dari nomor bulan: bulan 1 sampai 3 kuartal 1, bulan 4 sampai 6 kuartal 2, dan seterusnya. | C23: Sheet Data, kolom G (Kuartal), baris 2 sampai 37 | D23: =ROUNDUP(A2/3;0)
A24: 4 | B24: Beri status Melebihi bila persen realisasi di atas batas melebihi, Hemat bila di bawah batas hemat, selain itu Sesuai. | C24: Sheet Data, kolom H (Status), baris 2 sampai 37 | D24: =IF(F2>$K$2;"Melebihi";IF(F2<$K$3;"Hemat";"Sesuai"))
A25: 5 | B25: Pada sheet Acuan, hitung total anggaran tiap kuartal. | C25: Sheet Acuan, kolom B (Anggaran Kuartal), baris 2 sampai 5 | D25: =SUMIF(Data!$G$2:$G$37;A2;Data!$C$2:$C$37)
A26: 6 | B26: Pada sheet Acuan, hitung total realisasi tiap kuartal. | C26: Sheet Acuan, kolom C (Realisasi Kuartal), baris 2 sampai 5 | D26: =SUMIF(Data!$G$2:$G$37;A2;Data!$D$2:$D$37)
A27: 7 | B27: Pada sheet Acuan, hitung selisih tiap kuartal: realisasi dikurangi anggaran. | C27: Sheet Acuan, kolom D (Selisih Kuartal), baris 2 sampai 5 | D27: =C2-B2
A28: 8 | B28: Pada sheet Acuan, hitung persen realisasi tiap kuartal terhadap anggarannya. | C28: Sheet Acuan, kolom E (Persen Realisasi Kuartal), baris 2 sampai 5 | D28: =C2/B2
A29: 9 | B29: Berapa total anggaran setahun, total realisasi setahun, dan persen realisasinya? | C29: Sheet Ringkasan, sel C4 sampai C6 | D29: =SUM(Data!$C$2:$C$37) =SUM(Data!$D$2:$D$37) =C5/C4
A30: 10 | B30: Berapa baris berstatus Melebihi, Hemat, dan Sesuai? | C30: Sheet Ringkasan, sel C7 sampai C9 | D30: =COUNTIF(Data!$H$2:$H$37;"Melebihi") =COUNTIF(Data!$H$2:$H$37;"Hemat") =COUNTIF(Data!$H$2:$H$37;"Sesuai")
A31: 11 | B31: Kuartal berapa yang selisihnya terbesar, dan kuartal berapa yang persen realisasinya terendah? | C31: Sheet Ringkasan, sel C10 sampai C11 | D31: =INDEX(Acuan!$A$2:$A$5;MATCH(MAX(Acuan!$D$2:$D$5);Acuan!$D$2:$D$5;0)) =INDEX(Acuan!$A$2:$A$5;MATCH(MIN(Acuan!$E$2:$E$5);Acuan!$E$2:$E$5;0))
... A34: 14 | B34: Pada bulan ke berapa dan di pos apa realisasi tunggal terbesar terjadi? | C34: Sheet Ringkasan, sel C16 sampai C17 | D34: =INDEX(Data!$A$2:$A$37;MATCH(MAX(Data!$D$2:$D$37);Data!$D$2:$D$37;0)) =INDEX(Data!$B$2:$B$37;MATCH(MAX(Data!$D$2:$D$37);Data!$D$2:$D$37;0))

Sheet Data
A1: Bulan Ke | B1: Pos | C1: Anggaran | D1: Realisasi | E1: Selisih | F1: Persen Realisasi | G1: Kuartal | H1: Status | J1: Parameter | K1: Nilai | L1: Keterangan
A2: 1 | B2: Pemasaran | C2: 8000000 | D2: 9100000 | E2: =D2-C2 -> 1100000 | F2: =D2/C2 -> 1.1375 | G2: =ROUNDUP(A2/3,0) -> 1 | H2: =IF(F2>$K$2,"Melebihi",IF(F2<$K$3,"Hemat","Sesuai")) -> Melebihi | J2: Batas melebihi | K2: 1.05 | L2: Persen realisasi di atas angka ini berstatus Melebihi
A3: 1 | B3: Operasional Kantor | C3: 18000000 | D3: 15200000 | E3: =D3-C3 -> -2800000 | F3: =D3/C3 -> 0.84444444 | G3: =ROUNDUP(A3/3,0) -> 1 | H3: =IF(F3>$K$2,"Melebihi",IF(F3<$K$3,"Hemat","Sesuai")) -> Hemat | J3: Batas hemat | K3: 0.9 | L3: Persen realisasi di bawah angka ini berstatus Hemat
A4: 1 | B4: Pelatihan | C4: 5000000 | D4: 4700000 | E4: =D4-C4 -> -300000 | F4: =D4/C4 -> 0.94 | G4: =ROUNDUP(A4/3,0) -> 1 | H4: =IF(F4>$K$2,"Melebihi",IF(F4<$K$3,"Hemat","Sesuai")) -> Sesuai
A5: 2 | B5: Pemasaran | C5: 8000000 | D5: 8200000 | E5: =D5-C5 -> 200000 | F5: =D5/C5 -> 1.025 | G5: =ROUNDUP(A5/3,0) -> 1 | H5: =IF(F5>$K$2,"Melebihi",IF(F5<$K$3,"Hemat","Sesuai")) -> Sesuai
A6: 2 | B6: Operasional Kantor | C6: 18000000 | D6: 21500000 | E6: =D6-C6 -> 3500000 | F6: =D6/C6 -> 1.1944444 | G6: =ROUNDUP(A6/3,0) -> 1 | H6: =IF(F6>$K$2,"Melebihi",IF(F6<$K$3,"Hemat","Sesuai")) -> Melebihi
A7: 2 | B7: Pelatihan | C7: 4000000 | D7: 3800000 | E7: =D7-C7 -> -200000 | F7: =D7/C7 -> 0.95 | G7: =ROUNDUP(A7/3,0) -> 1 | H7: =IF(F7>$K$2,"Melebihi",IF(F7<$K$3,"Hemat","Sesuai")) -> Sesuai
A8: 3 | B8: Pemasaran | C8: 9000000 | D8: 8800000 | E8: =D8-C8 -> -200000 | F8: =D8/C8 -> 0.97777778 | G8: =ROUNDUP(A8/3,0) -> 1 | H8: =IF(F8>$K$2,"Melebihi",IF(F8<$K$3,"Hemat","Sesuai")) -> Sesuai
A9: 3 | B9: Operasional Kantor | C9: 18000000 | D9: 20600000 | E9: =D9-C9 -> 2600000 | F9: =D9/C9 -> 1.1444444 | G9: =ROUNDUP(A9/3,0) -> 1 | H9: =IF(F9>$K$2,"Melebihi",IF(F9<$K$3,"Hemat","Sesuai")) -> Melebihi
A10: 3 | B10: Pelatihan | C10: 6000000 | D10: 6400000 | E10: =D10-C10 -> 400000 | F10: =D10/C10 -> 1.0666667 | G10: =ROUNDUP(A10/3,0) -> 1 | H10: =IF(F10>$K$2,"Melebihi",IF(F10<$K$3,"Hemat","Sesuai")) -> Melebihi
A11: 4 | B11: Pemasaran | C11: 10000000 | D11: 10600000 | E11: =D11-C11 -> 600000 | F11: =D11/C11 -> 1.06 | G11: =ROUNDUP(A11/3,0) -> 2 | H11: =IF(F11>$K$2,"Melebihi",IF(F11<$K$3,"Hemat","Sesuai")) -> Melebihi
A12: 4 | B12: Operasional Kantor | C12: 19000000 | D12: 14700000 | E12: =D12-C12 -> -4300000 | F12: =D12/C12 -> 0.77368421 | G12: =ROUNDUP(A12/3,0) -> 2 | H12: =IF(F12>$K$2,"Melebihi",IF(F12<$K$3,"Hemat","Sesuai")) -> Hemat
A13: 4 | B13: Pelatihan | C13: 5000000 | D13: 5300000 | E13: =D13-C13 -> 300000 | F13: =D13/C13 -> 1.06 | G13: =ROUNDUP(A13/3,0) -> 2 | H13: =IF(F13>$K$2,"Melebihi",IF(F13<$K$3,"Hemat","Sesuai")) -> Melebihi
A14: 5 | B14: Pemasaran | C14: 10000000 | D14: 8900000 | E14: =D14-C14 -> -1100000 | F14: =D14/C14 -> 0.89 | G14: =ROUNDUP(A14/3,0) -> 2 | H14: =IF(F14>$K$2,"Melebihi",IF(F14<$K$3,"Hemat","Sesuai")) -> Hemat
A15: 5 | B15: Operasional Kantor | C15: 19000000 | D15: 16700000 | E15: =D15-C15 -> -2300000 | F15: =D15/C15 -> 0.87894737 | G15: =ROUNDUP(A15/3,0) -> 2 | H15: =IF(F15>$K$2,"Melebihi",IF(F15<$K$3,"Hemat","Sesuai")) -> Hemat
... A37: 12 | B37: Pelatihan | C37: 10000000 | D37: 10600000 | E37: =D37-C37 -> 600000 | F37: =D37/C37 -> 1.06 | G37: =ROUNDUP(A37/3,0) -> 4 | H37: =IF(F37>$K$2,"Melebihi",IF(F37<$K$3,"Hemat","Sesuai")) -> Melebihi

Sheet Acuan
A1: Kuartal | B1: Anggaran Kuartal | C1: Realisasi Kuartal | D1: Selisih Kuartal | E1: Persen Realisasi Kuartal
A2: 1 | B2: =SUMIF(Data!$G$2:$G$37,A2,Data!$C$2:$C$37) -> 94000000 | C2: =SUMIF(Data!$G$2:$G$37,A2,Data!$D$2:$D$37) -> 98300000 | D2: =C2-B2 -> 4300000 | E2: =C2/B2 -> 1.0457447
A3: 2 | B3: =SUMIF(Data!$G$2:$G$37,A3,Data!$C$2:$C$37) -> 105000000 | C3: =SUMIF(Data!$G$2:$G$37,A3,Data!$D$2:$D$37) -> 96900000 | D3: =C3-B3 -> -8100000 | E3: =C3/B3 -> 0.92285714
A4: 3 | B4: =SUMIF(Data!$G$2:$G$37,A4,Data!$C$2:$C$37) -> 112000000 | C4: =SUMIF(Data!$G$2:$G$37,A4,Data!$D$2:$D$37) -> 107200000 | D4: =C4-B4 -> -4800000 | E4: =C4/B4 -> 0.95714286
A5: 4 | B5: =SUMIF(Data!$G$2:$G$37,A5,Data!$C$2:$C$37) -> 139000000 | C5: =SUMIF(Data!$G$2:$G$37,A5,Data!$D$2:$D$37) -> 127600000 | D5: =C5-B5 -> -11400000 | E5: =C5/B5 -> 0.91798561

Sheet Ringkasan
A1: Ringkasan: lembar jawaban soal berjenis ringkasan
A2: Sel hijau berisi rumus kunci.
A3: No | B3: Pertanyaan | C3: Jawaban | D3: Contoh format hasil
A4: 9a | B4: Total anggaran | C4: =SUM(Data!$C$2:$C$37) -> 450000000 | D4: Rupiah, mis. Rp 500.000.000
A5: 9b | B5: Total realisasi | C5: =SUM(Data!$D$2:$D$37) -> 430000000 | D5: Rupiah, mis. Rp 510.000.000
A6: 9c | B6: Persen realisasi setahun | C6: =C5/C4 -> 0.95555556 | D6: Persen, mis. 102,5%
A7: 10a | B7: Baris Melebihi | C7: =COUNTIF(Data!$H$2:$H$37,"Melebihi") -> 13 | D7: Angka bulat, mis. 8
A8: 10b | B8: Baris Hemat | C8: =COUNTIF(Data!$H$2:$H$37,"Hemat") -> 10 | D8: Angka bulat, mis. 9
A9: 10c | B9: Baris Sesuai | C9: =COUNTIF(Data!$H$2:$H$37,"Sesuai") -> 13 | D9: Angka bulat, mis. 19
A10: 11a | B10: Kuartal dengan selisih terbesar | C10: =INDEX(Acuan!$A$2:$A$5,MATCH(MAX(Acuan!$D$2:$D$5),Acuan!$D$2:$D$5,0)) -> 1 | D10: Angka bulat, nomor kuartal
A11: 11b | B11: Kuartal dengan persen realisasi terendah | C11: =INDEX(Acuan!$A$2:$A$5,MATCH(MIN(Acuan!$E$2:$E$5),Acuan!$E$2:$E$5,0)) -> 4 | D11: Angka bulat, nomor kuartal
A12: 12a | B12: Realisasi Pemasaran kuartal 4 | C12: =SUMPRODUCT((Data!$B$2:$B$37="Pemasaran")*(Data!$G$2:$G$37=4)*Data!$D$2:$D$37) -> 52500000 | D12: Rupiah, mis. Rp 60.000.000
A13: 12b | B13: Anggaran Pelatihan semester 2 | C13: =SUMPRODUCT((Data!$B$2:$B$37="Pelatihan")*(Data!$A$2:$A$37>=7)*Data!$C$2:$C$37) -> 37000000 | D13: Rupiah, mis. Rp 30.000.000
A14: 13a | B14: Total selisih Operasional Kantor | C14: =SUMIF(Data!$B$2:$B$37,"Operasional Kantor",Data!$E$2:$E$37) -> -18000000 | D14: Rupiah, mis. Rp 2.000.000 (atau negatif)
A15: 13b | B15: Rata-rata persen realisasi Pemasaran | C15: =AVERAGEIF(Data!$B$2:$B$37,"Pemasaran",Data!$F$2:$F$37) -> 1.0072959 | D15: Persen, mis. 100,5%
A16: 14a | B16: Bulan ke dengan realisasi terbesar | C16: =INDEX(Data!$A$2:$A$37,MATCH(MAX(Data!$D$2:$D$37),Data!$D$2:$D$37,0)) -> 12 | D16: Angka bulat, nomor bulan
A17: 14b | B17: Pos dengan realisasi terbesar | C17: =INDEX(Data!$B$2:$B$37,MATCH(MAX(Data!$D$2:$D$37),Data!$D$2:$D$37,0)) -> Operasional Kantor | D17: Teks: nama pos
