Workbook

Sheet Petunjuk
A1: Kunci Jawaban: Buku Agenda Surat Masuk
A2: Latihan 5 dari 104 | Tingkat: Menengah | Perkiraan waktu: 45 menit | pushexcel.github.io/Pushexcel
A4: Skenario
A5: Kamu sekretaris di sebuah kantor yang mencatat surat masuk pada buku agenda. Triwulan ini ada 30 surat dari Agustus sampai Oktober 2026. Pimpinan ingin tahu berapa surat yang sudah dibalas, berapa lama prosesnya, dan surat penting mana yang terlambat dibalas. Batas waktu balasan adalah 5 hari.
A7: Cara memakai kunci
A8: 1. | B8: Sel hijau berisi rumus kunci yang sudah dihitung. Klik sel untuk melihat rumusnya.
A9: 2. | B9: Kolom Rumus kunci di bawah menampilkan rumus untuk baris pertama atau tiap sel jawaban.
A10: 3. | B10: Rumus ditulis dengan titik koma (;). Ganti dengan koma (,) bila Excel kamu berbahasa Inggris.
A11: 4. | B11: Jawaban lain yang benar secara logika juga boleh, selama hasilnya sama.
A13: Arti warna
B14: Judul kolom data yang sudah diberikan
B15: Judul kolom hasil hitung
B16: Sel berisi rumus kunci
B17: Angka berwarna biru pada blok Parameter = nilai tetap yang boleh dirujuk
A19: Daftar soal
A20: No | B20: Soal | C20: Jawab di | D20: Rumus kunci
A21: 1 | B21: Buat Nomor Agenda otomatis dengan pola AGD-nomor urut tiga digit/bulan/tahun, misalnya AGD-007/8/2026. | C21: Sheet Data, kolom I (Nomor Agenda), baris 2 sampai 31 | D21: ="AGD-"&TEXT(A2;"000")&"/"&MONTH(B2)&"/"&YEAR(B2)
A22: 2 | B22: Ambil nomor bulan dari Tanggal Terima. | C22: Sheet Data, kolom J (Bulan Terima), baris 2 sampai 31 | D22: =MONTH(B2)
A23: 3 | B23: Hitung lama proses dalam hari: Tanggal Dibalas dikurangi Tanggal Terima. Bila belum dibalas, biarkan kosong. | C23: Sheet Data, kolom K (Lama Proses (hari)), baris 2 sampai 31 | D23: =IF(H2="";"";H2-B2)
A24: 4 | B24: Beri status Selesai bila sudah ada Tanggal Dibalas, selain itu Belum Dibalas. | C24: Sheet Data, kolom L (Status), baris 2 sampai 31 | D24: =IF(H2="";"Belum Dibalas";"Selesai")
A25: 5 | B25: Beri Ketepatan Waktu: Tepat Waktu bila lama proses di dalam batas, Terlambat bila melebihi, dan tanda - bila belum dibalas. | C25: Sheet Data, kolom M (Ketepatan Waktu), baris 2 sampai 31 | D25: =IF(H2="";"-";IF(K2<=$P$2;"Tepat Waktu";"Terlambat"))
A26: 6 | B26: Berapa jumlah surat untuk tiap jenis: Undangan, Permohonan, Pemberitahuan, dan Penawaran? | C26: Sheet Ringkasan, sel C4 sampai C7 | D26: =COUNTIF(Data!$F$2:$F$31;"Undangan") =COUNTIF(Data!$F$2:$F$31;"Permohonan") =COUNTIF(Data!$F$2:$F$31;"Pemberitahuan") =COUNTIF(Data!$F$2:$F$31;"Penawaran")
A27: 7 | B27: Berapa jumlah surat yang diterima pada Agustus (8), September (9), dan Oktober (10)? | C27: Sheet Ringkasan, sel C8 sampai C10 | D27: =COUNTIF(Data!$J$2:$J$31;8) =COUNTIF(Data!$J$2:$J$31;9) =COUNTIF(Data!$J$2:$J$31;10)
A28: 8 | B28: Berapa surat yang belum dibalas? | C28: Sheet Ringkasan, sel C11 | D28: =COUNTIF(Data!$L$2:$L$31;"Belum Dibalas")
A29: 9 | B29: Berapa rata-rata lama proses surat yang sudah dibalas (dalam hari)? | C29: Sheet Ringkasan, sel C12 | D29: =AVERAGE(Data!$K$2:$K$31)
A30: 10 | B30: Berapa surat bersifat Penting yang terlambat dibalas? | C30: Sheet Ringkasan, sel C13 | D30: =COUNTIFS(Data!$G$2:$G$31;"Penting";Data!$M$2:$M$31;"Terlambat")
A31: 11 | B31: Surat dari pengirim mana yang paling lama diproses? | C31: Sheet Ringkasan, sel C14 | D31: =INDEX(Data!$D$2:$D$31;MATCH(MAX(Data!$K$2:$K$31);Data!$K$2:$K$31;0))

Sheet Data
A1: No | B1: Tanggal Terima | C1: Nomor Surat | D1: Pengirim | E1: Perihal | F1: Jenis | G1: Sifat | H1: Tanggal Dibalas | I1: Nomor Agenda | J1: Bulan Terima | K1: Lama Proses (hari) | L1: Status | M1: Ketepatan Waktu | O1: Parameter | P1: Nilai | Q1: Keterangan
A2: 1 | B2: 46239 | C2: 313/UND/HRD/VIII/2026 | D2: Koperasi Tani Makmur | E2: Penawaran kerja sama pengadaan ATK | F2: Penawaran | G2: Biasa | H2: 46245 | I2: ="AGD-"&TEXT(A2,"000")&"/"&MONTH(B2)&"/"&YEAR(B2) -> AGD-001/8/2026 | J2: =MONTH(B2) -> 8 | K2: =IF(H2="","",H2-B2) -> 6 | L2: =IF(H2="","Belum Dibalas","Selesai") -> Selesai | M2: =IF(H2="","-",IF(K2<=$P$2,"Tepat Waktu","Terlambat")) -> Terlambat | O2: Batas waktu balasan (hari) | P2: 5 | Q2: Dibalas dalam batas ini = Tepat Waktu
A3: 2 | B3: 46246 | C3: 371/TWR/HRD/VIII/2026 | D3: PT Bumi Lestari | E3: Undangan sosialisasi program | F3: Undangan | G3: Biasa | H3: 46252 | I3: ="AGD-"&TEXT(A3,"000")&"/"&MONTH(B3)&"/"&YEAR(B3) -> AGD-002/8/2026 | J3: =MONTH(B3) -> 8 | K3: =IF(H3="","",H3-B3) -> 6 | L3: =IF(H3="","Belum Dibalas","Selesai") -> Selesai | M3: =IF(H3="","-",IF(K3<=$P$2,"Tepat Waktu","Terlambat")) -> Terlambat
A4: 3 | B4: 46248 | C4: 090/TWR/HRD/VIII/2026 | D4: Komite Sekolah | E4: Permohonan kunjungan industri | F4: Permohonan | G4: Segera | H4: 46250 | I4: ="AGD-"&TEXT(A4,"000")&"/"&MONTH(B4)&"/"&YEAR(B4) -> AGD-003/8/2026 | J4: =MONTH(B4) -> 8 | K4: =IF(H4="","",H4-B4) -> 2 | L4: =IF(H4="","Belum Dibalas","Selesai") -> Selesai | M4: =IF(H4="","-",IF(K4<=$P$2,"Tepat Waktu","Terlambat")) -> Tepat Waktu
A5: 4 | B5: 46252 | C5: 430/PMH/SEK/VIII/2026 | D5: CV Karya Mandiri | E5: Pemberitahuan perubahan jadwal | F5: Pemberitahuan | G5: Segera | H5: 46252 | I5: ="AGD-"&TEXT(A5,"000")&"/"&MONTH(B5)&"/"&YEAR(B5) -> AGD-004/8/2026 | J5: =MONTH(B5) -> 8 | K5: =IF(H5="","",H5-B5) -> 0 | L5: =IF(H5="","Belum Dibalas","Selesai") -> Selesai | M5: =IF(H5="","-",IF(K5<=$P$2,"Tepat Waktu","Terlambat")) -> Tepat Waktu
A6: 5 | B6: 46254 | C6: 430/TWR/KEU/VIII/2026 | D6: Komite Sekolah | E6: Permohonan izin penggunaan ruangan | F6: Permohonan | G6: Penting | H6: 46255 | I6: ="AGD-"&TEXT(A6,"000")&"/"&MONTH(B6)&"/"&YEAR(B6) -> AGD-005/8/2026 | J6: =MONTH(B6) -> 8 | K6: =IF(H6="","",H6-B6) -> 1 | L6: =IF(H6="","Belum Dibalas","Selesai") -> Selesai | M6: =IF(H6="","-",IF(K6<=$P$2,"Tepat Waktu","Terlambat")) -> Tepat Waktu
A7: 6 | B7: 46255 | C7: 172/TWR/KEU/VIII/2026 | D7: Dinas Pendidikan | E7: Penawaran layanan internet | F7: Penawaran | G7: Biasa | H7: 46261 | I7: ="AGD-"&TEXT(A7,"000")&"/"&MONTH(B7)&"/"&YEAR(B7) -> AGD-006/8/2026 | J7: =MONTH(B7) -> 8 | K7: =IF(H7="","",H7-B7) -> 6 | L7: =IF(H7="","Belum Dibalas","Selesai") -> Selesai | M7: =IF(H7="","-",IF(K7<=$P$2,"Tepat Waktu","Terlambat")) -> Terlambat
A8: 7 | B8: 46258 | C8: 194/PMH/ADM/VIII/2026 | D8: CV Karya Mandiri | E8: Permohonan kunjungan industri | F8: Permohonan | G8: Biasa | I8: ="AGD-"&TEXT(A8,"000")&"/"&MONTH(B8)&"/"&YEAR(B8) -> AGD-007/8/2026 | J8: =MONTH(B8) -> 8 | K8: =IF(H8="","",H8-B8) | L8: =IF(H8="","Belum Dibalas","Selesai") -> Belum Dibalas | M8: =IF(H8="","-",IF(K8<=$P$2,"Tepat Waktu","Terlambat")) -> -
A9: 8 | B9: 46259 | C9: 431/UND/KEU/VIII/2026 | D9: Kantor Kecamatan | E9: Permohonan data kepegawaian | F9: Permohonan | G9: Biasa | H9: 46263 | I9: ="AGD-"&TEXT(A9,"000")&"/"&MONTH(B9)&"/"&YEAR(B9) -> AGD-008/8/2026 | J9: =MONTH(B9) -> 8 | K9: =IF(H9="","",H9-B9) -> 4 | L9: =IF(H9="","Belum Dibalas","Selesai") -> Selesai | M9: =IF(H9="","-",IF(K9<=$P$2,"Tepat Waktu","Terlambat")) -> Tepat Waktu
A10: 9 | B10: 46260 | C10: 381/TWR/ADM/VIII/2026 | D10: Bank Daerah | E10: Permohonan data kepegawaian | F10: Permohonan | G10: Biasa | H10: 46266 | I10: ="AGD-"&TEXT(A10,"000")&"/"&MONTH(B10)&"/"&YEAR(B10) -> AGD-009/8/2026 | J10: =MONTH(B10) -> 8 | K10: =IF(H10="","",H10-B10) -> 6 | L10: =IF(H10="","Belum Dibalas","Selesai") -> Selesai | M10: =IF(H10="","-",IF(K10<=$P$2,"Tepat Waktu","Terlambat")) -> Terlambat
A11: 10 | B11: 46262 | C11: 205/UND/HRD/VIII/2026 | D11: Yayasan Harapan Bangsa | E11: Pemberitahuan perubahan jadwal | F11: Pemberitahuan | G11: Biasa | H11: 46265 | I11: ="AGD-"&TEXT(A11,"000")&"/"&MONTH(B11)&"/"&YEAR(B11) -> AGD-010/8/2026 | J11: =MONTH(B11) -> 8 | K11: =IF(H11="","",H11-B11) -> 3 | L11: =IF(H11="","Belum Dibalas","Selesai") -> Selesai | M11: =IF(H11="","-",IF(K11<=$P$2,"Tepat Waktu","Terlambat")) -> Tepat Waktu
A12: 11 | B12: 46265 | C12: 341/UND/SEK/VIII/2026 | D12: PT Bumi Lestari | E12: Permohonan kunjungan industri | F12: Permohonan | G12: Penting | H12: 46272 | I12: ="AGD-"&TEXT(A12,"000")&"/"&MONTH(B12)&"/"&YEAR(B12) -> AGD-011/8/2026 | J12: =MONTH(B12) -> 8 | K12: =IF(H12="","",H12-B12) -> 7 | L12: =IF(H12="","Belum Dibalas","Selesai") -> Selesai | M12: =IF(H12="","-",IF(K12<=$P$2,"Tepat Waktu","Terlambat")) -> Terlambat
A13: 12 | B13: 46266 | C13: 084/TWR/SEK/IX/2026 | D13: Dinas Pendidikan | E13: Undangan sosialisasi program | F13: Undangan | G13: Segera | H13: 46268 | I13: ="AGD-"&TEXT(A13,"000")&"/"&MONTH(B13)&"/"&YEAR(B13) -> AGD-012/9/2026 | J13: =MONTH(B13) -> 9 | K13: =IF(H13="","",H13-B13) -> 2 | L13: =IF(H13="","Belum Dibalas","Selesai") -> Selesai | M13: =IF(H13="","-",IF(K13<=$P$2,"Tepat Waktu","Terlambat")) -> Tepat Waktu
A14: 13 | B14: 46272 | C14: 339/PBR/SEK/IX/2026 | D14: RS Sehat Sentosa | E14: Pemberitahuan libur operasional | F14: Pemberitahuan | G14: Biasa | H14: 46276 | I14: ="AGD-"&TEXT(A14,"000")&"/"&MONTH(B14)&"/"&YEAR(B14) -> AGD-013/9/2026 | J14: =MONTH(B14) -> 9 | K14: =IF(H14="","",H14-B14) -> 4 | L14: =IF(H14="","Belum Dibalas","Selesai") -> Selesai | M14: =IF(H14="","-",IF(K14<=$P$2,"Tepat Waktu","Terlambat")) -> Tepat Waktu
A15: 14 | B15: 46273 | C15: 447/TWR/HRD/IX/2026 | D15: PT Bumi Lestari | E15: Pemberitahuan pembaruan tarif | F15: Pemberitahuan | G15: Segera | H15: 46275 | I15: ="AGD-"&TEXT(A15,"000")&"/"&MONTH(B15)&"/"&YEAR(B15) -> AGD-014/9/2026 | J15: =MONTH(B15) -> 9 | K15: =IF(H15="","",H15-B15) -> 2 | L15: =IF(H15="","Belum Dibalas","Selesai") -> Selesai | M15: =IF(H15="","-",IF(K15<=$P$2,"Tepat Waktu","Terlambat")) -> Tepat Waktu
A16: 15 | B16: 46274 | C16: 151/PMH/KEU/IX/2026 | D16: SMK Negeri 1 | E16: Permohonan kunjungan industri | F16: Permohonan | G16: Biasa | H16: 46280 | I16: ="AGD-"&TEXT(A16,"000")&"/"&MONTH(B16)&"/"&YEAR(B16) -> AGD-015/9/2026 | J16: =MONTH(B16) -> 9 | K16: =IF(H16="","",H16-B16) -> 6 | L16: =IF(H16="","Belum Dibalas","Selesai") -> Selesai | M16: =IF(H16="","-",IF(K16<=$P$2,"Tepat Waktu","Terlambat")) -> Terlambat
A17: 16 | B17: 46275 | C17: 325/PMH/ADM/IX/2026 | D17: Yayasan Harapan Bangsa | E17: Penawaran kerja sama pengadaan ATK | F17: Penawaran | G17: Biasa | H17: 46277 | I17: ="AGD-"&TEXT(A17,"000")&"/"&MONTH(B17)&"/"&YEAR(B17) -> AGD-016/9/2026 | J17: =MONTH(B17) -> 9 | K17: =IF(H17="","",H17-B17) -> 2 | L17: =IF(H17="","Belum Dibalas","Selesai") -> Selesai | M17: =IF(H17="","-",IF(K17<=$P$2,"Tepat Waktu","Terlambat")) -> Tepat Waktu
A18: 17 | B18: 46276 | C18: 165/PBR/SEK/IX/2026 | D18: UD Sumber Rezeki | E18: Undangan rapat koordinasi | F18: Undangan | G18: Segera | H18: 46283 | I18: ="AGD-"&TEXT(A18,"000")&"/"&MONTH(B18)&"/"&YEAR(B18) -> AGD-017/9/2026 | J18: =MONTH(B18) -> 9 | K18: =IF(H18="","",H18-B18) -> 7 | L18: =IF(H18="","Belum Dibalas","Selesai") -> Selesai | M18: =IF(H18="","-",IF(K18<=$P$2,"Tepat Waktu","Terlambat")) -> Terlambat
A19: 18 | B19: 46280 | C19: 274/PBR/SEK/IX/2026 | D19: Koperasi Tani Makmur | E19: Pemberitahuan pembaruan tarif | F19: Pemberitahuan | G19: Biasa | H19: 46282 | I19: ="AGD-"&TEXT(A19,"000")&"/"&MONTH(B19)&"/"&YEAR(B19) -> AGD-018/9/2026 | J19: =MONTH(B19) -> 9 | K19: =IF(H19="","",H19-B19) -> 2 | L19: =IF(H19="","Belum Dibalas","Selesai") -> Selesai | M19: =IF(H19="","-",IF(K19<=$P$2,"Tepat Waktu","Terlambat")) -> Tepat Waktu
A20: 19 | B20: 46281 | C20: 113/TWR/SEK/IX/2026 | D20: Dinas Pendidikan | E20: Permohonan data kepegawaian | F20: Permohonan | G20: Penting | H20: 46283 | I20: ="AGD-"&TEXT(A20,"000")&"/"&MONTH(B20)&"/"&YEAR(B20) -> AGD-019/9/2026 | J20: =MONTH(B20) -> 9 | K20: =IF(H20="","",H20-B20) -> 2 | L20: =IF(H20="","Belum Dibalas","Selesai") -> Selesai | M20: =IF(H20="","-",IF(K20<=$P$2,"Tepat Waktu","Terlambat")) -> Tepat Waktu
... A23: 22 | B23: 46290 | C23: 350/PBR/HRD/IX/2026 | D23: Bank Daerah | E23: Permohonan izin penggunaan ruangan | F23: Permohonan | G23: Segera | H23: 46298 | I23: ="AGD-"&TEXT(A23,"000")&"/"&MONTH(B23)&"/"&YEAR(B23) -> AGD-022/9/2026 | J23: =MONTH(B23) -> 9 | K23: =IF(H23="","",H23-B23) -> 8 | L23: =IF(H23="","Belum Dibalas","Selesai") -> Selesai | M23: =IF(H23="","-",IF(K23<=$P$2,"Tepat Waktu","Terlambat")) -> Terlambat
A24: 23 | B24: 46293 | C24: 256/TWR/HRD/IX/2026 | D24: Bank Daerah | E24: Penawaran layanan internet | F24: Penawaran | G24: Biasa | I24: ="AGD-"&TEXT(A24,"000")&"/"&MONTH(B24)&"/"&YEAR(B24) -> AGD-023/9/2026 | J24: =MONTH(B24) -> 9 | K24: =IF(H24="","",H24-B24) | L24: =IF(H24="","Belum Dibalas","Selesai") -> Belum Dibalas | M24: =IF(H24="","-",IF(K24<=$P$2,"Tepat Waktu","Terlambat")) -> -
A25: 24 | B25: 46296 | C25: 062/TWR/HRD/X/2026 | D25: Koperasi Tani Makmur | E25: Pemberitahuan perubahan jadwal | F25: Pemberitahuan | G25: Biasa | I25: ="AGD-"&TEXT(A25,"000")&"/"&MONTH(B25)&"/"&YEAR(B25) -> AGD-024/10/2026 | J25: =MONTH(B25) -> 10 | K25: =IF(H25="","",H25-B25) | L25: =IF(H25="","Belum Dibalas","Selesai") -> Belum Dibalas | M25: =IF(H25="","-",IF(K25<=$P$2,"Tepat Waktu","Terlambat")) -> -
A26: 25 | B26: 46304 | C26: 383/UND/HRD/X/2026 | D26: RS Sehat Sentosa | E26: Penawaran jasa pelatihan | F26: Penawaran | G26: Biasa | I26: ="AGD-"&TEXT(A26,"000")&"/"&MONTH(B26)&"/"&YEAR(B26) -> AGD-025/10/2026 | J26: =MONTH(B26) -> 10 | K26: =IF(H26="","",H26-B26) | L26: =IF(H26="","Belum Dibalas","Selesai") -> Belum Dibalas | M26: =IF(H26="","-",IF(K26<=$P$2,"Tepat Waktu","Terlambat")) -> -
A27: 26 | B27: 46307 | C27: 295/TWR/ADM/X/2026 | D27: Dinas Pendidikan | E27: Undangan acara peresmian | F27: Undangan | G27: Biasa | I27: ="AGD-"&TEXT(A27,"000")&"/"&MONTH(B27)&"/"&YEAR(B27) -> AGD-026/10/2026 | J27: =MONTH(B27) -> 10 | K27: =IF(H27="","",H27-B27) | L27: =IF(H27="","Belum Dibalas","Selesai") -> Belum Dibalas | M27: =IF(H27="","-",IF(K27<=$P$2,"Tepat Waktu","Terlambat")) -> -
A28: 27 | B28: 46308 | C28: 203/TWR/ADM/X/2026 | D28: Koperasi Tani Makmur | E28: Pemberitahuan pembaruan tarif | F28: Pemberitahuan | G28: Biasa | H28: 46317 | I28: ="AGD-"&TEXT(A28,"000")&"/"&MONTH(B28)&"/"&YEAR(B28) -> AGD-027/10/2026 | J28: =MONTH(B28) -> 10 | K28: =IF(H28="","",H28-B28) -> 9 | L28: =IF(H28="","Belum Dibalas","Selesai") -> Selesai | M28: =IF(H28="","-",IF(K28<=$P$2,"Tepat Waktu","Terlambat")) -> Terlambat
A29: 28 | B29: 46314 | C29: 055/TWR/KEU/X/2026 | D29: Kantor Kecamatan | E29: Undangan acara peresmian | F29: Undangan | G29: Penting | H29: 46318 | I29: ="AGD-"&TEXT(A29,"000")&"/"&MONTH(B29)&"/"&YEAR(B29) -> AGD-028/10/2026 | J29: =MONTH(B29) -> 10 | K29: =IF(H29="","",H29-B29) -> 4 | L29: =IF(H29="","Belum Dibalas","Selesai") -> Selesai | M29: =IF(H29="","-",IF(K29<=$P$2,"Tepat Waktu","Terlambat")) -> Tepat Waktu
A30: 29 | B30: 46316 | C30: 214/PMH/HRD/X/2026 | D30: Koperasi Tani Makmur | E30: Permohonan izin penggunaan ruangan | F30: Permohonan | G30: Penting | H30: 46322 | I30: ="AGD-"&TEXT(A30,"000")&"/"&MONTH(B30)&"/"&YEAR(B30) -> AGD-029/10/2026 | J30: =MONTH(B30) -> 10 | K30: =IF(H30="","",H30-B30) -> 6 | L30: =IF(H30="","Belum Dibalas","Selesai") -> Selesai | M30: =IF(H30="","-",IF(K30<=$P$2,"Tepat Waktu","Terlambat")) -> Terlambat
A31: 30 | B31: 46322 | C31: 107/PBR/ADM/X/2026 | D31: Yayasan Harapan Bangsa | E31: Permohonan kunjungan industri | F31: Permohonan | G31: Biasa | I31: ="AGD-"&TEXT(A31,"000")&"/"&MONTH(B31)&"/"&YEAR(B31) -> AGD-030/10/2026 | J31: =MONTH(B31) -> 10 | K31: =IF(H31="","",H31-B31) | L31: =IF(H31="","Belum Dibalas","Selesai") -> Belum Dibalas | M31: =IF(H31="","-",IF(K31<=$P$2,"Tepat Waktu","Terlambat")) -> -

Sheet Ringkasan
A1: Ringkasan: lembar jawaban soal berjenis ringkasan
A2: Sel hijau berisi rumus kunci.
A3: No | B3: Pertanyaan | C3: Jawaban | D3: Contoh format hasil
A4: 6a | B4: Jumlah surat jenis Undangan | C4: =COUNTIF(Data!$F$2:$F$31,"Undangan") -> 5 | D4: Angka bulat, mis. 8
A5: 6b | B5: Jumlah surat jenis Permohonan | C5: =COUNTIF(Data!$F$2:$F$31,"Permohonan") -> 12 | D5: Angka bulat, mis. 8
A6: 6c | B6: Jumlah surat jenis Pemberitahuan | C6: =COUNTIF(Data!$F$2:$F$31,"Pemberitahuan") -> 8 | D6: Angka bulat, mis. 8
A7: 6d | B7: Jumlah surat jenis Penawaran | C7: =COUNTIF(Data!$F$2:$F$31,"Penawaran") -> 5 | D7: Angka bulat, mis. 8
A8: 7a | B8: Jumlah surat diterima bulan Agustus | C8: =COUNTIF(Data!$J$2:$J$31,8) -> 11 | D8: Angka bulat, mis. 10
A9: 7b | B9: Jumlah surat diterima bulan September | C9: =COUNTIF(Data!$J$2:$J$31,9) -> 12 | D9: Angka bulat, mis. 10
A10: 7c | B10: Jumlah surat diterima bulan Oktober | C10: =COUNTIF(Data!$J$2:$J$31,10) -> 7 | D10: Angka bulat, mis. 10
A11: 8 | B11: Jumlah surat belum dibalas | C11: =COUNTIF(Data!$L$2:$L$31,"Belum Dibalas") -> 6 | D11: Angka bulat, mis. 6
A12: 9 | B12: Rata-rata lama proses surat yang sudah dibalas (hari) | C12: =AVERAGE(Data!$K$2:$K$31) -> 4.2916667 | D12: Angka desimal, mis. 4,6
A13: 10 | B13: Jumlah surat Penting yang terlambat dibalas | C13: =COUNTIFS(Data!$G$2:$G$31,"Penting",Data!$M$2:$M$31,"Terlambat") -> 3 | D13: Angka bulat, mis. 3
A14: 11 | B14: Pengirim surat dengan proses terlama | C14: =INDEX(Data!$D$2:$D$31,MATCH(MAX(Data!$K$2:$K$31),Data!$K$2:$K$31,0)) -> Koperasi Tani Makmur | D14: Teks: nama pengirim
