Workbook

Sheet Petunjuk
A1: Kunci Jawaban: Sewa Peralatan Pesta, Denda, dan Total Bayar
A2: Latihan 72 dari 40 | Tingkat: Menengah | Perkiraan waktu: 50 menit | pushexcel.github.io/Pushexcel
A4: Skenario
A5: Kamu admin usaha Rental Pesta Meriah yang menyewakan tenda, kursi, meja, sound system, dan panggung. Ada 30 pesanan antara Oktober dan Desember 2026. Tarif per hari per unit ada di sheet Acuan. Hari sewa adalah tanggal rencana kembali dikurangi tanggal ambil. Biaya sewa adalah jumlah unit dikali tarif per hari dikali hari sewa. Sewa 3 hari atau lebih mendapat diskon 10 persen dari biaya sewa. Bila peralatan dikembalikan setelah tanggal rencana, setiap hari keterlambatan dikenai denda 50 persen dari tarif per hari per unit (persen dan batas hari ada di blok Parameter). Total bayar adalah biaya sewa dikurangi diskon ditambah denda.
A7: Cara memakai kunci
A8: 1. | B8: Sel hijau berisi rumus kunci yang sudah dihitung. Klik sel untuk melihat rumusnya.
A9: 2. | B9: Kolom Rumus kunci di bawah menampilkan rumus untuk baris pertama atau tiap sel jawaban.
A10: 3. | B10: Rumus ditulis dengan titik koma (;). Ganti dengan koma (,) bila Excel kamu berbahasa Inggris.
A11: 4. | B11: Jawaban lain yang benar secara logika juga boleh, selama hasilnya sama.
A13: Arti warna
B14: Judul kolom data yang sudah diberikan
B15: Judul kolom hasil hitung
B16: Sel berisi rumus kunci
B17: Angka berwarna biru pada blok Parameter = nilai tetap yang boleh dirujuk
A19: Daftar soal
A20: No | B20: Soal | C20: Jawab di | D20: Rumus kunci
A21: 1 | B21: Hitung hari sewa: tanggal rencana kembali dikurangi tanggal ambil. | C21: Sheet Data, kolom G (Hari Sewa), baris 2 sampai 31 | D21: =E2-D2
A22: 2 | B22: Hitung hari terlambat: tanggal kembali dikurangi rencana kembali. Bila dikembalikan tepat waktu hasilnya 0 (tidak pernah negatif). | C22: Sheet Data, kolom H (Hari Terlambat), baris 2 sampai 31 | D22: =MAX(0;F2-E2)
A23: 3 | B23: Ambil tarif per hari tiap pesanan dari tabel tarif di sheet Acuan berdasarkan peralatannya (pencocokan persis). | C23: Sheet Data, kolom I (Tarif per Hari), baris 2 sampai 31 | D23: =VLOOKUP(B2;Acuan!$A$2:$B$7;2;FALSE)
A24: 4 | B24: Hitung biaya sewa: jumlah unit dikali tarif per hari dikali hari sewa. | C24: Sheet Data, kolom J (Biaya Sewa), baris 2 sampai 31 | D24: =C2*I2*G2
A25: 5 | B25: Hitung diskon: bila hari sewa sama dengan atau lebih dari minimal hari diskon, biaya sewa dikali persen diskon. Bila tidak, diskon 0. | C25: Sheet Data, kolom K (Diskon Sewa Panjang), baris 2 sampai 31 | D25: =IF(G2>=$P$2;J2*$P$3;0)
A26: 6 | B26: Hitung denda: jumlah unit dikali tarif per hari dikali hari terlambat dikali persen denda per hari. | C26: Sheet Data, kolom L (Denda), baris 2 sampai 31 | D26: =C2*I2*H2*$P$4
A27: 7 | B27: Hitung total bayar: biaya sewa dikurangi diskon, lalu ditambah denda. | C27: Sheet Data, kolom M (Total Bayar), baris 2 sampai 31 | D27: =J2-K2+L2
A28: 8 | B28: Pada sheet Acuan, hitung jumlah pesanan tiap peralatan. | C28: Sheet Acuan, kolom C (Jumlah Pesanan), baris 2 sampai 7 | D28: =COUNTIF(Data!$B$2:$B$31;A2)
A29: 9 | B29: Pada sheet Acuan, hitung total pendapatan dari tiap peralatan (kolom Total Bayar). | C29: Sheet Acuan, kolom D (Total Pendapatan), baris 2 sampai 7 | D29: =SUMIF(Data!$B$2:$B$31;A2;Data!$M$2:$M$31)
A30: 10 | B30: Berapa jumlah pesanan, dan berapa total pendapatan dari seluruh pesanan? | C30: Sheet Ringkasan, sel C4 sampai C5 | D30: =COUNTA(Data!$A$2:$A$31) =SUM(Data!$M$2:$M$31)
A31: 11 | B31: Berapa pesanan yang terlambat dikembalikan, dan berapa total denda yang terkumpul? | C31: Sheet Ringkasan, sel C6 sampai C7 | D31: =COUNTIF(Data!$H$2:$H$31;">0") =SUM(Data!$L$2:$L$31)
... A34: 14 | B34: Berapa total denda dari sewa Kursi Lipat, dan berapa pesanan Sound System yang mendapat diskon sewa panjang? | C34: Sheet Ringkasan, sel C12 sampai C13 | D34: =SUMIF(Data!$B$2:$B$31;"Kursi Lipat";Data!$L$2:$L$31) =COUNTIFS(Data!$B$2:$B$31;"Sound System";Data!$K$2:$K$31;">0")

Sheet Data
A1: Penyewa | B1: Peralatan | C1: Jumlah Unit | D1: Tanggal Ambil | E1: Rencana Kembali | F1: Tanggal Kembali | G1: Hari Sewa | H1: Hari Terlambat | I1: Tarif per Hari | J1: Biaya Sewa | K1: Diskon Sewa Panjang | L1: Denda | M1: Total Bayar | O1: Parameter | P1: Nilai | Q1: Keterangan
A2: Galih Handayani | B2: Sound System | C2: 1 | D2: 46314 | E2: 46318 | F2: 46318 | G2: =E2-D2 -> 4 | H2: =MAX(0,F2-E2) -> 0 | I2: =VLOOKUP(B2,Acuan!$A$2:$B$7,2,FALSE()) -> 250000 | J2: =C2*I2*G2 -> 1000000 | K2: =IF(G2>=$P$2,J2*$P$3,0) -> 100000 | L2: =C2*I2*H2*$P$4 -> 0 | M2: =J2-K2+L2 -> 900000 | O2: Minimal hari diskon | P2: 3 | Q2: Hari sewa minimal untuk mendapat diskon
A3: Citra Handayani | B3: Panggung Mini | C3: 2 | D3: 46319 | E3: 46323 | F3: 46323 | G3: =E3-D3 -> 4 | H3: =MAX(0,F3-E3) -> 0 | I3: =VLOOKUP(B3,Acuan!$A$2:$B$7,2,FALSE()) -> 200000 | J3: =C3*I3*G3 -> 1600000 | K3: =IF(G3>=$P$2,J3*$P$3,0) -> 160000 | L3: =C3*I3*H3*$P$4 -> 0 | M3: =J3-K3+L3 -> 1440000 | O3: Diskon sewa panjang | P3: 0.1
A4: Lina Handayani | B4: Sound System | C4: 2 | D4: 46322 | E4: 46324 | F4: 46324 | G4: =E4-D4 -> 2 | H4: =MAX(0,F4-E4) -> 0 | I4: =VLOOKUP(B4,Acuan!$A$2:$B$7,2,FALSE()) -> 250000 | J4: =C4*I4*G4 -> 1000000 | K4: =IF(G4>=$P$2,J4*$P$3,0) -> 0 | L4: =C4*I4*H4*$P$4 -> 0 | M4: =J4-K4+L4 -> 1000000 | O4: Denda per hari | P4: 0.5 | Q4: Persen dari tarif per hari per unit untuk tiap hari terlambat
A5: Fajar Suryani | B5: Tenda Besar 4x6 | C5: 3 | D5: 46322 | E5: 46324 | F5: 46324 | G5: =E5-D5 -> 2 | H5: =MAX(0,F5-E5) -> 0 | I5: =VLOOKUP(B5,Acuan!$A$2:$B$7,2,FALSE()) -> 150000 | J5: =C5*I5*G5 -> 900000 | K5: =IF(G5>=$P$2,J5*$P$3,0) -> 0 | L5: =C5*I5*H5*$P$4 -> 0 | M5: =J5-K5+L5 -> 900000
A6: Hesti Santoso | B6: Tenda Kecil 3x3 | C6: 1 | D6: 46328 | E6: 46330 | F6: 46333 | G6: =E6-D6 -> 2 | H6: =MAX(0,F6-E6) -> 3 | I6: =VLOOKUP(B6,Acuan!$A$2:$B$7,2,FALSE()) -> 75000 | J6: =C6*I6*G6 -> 150000 | K6: =IF(G6>=$P$2,J6*$P$3,0) -> 0 | L6: =C6*I6*H6*$P$4 -> 112500 | M6: =J6-K6+L6 -> 262500
A7: Wahyu Kurniawan | B7: Tenda Besar 4x6 | C7: 3 | D7: 46329 | E7: 46331 | F7: 46333 | G7: =E7-D7 -> 2 | H7: =MAX(0,F7-E7) -> 2 | I7: =VLOOKUP(B7,Acuan!$A$2:$B$7,2,FALSE()) -> 150000 | J7: =C7*I7*G7 -> 900000 | K7: =IF(G7>=$P$2,J7*$P$3,0) -> 0 | L7: =C7*I7*H7*$P$4 -> 450000 | M7: =J7-K7+L7 -> 1350000
A8: Hesti Kurniawan | B8: Sound System | C8: 1 | D8: 46329 | E8: 46331 | F8: 46332 | G8: =E8-D8 -> 2 | H8: =MAX(0,F8-E8) -> 1 | I8: =VLOOKUP(B8,Acuan!$A$2:$B$7,2,FALSE()) -> 250000 | J8: =C8*I8*G8 -> 500000 | K8: =IF(G8>=$P$2,J8*$P$3,0) -> 0 | L8: =C8*I8*H8*$P$4 -> 125000 | M8: =J8-K8+L8 -> 625000
A9: Mulyadi Lestari | B9: Tenda Besar 4x6 | C9: 2 | D9: 46331 | E9: 46332 | F9: 46333 | G9: =E9-D9 -> 1 | H9: =MAX(0,F9-E9) -> 1 | I9: =VLOOKUP(B9,Acuan!$A$2:$B$7,2,FALSE()) -> 150000 | J9: =C9*I9*G9 -> 300000 | K9: =IF(G9>=$P$2,J9*$P$3,0) -> 0 | L9: =C9*I9*H9*$P$4 -> 150000 | M9: =J9-K9+L9 -> 450000
A10: Fitri Ramadhan | B10: Kursi Lipat | C10: 50 | D10: 46333 | E10: 46334 | F10: 46337 | G10: =E10-D10 -> 1 | H10: =MAX(0,F10-E10) -> 3 | I10: =VLOOKUP(B10,Acuan!$A$2:$B$7,2,FALSE()) -> 2500 | J10: =C10*I10*G10 -> 125000 | K10: =IF(G10>=$P$2,J10*$P$3,0) -> 0 | L10: =C10*I10*H10*$P$4 -> 187500 | M10: =J10-K10+L10 -> 312500
A11: Vina Pratama | B11: Panggung Mini | C11: 2 | D11: 46337 | E11: 46339 | F11: 46340 | G11: =E11-D11 -> 2 | H11: =MAX(0,F11-E11) -> 1 | I11: =VLOOKUP(B11,Acuan!$A$2:$B$7,2,FALSE()) -> 200000 | J11: =C11*I11*G11 -> 800000 | K11: =IF(G11>=$P$2,J11*$P$3,0) -> 0 | L11: =C11*I11*H11*$P$4 -> 200000 | M11: =J11-K11+L11 -> 1000000
A12: Edi Maharani | B12: Sound System | C12: 2 | D12: 46338 | E12: 46342 | F12: 46342 | G12: =E12-D12 -> 4 | H12: =MAX(0,F12-E12) -> 0 | I12: =VLOOKUP(B12,Acuan!$A$2:$B$7,2,FALSE()) -> 250000 | J12: =C12*I12*G12 -> 2000000 | K12: =IF(G12>=$P$2,J12*$P$3,0) -> 200000 | L12: =C12*I12*H12*$P$4 -> 0 | M12: =J12-K12+L12 -> 1800000
A13: Joko Saputra | B13: Sound System | C13: 1 | D13: 46341 | E13: 46345 | F13: 46345 | G13: =E13-D13 -> 4 | H13: =MAX(0,F13-E13) -> 0 | I13: =VLOOKUP(B13,Acuan!$A$2:$B$7,2,FALSE()) -> 250000 | J13: =C13*I13*G13 -> 1000000 | K13: =IF(G13>=$P$2,J13*$P$3,0) -> 100000 | L13: =C13*I13*H13*$P$4 -> 0 | M13: =J13-K13+L13 -> 900000
A14: Rizki Handayani | B14: Meja Prasmanan | C14: 4 | D14: 46341 | E14: 46342 | F14: 46342 | G14: =E14-D14 -> 1 | H14: =MAX(0,F14-E14) -> 0 | I14: =VLOOKUP(B14,Acuan!$A$2:$B$7,2,FALSE()) -> 20000 | J14: =C14*I14*G14 -> 80000 | K14: =IF(G14>=$P$2,J14*$P$3,0) -> 0 | L14: =C14*I14*H14*$P$4 -> 0 | M14: =J14-K14+L14 -> 80000
A15: Kartika Purnomo | B15: Tenda Kecil 3x3 | C15: 2 | D15: 46342 | E15: 46347 | F15: 46348 | G15: =E15-D15 -> 5 | H15: =MAX(0,F15-E15) -> 1 | I15: =VLOOKUP(B15,Acuan!$A$2:$B$7,2,FALSE()) -> 75000 | J15: =C15*I15*G15 -> 750000 | K15: =IF(G15>=$P$2,J15*$P$3,0) -> 75000 | L15: =C15*I15*H15*$P$4 -> 75000 | M15: =J15-K15+L15 -> 750000
A16: Bayu Pangestu | B16: Meja Prasmanan | C16: 2 | D16: 46348 | E16: 46350 | F16: 46351 | G16: =E16-D16 -> 2 | H16: =MAX(0,F16-E16) -> 1 | I16: =VLOOKUP(B16,Acuan!$A$2:$B$7,2,FALSE()) -> 20000 | J16: =C16*I16*G16 -> 80000 | K16: =IF(G16>=$P$2,J16*$P$3,0) -> 0 | L16: =C16*I16*H16*$P$4 -> 20000 | M16: =J16-K16+L16 -> 100000
... A31: Putri Utomo | B31: Kursi Lipat | C31: 100 | D31: 46373 | E31: 46376 | F31: 46378 | G31: =E31-D31 -> 3 | H31: =MAX(0,F31-E31) -> 2 | I31: =VLOOKUP(B31,Acuan!$A$2:$B$7,2,FALSE()) -> 2500 | J31: =C31*I31*G31 -> 750000 | K31: =IF(G31>=$P$2,J31*$P$3,0) -> 75000 | L31: =C31*I31*H31*$P$4 -> 250000 | M31: =J31-K31+L31 -> 925000

Sheet Acuan
A1: Peralatan | B1: Tarif per Hari | C1: Jumlah Pesanan | D1: Total Pendapatan
A2: Tenda Besar 4x6 | B2: 150000 | C2: =COUNTIF(Data!$B$2:$B$31,A2) -> 6 | D2: =SUMIF(Data!$B$2:$B$31,A2,Data!$M$2:$M$31) -> 3600000
A3: Tenda Kecil 3x3 | B3: 75000 | C3: =COUNTIF(Data!$B$2:$B$31,A3) -> 5 | D3: =SUMIF(Data!$B$2:$B$31,A3,Data!$M$2:$M$31) -> 2220000
A4: Kursi Lipat | B4: 2500 | C4: =COUNTIF(Data!$B$2:$B$31,A4) -> 4 | D4: =SUMIF(Data!$B$2:$B$31,A4,Data!$M$2:$M$31) -> 3137500
A5: Meja Prasmanan | B5: 20000 | C5: =COUNTIF(Data!$B$2:$B$31,A5) -> 4 | D5: =SUMIF(Data!$B$2:$B$31,A5,Data!$M$2:$M$31) -> 624000
A6: Sound System | B6: 250000 | C6: =COUNTIF(Data!$B$2:$B$31,A6) -> 6 | D6: =SUMIF(Data!$B$2:$B$31,A6,Data!$M$2:$M$31) -> 6225000
A7: Panggung Mini | B7: 200000 | C7: =COUNTIF(Data!$B$2:$B$31,A7) -> 5 | D7: =SUMIF(Data!$B$2:$B$31,A7,Data!$M$2:$M$31) -> 5800000

Sheet Ringkasan
A1: Ringkasan: lembar jawaban soal berjenis ringkasan
A2: Sel hijau berisi rumus kunci.
A3: No | B3: Pertanyaan | C3: Jawaban | D3: Contoh format hasil
A4: 10a | B4: Jumlah pesanan | C4: =COUNTA(Data!$A$2:$A$31) -> 30 | D4: Angka bulat, mis. 35
A5: 10b | B5: Total pendapatan | C5: =SUM(Data!$M$2:$M$31) -> 21606500 | D5: Rupiah, mis. Rp 18.000.000
A6: 11a | B6: Pesanan terlambat | C6: =COUNTIF(Data!$H$2:$H$31,">0") -> 14 | D6: Angka bulat, mis. 7
A7: 11b | B7: Total denda | C7: =SUM(Data!$L$2:$L$31) -> 2950000 | D7: Rupiah, mis. Rp 1.200.000
A8: 12a | B8: Penyewa dengan total bayar terbesar | C8: =INDEX(Data!$A$2:$A$31,MATCH(MAX(Data!$M$2:$M$31),Data!$M$2:$M$31,0)) -> Edi Maharani | D8: Teks: nama penyewa
A9: 12b | B9: Peralatan dengan pendapatan terbesar | C9: =INDEX(Acuan!$A$2:$A$7,MATCH(MAX(Acuan!$D$2:$D$7),Acuan!$D$2:$D$7,0)) -> Sound System | D9: Teks: nama peralatan
A10: 13a | B10: Rata-rata hari sewa | C10: =AVERAGE(Data!$G$2:$G$31) -> 2.3333333 | D10: Angka desimal, mis. 2,5
A11: 13b | B11: Total diskon sewa panjang | C11: =SUM(Data!$K$2:$K$31) -> 1133500 | D11: Rupiah, mis. Rp 900.000
A12: 14a | B12: Total denda Kursi Lipat | C12: =SUMIF(Data!$B$2:$B$31,"Kursi Lipat",Data!$L$2:$L$31) -> 937500 | D12: Rupiah, mis. Rp 50.000
A13: 14b | B13: Pesanan Sound System berdiskon | C13: =COUNTIFS(Data!$B$2:$B$31,"Sound System",Data!$K$2:$K$31,">0") -> 3 | D13: Angka bulat, mis. 2
