Workbook

Sheet Petunjuk
A1: Kunci Jawaban: Jadwal Perawatan Berkala Peralatan Kantor
A2: Latihan 33 dari 56 | Tingkat: Menengah | Perkiraan waktu: 50 menit | pushexcel.github.io/Pushexcel
A4: Skenario
A5: Kamu staf umum di PT Graha Mandiri yang mengurus perawatan 30 peralatan kantor. Tiap peralatan punya tanggal perawatan terakhir, interval perawatan dalam bulan, dan biaya sekali perawatan. Tanggal acuan pemeriksaan adalah 15 Oktober 2026. Peralatan yang jatuh temponya sudah lewat berstatus Terlambat, yang jatuh tempo dalam 30 hari ke depan (termasuk hari ini) berstatus Segera, selain itu Aman.
A7: Cara memakai kunci
A8: 1. | B8: Sel hijau berisi rumus kunci yang sudah dihitung. Klik sel untuk melihat rumusnya.
A9: 2. | B9: Kolom Rumus kunci di bawah menampilkan rumus untuk baris pertama atau tiap sel jawaban.
A10: 3. | B10: Rumus ditulis dengan titik koma (;). Ganti dengan koma (,) bila Excel kamu berbahasa Inggris.
A11: 4. | B11: Jawaban lain yang benar secara logika juga boleh, selama hasilnya sama.
A13: Arti warna
B14: Judul kolom data yang sudah diberikan
B15: Judul kolom hasil hitung
B16: Sel berisi rumus kunci
B17: Angka berwarna biru pada blok Parameter = nilai tetap yang boleh dirujuk
A19: Daftar soal
A20: No | B20: Soal | C20: Jawab di | D20: Rumus kunci
A21: 1 | B21: Hitung tanggal jatuh tempo perawatan berikutnya: tanggal perawatan terakhir ditambah interval dalam bulan. | C21: Sheet Data, kolom G (Jatuh Tempo), baris 2 sampai 31 | D21: =EDATE(D2;E2)
A22: 2 | B22: Hitung selisih hari antara tanggal jatuh tempo dan tanggal acuan. Angka negatif berarti sudah lewat. | C22: Sheet Data, kolom H (Selisih Hari), baris 2 sampai 31 | D22: =G2-$M$2
A23: 3 | B23: Tentukan status: selisih di bawah 0 = Terlambat, selisih sampai batas segera = Segera, selain itu Aman. | C23: Sheet Data, kolom I (Status), baris 2 sampai 31 | D23: =IF(H2<0;"Terlambat";IF(H2<=$M$3;"Segera";"Aman"))
A24: 4 | B24: Hitung estimasi biaya perawatan dalam setahun: biaya per perawatan dikali (12 dibagi interval), dibulatkan ke rupiah. | C24: Sheet Data, kolom J (Biaya Setahun), baris 2 sampai 31 | D24: =ROUND(F2*12/E2;0)
A25: 5 | B25: Berapa peralatan yang berstatus Terlambat, Segera, dan Aman? | C25: Sheet Ringkasan, sel C4 sampai C6 | D25: =COUNTIF(Data!$I$2:$I$31;"Terlambat") =COUNTIF(Data!$I$2:$I$31;"Segera") =COUNTIF(Data!$I$2:$I$31;"Aman")
A26: 6 | B26: Berapa total estimasi biaya perawatan setahun untuk semua peralatan, dan berapa total biaya sekali perawatan untuk peralatan yang Terlambat? | C26: Sheet Ringkasan, sel C7 sampai C8 | D26: =SUM(Data!$J$2:$J$31) =SUMIF(Data!$I$2:$I$31;"Terlambat";Data!$F$2:$F$31)
A27: 7 | B27: Kapan tanggal jatuh tempo paling awal, dan peralatan apa yang jatuh tempo paling awal? | C27: Sheet Ringkasan, sel C9 sampai C10 | D27: =MIN(Data!$G$2:$G$31) =INDEX(Data!$B$2:$B$31;MATCH(MIN(Data!$G$2:$G$31);Data!$G$2:$G$31;0))
A28: 8 | B28: Berapa peralatan yang berinterval 3 bulan, dan berapa rata-rata interval seluruh peralatan? | C28: Sheet Ringkasan, sel C11 sampai C12 | D28: =COUNTIF(Data!$E$2:$E$31;3) =AVERAGE(Data!$E$2:$E$31)
A29: 9 | B29: Berapa peralatan di Ruang Server yang statusnya Aman, dan berapa biaya setahun seluruh peralatan di Ruang Server? | C29: Sheet Ringkasan, sel C13 sampai C14 | D29: =COUNTIFS(Data!$C$2:$C$31;"Ruang Server";Data!$I$2:$I$31;"Aman") =SUMIF(Data!$C$2:$C$31;"Ruang Server";Data!$J$2:$J$31)
A30: 10 | B30: Berapa total biaya sekali perawatan untuk peralatan berstatus Segera, dan berapa persen peralatan yang berstatus Aman dari seluruh peralatan? | C30: Sheet Ringkasan, sel C15 sampai C16 | D30: =SUMIF(Data!$I$2:$I$31;"Segera";Data!$F$2:$F$31) =COUNTIF(Data!$I$2:$I$31;"Aman")/COUNTA(Data!$A$2:$A$31)

Sheet Data
A1: Kode Aset | B1: Peralatan | C1: Lokasi | D1: Perawatan Terakhir | E1: Interval (bulan) | F1: Biaya per Perawatan | G1: Jatuh Tempo | H1: Selisih Hari | I1: Status | J1: Biaya Setahun | L1: Parameter | M1: Nilai | N1: Keterangan
A2: AST-001 | B2: AC Ruang Rapat | C2: Lantai 1 | D2: 46273 | E2: 3 | F2: 350000 | G2: =EDATE(D2,E2) -> 46364 | H2: =G2-$M$2 -> 54 | I2: =IF(H2<0,"Terlambat",IF(H2<=$M$3,"Segera","Aman")) -> Aman | J2: =ROUND(F2*12/E2,0) -> 1400000 | L2: Tanggal acuan | M2: 46310 | N2: Pengganti TODAY agar hasil tetap
A3: AST-002 | B3: AC Ruang Direktur | C3: Lantai 2 | D3: 46276 | E3: 3 | F3: 350000 | G3: =EDATE(D3,E3) -> 46367 | H3: =G3-$M$2 -> 57 | I3: =IF(H3<0,"Terlambat",IF(H3<=$M$3,"Segera","Aman")) -> Aman | J3: =ROUND(F3*12/E3,0) -> 1400000 | L3: Batas segera (hari) | M3: 30 | N3: Selisih 0 sampai batas ini = Segera
A4: AST-003 | B4: AC Ruang Staf | C4: Lantai 1 | D4: 46273 | E4: 3 | F4: 450000 | G4: =EDATE(D4,E4) -> 46364 | H4: =G4-$M$2 -> 54 | I4: =IF(H4<0,"Terlambat",IF(H4<=$M$3,"Segera","Aman")) -> Aman | J4: =ROUND(F4*12/E4,0) -> 1800000
A5: AST-004 | B5: Genset 20 kVA | C5: Halaman Belakang | D5: 46256 | E5: 6 | F5: 1800000 | G5: =EDATE(D5,E5) -> 46440 | H5: =G5-$M$2 -> 130 | I5: =IF(H5<0,"Terlambat",IF(H5<=$M$3,"Segera","Aman")) -> Aman | J5: =ROUND(F5*12/E5,0) -> 3600000
A6: AST-005 | B6: Printer Multifungsi | C6: Ruang Administrasi | D6: 46184 | E6: 6 | F6: 275000 | G6: =EDATE(D6,E6) -> 46367 | H6: =G6-$M$2 -> 57 | I6: =IF(H6<0,"Terlambat",IF(H6<=$M$3,"Segera","Aman")) -> Aman | J6: =ROUND(F6*12/E6,0) -> 550000
A7: AST-006 | B7: Mesin Fotokopi | C7: Ruang Administrasi | D7: 46290 | E7: 3 | F7: 600000 | G7: =EDATE(D7,E7) -> 46381 | H7: =G7-$M$2 -> 71 | I7: =IF(H7<0,"Terlambat",IF(H7<=$M$3,"Segera","Aman")) -> Aman | J7: =ROUND(F7*12/E7,0) -> 2400000
A8: AST-007 | B8: Dispenser Air | C8: Pantry | D8: 46190 | E8: 6 | F8: 150000 | G8: =EDATE(D8,E8) -> 46373 | H8: =G8-$M$2 -> 63 | I8: =IF(H8<0,"Terlambat",IF(H8<=$M$3,"Segera","Aman")) -> Aman | J8: =ROUND(F8*12/E8,0) -> 300000
A9: AST-008 | B9: Pompa Air | C9: Halaman Belakang | D9: 46094 | E9: 6 | F9: 400000 | G9: =EDATE(D9,E9) -> 46278 | H9: =G9-$M$2 -> -32 | I9: =IF(H9<0,"Terlambat",IF(H9<=$M$3,"Segera","Aman")) -> Terlambat | J9: =ROUND(F9*12/E9,0) -> 800000
A10: AST-009 | B10: APAR Lantai 1 | C10: Lantai 1 | D10: 46056 | E10: 12 | F10: 120000 | G10: =EDATE(D10,E10) -> 46421 | H10: =G10-$M$2 -> 111 | I10: =IF(H10<0,"Terlambat",IF(H10<=$M$3,"Segera","Aman")) -> Aman | J10: =ROUND(F10*12/E10,0) -> 120000
A11: AST-010 | B11: APAR Lantai 2 | C11: Lantai 2 | D11: 46090 | E11: 12 | F11: 120000 | G11: =EDATE(D11,E11) -> 46455 | H11: =G11-$M$2 -> 145 | I11: =IF(H11<0,"Terlambat",IF(H11<=$M$3,"Segera","Aman")) -> Aman | J11: =ROUND(F11*12/E11,0) -> 120000
A12: AST-011 | B12: CCTV Gedung | C12: Pos Satpam | D12: 46149 | E12: 6 | F12: 500000 | G12: =EDATE(D12,E12) -> 46333 | H12: =G12-$M$2 -> 23 | I12: =IF(H12<0,"Terlambat",IF(H12<=$M$3,"Segera","Aman")) -> Segera | J12: =ROUND(F12*12/E12,0) -> 1000000
A13: AST-012 | B13: Lift Barang | C13: Gudang | D13: 46177 | E13: 3 | F13: 1500000 | G13: =EDATE(D13,E13) -> 46269 | H13: =G13-$M$2 -> -41 | I13: =IF(H13<0,"Terlambat",IF(H13<=$M$3,"Segera","Aman")) -> Terlambat | J13: =ROUND(F13*12/E13,0) -> 6000000
A14: AST-013 | B14: UPS Server | C14: Ruang Server | D14: 46268 | E14: 12 | F14: 650000 | G14: =EDATE(D14,E14) -> 46633 | H14: =G14-$M$2 -> 323 | I14: =IF(H14<0,"Terlambat",IF(H14<=$M$3,"Segera","Aman")) -> Aman | J14: =ROUND(F14*12/E14,0) -> 650000
A15: AST-014 | B15: Router dan Switch | C15: Ruang Server | D15: 46099 | E15: 12 | F15: 300000 | G15: =EDATE(D15,E15) -> 46464 | H15: =G15-$M$2 -> 154 | I15: =IF(H15<0,"Terlambat",IF(H15<=$M$3,"Segera","Aman")) -> Aman | J15: =ROUND(F15*12/E15,0) -> 300000
... A31: AST-030 | B31: Hydrant Halaman | C31: Halaman Depan | D31: 45947 | E31: 12 | F31: 480000 | G31: =EDATE(D31,E31) -> 46312 | H31: =G31-$M$2 -> 2 | I31: =IF(H31<0,"Terlambat",IF(H31<=$M$3,"Segera","Aman")) -> Segera | J31: =ROUND(F31*12/E31,0) -> 480000

Sheet Ringkasan
A1: Ringkasan: lembar jawaban soal berjenis ringkasan
A2: Sel hijau berisi rumus kunci.
A3: No | B3: Pertanyaan | C3: Jawaban | D3: Contoh format hasil
A4: 5a | B4: Jumlah peralatan Terlambat | C4: =COUNTIF(Data!$I$2:$I$31,"Terlambat") -> 5 | D4: Angka bulat, mis. 7
A5: 5b | B5: Jumlah peralatan Segera | C5: =COUNTIF(Data!$I$2:$I$31,"Segera") -> 5 | D5: Angka bulat, mis. 6
A6: 5c | B6: Jumlah peralatan Aman | C6: =COUNTIF(Data!$I$2:$I$31,"Aman") -> 20 | D6: Angka bulat, mis. 17
A7: 6a | B7: Total estimasi biaya setahun | C7: =SUM(Data!$J$2:$J$31) -> 30360000 | D7: Rupiah, mis. Rp 30.000.000
A8: 6b | B8: Total biaya perawatan peralatan Terlambat | C8: =SUMIF(Data!$I$2:$I$31,"Terlambat",Data!$F$2:$F$31) -> 2395000 | D8: Rupiah, mis. Rp 2.500.000
A9: 7a | B9: Tanggal jatuh tempo paling awal | C9: =MIN(Data!$G$2:$G$31) -> 46269 | D9: Tanggal, mis. 14/10/2026
A10: 7b | B10: Peralatan dengan jatuh tempo paling awal | C10: =INDEX(Data!$B$2:$B$31,MATCH(MIN(Data!$G$2:$G$31),Data!$G$2:$G$31,0)) -> Lift Barang | D10: Teks: nama peralatan
A11: 8a | B11: Jumlah peralatan berinterval 3 bulan | C11: =COUNTIF(Data!$E$2:$E$31,3) -> 6 | D11: Angka bulat, mis. 9
A12: 8b | B12: Rata-rata interval (bulan) | C12: =AVERAGE(Data!$E$2:$E$31) -> 8 | D12: Angka desimal, mis. 7,5
A13: 9a | B13: Peralatan Ruang Server yang Aman | C13: =COUNTIFS(Data!$C$2:$C$31,"Ruang Server",Data!$I$2:$I$31,"Aman") -> 2 | D13: Angka bulat, mis. 3
A14: 9b | B14: Biaya setahun peralatan Ruang Server | C14: =SUMIF(Data!$C$2:$C$31,"Ruang Server",Data!$J$2:$J$31) -> 2950000 | D14: Rupiah, mis. Rp 4.000.000
A15: 10a | B15: Total biaya perawatan peralatan Segera | C15: =SUMIF(Data!$I$2:$I$31,"Segera",Data!$F$2:$F$31) -> 2510000 | D15: Rupiah, mis. Rp 2.000.000
A16: 10b | B16: Persentase peralatan Aman | C16: =COUNTIF(Data!$I$2:$I$31,"Aman")/COUNTA(Data!$A$2:$A$31) -> 0.66666667 | D16: Persen, mis. 55,5%
