Workbook

Sheet Petunjuk
A1: Kunci Jawaban: Pendaftaran Tim Turnamen Olahraga: DP dan Pelunasan
A2: Latihan 86 dari 40 | Tingkat: Menengah | Perkiraan waktu: 50 menit | pushexcel.github.io/Pushexcel
A4: Skenario
A5: Kamu bendahara panitia Turnamen Antar Desa Pelita Cup yang menerima pendaftaran 28 tim dari empat cabang. Biaya pendaftaran tiap cabang ada di tabel sheet Acuan. Setiap pemain juga dikenai biaya asuransi Rp 15.000. Tim membayar DP lebih dulu, lalu pelunasan (boleh belum atau dicicil). Status Lunas bila sisa pembayaran 0. Bila belum lunas, statusnya Belum Lunas jika DP minimal 30 persen dari total biaya, selain itu DP Kurang (angka ada di blok Parameter).
A7: Cara memakai kunci
A8: 1. | B8: Sel hijau berisi rumus kunci yang sudah dihitung. Klik sel untuk melihat rumusnya.
A9: 2. | B9: Kolom Rumus kunci di bawah menampilkan rumus untuk baris pertama atau tiap sel jawaban.
A10: 3. | B10: Rumus ditulis dengan titik koma (;). Ganti dengan koma (,) bila Excel kamu berbahasa Inggris.
A11: 4. | B11: Jawaban lain yang benar secara logika juga boleh, selama hasilnya sama.
A13: Arti warna
B14: Judul kolom data yang sudah diberikan
B15: Judul kolom hasil hitung
B16: Sel berisi rumus kunci
B17: Angka berwarna biru pada blok Parameter = nilai tetap yang boleh dirujuk
A19: Daftar soal
A20: No | B20: Soal | C20: Jawab di | D20: Rumus kunci
A21: 1 | B21: Ambil biaya pendaftaran cabang tiap tim dari tabel di sheet Acuan (pencocokan persis). | C21: Sheet Data, kolom G (Biaya Cabang), baris 2 sampai 29 | D21: =VLOOKUP(C2;Acuan!$A$2:$B$5;2;FALSE)
A22: 2 | B22: Hitung biaya asuransi: jumlah pemain dikali asuransi per pemain. | C22: Sheet Data, kolom H (Biaya Asuransi), baris 2 sampai 29 | D22: =D2*$O$2
A23: 3 | B23: Hitung total biaya: biaya cabang ditambah biaya asuransi. | C23: Sheet Data, kolom I (Total Biaya), baris 2 sampai 29 | D23: =G2+H2
A24: 4 | B24: Hitung total yang sudah dibayar: DP ditambah pelunasan. | C24: Sheet Data, kolom J (Total Dibayar), baris 2 sampai 29 | D24: =E2+F2
A25: 5 | B25: Hitung sisa pembayaran: total biaya dikurangi total dibayar. | C25: Sheet Data, kolom K (Sisa Pembayaran), baris 2 sampai 29 | D25: =I2-J2
A26: 6 | B26: Beri status: Lunas bila sisa 0. Bila belum lunas, Belum Lunas jika DP minimal sama dengan DP minimal dikali total biaya, selain itu DP Kurang. | C26: Sheet Data, kolom L (Status), baris 2 sampai 29 | D26: =IF(K2=0;"Lunas";IF(E2>=I2*$O$3;"Belum Lunas";"DP Kurang"))
A27: 7 | B27: Pada sheet Acuan, hitung jumlah tim tiap cabang. | C27: Sheet Acuan, kolom C (Jumlah Tim), baris 2 sampai 5 | D27: =COUNTIF(Data!$C$2:$C$29;A2)
A28: 8 | B28: Pada sheet Acuan, hitung total uang yang sudah masuk dari tiap cabang. | C28: Sheet Acuan, kolom D (Total Dibayar Cabang), baris 2 sampai 5 | D28: =SUMIF(Data!$C$2:$C$29;A2;Data!$J$2:$J$29)
A29: 9 | B29: Pada sheet Acuan, hitung total sisa pembayaran dari tiap cabang. | C29: Sheet Acuan, kolom E (Total Sisa Cabang), baris 2 sampai 5 | D29: =SUMIF(Data!$C$2:$C$29;A2;Data!$K$2:$K$29)
A30: 10 | B30: Berapa total biaya seluruh tim, total yang sudah dibayar, dan total sisa yang belum masuk? | C30: Sheet Ringkasan, sel C4 sampai C6 | D30: =SUM(Data!$I$2:$I$29) =SUM(Data!$J$2:$J$29) =SUM(Data!$K$2:$K$29)
A31: 11 | B31: Berapa tim yang Lunas, yang Belum Lunas, dan yang DP Kurang? | C31: Sheet Ringkasan, sel C7 sampai C9 | D31: =COUNTIF(Data!$L$2:$L$29;"Lunas") =COUNTIF(Data!$L$2:$L$29;"Belum Lunas") =COUNTIF(Data!$L$2:$L$29;"DP Kurang")
... A33: 13 | B33: Berapa tim Futsal yang Lunas, dan berapa rata-rata jumlah pemain tim Bola Voli? | C33: Sheet Ringkasan, sel C12 sampai C13 | D33: =COUNTIFS(Data!$C$2:$C$29;"Futsal";Data!$L$2:$L$29;"Lunas") =AVERAGEIF(Data!$C$2:$C$29;"Bola Voli";Data!$D$2:$D$29)

Sheet Data
A1: ID Tim | B1: Nama Tim | C1: Cabang | D1: Jumlah Pemain | E1: DP | F1: Pelunasan | G1: Biaya Cabang | H1: Biaya Asuransi | I1: Total Biaya | J1: Total Dibayar | K1: Sisa Pembayaran | L1: Status | N1: Parameter | O1: Nilai | P1: Keterangan
A2: T-001 | B2: Harimau Putih | C2: Futsal | D2: 12 | E2: 250000 | F2: 0 | G2: =VLOOKUP(C2,Acuan!$A$2:$B$5,2,FALSE()) -> 600000 | H2: =D2*$O$2 -> 180000 | I2: =G2+H2 -> 780000 | J2: =E2+F2 -> 250000 | K2: =I2-J2 -> 530000 | L2: =IF(K2=0,"Lunas",IF(E2>=I2*$O$3,"Belum Lunas","DP Kurang")) -> Belum Lunas | N2: Asuransi per pemain | O2: 15000
A3: T-002 | B3: Pelita Jaya | C3: Bola Voli | D3: 12 | E3: 200000 | F3: 430000 | G3: =VLOOKUP(C3,Acuan!$A$2:$B$5,2,FALSE()) -> 450000 | H3: =D3*$O$2 -> 180000 | I3: =G3+H3 -> 630000 | J3: =E3+F3 -> 630000 | K3: =I3-J3 -> 0 | L3: =IF(K3=0,"Lunas",IF(E3>=I3*$O$3,"Belum Lunas","DP Kurang")) -> Lunas | N3: DP minimal | O3: 0.3 | P3: Persen minimal DP terhadap total biaya
A4: T-003 | B4: Elang Timur | C4: Basket 3x3 | D4: 4 | E4: 100000 | F4: 150000 | G4: =VLOOKUP(C4,Acuan!$A$2:$B$5,2,FALSE()) -> 350000 | H4: =D4*$O$2 -> 60000 | I4: =G4+H4 -> 410000 | J4: =E4+F4 -> 250000 | K4: =I4-J4 -> 160000 | L4: =IF(K4=0,"Lunas",IF(E4>=I4*$O$3,"Belum Lunas","DP Kurang")) -> DP Kurang
A5: T-004 | B5: Macan Utara | C5: Bulu Tangkis Ganda | D5: 4 | E5: 150000 | F5: 160000 | G5: =VLOOKUP(C5,Acuan!$A$2:$B$5,2,FALSE()) -> 250000 | H5: =D5*$O$2 -> 60000 | I5: =G5+H5 -> 310000 | J5: =E5+F5 -> 310000 | K5: =I5-J5 -> 0 | L5: =IF(K5=0,"Lunas",IF(E5>=I5*$O$3,"Belum Lunas","DP Kurang")) -> Lunas
A6: T-005 | B6: Topan Perkasa | C6: Futsal | D6: 9 | E6: 450000 | F6: 100000 | G6: =VLOOKUP(C6,Acuan!$A$2:$B$5,2,FALSE()) -> 600000 | H6: =D6*$O$2 -> 135000 | I6: =G6+H6 -> 735000 | J6: =E6+F6 -> 550000 | K6: =I6-J6 -> 185000 | L6: =IF(K6=0,"Lunas",IF(E6>=I6*$O$3,"Belum Lunas","DP Kurang")) -> Belum Lunas
A7: T-006 | B7: Bintang Utara | C7: Bola Voli | D7: 9 | E7: 50000 | F7: 250000 | G7: =VLOOKUP(C7,Acuan!$A$2:$B$5,2,FALSE()) -> 450000 | H7: =D7*$O$2 -> 135000 | I7: =G7+H7 -> 585000 | J7: =E7+F7 -> 300000 | K7: =I7-J7 -> 285000 | L7: =IF(K7=0,"Lunas",IF(E7>=I7*$O$3,"Belum Lunas","DP Kurang")) -> DP Kurang
A8: T-007 | B8: Fajar Jaya | C8: Basket 3x3 | D8: 4 | E8: 150000 | F8: 100000 | G8: =VLOOKUP(C8,Acuan!$A$2:$B$5,2,FALSE()) -> 350000 | H8: =D8*$O$2 -> 60000 | I8: =G8+H8 -> 410000 | J8: =E8+F8 -> 250000 | K8: =I8-J8 -> 160000 | L8: =IF(K8=0,"Lunas",IF(E8>=I8*$O$3,"Belum Lunas","DP Kurang")) -> Belum Lunas
A9: T-008 | B9: Garuda Utara | C9: Bulu Tangkis Ganda | D9: 3 | E9: 100000 | F9: 0 | G9: =VLOOKUP(C9,Acuan!$A$2:$B$5,2,FALSE()) -> 250000 | H9: =D9*$O$2 -> 45000 | I9: =G9+H9 -> 295000 | J9: =E9+F9 -> 100000 | K9: =I9-J9 -> 195000 | L9: =IF(K9=0,"Lunas",IF(E9>=I9*$O$3,"Belum Lunas","DP Kurang")) -> Belum Lunas
A10: T-009 | B10: Kijang Muda | C10: Futsal | D10: 9 | E10: 350000 | F10: 385000 | G10: =VLOOKUP(C10,Acuan!$A$2:$B$5,2,FALSE()) -> 600000 | H10: =D10*$O$2 -> 135000 | I10: =G10+H10 -> 735000 | J10: =E10+F10 -> 735000 | K10: =I10-J10 -> 0 | L10: =IF(K10=0,"Lunas",IF(E10>=I10*$O$3,"Belum Lunas","DP Kurang")) -> Lunas
A11: T-010 | B11: Samudra Jaya | C11: Bola Voli | D11: 10 | E11: 50000 | F11: 150000 | G11: =VLOOKUP(C11,Acuan!$A$2:$B$5,2,FALSE()) -> 450000 | H11: =D11*$O$2 -> 150000 | I11: =G11+H11 -> 600000 | J11: =E11+F11 -> 200000 | K11: =I11-J11 -> 400000 | L11: =IF(K11=0,"Lunas",IF(E11>=I11*$O$3,"Belum Lunas","DP Kurang")) -> DP Kurang
A12: T-011 | B12: Bima Biru | C12: Basket 3x3 | D12: 6 | E12: 50000 | F12: 250000 | G12: =VLOOKUP(C12,Acuan!$A$2:$B$5,2,FALSE()) -> 350000 | H12: =D12*$O$2 -> 90000 | I12: =G12+H12 -> 440000 | J12: =E12+F12 -> 300000 | K12: =I12-J12 -> 140000 | L12: =IF(K12=0,"Lunas",IF(E12>=I12*$O$3,"Belum Lunas","DP Kurang")) -> DP Kurang
A13: T-012 | B13: Bima Utara | C13: Bulu Tangkis Ganda | D13: 3 | E13: 50000 | F13: 245000 | G13: =VLOOKUP(C13,Acuan!$A$2:$B$5,2,FALSE()) -> 250000 | H13: =D13*$O$2 -> 45000 | I13: =G13+H13 -> 295000 | J13: =E13+F13 -> 295000 | K13: =I13-J13 -> 0 | L13: =IF(K13=0,"Lunas",IF(E13>=I13*$O$3,"Belum Lunas","DP Kurang")) -> Lunas
A14: T-013 | B14: Petir Muda | C14: Futsal | D14: 9 | E14: 50000 | F14: 200000 | G14: =VLOOKUP(C14,Acuan!$A$2:$B$5,2,FALSE()) -> 600000 | H14: =D14*$O$2 -> 135000 | I14: =G14+H14 -> 735000 | J14: =E14+F14 -> 250000 | K14: =I14-J14 -> 485000 | L14: =IF(K14=0,"Lunas",IF(E14>=I14*$O$3,"Belum Lunas","DP Kurang")) -> DP Kurang
A15: T-014 | B15: Harimau Timur | C15: Bola Voli | D15: 10 | E15: 350000 | F15: 0 | G15: =VLOOKUP(C15,Acuan!$A$2:$B$5,2,FALSE()) -> 450000 | H15: =D15*$O$2 -> 150000 | I15: =G15+H15 -> 600000 | J15: =E15+F15 -> 350000 | K15: =I15-J15 -> 250000 | L15: =IF(K15=0,"Lunas",IF(E15>=I15*$O$3,"Belum Lunas","DP Kurang")) -> Belum Lunas
... A29: T-028 | B29: Macan Putih | C29: Bulu Tangkis Ganda | D29: 3 | E29: 50000 | F29: 150000 | G29: =VLOOKUP(C29,Acuan!$A$2:$B$5,2,FALSE()) -> 250000 | H29: =D29*$O$2 -> 45000 | I29: =G29+H29 -> 295000 | J29: =E29+F29 -> 200000 | K29: =I29-J29 -> 95000 | L29: =IF(K29=0,"Lunas",IF(E29>=I29*$O$3,"Belum Lunas","DP Kurang")) -> DP Kurang

Sheet Acuan
A1: Cabang | B1: Biaya Pendaftaran | C1: Jumlah Tim | D1: Total Dibayar Cabang | E1: Total Sisa Cabang
A2: Futsal | B2: 600000 | C2: =COUNTIF(Data!$C$2:$C$29,A2) -> 7 | D2: =SUMIF(Data!$C$2:$C$29,A2,Data!$J$2:$J$29) -> 2970000 | E2: =SUMIF(Data!$C$2:$C$29,A2,Data!$K$2:$K$29) -> 2205000
A3: Bola Voli | B3: 450000 | C3: =COUNTIF(Data!$C$2:$C$29,A3) -> 7 | D3: =SUMIF(Data!$C$2:$C$29,A3,Data!$J$2:$J$29) -> 2730000 | E3: =SUMIF(Data!$C$2:$C$29,A3,Data!$K$2:$K$29) -> 1470000
A4: Basket 3x3 | B4: 350000 | C4: =COUNTIF(Data!$C$2:$C$29,A4) -> 7 | D4: =SUMIF(Data!$C$2:$C$29,A4,Data!$J$2:$J$29) -> 2455000 | E4: =SUMIF(Data!$C$2:$C$29,A4,Data!$K$2:$K$29) -> 550000
A5: Bulu Tangkis Ganda | B5: 250000 | C5: =COUNTIF(Data!$C$2:$C$29,A5) -> 7 | D5: =SUMIF(Data!$C$2:$C$29,A5,Data!$J$2:$J$29) -> 1355000 | E5: =SUMIF(Data!$C$2:$C$29,A5,Data!$K$2:$K$29) -> 710000

Sheet Ringkasan
A1: Ringkasan: lembar jawaban soal berjenis ringkasan
A2: Sel hijau berisi rumus kunci.
A3: No | B3: Pertanyaan | C3: Jawaban | D3: Contoh format hasil
A4: 10a | B4: Total biaya seluruh tim | C4: =SUM(Data!$I$2:$I$29) -> 14445000 | D4: Rupiah, mis. Rp 15.000.000
A5: 10b | B5: Total sudah dibayar | C5: =SUM(Data!$J$2:$J$29) -> 9510000 | D5: Rupiah, mis. Rp 10.000.000
A6: 10c | B6: Total sisa belum masuk | C6: =SUM(Data!$K$2:$K$29) -> 4935000 | D6: Rupiah, mis. Rp 5.000.000
A7: 11a | B7: Tim Lunas | C7: =COUNTIF(Data!$L$2:$L$29,"Lunas") -> 9 | D7: Angka bulat, mis. 10
A8: 11b | B8: Tim Belum Lunas | C8: =COUNTIF(Data!$L$2:$L$29,"Belum Lunas") -> 9 | D8: Angka bulat, mis. 8
A9: 11c | B9: Tim DP Kurang | C9: =COUNTIF(Data!$L$2:$L$29,"DP Kurang") -> 10 | D9: Angka bulat, mis. 7
A10: 12a | B10: Tim dengan sisa terbesar | C10: =INDEX(Data!$B$2:$B$29,MATCH(MAX(Data!$K$2:$K$29),Data!$K$2:$K$29,0)) -> Harimau Putih | D10: Teks: nama tim
A11: 12b | B11: Cabang dengan total sisa terbesar | C11: =INDEX(Acuan!$A$2:$A$5,MATCH(MAX(Acuan!$E$2:$E$5),Acuan!$E$2:$E$5,0)) -> Futsal | D11: Teks: nama cabang
A12: 13a | B12: Tim Futsal yang Lunas | C12: =COUNTIFS(Data!$C$2:$C$29,"Futsal",Data!$L$2:$L$29,"Lunas") -> 2 | D12: Angka bulat, mis. 4
A13: 13b | B13: Rata-rata pemain tim Bola Voli | C13: =AVERAGEIF(Data!$C$2:$C$29,"Bola Voli",Data!$D$2:$D$29) -> 10 | D13: Angka desimal, mis. 10,5
