Workbook

Sheet Petunjuk
A1: Kunci Jawaban: Daftar Aset Kantor dan Penyusutan
A2: Latihan 9 dari 104 | Tingkat: Menengah | Perkiraan waktu: 50 menit | pushexcel.github.io/Pushexcel
A4: Skenario
A5: Kamu staf akuntansi di PT Ragam Jaya. Menjelang tutup buku, kamu menyusun daftar 24 aset tetap dan menghitung penyusutan dengan metode garis lurus. Umur ekonomis tiap kategori ada di sheet Acuan, nilai residu 10 persen dari harga perolehan. Perhitungan memakai tahun penuh sampai 31 Desember 2026, dan akumulasi penyusutan tidak melebihi umur ekonomis.
A7: Cara memakai kunci
A8: 1. | B8: Sel hijau berisi rumus kunci yang sudah dihitung. Klik sel untuk melihat rumusnya.
A9: 2. | B9: Kolom Rumus kunci di bawah menampilkan rumus untuk baris pertama atau tiap sel jawaban.
A10: 3. | B10: Rumus ditulis dengan titik koma (;). Ganti dengan koma (,) bila Excel kamu berbahasa Inggris.
A11: 4. | B11: Jawaban lain yang benar secara logika juga boleh, selama hasilnya sama.
A13: Arti warna
B14: Judul kolom data yang sudah diberikan
B15: Judul kolom hasil hitung
B16: Sel berisi rumus kunci
B17: Angka berwarna biru pada blok Parameter = nilai tetap yang boleh dirujuk
A19: Daftar soal
A20: No | B20: Soal | C20: Jawab di | D20: Rumus kunci
A21: 1 | B21: Ambil umur ekonomis tiap aset dari tabel kategori di sheet Acuan. | C21: Sheet Data, kolom G (Umur Ekonomis (tahun)), baris 2 sampai 25 | D21: =VLOOKUP(D2;Acuan!$A$2:$B$5;2;FALSE)
A22: 2 | B22: Hitung umur pakai dalam tahun penuh, dari tanggal perolehan sampai tanggal acuan. | C22: Sheet Data, kolom H (Umur Pakai (tahun)), baris 2 sampai 25 | D22: =DATEDIF(E2;$O$3;"Y")
A23: 3 | B23: Hitung penyusutan per tahun: (harga perolehan dikurangi nilai residu) dibagi umur ekonomis. | C23: Sheet Data, kolom I (Penyusutan per Tahun), baris 2 sampai 25 | D23: =(F2-F2*$O$2)/G2
A24: 4 | B24: Hitung akumulasi penyusutan: penyusutan per tahun dikali jumlah tahun, dengan tahun yang dipakai tidak boleh melebihi umur ekonomis. | C24: Sheet Data, kolom J (Akumulasi Penyusutan), baris 2 sampai 25 | D24: =MIN(H2;G2)*I2
A25: 5 | B25: Hitung nilai buku: harga perolehan dikurangi akumulasi penyusutan. | C25: Sheet Data, kolom K (Nilai Buku), baris 2 sampai 25 | D25: =F2-J2
A26: 6 | B26: Beri status Habis Disusutkan bila umur pakai sama dengan atau melebihi umur ekonomis, selain itu Aktif. | C26: Sheet Data, kolom L (Status), baris 2 sampai 25 | D26: =IF(H2>=G2;"Habis Disusutkan";"Aktif")
A27: 7 | B27: Berapa total harga perolehan seluruh aset? | C27: Sheet Ringkasan, sel C4 | D27: =SUM(Data!$F$2:$F$25)
A28: 8 | B28: Berapa total nilai buku seluruh aset? | C28: Sheet Ringkasan, sel C5 | D28: =SUM(Data!$K$2:$K$25)
A29: 9 | B29: Berapa aset yang sudah berstatus Habis Disusutkan? | C29: Sheet Ringkasan, sel C6 | D29: =COUNTIF(Data!$L$2:$L$25;"Habis Disusutkan")
A30: 10 | B30: Pada sheet Acuan, hitung jumlah aset tiap kategori. | C30: Sheet Acuan, kolom C (Jumlah Aset), baris 2 sampai 5 | D30: =COUNTIF(Data!$D$2:$D$25;A2)
A31: 11 | B31: Pada sheet Acuan, hitung total nilai buku tiap kategori. | C31: Sheet Acuan, kolom D (Total Nilai Buku), baris 2 sampai 5 | D31: =SUMIF(Data!$D$2:$D$25;A2;Data!$K$2:$K$25)
... A33: 13 | B33: Berapa aset yang diperoleh sepanjang tahun 2024? | C33: Sheet Ringkasan, sel C8 | D33: =COUNTIFS(Data!$E$2:$E$25;">="&DATE(2024;1;1);Data!$E$2:$E$25;"<="&DATE(2024;12;31))

Sheet Data
A1: No | B1: Kode Aset | C1: Nama Aset | D1: Kategori | E1: Tanggal Perolehan | F1: Harga Perolehan | G1: Umur Ekonomis (tahun) | H1: Umur Pakai (tahun) | I1: Penyusutan per Tahun | J1: Akumulasi Penyusutan | K1: Nilai Buku | L1: Status | N1: Parameter | O1: Nilai | P1: Keterangan
A2: 1 | B2: AST-001 | C2: Televisi 43 Inci | D2: Elektronik | E2: 43855 | F2: 10800000 | G2: =VLOOKUP(D2,Acuan!$A$2:$B$5,2,FALSE()) -> 4 | H2: =DATEDIF(E2,$O$3,"Y") -> 6 | I2: =(F2-F2*$O$2)/G2 -> 2430000 | J2: =MIN(H2,G2)*I2 -> 9720000 | K2: =F2-J2 -> 1080000 | L2: =IF(H2>=G2,"Habis Disusutkan","Aktif") -> Habis Disusutkan | N2: Nilai residu | O2: 0.1 | P2: Persen dari harga perolehan
A3: 2 | B3: AST-002 | C3: Kursi Ergonomis | D3: Furnitur | E3: 43868 | F3: 6800000 | G3: =VLOOKUP(D3,Acuan!$A$2:$B$5,2,FALSE()) -> 8 | H3: =DATEDIF(E3,$O$3,"Y") -> 6 | I3: =(F3-F3*$O$2)/G3 -> 765000 | J3: =MIN(H3,G3)*I3 -> 4590000 | K3: =F3-J3 -> 2210000 | L3: =IF(H3>=G3,"Habis Disusutkan","Aktif") -> Aktif | N3: Tanggal acuan | O3: 46387 | P3: Umur pakai dihitung sampai tanggal ini
A4: 3 | B4: AST-003 | C4: Meja Rapat | D4: Furnitur | E4: 44145 | F4: 7600000 | G4: =VLOOKUP(D4,Acuan!$A$2:$B$5,2,FALSE()) -> 8 | H4: =DATEDIF(E4,$O$3,"Y") -> 6 | I4: =(F4-F4*$O$2)/G4 -> 855000 | J4: =MIN(H4,G4)*I4 -> 5130000 | K4: =F4-J4 -> 2470000 | L4: =IF(H4>=G4,"Habis Disusutkan","Aktif") -> Aktif
A5: 4 | B5: AST-004 | C5: Dispenser | D5: Peralatan | E5: 44312 | F5: 2800000 | G5: =VLOOKUP(D5,Acuan!$A$2:$B$5,2,FALSE()) -> 5 | H5: =DATEDIF(E5,$O$3,"Y") -> 5 | I5: =(F5-F5*$O$2)/G5 -> 504000 | J5: =MIN(H5,G5)*I5 -> 2520000 | K5: =F5-J5 -> 280000 | L5: =IF(H5>=G5,"Habis Disusutkan","Aktif") -> Habis Disusutkan
A6: 5 | B6: AST-005 | C6: AC Split 1 PK | D6: Peralatan | E6: 44379 | F6: 16000000 | G6: =VLOOKUP(D6,Acuan!$A$2:$B$5,2,FALSE()) -> 5 | H6: =DATEDIF(E6,$O$3,"Y") -> 5 | I6: =(F6-F6*$O$2)/G6 -> 2880000 | J6: =MIN(H6,G6)*I6 -> 14400000 | K6: =F6-J6 -> 1600000 | L6: =IF(H6>=G6,"Habis Disusutkan","Aktif") -> Habis Disusutkan
A7: 6 | B7: AST-006 | C7: Mesin Hitung Uang | D7: Peralatan | E7: 44433 | F7: 5600000 | G7: =VLOOKUP(D7,Acuan!$A$2:$B$5,2,FALSE()) -> 5 | H7: =DATEDIF(E7,$O$3,"Y") -> 5 | I7: =(F7-F7*$O$2)/G7 -> 1008000 | J7: =MIN(H7,G7)*I7 -> 5040000 | K7: =F7-J7 -> 560000 | L7: =IF(H7>=G7,"Habis Disusutkan","Aktif") -> Habis Disusutkan
A8: 7 | B8: AST-007 | C8: Lemari Arsip | D8: Furnitur | E8: 44515 | F8: 1600000 | G8: =VLOOKUP(D8,Acuan!$A$2:$B$5,2,FALSE()) -> 8 | H8: =DATEDIF(E8,$O$3,"Y") -> 5 | I8: =(F8-F8*$O$2)/G8 -> 180000 | J8: =MIN(H8,G8)*I8 -> 900000 | K8: =F8-J8 -> 700000 | L8: =IF(H8>=G8,"Habis Disusutkan","Aktif") -> Aktif
A9: 8 | B9: AST-008 | C9: Laptop Kantor | D9: Elektronik | E9: 44574 | F9: 7600000 | G9: =VLOOKUP(D9,Acuan!$A$2:$B$5,2,FALSE()) -> 4 | H9: =DATEDIF(E9,$O$3,"Y") -> 4 | I9: =(F9-F9*$O$2)/G9 -> 1710000 | J9: =MIN(H9,G9)*I9 -> 6840000 | K9: =F9-J9 -> 760000 | L9: =IF(H9>=G9,"Habis Disusutkan","Aktif") -> Habis Disusutkan
A10: 9 | B10: AST-009 | C10: Mesin Fotokopi | D10: Elektronik | E10: 44630 | F10: 20000000 | G10: =VLOOKUP(D10,Acuan!$A$2:$B$5,2,FALSE()) -> 4 | H10: =DATEDIF(E10,$O$3,"Y") -> 4 | I10: =(F10-F10*$O$2)/G10 -> 4500000 | J10: =MIN(H10,G10)*I10 -> 18000000 | K10: =F10-J10 -> 2000000 | L10: =IF(H10>=G10,"Habis Disusutkan","Aktif") -> Habis Disusutkan
A11: 10 | B11: AST-010 | C11: Meja Kerja | D11: Furnitur | E11: 45162 | F11: 4000000 | G11: =VLOOKUP(D11,Acuan!$A$2:$B$5,2,FALSE()) -> 8 | H11: =DATEDIF(E11,$O$3,"Y") -> 3 | I11: =(F11-F11*$O$2)/G11 -> 450000 | J11: =MIN(H11,G11)*I11 -> 1350000 | K11: =F11-J11 -> 2650000 | L11: =IF(H11>=G11,"Habis Disusutkan","Aktif") -> Aktif
A12: 11 | B12: AST-011 | C12: Kulkas Pantry | D12: Peralatan | E12: 45178 | F12: 11200000 | G12: =VLOOKUP(D12,Acuan!$A$2:$B$5,2,FALSE()) -> 5 | H12: =DATEDIF(E12,$O$3,"Y") -> 3 | I12: =(F12-F12*$O$2)/G12 -> 2016000 | J12: =MIN(H12,G12)*I12 -> 6048000 | K12: =F12-J12 -> 5152000 | L12: =IF(H12>=G12,"Habis Disusutkan","Aktif") -> Aktif
A13: 12 | B13: AST-012 | C13: Motor Operasional | D13: Kendaraan | E13: 45310 | F13: 189600000 | G13: =VLOOKUP(D13,Acuan!$A$2:$B$5,2,FALSE()) -> 8 | H13: =DATEDIF(E13,$O$3,"Y") -> 2 | I13: =(F13-F13*$O$2)/G13 -> 21330000 | J13: =MIN(H13,G13)*I13 -> 42660000 | K13: =F13-J13 -> 146940000 | L13: =IF(H13>=G13,"Habis Disusutkan","Aktif") -> Aktif
A14: 13 | B14: AST-013 | C14: CCTV 4 Kamera | D14: Elektronik | E14: 45364 | F14: 9200000 | G14: =VLOOKUP(D14,Acuan!$A$2:$B$5,2,FALSE()) -> 4 | H14: =DATEDIF(E14,$O$3,"Y") -> 2 | I14: =(F14-F14*$O$2)/G14 -> 2070000 | J14: =MIN(H14,G14)*I14 -> 4140000 | K14: =F14-J14 -> 5060000 | L14: =IF(H14>=G14,"Habis Disusutkan","Aktif") -> Aktif
A15: 14 | B15: AST-014 | C15: Mobil Boks | D15: Kendaraan | E15: 45398 | F15: 132400000 | G15: =VLOOKUP(D15,Acuan!$A$2:$B$5,2,FALSE()) -> 8 | H15: =DATEDIF(E15,$O$3,"Y") -> 2 | I15: =(F15-F15*$O$2)/G15 -> 14895000 | J15: =MIN(H15,G15)*I15 -> 29790000 | K15: =F15-J15 -> 102610000 | L15: =IF(H15>=G15,"Habis Disusutkan","Aktif") -> Aktif
... A25: 24 | B25: AST-024 | C25: Komputer Desktop | D25: Elektronik | E25: 46149 | F25: 6000000 | G25: =VLOOKUP(D25,Acuan!$A$2:$B$5,2,FALSE()) -> 4 | H25: =DATEDIF(E25,$O$3,"Y") -> 0 | I25: =(F25-F25*$O$2)/G25 -> 1350000 | J25: =MIN(H25,G25)*I25 -> 0 | K25: =F25-J25 -> 6000000 | L25: =IF(H25>=G25,"Habis Disusutkan","Aktif") -> Aktif

Sheet Acuan
A1: Kategori | B1: Umur Ekonomis (tahun) | C1: Jumlah Aset | D1: Total Nilai Buku
A2: Elektronik | B2: 4 | C2: =COUNTIF(Data!$D$2:$D$25,A2) -> 8 | D2: =SUMIF(Data!$D$2:$D$25,A2,Data!$K$2:$K$25) -> 28730000
A3: Furnitur | B3: 8 | C3: =COUNTIF(Data!$D$2:$D$25,A3) -> 6 | D3: =SUMIF(Data!$D$2:$D$25,A3,Data!$K$2:$K$25) -> 22220000
A4: Peralatan | B4: 5 | C4: =COUNTIF(Data!$D$2:$D$25,A4) -> 7 | D4: =SUMIF(Data!$D$2:$D$25,A4,Data!$K$2:$K$25) -> 20048000
A5: Kendaraan | B5: 8 | C5: =COUNTIF(Data!$D$2:$D$25,A5) -> 3 | D5: =SUMIF(Data!$D$2:$D$25,A5,Data!$K$2:$K$25) -> 378415000

Sheet Ringkasan
A1: Ringkasan: lembar jawaban soal berjenis ringkasan
A2: Sel hijau berisi rumus kunci.
A3: No | B3: Pertanyaan | C3: Jawaban | D3: Contoh format hasil
A4: 7 | B4: Total harga perolehan seluruh aset | C4: =SUM(Data!$F$2:$F$25) -> 631600000 | D4: Rupiah, mis. Rp 480.000.000
A5: 8 | B5: Total nilai buku seluruh aset | C5: =SUM(Data!$K$2:$K$25) -> 449413000 | D5: Rupiah, mis. Rp 250.000.000
A6: 9 | B6: Jumlah aset berstatus Habis Disusutkan | C6: =COUNTIF(Data!$L$2:$L$25,"Habis Disusutkan") -> 6 | D6: Angka bulat, mis. 8
A7: 12 | B7: Kategori dengan total nilai buku terbesar | C7: =INDEX(Acuan!$A$2:$A$5,MATCH(MAX(Acuan!$D$2:$D$5),Acuan!$D$2:$D$5,0)) -> Kendaraan | D7: Teks: nama kategori
A8: 13 | B8: Jumlah aset diperoleh pada tahun 2024 | C8: =COUNTIFS(Data!$E$2:$E$25,">="&DATE(2024,1,1),Data!$E$2:$E$25,"<="&DATE(2024,12,31)) -> 7 | D8: Angka bulat, mis. 4
